# Blender 4.1.1
# www.blender.org
mtllib clothfortexturing.mtl
o Plane.003
v 0.124259 -0.078072 -0.029764
v 0.143079 0.036558 -0.412655
v 0.091107 -0.116369 -0.212656
v 0.077214 -0.111814 -0.191304
v 0.052580 -0.099389 -0.152590
v 0.025308 -0.097535 -0.129651
v 0.018029 -0.101520 -0.101057
v 0.028707 -0.113168 -0.096415
v 0.060454 -0.111532 -0.069376
v 0.100047 -0.094540 -0.045449
v 0.126698 -0.073476 -0.069783
v 0.142480 -0.074348 -0.136550
v 0.143270 -0.082943 -0.196443
v 0.140366 -0.093845 -0.246503
v 0.122403 -0.112699 -0.330238
v 0.111976 -0.075558 -0.389671
v 0.119671 -0.024574 -0.402666
v 0.137266 0.012640 -0.405013
v 0.123892 0.039478 -0.416298
v 0.088118 0.039062 -0.418750
v 0.059783 0.053935 -0.419784
v 0.002664 0.075633 -0.417613
v -0.093888 0.122060 -0.413518
v -0.114703 0.126291 -0.401754
v -0.098794 0.043568 -0.391984
v -0.100051 0.012916 -0.388533
v -0.058123 -0.081885 -0.370038
v -0.051643 -0.085380 -0.327975
v -0.019527 -0.085619 -0.280964
v 0.058230 -0.114529 -0.246112
v 0.126321 -0.110892 -0.212353
v 0.122187 -0.107261 -0.322588
v 0.102589 -0.066034 -0.393324
v 0.098163 -0.019130 -0.408080
v 0.101495 -0.110230 -0.127765
v 0.108253 -0.123957 -0.211300
v 0.101927 -0.121984 -0.274654
v 0.105564 -0.065064 -0.395441
v 0.088508 -0.059458 -0.405828
v 0.081686 0.013494 -0.415695
v 0.064962 -0.128031 -0.178715
v 0.073740 -0.128142 -0.254973
v 0.096654 -0.109229 -0.350018
v 0.063791 -0.012372 -0.418327
v 0.055742 -0.087710 -0.390049
v 0.000713 0.033402 -0.405012
v -0.012455 0.070827 -0.405552
v 0.055655 -0.110126 -0.350719
v 0.037423 -0.117092 -0.330779
v 0.008417 -0.026072 -0.407422
v 0.015925 -0.117428 -0.157452
v 0.023636 -0.127234 -0.205862
v 0.022815 -0.086357 -0.388181
v 0.004183 -0.118666 -0.218692
v -0.004952 -0.114041 -0.244929
v 0.004914 -0.119851 -0.298728
v 0.004510 -0.117869 -0.359501
v -0.011995 -0.099890 -0.386791
v 0.018722 -0.109852 -0.216036
v -0.035274 -0.037712 -0.399651
v -0.100445 0.091021 -0.392803
v 0.001320 -0.101261 -0.255922
v -0.022333 -0.101961 -0.271274
v -0.020161 -0.109448 -0.350552
v -0.069224 -0.048841 -0.390732
v 0.147832 -0.093738 -0.038179
v 0.132770 0.005955 -0.420527
v 0.091041 -0.103124 -0.207312
v 0.074417 -0.094683 -0.186772
v 0.043636 -0.081292 -0.149153
v -0.000035 -0.083898 -0.120940
v -0.010057 -0.105170 -0.095361
v 0.014893 -0.139954 -0.100347
v 0.071921 -0.143570 -0.082197
v 0.125421 -0.117240 -0.052058
v 0.157495 -0.087725 -0.073117
v 0.173517 -0.077707 -0.137337
v 0.176452 -0.081018 -0.199926
v 0.171758 -0.083801 -0.250033
v 0.155402 -0.083586 -0.329338
v 0.140855 -0.052853 -0.383457
v 0.135373 -0.024654 -0.406576
v 0.134167 -0.011980 -0.413792
v 0.119861 0.012053 -0.425067
v 0.101093 0.037765 -0.436649
v 0.069931 0.054458 -0.440324
v 0.010646 0.067476 -0.436647
v -0.089097 0.103756 -0.424265
v -0.111401 0.110439 -0.412613
v -0.099677 0.043480 -0.418792
v -0.115129 0.014684 -0.400873
v -0.070555 -0.095470 -0.377188
v -0.076445 -0.092520 -0.315530
v -0.041150 -0.070439 -0.247878
v 0.053004 -0.097139 -0.227313
v 0.160199 -0.117852 -0.218164
v 0.157867 -0.097428 -0.325606
v 0.138596 -0.054300 -0.391712
v 0.127543 -0.016105 -0.413471
v 0.127757 -0.132220 -0.130276
v 0.132795 -0.140677 -0.221111
v 0.128354 -0.132565 -0.295234
v 0.138633 -0.058712 -0.398508
v 0.112699 -0.053223 -0.419533
v 0.103320 0.012099 -0.430054
v 0.074478 -0.155718 -0.186510
v 0.089448 -0.147986 -0.272405
v 0.124984 -0.111033 -0.361349
v 0.075224 -0.003218 -0.437305
v 0.077351 -0.092182 -0.409493
v 0.002651 0.036647 -0.427658
v -0.008871 0.060954 -0.425988
v 0.079568 -0.120799 -0.368815
v 0.058270 -0.134028 -0.349116
v 0.017294 -0.023630 -0.432730
v -0.013400 -0.131644 -0.150066
v 0.013027 -0.152181 -0.208046
v 0.042978 -0.094399 -0.409993
v -0.026375 -0.125117 -0.207637
v -0.035757 -0.112200 -0.221778
v 0.000093 -0.140553 -0.296823
v 0.014220 -0.139442 -0.365375
v -0.005841 -0.116323 -0.402413
v 0.000139 -0.087956 -0.190881
v -0.029229 -0.041269 -0.427309
v -0.096087 0.088239 -0.415180
v -0.014748 -0.081101 -0.216797
v -0.051313 -0.099065 -0.239447
v -0.033834 -0.127237 -0.344662
v -0.074161 -0.055983 -0.412002
v 0.137617 -0.085269 -0.031838
v 0.139669 0.021308 -0.417156
v 0.093402 -0.109834 -0.209134
v 0.084116 -0.102063 -0.179857
v 0.055043 -0.089035 -0.142731
v 0.019536 -0.085788 -0.104289
v 0.005895 -0.098891 -0.085699
v 0.021416 -0.120757 -0.072990
v 0.060456 -0.124784 -0.056589
v 0.107676 -0.107828 -0.039760
v 0.147578 -0.071472 -0.059513
v 0.159820 -0.069500 -0.125060
v 0.163213 -0.074694 -0.181047
v 0.158065 -0.085907 -0.236763
v 0.141136 -0.098588 -0.321691
v 0.129720 -0.070784 -0.381417
v 0.132872 -0.038314 -0.399850
v 0.137951 -0.006607 -0.407643
v 0.118451 0.035798 -0.425241
v 0.090072 0.051706 -0.432183
v 0.062186 0.059399 -0.432094
v 0.004430 0.075671 -0.429942
v -0.107522 0.122145 -0.419724
v -0.131708 0.128200 -0.406147
v -0.118833 0.066879 -0.400890
v -0.110321 0.016545 -0.392569
v -0.075295 -0.082521 -0.369872
v -0.070767 -0.081808 -0.324798
v -0.028204 -0.076892 -0.272248
v 0.058132 -0.104966 -0.243213
v -0.127260 0.106794 -0.400761
v -0.080676 -0.054150 -0.396221
v 0.089440 -0.115115 -0.202502
v 0.065728 -0.104777 -0.169724
v 0.039541 -0.096110 -0.135504
v 0.019496 -0.098457 -0.112792
v 0.020313 -0.106218 -0.091811
v 0.042362 -0.113705 -0.076479
v 0.079465 -0.105083 -0.053048
v 0.115211 -0.084204 -0.031839
v 0.126166 -0.072902 -0.037271
v 0.137184 -0.071817 -0.104356
v 0.144841 -0.076986 -0.162885
v 0.143867 -0.085085 -0.218248
v 0.133362 -0.106825 -0.283124
v 0.116420 -0.099390 -0.364253
v 0.116321 -0.054887 -0.397579
v 0.130754 -0.007054 -0.402813
v 0.142732 0.028473 -0.408719
v 0.137303 0.042351 -0.415004
v 0.073334 0.050319 -0.420724
v 0.038754 0.060444 -0.418579
v -0.049378 0.100593 -0.416552
v -0.114073 0.116408 -0.396052
v -0.106481 0.073409 -0.392443
v -0.104228 0.030675 -0.388981
v -0.089490 -0.011756 -0.389510
v -0.056209 -0.085130 -0.353791
v -0.042783 -0.081620 -0.302415
v 0.018645 -0.098452 -0.266422
v 0.084072 -0.117730 -0.226337
v 0.127175 -0.089996 -0.133014
v 0.134655 -0.096852 -0.247582
v 0.135947 -0.095406 -0.204587
v 0.111680 -0.097616 -0.363609
v 0.105625 -0.074243 -0.391652
v 0.112684 -0.092769 -0.363659
v 0.107202 -0.024824 -0.404937
v 0.115005 -0.091619 -0.097894
v 0.125491 -0.111230 -0.270600
v 0.104418 0.008637 -0.410853
v 0.098109 -0.038922 -0.405315
v 0.119004 -0.119671 -0.210183
v 0.104652 -0.065210 -0.395003
v 0.094144 -0.026237 -0.408575
v 0.090567 0.001068 -0.412847
v 0.106716 -0.119540 -0.177102
v 0.111738 -0.123818 -0.237915
v 0.096822 -0.032980 -0.408324
v 0.111222 -0.108583 -0.338495
v 0.101711 -0.062418 -0.399642
v 0.089356 -0.023719 -0.414767
v 0.082336 0.032910 -0.417596
v 0.094027 -0.089247 -0.382397
v 0.071825 0.002670 -0.417874
v 0.084221 -0.121405 -0.154107
v 0.095772 -0.127699 -0.230583
v 0.101821 -0.117425 -0.308923
v 0.068439 -0.130387 -0.225706
v 0.043836 0.040670 -0.412240
v 0.075473 -0.098924 -0.378500
v 0.038701 0.009670 -0.412989
v 0.002723 0.048811 -0.404630
v 0.075751 -0.111478 -0.351530
v 0.077613 -0.117300 -0.316975
v 0.042227 -0.129031 -0.199965
v 0.071026 -0.120758 -0.300409
v 0.038916 -0.086678 -0.389945
v 0.056586 -0.123743 -0.291417
v 0.039736 -0.065039 -0.401638
v 0.039816 -0.125599 -0.276063
v 0.017955 -0.123735 -0.181328
v 0.018826 -0.125991 -0.253509
v 0.038742 -0.100956 -0.370048
v 0.002197 0.010507 -0.406649
v 0.010709 -0.118165 -0.184290
v 0.012735 -0.108334 -0.171240
v 0.021368 -0.104294 -0.171921
v -0.000303 -0.116025 -0.232163
v 0.021625 -0.120064 -0.320762
v 0.016597 -0.116701 -0.353380
v 0.007368 -0.095019 -0.387807
v -0.004241 -0.062470 -0.398242
v -0.005630 -0.116296 -0.270565
v 0.002256 -0.118387 -0.336251
v 0.003215 -0.113735 -0.375899
v 0.001918 -0.111448 -0.225093
v -0.011962 -0.109924 -0.254709
v -0.056732 0.019251 -0.398765
v -0.055790 0.039898 -0.398403
v -0.006346 -0.106690 -0.242491
v -0.021435 -0.071609 -0.396113
v -0.011732 -0.112125 -0.293638
v -0.006846 -0.116171 -0.356579
v -0.055401 -0.041110 -0.395723
v -0.013393 -0.099442 -0.257897
v -0.022735 -0.106976 -0.317776
v -0.039873 -0.078526 -0.390346
v -0.066741 0.002702 -0.396799
v 0.041494 -0.114134 -0.233844
v -0.075055 0.105712 -0.402152
v 0.135894 -0.087831 -0.161773
v 0.065026 0.043793 -0.416986
v 0.004581 0.070377 -0.412290
v -0.059437 0.102410 -0.409801
v -0.037943 -0.091578 -0.376811
v -0.036828 -0.097869 -0.342450
v -0.027203 -0.090128 -0.277691
v 0.020740 -0.114943 -0.127170
v 0.028255 -0.121821 -0.151644
v 0.044235 -0.121127 -0.133282
v 0.117183 -0.110044 -0.163811
v 0.112912 -0.087981 -0.371753
v 0.092839 0.011484 -0.413195
v 0.117702 -0.119661 -0.250365
v 0.114497 -0.115393 -0.290410
v 0.107508 -0.088187 -0.372067
v 0.090220 -0.127334 -0.199345
v 0.091862 -0.125931 -0.261124
v 0.077741 -0.031747 -0.417858
v 0.070482 -0.075138 -0.399684
v 0.054289 -0.101657 -0.372948
v 0.056116 -0.048128 -0.411246
v 0.046251 -0.022612 -0.415620
v 0.046771 -0.113117 -0.339994
v 0.017421 -0.060933 -0.400678
v 0.010638 -0.124835 -0.223610
v 0.001019 -0.120813 -0.261314
v 0.027550 -0.105470 -0.364514
v -0.019246 -0.028605 -0.403339
v -0.046279 0.060506 -0.397837
v -0.059868 0.085372 -0.397141
v 0.008104 -0.106733 -0.242249
v -0.016265 -0.108709 -0.371534
v 0.073472 -0.116546 -0.218230
v -0.087207 0.000095 -0.391079
v 0.133142 -0.101467 -0.272583
v 0.122391 -0.112538 -0.323869
v 0.105074 -0.050343 -0.401077
v 0.133025 0.026841 -0.409246
v 0.120940 0.012440 -0.409748
v 0.105664 0.040809 -0.419038
v -0.114427 0.130896 -0.408198
v -0.061540 -0.073695 -0.382066
v -0.038722 -0.092259 -0.302605
v -0.007396 -0.093715 -0.268052
v 0.025171 -0.107128 -0.254726
v 0.052490 -0.111751 -0.201605
v 0.040134 -0.104494 -0.175018
v 0.017219 -0.108790 -0.128211
v 0.060322 -0.118835 -0.116729
v 0.079054 -0.111137 -0.094386
v 0.098316 -0.100151 -0.076727
v 0.112926 -0.082305 -0.051122
v 0.089034 -0.100252 -0.198306
v 0.060814 -0.087251 -0.166987
v 0.023813 -0.078549 -0.130062
v -0.009033 -0.093481 -0.105482
v -0.003123 -0.120175 -0.089725
v 0.041811 -0.144150 -0.086618
v 0.098230 -0.132384 -0.062822
v 0.140604 -0.102901 -0.040137
v 0.152973 -0.088710 -0.044640
v 0.167596 -0.079241 -0.105612
v 0.176477 -0.077668 -0.164658
v 0.175538 -0.080323 -0.222145
v 0.164991 -0.087015 -0.285178
v 0.146660 -0.070490 -0.359491
v 0.139073 -0.041672 -0.394846
v 0.135613 -0.020954 -0.409267
v 0.133850 -0.002349 -0.417833
v 0.127212 0.009321 -0.423156
v 0.084439 0.051677 -0.440794
v 0.047929 0.057546 -0.439190
v -0.042856 0.086480 -0.431454
v -0.110303 0.106299 -0.411292
v -0.103213 0.072868 -0.416876
v -0.116140 0.032329 -0.406304
v -0.102791 -0.012504 -0.404864
v -0.074252 -0.097785 -0.353069
v -0.067677 -0.076958 -0.278718
v 0.006293 -0.081328 -0.239112
v 0.083146 -0.103047 -0.217263
v 0.161158 -0.101330 -0.136124
v 0.171215 -0.091828 -0.251420
v 0.172091 -0.096523 -0.208672
v 0.148507 -0.072527 -0.361081
v 0.140577 -0.053499 -0.386345
v 0.149610 -0.079555 -0.363163
v 0.132217 -0.020394 -0.409351
v 0.146011 -0.109803 -0.099868
v 0.160524 -0.109823 -0.275261
v 0.119734 0.006590 -0.422519
v 0.131588 -0.032539 -0.406457
v 0.148575 -0.132162 -0.218245
v 0.139715 -0.057903 -0.395324
v 0.124958 -0.023408 -0.413562
v 0.117481 0.000177 -0.423010
v 0.132285 -0.138266 -0.181403
v 0.137867 -0.136922 -0.253950
v 0.126114 -0.030129 -0.415203
v 0.143078 -0.104870 -0.345318
v 0.131560 -0.056005 -0.406924
v 0.112718 -0.019953 -0.428017
v 0.100811 0.032106 -0.436010
v 0.121079 -0.086310 -0.394196
v 0.086639 0.007284 -0.435032
v 0.102807 -0.147073 -0.159304
v 0.115876 -0.146028 -0.245653
v 0.129870 -0.123659 -0.324854
v 0.079981 -0.154075 -0.237519
v 0.054250 0.036693 -0.431990
v 0.100314 -0.102322 -0.393721
v 0.044257 0.016469 -0.433756
v 0.005088 0.047312 -0.426445
v 0.101341 -0.118458 -0.366779
v 0.102938 -0.127860 -0.336618
v 0.042318 -0.156752 -0.206413
v 0.094923 -0.134659 -0.322153
v 0.059932 -0.093040 -0.411313
v 0.074471 -0.142143 -0.310431
v 0.056349 -0.066302 -0.423993
v 0.047202 -0.148231 -0.286579
v -0.003594 -0.143936 -0.177992
v 0.012991 -0.149825 -0.255702
v 0.061764 -0.111182 -0.389789
v 0.006028 0.014949 -0.430513
v -0.021130 -0.126835 -0.174603
v -0.019890 -0.102572 -0.158663
v -0.002992 -0.085531 -0.155559
v -0.031983 -0.116362 -0.214676
v 0.032973 -0.141195 -0.331091
v 0.033533 -0.136608 -0.365795
v 0.023153 -0.107713 -0.407349
v 0.008781 -0.067625 -0.423187
v -0.028579 -0.125116 -0.254607
v 0.006017 -0.139876 -0.337091
v 0.014355 -0.133627 -0.386734
v -0.027310 -0.099270 -0.199212
v -0.042331 -0.107335 -0.226603
v -0.052247 0.020034 -0.427645
v -0.050449 0.040712 -0.424438
v -0.032263 -0.092537 -0.209285
v -0.013647 -0.081148 -0.419397
v -0.029441 -0.123129 -0.276594
v -0.008808 -0.136769 -0.355480
v -0.054101 -0.047042 -0.422606
v -0.036305 -0.084365 -0.218188
v -0.044127 -0.118355 -0.300760
v -0.039183 -0.091175 -0.410792
v -0.064218 0.001411 -0.426711
v 0.031539 -0.092738 -0.210548
v -0.071977 0.090004 -0.417871
v 0.171509 -0.092839 -0.164260
v 0.079433 0.042570 -0.437937
v 0.011944 0.060510 -0.433626
v -0.055139 0.084835 -0.425446
v -0.044939 -0.108238 -0.387358
v -0.058766 -0.112116 -0.333776
v -0.055374 -0.078948 -0.240892
v -0.003661 -0.135934 -0.124310
v 0.016212 -0.149978 -0.155160
v 0.042008 -0.152214 -0.140636
v 0.147963 -0.124726 -0.166794
v 0.147756 -0.079388 -0.373775
v 0.115258 0.011629 -0.426483
v 0.147876 -0.128053 -0.264228
v 0.146121 -0.118616 -0.299293
v 0.138286 -0.080473 -0.379526
v 0.108561 -0.149255 -0.207463
v 0.113753 -0.141133 -0.282331
v 0.094877 -0.022835 -0.434956
v 0.092655 -0.074356 -0.417115
v 0.077416 -0.109880 -0.391179
v 0.072348 -0.042986 -0.431260
v 0.055846 -0.014240 -0.437126
v 0.070334 -0.126573 -0.359561
v 0.032451 -0.063524 -0.425029
v -0.010425 -0.141922 -0.219365
v -0.019158 -0.135286 -0.253699
v 0.049364 -0.118996 -0.383846
v -0.011723 -0.028897 -0.431132
v -0.043978 0.060870 -0.421723
v -0.056936 0.078630 -0.419033
v -0.008015 -0.085453 -0.207345
v -0.020980 -0.128143 -0.375754
v 0.070091 -0.097962 -0.207232
v -0.091743 -0.002682 -0.417425
v 0.169576 -0.089864 -0.276090
v 0.159230 -0.089936 -0.324825
v 0.136527 -0.036739 -0.398742
v 0.128201 -0.004054 -0.418752
v 0.126128 -0.004146 -0.417740
v 0.109556 0.027311 -0.431376
v -0.110740 0.111809 -0.417249
v -0.069286 -0.085392 -0.396057
v -0.068584 -0.095026 -0.278756
v -0.026502 -0.074089 -0.228032
v 0.014557 -0.086418 -0.222333
v 0.043606 -0.090296 -0.188355
v 0.026853 -0.082218 -0.163395
v -0.015306 -0.116573 -0.120152
v 0.070358 -0.151648 -0.127735
v 0.098972 -0.141307 -0.103194
v 0.125658 -0.124738 -0.081190
v 0.143894 -0.102864 -0.056286
v 0.144639 -0.090270 -0.035158
v 0.135847 0.011796 -0.419413
v 0.093028 -0.105733 -0.207684
v 0.082857 -0.097643 -0.180499
v 0.051893 -0.084159 -0.143562
v 0.012005 -0.082247 -0.104672
v -0.002410 -0.100151 -0.085755
v 0.017557 -0.128599 -0.076617
v 0.063763 -0.134312 -0.062303
v 0.114930 -0.114349 -0.043020
v 0.155474 -0.075821 -0.061632
v 0.168597 -0.071114 -0.126575
v 0.172097 -0.074770 -0.183699
v 0.166885 -0.083219 -0.239173
v 0.149945 -0.089713 -0.321934
v 0.137083 -0.062708 -0.379730
v 0.136765 -0.036160 -0.400608
v 0.137021 -0.012003 -0.410346
v 0.117176 0.026795 -0.427311
v 0.092873 0.049323 -0.436853
v 0.065114 0.058957 -0.437851
v 0.007135 0.072699 -0.434899
v -0.103995 0.115273 -0.422291
v -0.128350 0.122071 -0.409000
v -0.117801 0.064902 -0.408157
v -0.115391 0.016910 -0.396193
v -0.078357 -0.087157 -0.372148
v -0.077017 -0.084324 -0.321292
v -0.034350 -0.072870 -0.263039
v 0.056634 -0.100601 -0.237680
v -0.123237 0.103992 -0.407028
v -0.082448 -0.055995 -0.401659
v 0.130032 -0.080502 -0.029263
v 0.142948 0.031358 -0.414534
v 0.092930 -0.113969 -0.210851
v 0.083650 -0.106828 -0.181092
v 0.056433 -0.094242 -0.143791
v 0.025598 -0.090289 -0.107963
v 0.013688 -0.098766 -0.088573
v 0.025284 -0.114166 -0.073874
v 0.058244 -0.115847 -0.054444
v 0.101475 -0.100933 -0.038213
v 0.138638 -0.068766 -0.059505
v 0.150581 -0.069415 -0.126464
v 0.153628 -0.075885 -0.181863
v 0.148741 -0.089049 -0.236998
v 0.131847 -0.107392 -0.322547
v 0.121605 -0.077283 -0.383579
v 0.128036 -0.037555 -0.399675
v 0.138417 0.001412 -0.405118
v 0.120526 0.043178 -0.421966
v 0.087981 0.051213 -0.426165
v 0.059776 0.058157 -0.425347
v 0.002117 0.077336 -0.423740
v -0.107114 0.126634 -0.416800
v -0.130486 0.131806 -0.403432
v -0.115980 0.064479 -0.394594
v -0.104230 0.015159 -0.389751
v -0.069503 -0.079572 -0.368456
v -0.063069 -0.080983 -0.327756
v -0.022596 -0.081036 -0.279861
v 0.059468 -0.109636 -0.247545
v -0.125766 0.106316 -0.395194
v -0.077125 -0.052228 -0.391827
v -0.075044 -0.074082 -0.386912
v -0.129693 0.130750 -0.412576
v 0.104116 0.043986 -0.429311
v 0.083709 -0.110792 -0.226588
v 0.015459 -0.089928 -0.256300
v -0.056673 -0.076289 -0.296903
v -0.075455 -0.084614 -0.349230
v -0.095420 -0.020146 -0.395309
v -0.116659 0.044597 -0.395967
v -0.122754 0.088183 -0.401641
v -0.130095 0.120076 -0.402055
v -0.054271 0.099472 -0.425856
v 0.041697 0.063531 -0.431571
v 0.076822 0.056461 -0.432703
v 0.131446 0.029256 -0.421302
v 0.140695 0.008808 -0.412351
v 0.135345 -0.022536 -0.403728
v 0.130211 -0.053997 -0.394100
v 0.133647 -0.088284 -0.357180
v 0.150278 -0.095337 -0.278189
v 0.162062 -0.078974 -0.205927
v 0.162769 -0.071505 -0.155153
v 0.153787 -0.069234 -0.090554
v 0.143455 -0.076846 -0.039888
v 0.125765 -0.096177 -0.033130
v 0.084707 -0.118133 -0.047950
v 0.038667 -0.125804 -0.065177
v 0.010203 -0.110424 -0.079563
v 0.009040 -0.090310 -0.092911
v 0.036311 -0.085511 -0.121973
v 0.071383 -0.095382 -0.162572
v 0.092355 -0.106820 -0.194358
v 0.132449 -0.102213 -0.240673
v 0.102256 -0.055109 -0.401035
v 0.120068 -0.097241 -0.131550
v 0.110983 -0.084487 -0.376671
v 0.118365 -0.121394 -0.231583
v 0.112926 -0.117865 -0.282582
v 0.117273 -0.114044 -0.301358
v 0.098220 -0.039979 -0.405924
v 0.088091 0.018066 -0.415209
v 0.104946 -0.095727 -0.367059
v 0.083385 -0.017561 -0.418397
v 0.094497 -0.123336 -0.177927
v 0.102450 -0.126180 -0.242338
v 0.081318 -0.087959 -0.389368
v 0.067710 -0.105357 -0.368949
v 0.061830 -0.036358 -0.416270
v 0.064853 -0.117624 -0.317845
v 0.038107 -0.122998 -0.298145
v 0.032183 -0.071549 -0.398307
v 0.012412 -0.123811 -0.200533
v 0.008171 -0.124143 -0.250366
v 0.036227 -0.106263 -0.359113
v -0.002880 -0.118337 -0.258779
v -0.000585 -0.051000 -0.401823
v -0.010968 -0.112466 -0.272479
v -0.035705 0.037583 -0.400404
v -0.036571 0.067574 -0.398656
v -0.005175 -0.115191 -0.372281
v 0.025896 -0.110371 -0.244107
v -0.034261 -0.099079 -0.319631
v -0.073249 -0.010235 -0.394472
v 0.117503 -0.078076 -0.036679
v 0.137268 -0.093183 -0.244725
v 0.109809 -0.045480 -0.400997
v 0.128670 0.009898 -0.406711
v 0.110029 0.021619 -0.413243
v 0.074546 0.043419 -0.418439
v -0.084586 0.114881 -0.406753
v -0.094712 0.007512 -0.388955
v -0.045924 -0.082777 -0.383643
v -0.037545 -0.086911 -0.293570
v 0.084790 -0.117469 -0.215726
v 0.052810 -0.107383 -0.182179
v 0.019663 -0.109328 -0.112062
v 0.048116 -0.117309 -0.105830
v 0.084759 -0.105358 -0.072095
v 0.138925 -0.086675 -0.175768
v 0.115112 -0.103193 -0.351368
v 0.110348 -0.092690 -0.374187
v 0.101066 -0.001522 -0.409562
v 0.115557 -0.117324 -0.184798
v 0.093676 -0.019759 -0.409645
v 0.108693 -0.082062 -0.380668
v 0.096030 -0.037886 -0.409605
v 0.073978 -0.117766 -0.122461
v 0.086352 -0.129373 -0.218412
v 0.042323 -0.128860 -0.241657
v 0.086118 -0.116098 -0.326746
v 0.043338 0.025590 -0.412405
v 0.074933 -0.123984 -0.283381
v 0.043450 -0.097247 -0.378398
v 0.054814 -0.062402 -0.405271
v 0.015069 -0.108114 -0.147995
v 0.031721 -0.003661 -0.412594
v 0.008430 -0.110288 -0.199073
v 0.015223 -0.109184 -0.372109
v 0.012701 -0.119059 -0.339106
v -0.009977 -0.114239 -0.326942
v -0.006464 -0.109556 -0.240421
v -0.005377 -0.076809 -0.395432
v -0.047366 -0.000819 -0.400353
v -0.075655 0.046065 -0.395830
v -0.005614 -0.104207 -0.246505
v 0.041467 0.052770 -0.414392
v -0.037989 -0.066291 -0.395137
v 0.056686 -0.115098 -0.219147
v -0.083650 0.103470 -0.397467
v 0.133325 -0.082596 -0.132276
v 0.129441 -0.109541 -0.292835
v 0.138833 0.036174 -0.410797
v -0.036549 -0.096313 -0.363089
v -0.035149 0.091472 -0.412674
v -0.018221 -0.093392 -0.267579
v 0.013004 -0.099662 -0.264790
v 0.033715 -0.101161 -0.158003
v 0.021910 -0.120564 -0.152032
v 0.038423 -0.124669 -0.160820
v 0.109125 -0.090552 -0.073230
v 0.168707 -0.100395 -0.244851
v 0.136353 -0.041476 -0.398079
v 0.152237 -0.111989 -0.133967
v 0.147259 -0.075244 -0.376462
v 0.147435 -0.132468 -0.244518
v 0.143052 -0.123730 -0.295795
v 0.150345 -0.113342 -0.307528
v 0.130153 -0.035906 -0.409572
v 0.110856 0.016954 -0.429801
v 0.134831 -0.090356 -0.375680
v 0.102271 -0.011292 -0.434176
v 0.115404 -0.145349 -0.182856
v 0.125244 -0.141546 -0.260510
v 0.106183 -0.087848 -0.404160
v 0.092168 -0.111892 -0.384833
v 0.076164 -0.027903 -0.435849
v 0.089320 -0.130497 -0.338519
v 0.050274 -0.143858 -0.311786
v 0.049813 -0.075077 -0.421256
v -0.013141 -0.139236 -0.194318
v -0.007360 -0.143368 -0.247506
v 0.059392 -0.118652 -0.378796
v -0.028563 -0.126918 -0.245109
v 0.011349 -0.053167 -0.427763
v -0.035458 -0.118535 -0.251242
v -0.032078 0.039558 -0.425147
v -0.034849 0.065086 -0.421744
v -0.002620 -0.136209 -0.377376
v 0.014507 -0.088594 -0.213322
v -0.060752 -0.108869 -0.302158
v -0.073089 -0.013601 -0.423426
v 0.147485 -0.097831 -0.044601
v 0.173564 -0.086486 -0.248752
v 0.137407 -0.034139 -0.400001
v 0.130639 -0.011650 -0.414641
v 0.118060 0.010608 -0.424459
v 0.089533 0.043686 -0.439532
v -0.081061 0.095631 -0.419922
v -0.106497 0.007139 -0.409545
v -0.050532 -0.097386 -0.399657
v -0.067231 -0.082058 -0.264043
v 0.083743 -0.100480 -0.207808
v 0.044049 -0.085954 -0.173196
v -0.008921 -0.124324 -0.107285
v 0.050146 -0.150608 -0.116268
v 0.107676 -0.134259 -0.080316
v 0.174858 -0.088915 -0.178577
v 0.152378 -0.082065 -0.350711
v 0.145725 -0.065159 -0.369215
v 0.122613 -0.000294 -0.419930
v 0.144625 -0.132426 -0.189282
v 0.124461 -0.018097 -0.415140
v 0.140797 -0.073995 -0.386036
v 0.123617 -0.034074 -0.418871
v 0.090478 -0.147986 -0.131037
v 0.103149 -0.150811 -0.230414
v 0.046132 -0.154033 -0.249783
v 0.112423 -0.123878 -0.343811
v 0.051071 0.027222 -0.432020
v 0.096624 -0.139635 -0.305265
v 0.066084 -0.105844 -0.398260
v 0.072962 -0.060928 -0.425523
v -0.018723 -0.108419 -0.137989
v 0.037189 0.003843 -0.434819
v -0.022373 -0.099937 -0.180273
v 0.033261 -0.125904 -0.388175
v 0.024696 -0.140763 -0.347273
v -0.019309 -0.131088 -0.317589
v -0.036241 -0.099096 -0.210125
v 0.007281 -0.085843 -0.418241
v -0.042790 -0.000596 -0.429834
v -0.070883 0.046391 -0.423456
v -0.027177 -0.086974 -0.209577
v 0.052313 0.048112 -0.436223
v -0.034480 -0.075780 -0.419144
v 0.049280 -0.094402 -0.203390
v -0.080213 0.092034 -0.415798
v 0.168126 -0.090687 -0.134547
v 0.165752 -0.089989 -0.295255
v 0.129114 0.000501 -0.420652
v -0.050644 -0.113220 -0.364698
v -0.029019 0.076587 -0.430860
v -0.042210 -0.077430 -0.226628
v -0.000796 -0.079357 -0.229962
v 0.015503 -0.079884 -0.146669
v 0.002593 -0.144777 -0.151354
v 0.033730 -0.154288 -0.166667
v 0.139515 -0.111711 -0.076222
v 0.091875 -0.102651 -0.194252
v 0.069398 -0.090645 -0.163332
v 0.031234 -0.080832 -0.122403
v 0.000470 -0.088930 -0.092986
v 0.003483 -0.114901 -0.080666
v 0.038553 -0.135115 -0.070143
v 0.090351 -0.126345 -0.052278
v 0.133194 -0.101566 -0.036238
v 0.150795 -0.081691 -0.042459
v 0.162319 -0.072115 -0.092433
v 0.171655 -0.072171 -0.156679
v 0.170892 -0.078063 -0.208755
v 0.159213 -0.089374 -0.279408
v 0.141930 -0.078797 -0.356000
v 0.136179 -0.048748 -0.393107
v 0.136886 -0.024422 -0.405687
v 0.137767 0.000804 -0.415061
v 0.128312 0.019226 -0.423242
v 0.079862 0.056002 -0.438246
v 0.044442 0.062156 -0.437172
v -0.051213 0.094381 -0.429599
v -0.126658 0.115890 -0.406452
v -0.119748 0.086095 -0.409010
v -0.119664 0.043887 -0.400967
v -0.099873 -0.019665 -0.399479
v -0.080125 -0.088932 -0.349205
v -0.063453 -0.075293 -0.289765
v 0.011538 -0.085157 -0.248508
v 0.083337 -0.106576 -0.223190
v 0.105094 0.038314 -0.432541
v -0.126406 0.123665 -0.414772
v -0.076823 -0.077923 -0.391096
v -0.070957 -0.071498 -0.383308
v -0.128780 0.135433 -0.410303
v 0.103948 0.047292 -0.424731
v 0.083875 -0.115005 -0.228952
v 0.018756 -0.094728 -0.263166
v -0.049503 -0.078094 -0.302627
v -0.068280 -0.082152 -0.350078
v -0.090726 -0.019322 -0.391758
v -0.111774 0.042215 -0.391558
v -0.121279 0.086639 -0.395109
v -0.129058 0.121906 -0.398040
v -0.055408 0.102910 -0.421298
v 0.039197 0.063441 -0.424752
v 0.074219 0.054983 -0.426159
v 0.134807 0.039008 -0.418634
v 0.143110 0.018622 -0.409601
v 0.133270 -0.017874 -0.402116
v 0.123549 -0.057469 -0.395254
v 0.124824 -0.096875 -0.358851
v 0.141017 -0.101525 -0.278223
v 0.152639 -0.080545 -0.206399
v 0.153343 -0.072132 -0.155885
v 0.144810 -0.067864 -0.091918
v 0.135173 -0.072967 -0.037879
v 0.118752 -0.090296 -0.030821
v 0.080031 -0.110044 -0.045835
v 0.039499 -0.117316 -0.063964
v 0.016577 -0.106812 -0.081227
v 0.016637 -0.093027 -0.096665
v 0.040125 -0.090636 -0.124065
v 0.071417 -0.100358 -0.163250
v 0.091917 -0.111260 -0.195832
vn -0.2190 0.5189 0.8263
vn 0.8437 0.5246 0.1140
vn 0.6057 -0.7872 -0.1159
vn 0.0195 -0.9547 0.2970
vn 0.1151 -0.9379 0.3272
vn 0.4598 -0.8692 0.1818
vn 0.9719 0.2188 0.0865
vn 0.3693 0.9269 -0.0667
vn -0.2363 0.9707 0.0441
vn -0.6493 0.6988 0.3001
vn -0.5111 0.8545 -0.0926
vn -0.5616 0.8142 -0.1476
vn -0.6416 0.7611 -0.0954
vn -0.1501 0.9512 -0.2697
vn 0.0332 0.9733 0.2273
vn -0.3009 0.5341 0.7900
vn -0.1556 0.1574 0.9752
vn 0.1840 0.1225 0.9753
vn -0.1098 0.6917 0.7138
vn 0.0361 0.3630 0.9311
vn 0.2289 0.6147 0.7548
vn 0.3842 0.8260 0.4125
vn 0.4322 0.9011 0.0353
vn 0.2289 0.6504 0.7242
vn 0.1141 0.0843 0.9899
vn -0.1539 -0.0757 0.9852
vn 0.3828 0.8748 0.2968
vn 0.5055 0.8502 -0.1472
vn 0.5007 -0.1478 -0.8529
vn 0.2430 -0.7617 -0.6006
vn -0.8014 0.5960 -0.0507
vn 0.4735 0.8783 -0.0659
vn 0.7745 -0.6101 -0.1674
vn -0.2896 0.1226 0.9493
vn -0.4469 0.8694 -0.2106
vn -0.2940 0.9525 -0.0801
vn -0.2123 0.9667 0.1430
vn -0.9793 -0.0364 -0.1990
vn -0.2010 0.4186 0.8857
vn -0.1018 0.0264 0.9944
vn -0.0443 0.9927 -0.1121
vn -0.0429 0.9943 0.0981
vn -0.2329 0.8990 0.3709
vn 0.0861 -0.0056 0.9963
vn 0.0395 0.6540 0.7555
vn 0.1406 -0.0586 0.9883
vn 0.2910 0.4049 0.8668
vn 0.0492 0.9532 0.2982
vn -0.1182 0.9652 0.2332
vn 0.1506 0.1141 0.9820
vn 0.8062 0.5679 -0.1658
vn 0.1778 0.9829 -0.0470
vn -0.0593 0.5657 0.8225
vn 0.8862 0.4335 -0.1634
vn 0.7442 0.6363 -0.2033
vn 0.2557 0.9657 0.0444
vn -0.0570 0.9840 0.1690
vn 0.1793 0.6037 0.7768
vn -0.0017 -0.9994 0.0358
vn 0.1532 0.1259 0.9801
vn 0.0384 0.0808 0.9960
vn -0.1353 -0.9141 -0.3823
vn 0.8452 0.3935 -0.3616
vn 0.5252 0.8499 0.0435
vn 0.0822 0.1735 0.9814
vn 0.6859 -0.3552 0.6352
vn 0.4822 -0.1597 -0.8614
vn 0.5765 0.7772 -0.2524
vn 0.2753 0.9522 -0.1326
vn 0.1873 0.9813 -0.0455
vn -0.4963 0.8639 0.0863
vn -0.9041 0.0721 0.4211
vn -0.4102 -0.8589 0.3066
vn 0.0814 -0.9492 0.3038
vn 0.4281 -0.8133 0.3940
vn 0.9292 -0.3126 0.1973
vn 0.9864 0.0999 0.1309
vn 0.9438 0.3265 -0.0520
vn 0.3966 0.9032 -0.1639
vn 0.3280 0.9296 0.1682
vn 0.2252 0.8246 0.5189
vn 0.1821 -0.5183 -0.8356
vn 0.4834 -0.3503 -0.8022
vn 0.1311 -0.2576 -0.9573
vn 0.4851 0.1494 -0.8616
vn -0.0166 0.1425 -0.9897
vn -0.0922 -0.0246 -0.9954
vn -0.3219 -0.3871 -0.8640
vn -0.5046 -0.6227 -0.5980
vn -0.3976 -0.0297 -0.9171
vn -0.9161 -0.2951 -0.2715
vn -0.6687 -0.6838 -0.2919
vn -0.9602 -0.2659 0.0856
vn -0.1220 0.9884 0.0901
vn 0.2740 0.9506 -0.1456
vn 0.8237 -0.5670 0.0033
vn 0.8798 -0.3983 -0.2594
vn 0.9540 0.1678 -0.2483
vn 0.5262 -0.1946 -0.8278
vn 0.5184 -0.8416 0.1514
vn 0.4045 -0.9145 0.0070
vn 0.4009 -0.8858 -0.2338
vn 0.8170 -0.1583 -0.5545
vn 0.3846 -0.3495 -0.8543
vn 0.2413 -0.1011 -0.9652
vn 0.1089 -0.9932 0.0405
vn 0.1403 -0.9766 -0.1633
vn 0.4914 -0.7502 -0.4424
vn 0.0372 0.0585 -0.9976
vn 0.1516 -0.5859 -0.7961
vn -0.0642 0.1344 -0.9889
vn -0.2514 -0.3793 -0.8905
vn 0.1398 -0.8999 -0.4131
vn 0.2097 -0.9290 -0.3050
vn -0.0502 -0.0842 -0.9952
vn -0.8054 -0.5750 0.1438
vn -0.2751 -0.9614 0.0004
vn 0.0841 -0.5490 -0.8316
vn -0.8665 -0.4859 0.1146
vn -0.8252 -0.4982 0.2661
vn -0.3135 -0.9463 -0.0796
vn 0.0090 -0.9871 -0.1599
vn -0.1666 -0.6567 -0.7355
vn -0.1558 0.9872 0.0345
vn -0.1138 -0.1761 -0.9778
vn -0.1289 0.1330 -0.9827
vn 0.0490 0.9031 0.4267
vn -0.8527 -0.3850 0.3531
vn -0.4546 -0.8898 -0.0396
vn -0.5614 -0.3733 -0.7386
vn 0.3638 0.0649 0.9292
vn 0.7035 -0.0495 -0.7089
vn 0.9719 0.1179 -0.2037
vn 0.8409 0.0400 0.5396
vn 0.7508 0.3409 0.5657
vn 0.5023 0.6193 0.6035
vn 0.0384 0.5285 0.8481
vn -0.3966 0.0204 0.9178
vn -0.2637 -0.4093 0.8735
vn -0.0912 -0.4386 0.8940
vn 0.4022 0.8865 0.2289
vn 0.1209 0.9926 -0.0132
vn -0.0662 0.9883 -0.1372
vn -0.3343 0.9298 -0.1538
vn -0.6655 0.7180 0.2039
vn -0.6076 0.5308 0.5908
vn -0.0211 0.3069 0.9515
vn 0.9726 -0.1342 0.1900
vn 0.4046 0.2842 -0.8692
vn 0.4189 0.9051 -0.0730
vn 0.2009 0.9745 0.0994
vn 0.3113 0.9038 -0.2936
vn -0.0247 0.4623 -0.8864
vn -0.9967 -0.0305 -0.0751
vn -0.9834 -0.0998 0.1518
vn -0.6104 -0.1699 0.7736
vn -0.7031 0.6899 0.1722
vn -0.2742 0.9576 -0.0887
vn 0.2726 0.9326 -0.2366
vn 0.4744 0.7130 -0.5164
vn -0.9733 -0.2111 -0.0901
vn -0.7904 -0.1715 0.5881
vn 0.3049 -0.9231 0.2343
vn 0.0550 -0.9386 0.3405
vn 0.2103 -0.9315 0.2967
vn 0.8890 -0.4381 0.1336
vn 0.7310 0.6746 0.1023
vn -0.0416 0.9980 0.0467
vn -0.4402 0.8779 0.1884
vn -0.5864 0.4391 0.6807
vn -0.2825 0.9067 0.3133
vn -0.5410 0.8296 -0.1382
vn -0.6039 0.7866 -0.1292
vn -0.4611 0.8725 -0.1614
vn -0.0234 0.9700 -0.2419
vn -0.0878 0.8664 0.4916
vn -0.1848 0.3075 0.9334
vn -0.0527 0.1305 0.9900
vn 0.6499 0.1974 0.7339
vn 0.3290 0.9000 0.2858
vn 0.2000 0.5175 0.8320
vn 0.3040 0.7272 0.6155
vn 0.4262 0.8778 0.2189
vn 0.0996 0.3359 0.9366
vn -0.0492 -0.0073 0.9988
vn -0.0340 0.0522 0.9981
vn -0.0646 -0.0596 0.9961
vn 0.4086 0.9113 0.0518
vn 0.6983 0.5610 -0.4446
vn 0.2709 -0.3175 -0.9087
vn 0.4568 -0.8220 -0.3401
vn -0.7206 0.6701 -0.1781
vn -0.6165 0.7858 -0.0498
vn -0.8428 0.5364 -0.0430
vn 0.8667 0.4952 -0.0599
vn 0.4389 0.5683 0.6959
vn 0.7503 -0.4793 -0.4554
vn -0.2018 0.1595 0.9663
vn -0.6468 0.7371 -0.1958
vn -0.6737 0.7375 0.0481
vn -0.1246 0.1911 0.9736
vn 0.1517 0.2928 0.9440
vn -0.6050 0.7913 -0.0882
vn -0.2210 -0.5710 -0.7906
vn -0.8131 -0.0233 0.5816
vn -0.2132 0.1177 0.9699
vn -0.3672 0.9114 -0.1856
vn -0.3136 0.9479 0.0559
vn -0.9569 -0.2586 0.1320
vn -0.4480 0.8333 0.3239
vn -0.4620 0.4114 0.7857
vn -0.5490 0.0383 0.8349
vn 0.0297 0.1560 0.9873
vn -0.4109 0.6354 0.6538
vn -0.0467 -0.0835 0.9954
vn -0.2142 0.9608 -0.1762
vn -0.1686 0.9856 0.0139
vn -0.2591 0.9489 0.1801
vn -0.0245 0.9996 0.0137
vn 0.1854 0.1296 0.9741
vn -0.1186 0.7979 0.5910
vn 0.1530 -0.0649 0.9861
vn 0.1746 0.0351 0.9840
vn -0.0343 0.9568 0.2887
vn -0.0329 0.9858 0.1645
vn 0.0803 0.9953 -0.0536
vn -0.0875 0.9773 0.1928
vn 0.0859 0.6430 0.7610
vn -0.0425 0.9860 0.1614
vn 0.1177 0.3758 0.9192
vn 0.0463 0.9937 0.1023
vn 0.4046 0.9038 -0.1395
vn 0.1496 0.9871 0.0576
vn 0.0501 0.8702 0.4901
vn 0.1541 -0.0332 0.9875
vn 0.8935 0.4161 -0.1690
vn 0.8417 -0.5374 -0.0525
vn 0.2214 -0.9693 0.1073
vn 0.8877 0.4108 -0.2081
vn -0.0000 0.9951 0.0989
vn -0.2625 0.9316 0.2516
vn -0.2269 0.4611 0.8578
vn 0.0442 0.2564 0.9656
vn 0.5329 0.8462 0.0050
vn 0.1610 0.9868 0.0200
vn -0.0864 0.8210 0.5644
vn 0.7760 -0.5249 -0.3498
vn 0.8131 0.5163 -0.2689
vn 0.1432 -0.0021 0.9897
vn 0.0999 -0.0344 0.9944
vn 0.6130 -0.6444 -0.4571
vn 0.0930 0.2470 0.9645
vn 0.5028 0.8641 -0.0240
vn 0.3329 0.9407 0.0657
vn 0.2274 0.1436 0.9632
vn 0.4232 -0.6945 -0.5819
vn 0.5561 0.8291 -0.0583
vn 0.3091 0.4624 0.8311
vn 0.2040 0.0525 0.9776
vn -0.1330 -0.9900 -0.0476
vn 0.3596 0.5952 0.7187
vn -0.7524 0.6421 -0.1473
vn 0.1720 0.2489 0.9531
vn 0.3147 0.5477 0.7753
vn 0.4216 0.7644 0.4879
vn 0.4777 0.7706 0.4219
vn 0.5778 0.8162 -0.0050
vn 0.6923 -0.3905 -0.6068
vn 0.6334 0.7547 -0.1709
vn 0.1895 0.9717 -0.1412
vn 0.0749 0.9867 -0.1442
vn -0.6394 0.7428 -0.1987
vn 0.9318 0.3630 -0.0013
vn -0.2205 0.1370 0.9657
vn -0.6602 0.7406 0.1252
vn -0.4324 0.8940 0.1175
vn -0.3514 0.7394 0.5743
vn -0.1738 0.9799 -0.0977
vn -0.1478 0.9804 0.1301
vn -0.1372 0.2086 0.9683
vn -0.0547 0.5256 0.8489
vn 0.0829 0.8665 0.4923
vn 0.1070 0.3345 0.9363
vn 0.1730 0.0956 0.9803
vn -0.0566 0.9522 0.3001
vn 0.0918 0.3224 0.9421
vn 0.4200 0.9064 -0.0459
vn 0.4376 0.8988 0.0253
vn -0.2687 0.8129 0.5167
vn 0.1388 0.1055 0.9847
vn 0.0944 -0.0292 0.9951
vn 0.2012 0.2345 0.9511
vn -0.1200 -0.9720 -0.2020
vn 0.4820 0.8113 0.3308
vn -0.0945 -0.9920 0.0840
vn 0.2630 0.0871 0.9608
vn 0.3145 0.9008 -0.2993
vn 0.4116 0.8977 -0.1575
vn -0.2536 0.2403 0.9370
vn -0.2200 0.2694 0.9376
vn -0.2120 0.2191 0.9524
vn -0.0301 0.4936 0.8691
vn 0.3350 0.9122 0.2360
vn 0.2876 0.6557 0.6981
vn 0.7855 0.5689 -0.2436
vn -0.0745 -0.8663 -0.4939
vn -0.1197 -0.9007 -0.4176
vn -0.1085 -0.9768 0.1847
vn -0.0392 -0.9795 0.1976
vn 0.9784 0.1776 -0.1059
vn -0.0898 0.9841 -0.1531
vn -0.2763 0.9456 -0.1716
vn -0.5132 0.8424 -0.1644
vn -0.6540 0.7559 -0.0300
vn 0.4730 0.8750 -0.1034
vn 0.2612 0.9571 -0.1257
vn -0.0204 0.9992 0.0337
vn -0.8114 0.5407 0.2217
vn -0.7415 -0.4560 0.4922
vn -0.1715 -0.9344 0.3122
vn 0.2276 -0.8912 0.3923
vn 0.5135 -0.6864 0.5149
vn 0.9152 -0.2152 0.3409
vn 0.9770 -0.0706 0.2013
vn 0.9740 0.2243 0.0328
vn 0.7940 0.5933 -0.1324
vn 0.2400 0.9678 -0.0752
vn 0.0683 0.8918 0.4472
vn -0.9559 -0.2830 -0.0783
vn 0.2886 -0.4876 -0.8240
vn 0.5025 -0.2908 -0.8142
vn 0.2587 -0.1675 -0.9513
vn 0.2168 0.2004 -0.9554
vn -0.0682 0.0296 -0.9972
vn -0.1758 -0.1437 -0.9739
vn -0.3214 -0.2010 -0.9254
vn -0.2783 0.0728 -0.9577
vn -0.8141 -0.1390 -0.5638
vn -0.8248 -0.3707 -0.4270
vn -0.7553 -0.6495 -0.0877
vn -0.7442 0.6596 0.1055
vn 0.2902 0.9566 -0.0269
vn 0.4095 0.8535 -0.3222
vn 0.8035 -0.5778 0.1433
vn 0.9140 -0.3953 -0.0916
vn 0.9211 -0.3893 -0.0080
vn 0.9117 0.4063 -0.0608
vn 0.9596 0.0536 -0.2761
vn 0.9744 0.1439 -0.1728
vn 0.5055 -0.2620 -0.8220
vn 0.7216 -0.6740 0.1582
vn 0.8041 -0.5806 -0.1275
vn 0.2081 -0.3041 -0.9296
vn 0.6146 -0.2492 -0.7485
vn 0.6503 -0.7594 0.0206
vn 0.9500 0.1670 -0.2637
vn 0.6674 -0.0700 -0.7414
vn 0.3767 -0.2293 -0.8975
vn 0.4524 -0.8845 0.1137
vn 0.4521 -0.8830 -0.1258
vn 0.8092 0.1625 -0.5647
vn 0.6704 -0.6436 -0.3692
vn 0.5864 -0.3654 -0.7229
vn 0.5699 -0.0194 -0.8215
vn 0.2225 -0.1811 -0.9580
vn 0.5737 -0.5088 -0.6419
vn 0.1421 0.1477 -0.9788
vn 0.3004 -0.9483 0.1028
vn 0.2811 -0.9561 -0.0833
vn 0.4963 -0.8159 -0.2967
vn 0.1090 -0.9907 -0.0819
vn -0.1023 -0.1760 -0.9791
vn 0.3311 -0.6994 -0.6334
vn -0.0461 0.1391 -0.9892
vn -0.0932 0.0485 -0.9945
vn 0.2519 -0.8820 -0.3984
vn 0.2274 -0.9294 -0.2907
vn -0.0626 -0.9980 -0.0070
vn 0.2360 -0.9275 -0.2900
vn 0.0396 -0.5950 -0.8028
vn 0.1298 -0.9652 -0.2268
vn 0.0290 -0.3164 -0.9482
vn -0.0238 -0.9871 -0.1581
vn -0.5139 -0.8541 0.0803
vn -0.2427 -0.9643 -0.1055
vn 0.0788 -0.8164 -0.5721
vn -0.0877 0.0805 -0.9929
vn -0.9078 -0.4018 0.1203
vn -0.9268 0.3577 0.1147
vn -0.4497 0.8931 -0.0102
vn -0.9303 -0.3117 0.1931
vn 0.0273 -0.9925 -0.1194
vn 0.2505 -0.9257 -0.2833
vn 0.1654 -0.5219 -0.8368
vn -0.0046 -0.3011 -0.9536
vn -0.6735 -0.7349 -0.0794
vn -0.1574 -0.9875 -0.0125
vn 0.0292 -0.8525 -0.5220
vn -0.8124 0.3495 0.4667
vn -0.8430 -0.4273 0.3267
vn -0.0689 0.0937 -0.9932
vn -0.0212 0.1412 -0.9898
vn -0.6797 0.4340 0.5913
vn -0.0713 -0.3384 -0.9383
vn -0.5471 -0.8360 0.0410
vn -0.2914 -0.9549 -0.0575
vn -0.2537 -0.2275 -0.9401
vn -0.5687 0.4768 0.6703
vn -0.5051 -0.8541 0.1244
vn -0.3030 -0.5272 -0.7939
vn -0.2016 -0.0385 -0.9787
vn 0.1749 0.9845 -0.0092
vn -0.3647 -0.5682 -0.7376
vn 0.8800 -0.4620 0.1105
vn -0.1089 -0.3065 -0.9456
vn -0.2225 -0.4521 -0.8638
vn -0.3851 -0.6901 -0.6128
vn -0.4569 -0.7653 -0.4534
vn -0.6031 -0.7976 -0.0061
vn -0.7685 0.4317 0.4722
vn -0.6203 -0.7564 0.2074
vn -0.2659 -0.9572 0.1144
vn -0.1000 -0.9886 0.1128
vn 0.6902 -0.7095 0.1422
vn 0.7940 -0.4644 -0.3924
vn 0.6291 -0.0225 -0.7770
vn 0.7325 -0.6571 -0.1777
vn 0.6993 -0.6830 -0.2108
vn 0.5563 -0.6181 -0.5554
vn 0.2740 -0.9613 0.0268
vn 0.2776 -0.9382 -0.2069
vn 0.2095 -0.1799 -0.9611
vn 0.2429 -0.4389 -0.8651
vn 0.1034 -0.8178 -0.5662
vn 0.0503 -0.2896 -0.9558
vn -0.0521 -0.0686 -0.9963
vn 0.1999 -0.8921 -0.4053
vn -0.0015 -0.3042 -0.9526
vn -0.5470 -0.8370 0.0135
vn -0.6407 -0.7608 -0.1035
vn 0.2913 -0.7603 -0.5806
vn -0.0641 -0.1002 -0.9929
vn -0.0560 0.1252 -0.9906
vn -0.1466 -0.0455 -0.9882
vn -0.0112 0.9433 0.3318
vn -0.4185 -0.8436 -0.3365
vn 0.1846 0.9675 -0.1728
vn -0.4701 -0.1760 -0.8649
vn 0.9835 0.0472 -0.1744
vn 0.9671 0.1491 -0.2060
vn 0.4699 -0.4171 -0.7780
vn -0.0577 -0.4578 -0.8872
vn -0.3845 -0.5376 -0.7504
vn 0.3372 -0.1383 -0.9312
vn -0.5017 -0.6363 -0.5861
vn -0.6179 -0.5644 -0.5474
vn -0.8784 -0.4212 0.2258
vn 0.0110 0.9394 0.3425
vn 0.2647 0.9460 0.1870
vn 0.1094 0.9694 -0.2196
vn 0.0116 0.9843 -0.1761
vn -0.9531 -0.2169 0.2112
vn 0.1003 -0.9879 0.1180
vn 0.3170 -0.9348 0.1602
vn 0.5418 -0.8205 0.1824
vn 0.7193 -0.6824 0.1303
vn 0.4950 -0.0793 0.8653
vn 0.6108 -0.0853 -0.7872
vn 0.8780 0.4278 -0.2146
vn 0.6968 0.6722 0.2502
vn 0.5150 0.8095 0.2818
vn -0.0135 0.9289 0.3700
vn -0.5433 0.3338 0.7703
vn -0.4765 -0.5338 0.6985
vn -0.1060 -0.7503 0.6525
vn 0.1035 -0.6606 0.7436
vn 0.8120 0.5214 0.2623
vn 0.6171 0.7813 0.0941
vn 0.3638 0.9256 -0.1047
vn -0.2252 0.9664 -0.1241
vn -0.6010 0.7678 0.2221
vn -0.6652 0.5125 0.5430
vn -0.3239 0.3635 0.8735
vn 0.9447 -0.1646 -0.2837
vn 0.4243 0.0792 -0.9020
vn 0.5430 0.6529 -0.5281
vn 0.1344 0.8509 -0.5079
vn 0.1575 0.6614 -0.7333
vn -0.2059 0.0558 -0.9770
vn -0.7918 -0.4374 -0.4264
vn -0.8441 -0.0547 -0.5333
vn -0.9086 -0.2181 0.3562
vn -0.9911 -0.0899 -0.0981
vn -0.8476 0.5307 0.0002
vn 0.1469 0.9780 -0.1483
vn 0.3981 0.8367 -0.3762
vn -0.6465 -0.0971 -0.7567
vn -0.9190 -0.3821 -0.0976
vn 0.1715 0.2640 0.9492
vn 0.8677 0.0671 -0.4926
vn 0.9418 -0.3037 -0.1443
vn 0.5475 -0.6316 0.5489
vn 0.6287 -0.4684 0.6207
vn 0.7814 -0.2037 0.5898
vn 0.5691 0.5805 0.5824
vn -0.1040 0.7320 0.6734
vn -0.4412 0.3791 0.8134
vn -0.4067 0.0185 0.9134
vn 0.0096 0.9943 0.1065
vn -0.1688 0.9821 -0.0836
vn -0.2567 0.9552 -0.1471
vn -0.2940 0.9319 -0.2126
vn -0.6064 0.7801 0.1541
vn -0.4782 0.5730 0.6655
vn -0.0257 0.1961 0.9802
vn 0.7248 -0.0664 0.6858
vn 0.2938 0.9115 -0.2879
vn 0.2660 0.8370 0.4782
vn 0.2339 0.8864 0.3995
vn 0.3807 0.9247 0.0001
vn 0.2086 0.8105 -0.5473
vn -0.5665 0.6224 0.5401
vn -0.5777 -0.0422 0.8152
vn -0.4481 -0.1390 0.8831
vn -0.1461 0.9418 0.3028
vn 0.0873 0.9880 -0.1270
vn 0.4146 0.8165 -0.4018
vn 0.5494 0.2700 -0.7908
vn -0.6225 -0.0574 0.7805
vn -0.4712 0.0023 0.8820
vn -0.8699 0.2698 0.4129
vn -0.6950 0.2387 -0.6782
vn 0.5026 0.6565 -0.5625
vn 0.7000 0.4573 -0.5485
vn 0.3932 0.8467 -0.3586
vn 0.0151 0.9856 -0.1683
vn -0.5040 0.8636 0.0145
vn -0.6362 -0.3100 0.7065
vn -0.8230 -0.0172 0.5678
vn -0.9792 -0.1922 -0.0658
vn -0.9801 -0.1985 -0.0002
vn 0.2369 0.7278 -0.6436
vn 0.2555 0.9660 -0.0386
vn 0.2650 0.9552 0.1315
vn 0.4195 0.1049 -0.9017
vn 0.9484 -0.1729 -0.2657
vn 0.6826 0.0702 0.7274
vn -0.4161 0.4398 0.7959
vn -0.6739 0.6039 0.4257
vn -0.5413 0.8405 -0.0253
vn -0.1665 0.9714 -0.1691
vn 0.0143 0.9961 -0.0873
vn 0.2602 0.9618 0.0854
vn 0.5093 0.6475 0.5669
vn 0.0513 -0.3678 0.9285
vn -0.1614 -0.4407 0.8830
vn -0.3897 -0.2546 0.8850
vn -0.2053 0.3197 0.9250
vn 0.2736 0.6578 0.7017
vn 0.6534 0.4903 0.5768
vn 0.8063 0.1825 0.5627
vn 0.9476 -0.0382 0.3171
vn -0.8593 0.5112 0.0158
vn 0.2861 0.4045 0.8686
vn -0.6622 0.7200 -0.2075
vn -0.0615 -0.7354 -0.6749
vn -0.6038 0.7970 0.0115
vn -0.5981 0.7897 0.1363
vn -0.3404 0.9304 0.1360
vn -0.3692 -0.4215 -0.8283
vn -0.1280 0.1339 0.9827
vn -0.5291 0.6800 0.5076
vn -0.2172 -0.0006 0.9761
vn -0.2289 0.9602 -0.1602
vn -0.1998 0.9774 0.0688
vn -0.1893 0.6530 0.7333
vn 0.0073 0.8948 0.4465
vn 0.0856 0.2447 0.9658
vn -0.0747 0.9709 0.2275
vn 0.0191 0.9914 0.1297
vn 0.0935 0.4179 0.9037
vn 0.5067 0.8559 -0.1035
vn 0.3789 0.9254 -0.0038
vn -0.0352 0.9121 0.4085
vn 0.6423 0.7634 -0.0676
vn 0.1054 0.2415 0.9647
vn 0.5993 0.8001 -0.0262
vn 0.1161 -0.0420 0.9924
vn 0.1762 0.0930 0.9800
vn 0.2888 0.8925 0.3464
vn -0.1864 -0.9695 -0.1589
vn 0.6123 0.7876 -0.0687
vn 0.2510 0.0956 0.9633
vn -0.6010 0.7666 0.2262
vn -0.2866 0.9356 -0.2061
vn -0.1975 0.2072 0.9582
vn -0.2821 0.2042 0.9374
vn -0.0863 0.2406 0.9668
vn 0.1129 0.2113 0.9709
vn 0.4175 0.7911 0.4470
vn 0.2114 0.0684 0.9750
vn 0.4521 0.6619 0.5979
vn 0.8049 -0.2257 -0.5488
vn 0.0033 -0.9948 0.1022
vn -0.0941 -0.9672 0.2360
vn 0.8147 0.5609 -0.1469
vn 0.0527 0.9894 -0.1350
vn -0.3326 0.9312 -0.1491
vn -0.8111 0.5774 -0.0931
vn 0.9196 0.3801 -0.0993
vn 0.4746 0.7090 0.5216
vn -0.2001 0.1436 0.9692
vn -0.5817 0.7964 -0.1654
vn -0.2075 0.1341 0.9690
vn -0.3152 0.6525 0.6891
vn -0.5679 0.1381 0.8114
vn -0.2178 0.9609 -0.1712
vn -0.1274 0.9916 -0.0226
vn 0.0584 0.9972 0.0460
vn -0.0502 0.9823 0.1804
vn 0.1227 -0.0562 0.9909
vn -0.0958 0.9797 0.1763
vn 0.0929 0.8216 0.5625
vn 0.0974 0.4141 0.9050
vn 0.9602 -0.2718 -0.0643
vn 0.1841 -0.0241 0.9826
vn 0.7538 -0.6512 -0.0883
vn -0.3828 0.7360 0.5584
vn -0.0395 0.9961 0.0791
vn 0.4151 0.9095 -0.0221
vn 0.8663 -0.0016 -0.4995
vn -0.0494 0.2667 0.9625
vn 0.1590 0.0369 0.9866
vn 0.1361 0.0109 0.9906
vn 0.2911 -0.8526 -0.4340
vn 0.2506 0.3974 0.8827
vn 0.1921 0.2298 0.9541
vn -0.0904 -0.9928 0.0791
vn 0.2121 0.3595 0.9087
vn -0.7143 0.6777 -0.1745
vn 0.3826 0.9030 -0.1955
vn 0.0369 0.4299 0.9021
vn 0.5428 0.8223 0.1711
vn 0.3678 0.7024 0.6093
vn 0.4433 -0.6194 -0.6479
vn -0.1365 -0.8660 -0.4810
vn 0.0661 -0.9819 0.1773
vn 0.3978 0.9048 -0.1518
vn 0.0992 0.9879 -0.1193
vn -0.6622 0.7326 -0.1576
vn 0.9148 -0.3982 -0.0685
vn 0.9114 -0.0353 -0.4099
vn 0.7247 -0.6692 0.1643
vn 0.9626 0.1343 -0.2352
vn 0.6503 -0.7564 -0.0707
vn 0.6931 -0.6857 -0.2225
vn 0.6485 -0.7248 -0.2327
vn 0.9275 0.2440 -0.2832
vn 0.3687 -0.1640 -0.9150
vn 0.6875 -0.5134 -0.5135
vn 0.3140 0.0206 -0.9492
vn 0.3243 -0.9418 0.0883
vn 0.3287 -0.9341 -0.1390
vn 0.3893 -0.5522 -0.7373
vn 0.2110 -0.8270 -0.5211
vn 0.0495 -0.2123 -0.9760
vn 0.2284 -0.9127 -0.3387
vn 0.0163 -0.9838 -0.1784
vn 0.0139 -0.3927 -0.9196
vn -0.6242 -0.7795 0.0526
vn -0.4762 -0.8783 -0.0440
vn 0.1693 -0.8447 -0.5078
vn -0.8054 -0.5927 0.0042
vn -0.0270 -0.2411 -0.9701
vn -0.7032 -0.7092 0.0511
vn -0.0669 0.0986 -0.9929
vn -0.1197 0.0024 -0.9928
vn -0.2428 -0.9111 -0.3331
vn 0.2158 0.9645 0.1521
vn -0.6361 -0.7631 0.1141
vn -0.2965 -0.1512 -0.9430
vn 0.7531 -0.6295 0.1912
vn 0.9910 0.0517 -0.1238
vn 0.0623 -0.5521 -0.8314
vn -0.1339 -0.5304 -0.8371
vn 0.0695 -0.3661 -0.9280
vn 0.0587 -0.1867 -0.9807
vn -0.4544 -0.7866 -0.4180
vn -0.6703 -0.2042 -0.7135
vn -0.4547 -0.6577 -0.6005
vn -0.8873 0.3145 0.3372
vn 0.2683 0.9405 -0.2082
vn 0.1144 0.9647 -0.2371
vn -0.7887 -0.5272 0.3162
vn -0.0882 -0.9854 0.1460
vn 0.3595 -0.9099 0.2068
vn 0.9351 -0.3524 0.0377
vn 0.9724 0.1280 -0.1951
vn 0.9629 0.2458 -0.1110
vn 0.6076 -0.1035 -0.7875
vn 0.6270 -0.7726 0.0997
vn 0.3961 -0.2511 -0.8832
vn 0.4966 -0.5917 -0.6350
vn 0.6536 -0.0794 -0.7527
vn 0.2771 -0.9536 0.1180
vn 0.2311 -0.9718 -0.0468
vn -0.0354 -0.9932 -0.1110
vn 0.2759 -0.9078 -0.3159
vn -0.0121 0.1330 -0.9910
vn 0.2251 -0.9402 -0.2556
vn 0.0433 -0.7718 -0.6344
vn 0.0802 -0.3406 -0.9368
vn -0.9809 0.1431 0.1321
vn -0.0921 0.0664 -0.9935
vn -0.8731 0.4654 0.1449
vn 0.2970 -0.7513 -0.5894
vn 0.0667 -0.9942 -0.0844
vn -0.3997 -0.9156 0.0428
vn -0.8113 -0.0840 0.5785
vn 0.0362 -0.3498 -0.9361
vn -0.0974 -0.0155 -0.9951
vn -0.0890 0.1117 -0.9898
vn -0.3587 0.7778 0.5161
vn -0.1665 -0.3876 -0.9067
vn -0.1908 -0.3259 -0.9259
vn 0.1283 0.9813 -0.1434
vn -0.1962 -0.1183 -0.9734
vn 0.8792 -0.4532 0.1470
vn 0.9634 0.1817 -0.1972
vn 0.2130 -0.2887 -0.9334
vn -0.5447 -0.8101 -0.2166
vn -0.2745 -0.5169 -0.8109
vn -0.5421 0.5776 0.6103
vn 0.2410 0.9537 0.1797
vn -0.1256 0.9895 -0.0713
vn -0.4768 -0.8704 0.1228
vn -0.1041 -0.9916 0.0768
vn 0.7031 -0.6934 0.1576
vn 0.8370 0.5188 0.1738
vn 0.6233 0.7452 0.2370
vn 0.3088 0.8980 0.3135
vn -0.3563 0.7492 0.5583
vn -0.5573 -0.1637 0.8140
vn -0.2916 -0.6994 0.6525
vn 0.0123 -0.7158 0.6982
vn 0.2067 -0.5292 0.8230
vn 0.7681 0.3710 0.5219
vn 0.7612 0.6138 0.2094
vn 0.4898 0.8717 -0.0159
vn 0.1648 0.9785 -0.1239
vn -0.4472 0.8945 0.0017
vn -0.6526 0.6178 0.4386
vn -0.5854 0.4554 0.6708
vn 0.9738 -0.1932 -0.1202
vn 0.8299 -0.1996 -0.5210
vn 0.3762 -0.0008 -0.9265
vn 0.2754 0.8410 -0.4658
vn 0.1400 0.7801 -0.6098
vn 0.0593 0.4342 -0.8989
vn -0.7069 -0.3080 -0.6367
vn -0.6985 -0.0280 -0.7151
vn -0.9920 -0.0542 -0.1137
vn -0.8821 -0.4384 0.1720
vn -0.9887 0.1492 -0.0141
vn -0.3916 0.9185 -0.0545
vn 0.3442 0.9090 -0.2349
vn 0.5849 0.6635 -0.4666
vn 0.5967 0.3567 -0.7189
vn -0.6023 -0.2690 -0.7516
vn -0.9484 -0.2590 -0.1831
vn -0.3979 0.5486 0.7353
vn -0.3522 0.9181 -0.1819
vn 0.2723 0.9416 0.1984
vn 0.7251 -0.0315 -0.6879
vn 0.4647 0.6126 -0.6393
vn 0.2517 0.9339 -0.2539
vn -0.0343 0.9988 0.0338
vn -0.4156 -0.2054 0.8860
vn -0.3641 0.0515 0.9299
vn -0.6587 -0.1224 0.7424
vn -0.5707 0.2050 0.7951
vn 0.3551 0.8588 -0.3691
vn 0.3051 0.9180 0.2535
vn 0.2478 0.8333 0.4943
vn 0.4237 0.5652 -0.7078
vn 0.9715 -0.0808 0.2230
vn 0.3704 0.0411 0.9280
vn -0.3100 0.3995 0.8627
vn -0.5922 0.6726 0.4438
vn -0.4865 0.8678 -0.1011
vn -0.2654 0.9485 -0.1732
vn -0.2287 0.9661 -0.1198
vn -0.1039 0.9945 -0.0138
vn 0.1996 0.8566 0.4758
vn -0.2168 -0.1286 0.9677
vn -0.4314 0.2204 0.8749
vn -0.3733 0.5558 0.7428
vn 0.3128 0.7038 0.6378
vn 0.7983 0.2456 0.5498
vn 0.6668 -0.3978 0.6302
vn 0.5639 -0.5643 0.6029
vn 0.7200 -0.5971 0.3537
vt 0.130982 0.697580
vt 0.130982 0.750033
vt 0.123715 0.743891
vt 0.121429 0.717768
vt 0.130982 0.802487
vt 0.119735 0.766230
vt 0.108487 0.729973
vt 0.121429 0.717768
vt 0.948977 0.588571
vt 0.948977 0.566119
vt 0.950907 0.568466
vt 0.951939 0.581144
vt 0.948977 0.543667
vt 0.951620 0.557361
vt 0.954901 0.573718
vt 0.951620 0.557361
vt 0.236401 0.778438
vt 0.231745 0.742518
vt 0.237922 0.718952
vt 0.245044 0.718858
vt 0.222655 0.718892
vt 0.236876 0.694677
vt 0.231745 0.742518
vt 0.254757 0.660006
vt 0.245044 0.718858
vt 0.236876 0.694677
vt 0.495178 0.980525
vt 0.495178 0.949108
vt 0.498109 0.941386
vt 0.499575 0.953234
vt 0.495178 0.917691
vt 0.499575 0.921817
vt 0.503972 0.925943
vt 0.232158 0.795303
vt 0.230226 0.788666
vt 0.230403 0.774850
vt 0.227915 0.812167
vt 0.227404 0.794276
vt 0.226893 0.776384
vt 0.230403 0.774850
vt 0.936333 0.631743
vt 0.936333 0.684707
vt 0.934356 0.678742
vt 0.933367 0.649278
vt 0.936333 0.737671
vt 0.933367 0.702242
vt 0.930400 0.666813
vt 0.933367 0.649278
vt 0.933367 0.702242
vt 0.604643 0.915913
vt 0.598589 0.878414
vt 0.600607 0.855548
vt 0.604643 0.862864
vt 0.592535 0.840915
vt 0.598589 0.825365
vt 0.604643 0.809816
vt 0.974961 0.467706
vt 0.978113 0.437163
vt 0.979164 0.450629
vt 0.978113 0.472634
vt 0.981265 0.406619
vt 0.981265 0.442091
vt 0.981265 0.477562
vt 0.981265 0.442091
vt 0.949061 0.521357
vt 0.949985 0.519572
vt 0.950671 0.530911
vt 0.949144 0.499047
vt 0.950419 0.507240
vt 0.951693 0.515433
vt 0.950671 0.530911
vt 0.918374 0.392841
vt 0.918374 0.354730
vt 0.923963 0.357808
vt 0.926757 0.378403
vt 0.918374 0.316619
vt 0.926757 0.340292
vt 0.935141 0.363964
vt 0.380736 0.875817
vt 0.387721 0.889532
vt 0.389238 0.903191
vt 0.386710 0.906719
vt 0.394706 0.903247
vt 0.393437 0.915964
vt 0.392167 0.928680
vt 0.386710 0.906719
vt 0.742567 0.442886
vt 0.760069 0.451889
vt 0.756754 0.466819
vt 0.746041 0.470752
vt 0.777740 0.466054
vt 0.763823 0.482466
vt 0.760069 0.451889
vt 0.749515 0.498619
vt 0.763823 0.482466
vt 0.743851 0.406697
vt 0.759137 0.409918
vt 0.751836 0.422329
vt 0.743209 0.424792
vt 0.772308 0.413841
vt 0.756535 0.430387
vt 0.759137 0.409918
vt 0.756535 0.430387
vt 0.703425 0.267059
vt 0.721609 0.256216
vt 0.730677 0.266010
vt 0.727274 0.275031
vt 0.736890 0.248673
vt 0.744006 0.265838
vt 0.721609 0.256216
vt 0.751122 0.283003
vt 0.727274 0.275031
vt 0.783965 0.317737
vt 0.785087 0.331413
vt 0.775947 0.334208
vt 0.769647 0.327066
vt 0.784446 0.347256
vt 0.770612 0.345828
vt 0.785087 0.331413
vt 0.755329 0.336395
vt 0.770612 0.345828
vt 0.654500 0.162493
vt 0.677912 0.156812
vt 0.671443 0.168943
vt 0.656074 0.175685
vt 0.702445 0.156475
vt 0.680047 0.172676
vt 0.677912 0.156812
vt 0.657649 0.188877
vt 0.656074 0.175685
vt 0.790868 0.354612
vt 0.778167 0.370297
vt 0.768827 0.371121
vt 0.801117 0.358595
vt 0.773752 0.382583
vt 0.768827 0.371121
vt 0.773752 0.382583
vt 0.808645 0.367368
vt 0.797002 0.383683
vt 0.784389 0.388466
vt 0.824370 0.371241
vt 0.795908 0.398507
vt 0.808645 0.367368
vt 0.795908 0.398507
vt 0.703425 0.215806
vt 0.720566 0.222551
vt 0.726019 0.231701
vt 0.720274 0.235447
vt 0.737706 0.229296
vt 0.737298 0.238984
vt 0.720566 0.222551
vt 0.720274 0.235447
vt 0.362208 0.883743
vt 0.352583 0.890028
vt 0.350704 0.877910
vt 0.352613 0.864538
vt 0.342958 0.896312
vt 0.345458 0.876067
vt 0.347957 0.855821
vt 0.345458 0.876067
vt 0.824370 0.401094
vt 0.817367 0.415752
vt 0.810096 0.413515
vt 0.824370 0.430946
vt 0.814996 0.436553
vt 0.805622 0.442159
vt 0.810096 0.413515
vt 0.803418 0.316619
vt 0.802267 0.337607
vt 0.797424 0.341250
vt 0.795437 0.333232
vt 0.790868 0.354612
vt 0.795437 0.333232
vt 0.818425 0.992763
vt 0.816608 0.967144
vt 0.817214 0.956290
vt 0.818425 0.963673
vt 0.814791 0.941524
vt 0.816608 0.938053
vt 0.818425 0.934582
vt 0.723345 0.144302
vt 0.716618 0.162762
vt 0.705747 0.174262
vt 0.736276 0.145850
vt 0.722089 0.169094
vt 0.723345 0.144302
vt 0.709049 0.192049
vt 0.705747 0.174262
vt 0.689647 0.215806
vt 0.688434 0.239434
vt 0.682914 0.234949
vt 0.680482 0.219909
vt 0.687220 0.263062
vt 0.680581 0.247745
vt 0.688434 0.239434
vt 0.671318 0.224012
vt 0.680581 0.247745
vt 0.696245 0.108289
vt 0.721869 0.078227
vt 0.719379 0.096716
vt 0.700279 0.124022
vt 0.764790 0.026576
vt 0.732654 0.089664
vt 0.721869 0.078227
vt 0.700279 0.124022
vt 0.732654 0.089664
vt 0.682564 0.094635
vt 0.723859 0.059997
vt 0.712851 0.077221
vt 0.690448 0.099761
vt 0.721869 0.078227
vt 0.696245 0.108289
vt 0.690448 0.099761
vt 0.077682 0.943285
vt 0.069775 0.952120
vt 0.067045 0.949175
vt 0.069634 0.943285
vt 0.061868 0.960956
vt 0.061727 0.952120
vt 0.069775 0.952120
vt 0.061586 0.943285
vt 0.006889 0.699976
vt 0.018413 0.690536
vt 0.025235 0.702148
vt 0.023835 0.714588
vt 0.023272 0.678407
vt 0.034169 0.702755
vt 0.018413 0.690536
vt 0.045067 0.727102
vt 0.023835 0.714588
vt 0.034169 0.702754
vt 0.670982 0.261229
vt 0.660816 0.259917
vt 0.654983 0.243610
vt 0.672854 0.290909
vt 0.655751 0.277059
vt 0.670982 0.261229
vt 0.638648 0.263209
vt 0.765130 0.059150
vt 0.765131 0.105981
vt 0.755336 0.118593
vt 0.747806 0.110975
vt 0.765130 0.152813
vt 0.750642 0.143919
vt 0.747806 0.110975
vt 0.750642 0.143919
vt 0.446460 0.931216
vt 0.457777 0.931216
vt 0.456482 0.940759
vt 0.450175 0.945531
vt 0.469095 0.931216
vt 0.461492 0.945531
vt 0.453890 0.959846
vt 0.450175 0.945531
vt 0.461492 0.945531
vt 0.953013 0.662938
vt 0.951562 0.700022
vt 0.951079 0.677262
vt 0.951562 0.647340
vt 0.950112 0.737106
vt 0.950112 0.684424
vt 0.951562 0.700022
vt 0.950112 0.631743
vt 0.082489 0.872401
vt 0.075815 0.857469
vt 0.078771 0.846178
vt 0.083231 0.848353
vt 0.069140 0.842538
vt 0.078258 0.831647
vt 0.075815 0.857469
vt 0.083973 0.824305
vt 0.078258 0.831647
vt 0.962084 0.193088
vt 0.962084 0.224234
vt 0.957800 0.223433
vt 0.955658 0.207459
vt 0.962084 0.255379
vt 0.955658 0.238605
vt 0.949232 0.221830
vt 0.955658 0.207459
vt 0.058846 0.777438
vt 0.073244 0.777438
vt 0.071682 0.798885
vt 0.063993 0.809988
vt 0.087643 0.777438
vt 0.077009 0.808092
vt 0.073244 0.777438
vt 0.063993 0.809988
vt 0.077009 0.808092
vt 0.638648 0.115768
vt 0.645345 0.111688
vt 0.645245 0.118162
vt 0.641048 0.124410
vt 0.652042 0.107608
vt 0.651253 0.115989
vt 0.645345 0.111688
vt 0.643448 0.133053
vt 0.641048 0.124410
vt 0.651254 0.115989
vt 0.893265 0.499047
vt 0.898887 0.500438
vt 0.900744 0.538850
vt 0.898867 0.557517
vt 0.904508 0.501829
vt 0.904483 0.558711
vt 0.898887 0.500438
vt 0.904458 0.615594
vt 0.904483 0.558711
vt 0.968680 0.499047
vt 0.970366 0.515925
vt 0.969804 0.540987
vt 0.968680 0.545080
vt 0.972053 0.532803
vt 0.970366 0.561958
vt 0.968680 0.591112
vt 0.968680 0.545080
vt 0.680487 0.801172
vt 0.690188 0.803051
vt 0.692260 0.820874
vt 0.688203 0.829761
vt 0.699889 0.804930
vt 0.698818 0.827294
vt 0.690188 0.803051
vt 0.695919 0.858350
vt 0.944086 0.061256
vt 0.944086 0.034073
vt 0.948602 0.035988
vt 0.950662 0.048556
vt 0.944086 0.006889
vt 0.950910 0.023863
vt 0.957735 0.040838
vt 0.950662 0.048556
vt 0.564111 0.919385
vt 0.569658 0.936281
vt 0.567809 0.947745
vt 0.564111 0.945029
vt 0.575204 0.953177
vt 0.569658 0.961926
vt 0.564111 0.970674
vt 0.844680 0.868330
vt 0.847201 0.894567
vt 0.836398 0.903312
vt 0.829735 0.894567
vt 0.849723 0.920803
vt 0.832257 0.920803
vt 0.814791 0.920803
vt 0.832257 0.920803
vt 0.977306 0.835225
vt 0.972184 0.807100
vt 0.973892 0.793978
vt 0.977306 0.801479
vt 0.967063 0.778975
vt 0.972184 0.773354
vt 0.977306 0.767734
vt 0.972184 0.773354
vt 0.784769 0.556949
vt 0.780429 0.509513
vt 0.788530 0.517680
vt 0.793628 0.547773
vt 0.791388 0.498375
vt 0.780429 0.509513
vt 0.802487 0.538597
vt 0.791388 0.498375
vt 0.766890 0.524022
vt 0.762595 0.538550
vt 0.751554 0.530154
vt 0.769181 0.559319
vt 0.766890 0.524022
vt 0.753593 0.561689
vt 0.125126 0.664253
vt 0.128054 0.680916
vt 0.121763 0.697813
vt 0.116807 0.697113
vt 0.121429 0.717768
vt 0.116807 0.697113
vt 0.352645 0.970015
vt 0.347802 0.972932
vt 0.346187 0.951985
vt 0.347802 0.940053
vt 0.342958 0.975849
vt 0.342958 0.942970
vt 0.347802 0.972932
vt 0.342958 0.910091
vt 0.978751 0.078714
vt 0.975132 0.050575
vt 0.976338 0.036013
vt 0.978751 0.042801
vt 0.971513 0.022436
vt 0.975132 0.014662
vt 0.978751 0.006889
vt 0.978751 0.042801
vt 0.078258 0.831647
vt 0.080295 0.814271
vt 0.085808 0.800872
vt 0.077009 0.808092
vt 0.077009 0.808092
vt 0.230403 0.774850
vt 0.228787 0.756728
vt 0.224774 0.747638
vt 0.231745 0.742518
vt 0.224774 0.747638
vt 0.951859 0.544277
vt 0.953297 0.544576
vt 0.950671 0.530911
vt 0.950671 0.530911
vt 0.958467 0.390483
vt 0.953693 0.362525
vt 0.955285 0.347223
vt 0.958467 0.353551
vt 0.948919 0.334567
vt 0.953693 0.325593
vt 0.958467 0.316619
vt 0.958467 0.353551
vt 0.380736 0.945145
vt 0.380736 0.910481
vt 0.384582 0.917157
vt 0.386452 0.936912
vt 0.763823 0.482466
vt 0.770702 0.504384
vt 0.780429 0.509513
vt 0.763823 0.482466
vt 0.780429 0.509513
vt 0.763294 0.438892
vt 0.775840 0.434025
vt 0.760069 0.451889
vt 0.793504 0.451325
vt 0.793837 0.422769
vt 0.810096 0.413515
vt 0.770612 0.345828
vt 0.763101 0.363208
vt 0.749590 0.371546
vt 0.770612 0.345828
vt 0.749590 0.371546
vt 0.675568 0.133555
vt 0.668904 0.124004
vt 0.690448 0.099761
vt 0.648974 0.147773
vt 0.664783 0.114451
vt 0.771346 0.394246
vt 0.784389 0.388466
vt 0.773752 0.382583
vt 0.759137 0.409918
vt 0.793692 0.317178
vt 0.792104 0.327222
vt 0.785087 0.331413
vt 0.795437 0.333232
vt 0.793692 0.317178
vt 0.785087 0.331413
vt 0.795437 0.333232
vt 0.703425 0.241432
vt 0.714789 0.244054
vt 0.721609 0.256216
vt 0.720274 0.235447
vt 0.721609 0.256216
vt 0.720274 0.235447
vt 0.313274 0.813364
vt 0.317369 0.809137
vt 0.320918 0.846283
vt 0.318666 0.861195
vt 0.321464 0.804909
vt 0.323626 0.833545
vt 0.325787 0.862180
vt 0.324354 0.882886
vt 0.322920 0.903591
vt 0.683840 0.140174
vt 0.696245 0.108289
vt 0.675568 0.133555
vt 0.677912 0.156812
vt 0.313274 0.896667
vt 0.313274 0.855016
vt 0.317439 0.880999
vt 0.316667 0.902977
vt 0.321490 0.906439
vt 0.320059 0.909287
vt 0.295794 0.925323
vt 0.285441 0.936371
vt 0.286366 0.921062
vt 0.297645 0.917069
vt 0.275088 0.947419
vt 0.275088 0.925055
vt 0.275088 0.902691
vt 0.287292 0.905753
vt 0.299496 0.908815
vt 0.809838 0.346308
vt 0.814123 0.354939
vt 0.808645 0.367368
vt 0.818560 0.334021
vt 0.821465 0.352631
vt 0.809838 0.346308
vt 0.670982 0.261229
vt 0.680301 0.269326
vt 0.681251 0.293519
vt 0.688434 0.279595
vt 0.689647 0.296129
vt 0.030071 0.963532
vt 0.033133 0.952835
vt 0.034154 0.961833
vt 0.033133 0.971680
vt 0.036195 0.942138
vt 0.036195 0.960983
vt 0.036195 0.979829
vt 0.722089 0.169094
vt 0.726199 0.178614
vt 0.720744 0.197038
vt 0.735276 0.171764
vt 0.722089 0.169094
vt 0.732439 0.202027
vt 0.720744 0.197038
vt 0.737304 0.102928
vt 0.735469 0.118944
vt 0.723345 0.144302
vt 0.737304 0.102928
vt 0.747806 0.110975
vt 0.732654 0.089664
vt 0.744478 0.079800
vt 0.737304 0.102928
vt 0.764960 0.042863
vt 0.737304 0.102928
vt 0.012600 0.682115
vt 0.016618 0.681059
vt 0.018310 0.664253
vt 0.020791 0.671330
vt 0.018413 0.690536
vt 0.664082 0.105949
vt 0.679381 0.092287
vt 0.664119 0.098773
vt 0.676197 0.089938
vt 0.744984 0.164729
vt 0.735276 0.171764
vt 0.748785 0.177420
vt 0.735276 0.171764
vt 0.748785 0.177420
vt 0.006889 0.758680
vt 0.006889 0.729328
vt 0.019312 0.728725
vt 0.025978 0.742891
vt 0.023835 0.714588
vt 0.025978 0.742891
vt 0.023835 0.714588
vt 0.719983 0.050762
vt 0.734960 0.042580
vt 0.757402 0.006889
vt 0.761096 0.016733
vt 0.723859 0.059997
vt 0.263156 0.716163
vt 0.249778 0.747300
vt 0.251364 0.718155
vt 0.258956 0.688085
vt 0.249778 0.747300
vt 0.953285 0.767734
vt 0.953285 0.807279
vt 0.950177 0.818589
vt 0.948624 0.804471
vt 0.953285 0.846825
vt 0.948624 0.844017
vt 0.943963 0.841208
vt 0.948624 0.804471
vt 0.428739 0.956883
vt 0.419235 0.945965
vt 0.422403 0.938147
vt 0.428739 0.939696
vt 0.409730 0.935048
vt 0.419235 0.928778
vt 0.428739 0.922509
vt 0.709751 0.803051
vt 0.707686 0.826758
vt 0.719613 0.801172
vt 0.717253 0.822688
vt 0.714893 0.844204
vt 0.705406 0.851277
vt 0.893265 0.614744
vt 0.893265 0.556895
vt 0.896997 0.576488
vt 0.898862 0.615169
vt 0.898867 0.557517
vt 0.898862 0.615169
vt 0.898867 0.557517
vt 0.955295 0.070744
vt 0.949690 0.066000
vt 0.952338 0.057273
vt 0.956515 0.055791
vt 0.950662 0.048556
vt 0.949690 0.066000
vt 0.918286 0.523364
vt 0.926742 0.511205
vt 0.929561 0.533224
vt 0.926742 0.550313
vt 0.935198 0.499047
vt 0.935198 0.538154
vt 0.926742 0.511205
vt 0.935198 0.577261
vt 0.926742 0.550313
vt 0.106677 0.895295
vt 0.106677 0.855780
vt 0.114779 0.861723
vt 0.118830 0.884452
vt 0.106677 0.816265
vt 0.118830 0.844937
vt 0.130982 0.873610
vt 0.342958 0.791761
vt 0.352583 0.837752
vt 0.350704 0.843060
vt 0.345458 0.823791
vt 0.352583 0.837752
vt 0.345458 0.823791
vt 0.791388 0.498375
vt 0.795854 0.479200
vt 0.804054 0.490378
vt 0.793504 0.451325
vt 0.793504 0.451325
vt 0.236876 0.694677
vt 0.233101 0.678117
vt 0.238706 0.656630
vt 0.222655 0.686073
vt 0.222655 0.653254
vt 0.222655 0.686073
vt 0.763250 0.682131
vt 0.780088 0.698875
vt 0.783416 0.724200
vt 0.776914 0.727709
vt 0.799388 0.709349
vt 0.793423 0.745383
vt 0.780088 0.698875
vt 0.787457 0.781416
vt 0.776914 0.727709
vt 0.793423 0.745383
vt 0.301223 0.683163
vt 0.298904 0.680132
vt 0.304065 0.669692
vt 0.308604 0.668209
vt 0.294569 0.671534
vt 0.305276 0.662394
vt 0.298904 0.680132
vt 0.315984 0.653254
vt 0.308604 0.668209
vt 0.788801 0.648823
vt 0.798682 0.648324
vt 0.806997 0.671642
vt 0.777037 0.591096
vt 0.800266 0.623790
vt 0.819599 0.644843
vt 0.800266 0.623790
vt 0.879487 0.617964
vt 0.869914 0.592994
vt 0.869586 0.581270
vt 0.873563 0.588086
vt 0.860341 0.568023
vt 0.867147 0.562176
vt 0.869914 0.592994
vt 0.867638 0.558207
vt 0.873563 0.588086
vt 0.867147 0.562176
vt 0.809402 0.707379
vt 0.809279 0.725391
vt 0.806245 0.738492
vt 0.816513 0.708875
vt 0.813701 0.732603
vt 0.809402 0.707379
vt 0.810888 0.756331
vt 0.806245 0.738492
vt 0.806245 0.738492
vt 0.805003 0.760231
vt 0.801841 0.761017
vt 0.807591 0.784508
vt 0.804294 0.812684
vt 0.801841 0.761017
vt 0.807591 0.784508
vt 0.892088 0.301992
vt 0.892088 0.247540
vt 0.897451 0.241300
vt 0.900132 0.265406
vt 0.892088 0.193088
vt 0.900132 0.210955
vt 0.908175 0.228821
vt 0.900132 0.210955
vt 0.869586 0.541631
vt 0.873563 0.528627
vt 0.869914 0.533535
vt 0.867147 0.562176
vt 0.879487 0.499047
vt 0.873563 0.528627
vt 0.977273 0.364137
vt 0.974377 0.348929
vt 0.974295 0.335663
vt 0.975398 0.336859
vt 0.972245 0.333158
vt 0.972884 0.321369
vt 0.974377 0.348929
vt 0.973523 0.309580
vt 0.975398 0.336859
vt 0.246384 0.904978
vt 0.234520 0.888841
vt 0.238475 0.867876
vt 0.246384 0.865462
vt 0.222655 0.872704
vt 0.234520 0.849325
vt 0.246384 0.825946
vt 0.933575 0.102925
vt 0.924430 0.129416
vt 0.921183 0.121430
vt 0.924056 0.106979
vt 0.915476 0.148897
vt 0.915007 0.129965
vt 0.924430 0.129416
vt 0.914537 0.111033
vt 0.924056 0.106979
vt 0.725748 0.454933
vt 0.720524 0.485348
vt 0.706201 0.480258
vt 0.702234 0.463353
vt 0.715299 0.515764
vt 0.696259 0.495209
vt 0.720524 0.485348
vt 0.677213 0.476497
vt 0.702234 0.463353
vt 0.696259 0.495209
vt 0.728789 0.406819
vt 0.727269 0.430876
vt 0.716174 0.427233
vt 0.709193 0.412268
vt 0.708838 0.437464
vt 0.691105 0.418457
vt 0.708838 0.437464
vt 0.529204 0.860324
vt 0.550935 0.879250
vt 0.543691 0.888035
vt 0.529204 0.882965
vt 0.572665 0.898176
vt 0.550935 0.901891
vt 0.550935 0.879250
vt 0.529204 0.905606
vt 0.690552 0.316619
vt 0.706580 0.331372
vt 0.698776 0.338118
vt 0.686565 0.333556
vt 0.722608 0.346125
vt 0.703995 0.350920
vt 0.706580 0.331372
vt 0.682579 0.350492
vt 0.703995 0.350920
vt 0.729975 0.760719
vt 0.718887 0.774056
vt 0.710618 0.757310
vt 0.713979 0.740869
vt 0.707798 0.787394
vt 0.700349 0.757570
vt 0.697596 0.717495
vt 0.713979 0.740869
vt 0.700349 0.757571
vt 0.703918 0.373434
vt 0.693783 0.371520
vt 0.677087 0.354844
vt 0.697868 0.383418
vt 0.671594 0.359196
vt 0.677087 0.354844
vt 0.682465 0.391079
vt 0.665890 0.389139
vt 0.654883 0.374213
vt 0.662441 0.405969
vt 0.682465 0.391079
vt 0.628586 0.384512
vt 0.654883 0.374213
vt 0.662441 0.405969
vt 0.681097 0.752865
vt 0.674034 0.751166
vt 0.676887 0.737303
vt 0.666473 0.773500
vt 0.664349 0.764609
vt 0.681097 0.752865
vt 0.662226 0.755718
vt 0.676887 0.737303
vt 0.664349 0.764609
vt 0.578756 0.687993
vt 0.552165 0.709402
vt 0.547888 0.695647
vt 0.555626 0.679950
vt 0.534344 0.721583
vt 0.533309 0.699003
vt 0.532274 0.676424
vt 0.555626 0.679950
vt 0.578757 0.619617
vt 0.578757 0.653805
vt 0.563291 0.661022
vt 0.555515 0.648020
vt 0.555626 0.679950
vt 0.578757 0.653805
vt 0.555626 0.679950
vt 0.106677 0.909073
vt 0.112495 0.930270
vt 0.110142 0.938954
vt 0.106677 0.933838
vt 0.116752 0.948598
vt 0.111714 0.953601
vt 0.112495 0.930270
vt 0.106677 0.958604
vt 0.974608 0.708701
vt 0.970699 0.673539
vt 0.972002 0.659607
vt 0.974608 0.670222
vt 0.966791 0.638377
vt 0.970699 0.635060
vt 0.974608 0.631743
vt 0.677635 0.721191
vt 0.686598 0.700438
vt 0.668066 0.723326
vt 0.674296 0.692313
vt 0.686598 0.700438
vt 0.668066 0.723325
vt 0.447103 0.619617
vt 0.455350 0.619722
vt 0.451090 0.647107
vt 0.444815 0.659344
vt 0.463598 0.619827
vt 0.453108 0.665515
vt 0.442527 0.699071
vt 0.453108 0.665515
vt 0.731984 0.692138
vt 0.719050 0.700154
vt 0.724828 0.668609
vt 0.735538 0.654164
vt 0.721042 0.655280
vt 0.719050 0.700154
vt 0.744719 0.591019
vt 0.735538 0.654164
vt 0.721042 0.655279
vt 0.742304 0.695819
vt 0.739280 0.692140
vt 0.740314 0.660414
vt 0.743266 0.642436
vt 0.731984 0.692138
vt 0.735538 0.654164
vt 0.735538 0.654164
vt 0.199603 0.927288
vt 0.186786 0.927288
vt 0.184812 0.912477
vt 0.190233 0.905071
vt 0.173969 0.927288
vt 0.177416 0.905071
vt 0.180863 0.882855
vt 0.177416 0.905071
vt 0.960038 0.105991
vt 0.953696 0.136794
vt 0.951582 0.125504
vt 0.953696 0.104458
vt 0.947353 0.167598
vt 0.947353 0.135261
vt 0.947353 0.102925
vt 0.947353 0.135261
vt 0.486724 0.647732
vt 0.481773 0.671828
vt 0.468851 0.676740
vt 0.509850 0.675636
vt 0.488568 0.694198
vt 0.472896 0.717149
vt 0.468851 0.676740
vt 0.488568 0.694198
vt 0.719740 0.609174
vt 0.692663 0.657890
vt 0.680176 0.656667
vt 0.681964 0.639871
vt 0.663459 0.678143
vt 0.692663 0.657890
vt 0.644187 0.670567
vt 0.663459 0.678143
vt 0.714980 0.946913
vt 0.709968 0.960313
vt 0.708297 0.951383
vt 0.709968 0.940219
vt 0.704956 0.973712
vt 0.704956 0.953618
vt 0.704956 0.933524
vt 0.766913 0.713532
vt 0.765081 0.697832
vt 0.772756 0.725128
vt 0.777185 0.747474
vt 0.776914 0.727709
vt 0.765081 0.697832
vt 0.144761 0.981925
vt 0.144761 0.965277
vt 0.146484 0.965326
vt 0.147346 0.973674
vt 0.144761 0.948630
vt 0.147346 0.957027
vt 0.149932 0.965424
vt 0.261139 0.825946
vt 0.262147 0.840276
vt 0.261811 0.849833
vt 0.261139 0.847447
vt 0.263156 0.854606
vt 0.262147 0.861777
vt 0.261139 0.868948
vt 0.799722 0.949251
vt 0.798959 0.969620
vt 0.798705 0.953020
vt 0.798959 0.934535
vt 0.798196 0.989989
vt 0.798196 0.954904
vt 0.798959 0.969620
vt 0.798196 0.919819
vt 0.798959 0.934535
vt 0.897223 0.952025
vt 0.892379 0.962222
vt 0.890764 0.953643
vt 0.892379 0.944256
vt 0.887535 0.972418
vt 0.887535 0.954453
vt 0.887535 0.936487
vt 0.892379 0.944256
vt 0.744749 0.801172
vt 0.740564 0.856252
vt 0.738173 0.837892
vt 0.739070 0.801172
vt 0.736380 0.911332
vt 0.734885 0.856252
vt 0.733391 0.801172
vt 0.739070 0.801172
vt 0.734885 0.856252
vt 0.411664 0.763476
vt 0.411664 0.812758
vt 0.401354 0.803524
vt 0.396200 0.774266
vt 0.411664 0.862039
vt 0.396200 0.823547
vt 0.380736 0.785056
vt 0.396200 0.774266
vt 0.836425 0.237531
vt 0.819675 0.268775
vt 0.814091 0.254846
vt 0.819675 0.232260
vt 0.802925 0.300018
vt 0.802925 0.263504
vt 0.802925 0.226989
vt 0.819675 0.232260
vt 0.173969 0.805897
vt 0.190665 0.804925
vt 0.196230 0.826309
vt 0.190665 0.837487
vt 0.207361 0.803952
vt 0.207361 0.836514
vt 0.207361 0.869076
vt 0.863502 0.842952
vt 0.863501 0.823362
vt 0.867907 0.820487
vt 0.870110 0.828844
vt 0.863502 0.803773
vt 0.870110 0.809255
vt 0.876719 0.814737
vt 0.447995 0.917438
vt 0.447227 0.890492
vt 0.458618 0.881510
vt 0.464697 0.890492
vt 0.446460 0.863546
vt 0.463930 0.863546
vt 0.481400 0.863546
vt 0.897223 0.868330
vt 0.897223 0.895519
vt 0.885983 0.901592
vt 0.880362 0.891033
vt 0.897223 0.922709
vt 0.880362 0.918223
vt 0.863502 0.913737
vt 0.666422 0.556121
vt 0.647504 0.550732
vt 0.657422 0.523719
vt 0.671862 0.516309
vt 0.628586 0.545343
vt 0.652943 0.506723
vt 0.671862 0.516309
vt 0.712196 0.543615
vt 0.697002 0.547328
vt 0.691325 0.532749
vt 0.709093 0.571466
vt 0.687758 0.563794
vt 0.712196 0.543615
vt 0.687758 0.563794
vt 0.763250 0.643574
vt 0.779030 0.668394
vt 0.774820 0.677710
vt 0.763250 0.662853
vt 0.276934 0.731457
vt 0.285751 0.701495
vt 0.287639 0.710719
vt 0.287836 0.730264
vt 0.291697 0.701548
vt 0.285751 0.701495
vt 0.289851 0.728441
vt 0.287836 0.730265
vt 0.291697 0.701548
vt 0.291697 0.701548
vt 0.295267 0.694957
vt 0.295537 0.705802
vt 0.298904 0.680132
vt 0.291697 0.701548
vt 0.295537 0.705802
vt 0.988386 0.690259
vt 0.990172 0.661001
vt 0.990767 0.676493
vt 0.990172 0.698868
vt 0.991957 0.631743
vt 0.991957 0.669610
vt 0.990172 0.661001
vt 0.991957 0.707477
vt 0.806997 0.671642
vt 0.811683 0.686699
vt 0.809402 0.707379
vt 0.818056 0.676859
vt 0.806997 0.671642
vt 0.809402 0.707379
vt 0.972245 0.390483
vt 0.972245 0.361820
vt 0.973869 0.362631
vt 0.974759 0.377310
vt 0.974377 0.348929
vt 0.911001 0.950896
vt 0.911001 0.909613
vt 0.914567 0.905610
vt 0.916350 0.924250
vt 0.911001 0.868330
vt 0.916350 0.882967
vt 0.921699 0.897605
vt 0.916350 0.924251
vt 0.916350 0.882967
vt 0.933575 0.175209
vt 0.924526 0.162053
vt 0.927529 0.142821
vt 0.933575 0.139067
vt 0.924430 0.129416
vt 0.924526 0.162053
vt 0.691325 0.532749
vt 0.686373 0.513856
vt 0.696259 0.495209
vt 0.671862 0.516309
vt 0.696259 0.495209
vt 0.671862 0.516309
vt 0.698938 0.447730
vt 0.708838 0.437464
vt 0.682990 0.442272
vt 0.640290 0.451927
vt 0.634438 0.418220
vt 0.659926 0.431450
vt 0.656107 0.461135
vt 0.725698 0.376472
vt 0.711283 0.367462
vt 0.703918 0.373434
vt 0.725698 0.376472
vt 0.731984 0.692138
vt 0.739280 0.692140
vt 0.739219 0.727005
vt 0.730520 0.725319
vt 0.745888 0.729015
vt 0.749471 0.762211
vt 0.739723 0.761465
vt 0.697901 0.395570
vt 0.682465 0.391079
vt 0.709193 0.412268
vt 0.697868 0.383418
vt 0.124414 0.913152
vt 0.120583 0.930875
vt 0.116054 0.923803
vt 0.115546 0.911112
vt 0.687135 0.780447
vt 0.689308 0.762324
vt 0.700349 0.757570
vt 0.687135 0.780447
vt 0.681097 0.752865
vt 0.418858 0.659320
vt 0.401594 0.705523
vt 0.396038 0.692213
vt 0.408432 0.656351
vt 0.387106 0.749698
vt 0.383921 0.727872
vt 0.380736 0.706047
vt 0.389371 0.679715
vt 0.398005 0.653382
vt 0.713979 0.740869
vt 0.720296 0.723427
vt 0.730520 0.725319
vt 0.719050 0.700154
vt 0.713979 0.740869
vt 0.731984 0.692138
vt 0.730520 0.725319
vt 0.719050 0.700154
vt 0.418858 0.727177
vt 0.406603 0.736609
vt 0.404654 0.720660
vt 0.418858 0.693248
vt 0.394348 0.746041
vt 0.390727 0.747869
vt 0.690087 0.912252
vt 0.685287 0.900174
vt 0.699998 0.898056
vt 0.702398 0.915999
vt 0.680486 0.888097
vt 0.697598 0.880113
vt 0.714710 0.872129
vt 0.714710 0.895937
vt 0.714710 0.919746
vt 0.651094 0.363162
vt 0.661364 0.352030
vt 0.639860 0.364688
vt 0.654883 0.374213
vt 0.651134 0.344865
vt 0.639860 0.364688
vt 0.457712 0.730878
vt 0.455425 0.696594
vt 0.468851 0.676740
vt 0.442527 0.744607
vt 0.442527 0.721839
vt 0.314205 0.953741
vt 0.319996 0.938403
vt 0.321926 0.947426
vt 0.319996 0.959606
vt 0.325787 0.923066
vt 0.325787 0.944268
vt 0.319996 0.938403
vt 0.325787 0.965470
vt 0.319996 0.959606
vt 0.325787 0.944268
vt 0.645406 0.747430
vt 0.656021 0.727421
vt 0.668066 0.723326
vt 0.628586 0.739143
vt 0.653137 0.713185
vt 0.645406 0.747430
vt 0.686598 0.700438
vt 0.696512 0.672927
vt 0.707676 0.660406
vt 0.686598 0.700438
vt 0.707676 0.660406
vt 0.719680 0.640121
vt 0.721042 0.655280
vt 0.732230 0.600097
vt 0.707676 0.660406
vt 0.721042 0.655279
vt 0.732230 0.600097
vt 0.680487 0.933524
vt 0.685832 0.938079
vt 0.684050 0.950433
vt 0.680487 0.954332
vt 0.691178 0.942634
vt 0.685832 0.958888
vt 0.680487 0.975141
vt 0.592535 0.729218
vt 0.601142 0.728493
vt 0.601150 0.756471
vt 0.592535 0.762628
vt 0.607631 0.738097
vt 0.609567 0.751135
vt 0.611502 0.764173
vt 0.602019 0.780105
vt 0.592535 0.796038
vt 0.653136 0.713185
vt 0.650629 0.698630
vt 0.663459 0.678143
vt 0.636387 0.704855
vt 0.636387 0.704855
vt 0.628586 0.809789
vt 0.647647 0.805480
vt 0.654001 0.824137
vt 0.647647 0.835620
vt 0.666708 0.801172
vt 0.666708 0.831312
vt 0.647647 0.805480
vt 0.666708 0.861452
vt 0.647647 0.835620
vt 0.745477 0.623848
vt 0.745888 0.640531
vt 0.747095 0.588132
vt 0.743266 0.642436
vt 0.749471 0.585244
vt 0.745888 0.640532
vt 0.747095 0.588132
vt 0.770143 0.617335
vt 0.779670 0.646732
vt 0.779030 0.668394
vt 0.770143 0.617335
vt 0.779030 0.668394
vt 0.788801 0.648823
vt 0.315984 0.791131
vt 0.296459 0.761294
vt 0.294864 0.750381
vt 0.302918 0.759786
vt 0.287836 0.730264
vt 0.296459 0.761294
vt 0.287836 0.730265
vt 0.966791 0.750223
vt 0.966791 0.736351
vt 0.969505 0.736088
vt 0.970862 0.742892
vt 0.966791 0.722479
vt 0.970862 0.729020
vt 0.974934 0.735561
vt 0.518496 0.710969
vt 0.491492 0.735287
vt 0.491177 0.715671
vt 0.514173 0.693303
vt 0.464488 0.759604
vt 0.468692 0.738377
vt 0.601142 0.728493
vt 0.602815 0.695028
vt 0.607733 0.678857
vt 0.600185 0.674418
vt 0.601142 0.728493
vt 0.607836 0.619617
vt 0.607733 0.678857
vt 0.222655 0.939758
vt 0.238673 0.929257
vt 0.244013 0.936957
vt 0.238673 0.946058
vt 0.254691 0.918756
vt 0.254691 0.935557
vt 0.254691 0.952358
vt 0.276934 0.861645
vt 0.288215 0.833277
vt 0.291975 0.851822
vt 0.288215 0.875279
vt 0.299496 0.804909
vt 0.299496 0.846911
vt 0.288215 0.833277
vt 0.299496 0.888913
vt 0.288215 0.875279
vt 0.299496 0.846911
vt 0.529204 0.801878
vt 0.553980 0.797319
vt 0.562239 0.813728
vt 0.553980 0.824211
vt 0.578757 0.792761
vt 0.578757 0.819653
vt 0.553980 0.797319
vt 0.578757 0.846545
vt 0.537723 0.778982
vt 0.536033 0.750283
vt 0.549676 0.730156
vt 0.558240 0.733488
vt 0.552165 0.709402
vt 0.536033 0.750283
vt 0.634438 0.498635
vt 0.648366 0.488468
vt 0.652943 0.506723
vt 0.656107 0.461135
vt 0.656107 0.461135
vt 0.796923 0.588170
vt 0.804753 0.607876
vt 0.816809 0.585244
vt 0.818204 0.615044
vt 0.796923 0.588170
vt 0.818204 0.615044
vt 0.953994 0.442338
vt 0.953383 0.454341
vt 0.950642 0.453054
vt 0.951072 0.441354
vt 0.952477 0.464357
vt 0.949988 0.462768
vt 0.947498 0.461180
vt 0.947992 0.452009
vt 0.948486 0.442838
vt 0.954208 0.409789
vt 0.954229 0.427012
vt 0.951073 0.425767
vt 0.950853 0.408204
vt 0.947992 0.424729
vt 0.947498 0.406619
vt 0.918045 0.803506
vt 0.917455 0.824603
vt 0.913656 0.821570
vt 0.913972 0.798292
vt 0.916768 0.845762
vt 0.913333 0.844873
vt 0.909898 0.843983
vt 0.909898 0.818530
vt 0.909898 0.793077
vt 0.075740 0.900275
vt 0.068663 0.899052
vt 0.072951 0.894817
vt 0.079395 0.900267
vt 0.061586 0.897828
vt 0.064670 0.892003
vt 0.067754 0.886179
vt 0.077699 0.889924
vt 0.087643 0.893668
vt 0.076709 0.921822
vt 0.076224 0.911049
vt 0.081704 0.911647
vt 0.082176 0.925664
vt 0.087643 0.911587
vt 0.087643 0.929507
vt 0.076719 0.725818
vt 0.080994 0.741227
vt 0.074904 0.744339
vt 0.069290 0.727734
vt 0.086829 0.755453
vt 0.082518 0.759557
vt 0.078208 0.763660
vt 0.068527 0.747554
vt 0.058846 0.731448
vt 0.074531 0.689900
vt 0.074922 0.708461
vt 0.067717 0.708369
vt 0.068136 0.687620
vt 0.060293 0.708393
vt 0.061740 0.685339
vt 0.948504 0.938071
vt 0.948970 0.951111
vt 0.942224 0.950062
vt 0.941991 0.936539
vt 0.949436 0.964151
vt 0.942457 0.963585
vt 0.935478 0.963019
vt 0.935478 0.949013
vt 0.935478 0.935007
vt 0.800273 0.839587
vt 0.810239 0.839825
vt 0.809477 0.846405
vt 0.800265 0.845944
vt 0.820201 0.840070
vt 0.818688 0.846867
vt 0.817175 0.853664
vt 0.808716 0.852982
vt 0.800257 0.852301
vt 0.344474 0.725242
vt 0.346986 0.749812
vt 0.340829 0.749371
vt 0.337914 0.724674
vt 0.350729 0.776725
vt 0.344996 0.776089
vt 0.339264 0.775452
vt 0.334513 0.748730
vt 0.329763 0.722008
vt 0.345227 0.687201
vt 0.344070 0.704693
vt 0.337501 0.703956
vt 0.338660 0.686034
vt 0.330728 0.702945
vt 0.331694 0.683882
vt 0.349402 0.655986
vt 0.347138 0.671281
vt 0.340624 0.669944
vt 0.342909 0.654620
vt 0.334055 0.668568
vt 0.336416 0.653254
vt 0.025786 0.847879
vt 0.021894 0.811165
vt 0.029261 0.808170
vt 0.034435 0.842624
vt 0.018127 0.775104
vt 0.024099 0.773781
vt 0.030070 0.772458
vt 0.036577 0.804914
vt 0.043083 0.837369
vt 0.463604 0.790154
vt 0.462790 0.816471
vt 0.453435 0.815277
vt 0.453153 0.794756
vt 0.462429 0.841785
vt 0.452478 0.839338
vt 0.442527 0.836890
vt 0.444208 0.813605
vt 0.445888 0.790320
vt 0.448630 0.773821
vt 0.456117 0.781988
vt 0.450004 0.782370
vt 0.445579 0.773602
vt 0.444208 0.781851
vt 0.442527 0.773383
vt 0.867324 0.949578
vt 0.868131 0.959951
vt 0.866074 0.961390
vt 0.865413 0.953153
vt 0.868509 0.971348
vt 0.866692 0.969729
vt 0.864876 0.968110
vt 0.864188 0.962419
vt 0.863502 0.956728
vt 0.661789 0.947479
vt 0.661789 0.958365
vt 0.658395 0.962731
vt 0.657897 0.953112
vt 0.661789 0.969251
vt 0.658892 0.972349
vt 0.655995 0.975446
vt 0.655000 0.967096
vt 0.654006 0.958746
vt 0.766027 0.940278
vt 0.775111 0.938966
vt 0.775504 0.946443
vt 0.767033 0.946527
vt 0.784418 0.938610
vt 0.783998 0.946455
vt 0.783577 0.954300
vt 0.775808 0.953538
vt 0.768040 0.952776
vt 0.945906 0.890888
vt 0.946153 0.881066
vt 0.950229 0.879024
vt 0.950137 0.888896
vt 0.947141 0.872505
vt 0.950518 0.870417
vt 0.953895 0.868330
vt 0.953967 0.876970
vt 0.954038 0.885611
vt 0.947376 0.916516
vt 0.946221 0.903074
vt 0.950318 0.901231
vt 0.950707 0.914830
vt 0.954039 0.899377
vt 0.954039 0.913144
vt 0.501023 0.779756
vt 0.501706 0.839148
vt 0.498377 0.842068
vt 0.498100 0.782879
vt 0.502067 0.898618
vt 0.498622 0.901265
vt 0.495178 0.903912
vt 0.495178 0.844957
vt 0.495178 0.786002
vt 0.638687 0.905028
vt 0.639199 0.895671
vt 0.642182 0.897805
vt 0.642878 0.905613
vt 0.641780 0.889875
vt 0.643586 0.893381
vt 0.643304 0.896146
vt 0.644882 0.899564
vt 0.646460 0.902983
vt 0.642787 0.933700
vt 0.640191 0.918231
vt 0.645318 0.918279
vt 0.648604 0.933325
vt 0.650441 0.917966
vt 0.654421 0.932950
vt 0.173969 0.977877
vt 0.174745 0.962714
vt 0.178898 0.961096
vt 0.178510 0.977884
vt 0.175521 0.947552
vt 0.179286 0.944309
vt 0.183051 0.941066
vt 0.183051 0.959478
vt 0.183051 0.977891
vt 0.870714 0.298538
vt 0.869818 0.263315
vt 0.874052 0.262044
vt 0.874512 0.300265
vt 0.868868 0.227706
vt 0.873589 0.223811
vt 0.878310 0.219915
vt 0.878310 0.260953
vt 0.878310 0.301992
vt 0.540091 0.924124
vt 0.539481 0.938936
vt 0.534378 0.938271
vt 0.534648 0.921754
vt 0.539046 0.953825
vt 0.534125 0.954796
vt 0.529204 0.955768
vt 0.529204 0.937576
vt 0.529204 0.919384
vt 0.021641 0.920344
vt 0.022869 0.895440
vt 0.029381 0.897072
vt 0.028758 0.924352
vt 0.024141 0.870609
vt 0.030008 0.869799
vt 0.035876 0.868989
vt 0.035876 0.898674
vt 0.035876 0.928360
vt 0.196675 0.787394
vt 0.193151 0.744848
vt 0.199016 0.741342
vt 0.200770 0.786000
vt 0.189664 0.702323
vt 0.197265 0.696686
vt 0.204866 0.691048
vt 0.204866 0.737827
vt 0.204866 0.784605
vt 0.738648 0.927187
vt 0.738699 0.943866
vt 0.735770 0.942283
vt 0.735836 0.926149
vt 0.738664 0.960574
vt 0.735696 0.958419
vt 0.732729 0.956264
vt 0.732876 0.940688
vt 0.733023 0.925111
vt 0.955278 0.270163
vt 0.956215 0.280626
vt 0.952723 0.282645
vt 0.952255 0.269660
vt 0.957153 0.291089
vt 0.953192 0.295631
vt 0.949232 0.300172
vt 0.949232 0.284665
vt 0.949232 0.269157
vt 0.646137 0.886770
vt 0.647672 0.891170
vt 0.651441 0.885067
vt 0.653009 0.889974
vt 0.654576 0.894881
vt 0.648941 0.895514
vt 0.601088 0.961969
vt 0.601705 0.948695
vt 0.605863 0.947883
vt 0.605569 0.963273
vt 0.602247 0.935261
vt 0.606149 0.932476
vt 0.610051 0.929691
vt 0.610051 0.947134
vt 0.610051 0.964578
vt 0.592535 0.960330
vt 0.593558 0.950670
vt 0.597616 0.949651
vt 0.596811 0.961149
vt 0.594581 0.941011
vt 0.598414 0.938136
vt 0.636879 0.880131
vt 0.642621 0.877681
vt 0.644434 0.882328
vt 0.639593 0.886120
vt 0.648363 0.875230
vt 0.649902 0.880149
vt 0.929276 0.591040
vt 0.929276 0.604112
vt 0.924662 0.604606
vt 0.925542 0.591883
vt 0.929276 0.617184
vt 0.923781 0.617329
vt 0.918286 0.617473
vt 0.920047 0.605099
vt 0.921808 0.592726
vt 0.744749 0.929222
vt 0.744749 0.946970
vt 0.741707 0.945424
vt 0.741699 0.928205
vt 0.744749 0.964718
vt 0.741706 0.962646
vt 0.188704 0.790174
vt 0.181337 0.751812
vt 0.187251 0.748334
vt 0.192689 0.788784
vt 0.173969 0.713451
vt 0.181817 0.707887
vt 0.006889 0.911620
vt 0.009751 0.892015
vt 0.016319 0.893742
vt 0.014265 0.915982
vt 0.012614 0.872410
vt 0.018377 0.871510
vt 0.550333 0.928789
vt 0.549300 0.940098
vt 0.544426 0.939533
vt 0.545212 0.926457
vt 0.548268 0.951408
vt 0.543657 0.952616
vt 0.863127 0.295295
vt 0.861378 0.265763
vt 0.865635 0.264959
vt 0.866921 0.296917
vt 0.859629 0.236230
vt 0.864738 0.237066
vt 0.860498 0.219478
vt 0.864723 0.218350
vt 0.861368 0.202726
vt 0.865101 0.203713
vt 0.868833 0.204700
vt 0.868851 0.216203
vt 0.631315 0.933700
vt 0.629951 0.917527
vt 0.635117 0.917976
vt 0.637051 0.933700
vt 0.628586 0.901353
vt 0.634373 0.903964
vt 0.632733 0.890742
vt 0.636073 0.893385
vt 0.506767 0.773383
vt 0.509076 0.833134
vt 0.505327 0.836156
vt 0.503895 0.776569
vt 0.511385 0.892884
vt 0.506726 0.895751
vt 0.936658 0.921229
vt 0.936068 0.907075
vt 0.941353 0.905101
vt 0.942017 0.918872
vt 0.935478 0.892920
vt 0.941057 0.892768
vt 0.936257 0.885450
vt 0.941394 0.883286
vt 0.937037 0.877980
vt 0.942089 0.875243
vt 0.763250 0.923997
vt 0.773834 0.921908
vt 0.774517 0.930628
vt 0.764639 0.932138
vt 0.784418 0.919819
vt 0.784418 0.929215
vt 0.849648 0.934582
vt 0.849686 0.948894
vt 0.844975 0.955441
vt 0.844956 0.942656
vt 0.849723 0.963206
vt 0.844993 0.968226
vt 0.840263 0.973246
vt 0.840263 0.961988
vt 0.840263 0.950729
vt 0.873189 0.936487
vt 0.873189 0.954820
vt 0.870574 0.957590
vt 0.870256 0.943033
vt 0.873189 0.973153
vt 0.870849 0.972251
vt 0.205433 0.944943
vt 0.205433 0.960085
vt 0.201880 0.956005
vt 0.202628 0.943004
vt 0.205433 0.975227
vt 0.201131 0.969005
vt 0.196829 0.962783
vt 0.198326 0.951925
vt 0.199823 0.941066
vt 0.479555 0.792498
vt 0.480477 0.821133
vt 0.471728 0.818590
vt 0.471579 0.791326
vt 0.481399 0.849768
vt 0.471914 0.845776
vt 0.006889 0.855210
vt 0.006889 0.815722
vt 0.014417 0.813574
vt 0.016338 0.851545
vt 0.006889 0.776233
vt 0.012508 0.775669
vt 0.362208 0.659378
vt 0.360014 0.674148
vt 0.353601 0.672709
vt 0.355805 0.657682
vt 0.357821 0.688918
vt 0.351700 0.688304
vt 0.356854 0.705655
vt 0.350540 0.705334
vt 0.355887 0.722393
vt 0.350755 0.725339
vt 0.359047 0.750188
vt 0.353074 0.750147
vt 0.362208 0.777983
vt 0.356468 0.777354
vt 0.800257 0.826837
vt 0.811769 0.826649
vt 0.811003 0.833239
vt 0.800265 0.833212
vt 0.823280 0.826463
vt 0.821741 0.833267
vt 0.094709 0.666609
vt 0.090947 0.680457
vt 0.085018 0.678853
vt 0.088894 0.665431
vt 0.087186 0.694305
vt 0.082277 0.692962
vt 0.078805 0.677077
vt 0.083079 0.664253
vt 0.089320 0.708305
vt 0.082210 0.708487
vt 0.091453 0.722305
vt 0.083978 0.723915
vt 0.093081 0.734774
vt 0.087020 0.738024
vt 0.094709 0.747244
vt 0.090769 0.751349
vt 0.629883 0.966455
vt 0.629235 0.959166
vt 0.634731 0.959020
vt 0.635055 0.968362
vt 0.628586 0.951877
vt 0.634407 0.949678
vt 0.640227 0.947479
vt 0.640227 0.958874
vt 0.640227 0.970270
vt 0.930184 0.801373
vt 0.928243 0.807140
vt 0.925225 0.802529
vt 0.928161 0.796130
vt 0.926302 0.812906
vt 0.922758 0.811816
vt 0.922091 0.797196
vt 0.926137 0.790887
vt 0.925157 0.829866
vt 0.921343 0.827599
vt 0.924011 0.846825
vt 0.920389 0.846293
vt 0.961183 0.412223
vt 0.960814 0.429702
vt 0.957486 0.428276
vt 0.957695 0.411006
vt 0.960445 0.447182
vt 0.957070 0.443747
vt 0.959223 0.457315
vt 0.956260 0.455729
vt 0.958001 0.467449
vt 0.955239 0.465903
s 1
usemtl Material.006
f 13/1/13 193/2/193 563/3/563 194/4/194
f 32/5/32 200/6/200 563/3/563 193/2/193
f 31/7/31 194/8/194 563/3/563 200/6/200
f 16/9/16 299/10/299 564/11/564 196/12/196
f 34/13/34 202/14/202 564/11/564 299/10/299
f 33/15/33 196/12/196 564/11/564 202/16/202
f 31/17/31 272/18/272 565/19/565 192/20/192
f 35/21/35 199/22/199 565/19/565 272/23/272
f 11/24/11 192/25/192 565/19/565 199/26/199
f 32/27/32 197/28/197 566/29/566 273/30/273
f 33/31/33 204/32/204 566/29/566 197/28/197
f 38/33/38 273/30/273 566/29/566 204/32/204
f 31/17/31 275/34/275 567/35/567 203/36/203
f 37/37/37 208/38/208 567/35/567 275/34/275
f 36/39/36 203/40/203 567/35/567 208/38/208
f 31/41/31 276/42/276 568/43/568 275/44/275
f 43/45/43 218/46/218 568/43/568 276/42/276
f 37/47/37 275/48/275 568/43/568 218/49/218
f 31/50/31 200/51/200 569/52/569 276/53/276
f 32/54/32 210/55/210 569/52/569 200/51/200
f 43/56/43 276/53/276 569/52/569 210/55/210
f 33/57/33 205/58/205 570/59/570 204/60/204
f 40/61/40 209/62/209 570/59/570 205/58/205
f 38/63/38 204/60/204 570/59/570 209/64/209
f 34/13/34 274/65/274 571/66/571 206/67/206
f 20/68/20 213/69/213 571/66/571 274/65/274
f 40/70/40 206/71/206 571/66/571 213/69/213
f 32/72/32 277/73/277 572/74/572 210/75/210
f 39/76/39 214/77/214 572/74/572 277/73/277
f 43/78/43 210/75/210 572/74/572 214/77/214
f 40/79/40 215/80/215 573/81/573 212/82/212
f 44/83/44 280/84/280 573/81/573 215/80/215
f 39/85/39 212/86/212 573/81/573 280/84/280
f 36/87/36 278/88/278 574/89/574 207/90/207
f 41/91/41 216/92/216 574/89/574 278/93/278
f 35/94/35 207/90/207 574/89/574 216/95/216
f 37/96/37 279/97/279 575/98/575 208/99/208
f 42/100/42 217/101/217 575/98/575 279/102/279
f 36/87/36 208/99/208 575/98/575 217/103/217
f 39/104/39 281/105/281 576/106/576 214/107/214
f 45/108/45 221/109/221 576/106/576 281/110/281
f 43/111/43 214/112/214 576/106/576 221/109/221
f 45/113/45 282/114/282 577/115/577 221/116/221
f 48/117/48 224/118/224 577/115/577 282/119/282
f 43/120/43 221/116/221 577/115/577 224/121/224
f 44/122/44 284/123/284 578/124/578 280/125/280
f 50/126/50 283/127/283 578/124/578 284/128/284
f 39/129/39 280/130/280 578/124/578 283/127/283
f 48/117/48 285/131/285 579/132/579 225/133/225
f 49/134/49 227/135/227 579/132/579 285/131/285
f 37/96/37 225/136/225 579/132/579 227/137/227
f 49/134/49 240/138/240 580/139/580 229/140/229
f 56/141/56 231/142/231 580/139/580 240/143/240
f 42/100/42 229/140/229 580/139/580 231/144/231
f 50/145/50 286/146/286 581/147/581 230/148/230
f 53/149/53 228/150/228 581/147/581 286/151/286
f 45/108/45 230/152/230 581/147/581 228/150/228
f 52/153/52 287/154/287 582/155/582 232/156/232
f 54/157/54 236/158/236 582/155/582 287/154/287
f 51/159/51 232/156/232 582/155/582 236/160/236
f 56/141/56 288/161/288 583/162/583 233/163/233
f 54/164/54 287/165/287 583/162/583 288/161/288
f 52/166/52 233/167/233 583/162/583 287/165/287
f 53/168/53 289/169/289 584/170/584 234/171/234
f 49/134/49 285/172/285 584/170/584 289/169/289
f 48/117/48 234/173/234 584/170/584 285/172/285
f 56/174/56 244/175/244 585/176/585 288/177/288
f 55/178/55 239/179/239 585/176/585 244/175/244
f 54/180/54 288/177/288 585/176/585 239/179/239
f 50/126/50 290/181/290 586/182/586 286/183/286
f 60/184/60 243/185/243 586/182/586 290/186/290
f 53/187/53 286/188/286 586/182/586 243/185/243
f 55/189/55 244/190/244 587/191/587 248/192/248
f 56/193/56 253/194/253 587/191/587 244/195/244
f 63/196/63 248/192/248 587/191/587 253/197/253
f 46/198/46 291/199/291 588/200/588 235/201/235
f 61/202/61 250/203/250 588/200/588 291/204/291
f 50/126/50 235/205/235 588/200/588 250/206/250
f 47/207/47 292/208/292 589/209/589 223/210/223
f 61/202/61 291/211/291 589/209/589 292/208/292
f 46/212/46 223/213/223 589/209/589 291/199/291
f 58/214/58 294/215/294 590/216/590 246/217/246
f 64/218/64 254/219/254 590/216/590 294/220/294
f 57/221/57 246/217/246 590/216/590 254/219/254
f 59/222/59 293/223/293 591/224/591 260/225/260
f 62/226/62 307/227/307 591/224/591 293/228/293
f 30/229/30 260/230/260 591/224/591 307/231/307
f 63/196/63 257/232/257 592/233/592 305/234/305
f 64/235/64 267/236/267 592/233/592 257/237/257
f 28/238/28 305/234/305 592/233/592 267/236/267
f 25/239/25 296/240/296 593/241/593 259/242/259
f 65/243/65 255/244/255 593/241/593 296/240/296
f 60/184/60 259/245/259 593/241/593 255/246/255
f 1/247/1 171/248/171 594/249/594 170/250/170
f 11/251/11 314/252/314 594/249/594 171/248/171
f 10/253/10 170/254/170 594/249/594 314/255/314
f 14/256/14 297/257/297 595/258/595 174/259/174
f 32/260/32 193/261/193 595/258/595 297/262/297
f 13/263/13 174/259/174 595/258/595 193/261/193
f 16/264/16 177/265/177 596/266/596 299/267/299
f 17/268/17 198/269/198 596/266/596 177/270/177
f 34/271/34 299/267/299 596/266/596 198/272/198
f 19/273/19 301/274/301 597/275/597 300/276/300
f 17/277/17 178/278/178 597/275/597 301/274/301
f 18/279/18 300/280/300 597/275/597 178/278/178
f 19/281/19 302/282/302 598/283/598 301/284/301
f 20/285/20 201/286/201 598/283/598 302/287/302
f 17/268/17 301/288/301 598/283/598 201/289/201
f 20/290/20 181/291/181 599/292/599 213/293/213
f 21/294/21 263/295/263 599/292/599 181/296/181
f 40/297/40 213/298/213 599/292/599 263/299/263
f 23/300/23 303/301/303 600/302/600 265/303/265
f 24/304/24 261/305/261 600/302/600 303/306/303
f 47/307/47 265/303/265 600/302/600 261/308/261
f 25/309/25 186/310/186 601/311/601 296/312/296
f 26/313/26 187/314/187 601/311/601 186/310/186
f 65/315/65 296/316/296 601/311/601 187/314/187
f 65/317/65 304/318/304 602/319/602 258/320/258
f 27/321/27 266/322/266 602/319/602 304/323/304
f 58/324/58 258/320/258 602/319/602 266/322/266
f 63/325/63 305/326/305 603/327/603 268/328/268
f 28/329/28 189/330/189 603/327/603 305/326/305
f 29/331/29 268/332/268 603/327/603 189/330/189
f 30/333/30 191/334/191 604/335/604 295/336/295
f 3/337/3 163/338/163 604/335/604 191/334/191
f 4/339/4 295/336/295 604/335/604 163/338/163
f 59/340/59 308/341/308 605/342/605 309/343/309
f 4/344/4 164/345/164 605/342/605 308/341/308
f 5/346/5 309/343/309 605/342/605 164/347/164
f 51/348/51 310/349/310 606/350/606 269/351/269
f 7/352/7 167/353/167 606/350/606 310/349/310
f 8/354/8 269/351/269 606/350/606 167/355/167
f 9/356/9 311/357/311 607/358/607 168/359/168
f 41/91/41 271/360/271 607/358/607 311/361/311
f 8/362/8 168/359/168 607/358/607 271/363/271
f 35/94/35 312/364/312 608/365/608 313/366/313
f 9/356/9 169/367/169 608/365/608 312/368/312
f 10/369/10 313/366/313 608/365/608 169/367/169
f 12/370/12 173/371/173 609/372/609 262/373/262
f 13/1/13 194/374/194 609/372/609 173/371/173
f 31/7/31 262/375/262 609/372/609 194/8/194
f 32/376/32 298/377/298 610/378/610 197/379/197
f 15/380/15 195/381/195 610/378/610 298/382/298
f 33/383/33 197/379/197 610/378/610 195/381/195
f 15/384/15 176/385/176 611/386/611 195/387/195
f 16/388/16 196/389/196 611/386/611 176/385/176
f 33/390/33 195/391/195 611/386/611 196/389/196
f 34/271/34 198/392/198 612/393/612 274/394/274
f 17/268/17 201/395/201 612/393/612 198/392/198
f 20/285/20 274/394/274 612/393/612 201/396/201
f 31/17/31 203/397/203 613/398/613 272/18/272
f 36/39/36 207/399/207 613/398/613 203/397/203
f 35/21/35 272/400/272 613/398/613 207/401/207
f 33/15/33 202/16/202 614/402/614 205/403/205
f 34/13/34 206/404/206 614/402/614 202/14/202
f 40/70/40 205/403/205 614/402/614 206/405/206
f 32/406/32 273/407/273 615/408/615 277/409/277
f 38/410/38 211/411/211 615/408/615 273/407/273
f 39/412/39 277/413/277 615/408/615 211/411/211
f 38/414/38 209/415/209 616/416/616 211/417/211
f 40/79/40 212/86/212 616/416/616 209/415/209
f 39/85/39 211/417/211 616/416/616 212/82/212
f 35/94/35 216/418/216 617/419/617 312/364/312
f 41/91/41 311/420/311 617/419/617 216/421/216
f 9/356/9 312/364/312 617/419/617 311/422/311
f 36/87/36 217/103/217 618/423/618 278/88/278
f 42/100/42 219/424/219 618/423/618 217/101/217
f 41/91/41 278/425/278 618/423/618 219/424/219
f 52/166/52 226/426/226 619/427/619 233/428/233
f 226/426/226 41/91/41 219/424/219 619/427/619
f 619/427/619 219/424/219 42/100/42 231/142/231
f 233/428/233 619/427/619 231/142/231 56/141/56
f 43/120/43 224/429/224 620/430/620 218/431/218
f 48/117/48 225/136/225 620/430/620 224/432/224
f 37/96/37 218/433/218 620/430/620 225/136/225
f 46/198/46 222/434/222 621/435/621 223/436/223
f 222/434/222 44/122/44 215/437/215 621/435/621
f 621/435/621 215/437/215 40/297/40 220/438/220
f 223/436/223 621/435/621 220/438/220 47/207/47
f 37/96/37 227/135/227 622/439/622 279/97/279
f 49/134/49 229/440/229 622/439/622 227/441/227
f 42/100/42 279/442/279 622/439/622 229/440/229
f 45/113/45 228/443/228 623/444/623 282/445/282
f 53/168/53 234/446/234 623/444/623 228/447/228
f 48/117/48 282/448/282 623/444/623 234/449/234
f 39/104/39 283/450/283 624/451/624 281/452/281
f 50/145/50 230/453/230 624/451/624 283/450/283
f 45/108/45 281/454/281 624/451/624 230/455/230
f 6/456/6 166/457/166 625/458/625 237/459/237
f 166/457/166 7/460/7 310/461/310 625/458/625
f 625/458/625 310/461/310 51/462/51 236/463/236
f 237/459/237 625/458/625 236/463/236 54/464/54
f 44/122/44 222/434/222 626/465/626 284/123/284
f 46/466/46 235/201/235 626/465/626 222/467/222
f 50/126/50 284/468/284 626/465/626 235/201/235
f 59/469/59 238/470/238 627/471/627 247/472/247
f 238/470/238 6/456/6 237/459/237 627/471/627
f 627/471/627 237/459/237 54/464/54 239/473/239
f 247/472/247 627/471/627 239/473/239 55/474/55
f 57/475/57 241/476/241 628/477/628 246/478/246
f 241/476/241 49/479/49 289/480/289 628/477/628
f 628/477/628 289/480/289 53/481/53 242/482/242
f 246/478/246 628/477/628 242/482/242 58/483/58
f 49/134/49 241/484/241 629/485/629 240/486/240
f 57/487/57 245/488/245 629/485/629 241/489/241
f 56/141/56 240/486/240 629/485/629 245/488/245
f 64/235/64 257/490/257 630/491/630 254/492/254
f 257/490/257 63/196/63 253/197/253 630/491/630
f 630/491/630 253/197/253 56/193/56 245/493/245
f 254/492/254 630/491/630 245/493/245 57/494/57
f 55/495/55 248/496/248 631/497/631 247/498/247
f 63/499/63 251/500/251 631/497/631 248/496/248
f 59/501/59 247/498/247 631/497/631 251/500/251
f 53/187/53 243/502/243 632/503/632 242/504/242
f 60/184/60 252/505/252 632/503/632 243/506/243
f 58/507/58 242/508/242 632/503/632 252/505/252
f 50/126/50 249/509/249 633/510/633 290/511/290
f 25/239/25 259/245/259 633/510/633 249/512/249
f 60/184/60 290/511/290 633/510/633 259/513/259
f 50/126/50 250/514/250 634/515/634 249/516/249
f 61/202/61 185/517/185 634/515/634 250/203/250
f 25/239/25 249/518/249 634/515/634 185/517/185
f 59/222/59 251/519/251 635/520/635 293/223/293
f 63/521/63 256/522/256 635/520/635 251/519/251
f 62/226/62 293/523/293 635/520/635 256/522/256
f 47/207/47 220/438/220 636/524/636 264/525/264
f 220/438/220 40/297/40 263/299/263 636/524/636
f 636/524/636 263/299/263 21/294/21 182/526/182
f 264/525/264 636/524/636 182/526/182 22/527/22
f 60/184/60 255/244/255 637/528/637 252/529/252
f 65/243/65 258/530/258 637/528/637 255/244/255
f 58/507/58 252/531/252 637/528/637 258/532/258
f 4/533/4 308/534/308 638/535/638 295/536/295
f 59/222/59 260/537/260 638/535/638 308/534/308
f 30/229/30 295/538/295 638/535/638 260/539/260
f 47/207/47 261/540/261 639/541/639 292/208/292
f 24/542/24 184/543/184 639/541/639 261/540/261
f 61/202/61 292/544/292 639/541/639 184/543/184
f 12/545/12 262/546/262 640/547/640 172/548/172
f 31/17/31 192/25/192 640/547/640 262/549/262
f 11/24/11 172/548/172 640/547/640 192/25/192
f 14/550/14 175/551/175 641/552/641 297/553/297
f 15/554/15 298/555/298 641/552/641 175/551/175
f 32/556/32 297/557/297 641/552/641 298/555/298
f 18/558/18 179/559/179 642/560/642 300/561/300
f 2/562/2 180/563/180 642/560/642 179/559/179
f 19/564/19 300/561/300 642/560/642 180/563/180
f 27/321/27 188/565/188 643/566/643 266/322/266
f 188/565/188 28/567/28 267/568/267 643/566/643
f 643/566/643 267/568/267 64/569/64 294/570/294
f 266/322/266 643/566/643 294/570/294 58/324/58
f 22/571/22 183/572/183 644/573/644 264/574/264
f 23/300/23 265/575/265 644/573/644 183/572/183
f 47/307/47 264/576/264 644/573/644 265/577/265
f 62/578/62 256/579/256 645/580/645 306/581/306
f 63/325/63 268/582/268 645/580/645 256/583/256
f 29/331/29 306/581/306 645/580/645 268/332/268
f 62/584/62 306/585/306 646/586/646 307/587/307
f 29/588/29 190/589/190 646/586/646 306/590/306
f 30/591/30 307/592/307 646/586/646 190/589/190
f 6/593/6 238/594/238 647/595/647 165/596/165
f 59/597/59 309/598/309 647/595/647 238/594/238
f 5/599/5 165/596/165 647/595/647 309/598/309
f 8/600/8 270/601/270 648/602/648 269/603/269
f 52/153/52 232/156/232 648/602/648 270/604/270
f 51/159/51 269/605/269 648/602/648 232/156/232
f 8/362/8 271/606/271 649/607/649 270/608/270
f 41/91/41 226/609/226 649/607/649 271/360/271
f 52/166/52 270/608/270 649/607/649 226/610/226
f 11/24/11 199/611/199 650/612/650 314/613/314
f 35/21/35 313/614/313 650/612/650 199/26/199
f 10/615/10 314/613/314 650/612/650 313/616/313
f 78/617/78 346/618/346 651/619/651 345/620/345
f 96/621/96 352/622/352 651/619/651 346/623/346
f 97/624/97 345/625/345 651/619/651 352/626/352
f 81/627/81 348/628/348 652/629/652 451/630/451
f 98/631/98 354/632/354 652/629/652 348/633/348
f 99/634/99 451/635/451 652/629/652 354/632/354
f 96/621/96 344/636/344 653/637/653 424/638/424
f 76/639/76 351/640/351 653/637/653 344/636/344
f 100/641/100 424/638/424 653/637/653 351/642/351
f 97/643/97 425/644/425 654/645/654 349/646/349
f 103/647/103 356/648/356 654/645/654 425/649/425
f 98/650/98 349/651/349 654/645/654 356/652/356
f 96/621/96 355/653/355 655/654/655 427/655/427
f 101/656/101 360/657/360 655/654/655 355/658/355
f 102/659/102 427/660/427 655/654/655 360/657/360
f 96/621/96 427/661/427 656/662/656 428/663/428
f 102/659/102 370/664/370 656/662/656 427/661/427
f 108/665/108 428/666/428 656/662/656 370/667/370
f 96/668/96 428/669/428 657/670/657 352/671/352
f 108/672/108 362/673/362 657/670/657 428/669/428
f 97/674/97 352/671/352 657/670/657 362/675/362
f 98/650/98 356/652/356 658/676/658 357/677/357
f 103/647/103 361/678/361 658/676/658 356/679/356
f 105/680/105 357/681/357 658/676/658 361/678/361
f 99/682/99 358/683/358 659/684/659 426/685/426
f 105/686/105 365/687/365 659/684/659 358/688/358
f 85/689/85 426/690/426 659/684/659 365/687/365
f 97/691/97 362/692/362 660/693/660 429/694/429
f 108/695/108 366/696/366 660/693/660 362/692/362
f 104/697/104 429/694/429 660/693/660 366/696/366
f 105/698/105 364/699/364 661/700/661 367/701/367
f 104/702/104 432/703/432 661/700/661 364/704/364
f 109/705/109 367/706/367 661/700/661 432/703/432
f 101/707/101 359/708/359 662/709/662 430/710/430
f 100/711/100 368/712/368 662/709/662 359/713/359
f 106/714/106 430/715/430 662/709/662 368/716/368
f 102/717/102 360/718/360 663/719/663 431/720/431
f 101/707/101 369/721/369 663/719/663 360/718/360
f 107/722/107 431/720/431 663/719/663 369/723/369
f 104/724/104 366/725/366 664/726/664 433/727/433
f 108/728/108 373/729/373 664/726/664 366/730/366
f 110/731/110 433/727/433 664/726/664 373/729/373
f 110/732/110 373/733/373 665/734/665 434/735/434
f 108/736/108 376/737/376 665/734/665 373/738/373
f 113/739/113 434/735/434 665/734/665 376/740/376
f 109/741/109 432/742/432 666/743/666 436/744/436
f 104/745/104 435/746/435 666/743/666 432/742/432
f 115/747/115 436/748/436 666/743/666 435/749/435
f 113/739/113 377/750/377 667/751/667 437/752/437
f 102/717/102 379/753/379 667/751/667 377/750/377
f 114/754/114 437/755/437 667/751/667 379/753/379
f 114/754/114 381/756/381 668/757/668 392/758/392
f 107/722/107 383/759/383 668/757/668 381/760/381
f 121/761/121 392/762/392 668/757/668 383/763/383
f 115/747/115 382/764/382 669/765/669 438/766/438
f 110/767/110 380/768/380 669/765/669 382/769/382
f 118/770/118 438/771/438 669/765/669 380/772/380
f 117/773/117 384/774/384 670/775/670 439/776/439
f 116/777/116 388/778/388 670/775/670 384/774/384
f 119/779/119 439/780/439 670/775/670 388/778/388
f 121/781/121 385/782/385 671/783/671 440/784/440
f 117/773/117 439/785/439 671/783/671 385/786/385
f 119/779/119 440/784/440 671/783/671 439/787/439
f 118/788/118 386/789/386 672/790/672 441/791/441
f 113/792/113 437/793/437 672/790/672 386/794/386
f 114/795/114 441/791/441 672/790/672 437/793/437
f 121/796/121 440/797/440 673/798/673 396/799/396
f 119/800/119 391/801/391 673/798/673 440/797/440
f 120/802/120 396/799/396 673/798/673 391/801/391
f 115/747/115 438/766/438 674/803/674 442/804/442
f 118/770/118 395/805/395 674/803/674 438/766/438
f 125/806/125 442/807/442 674/803/674 395/808/395
f 120/809/120 400/810/400 675/811/675 396/812/396
f 128/813/128 405/814/405 675/811/675 400/810/400
f 121/815/121 396/812/396 675/811/675 405/816/405
f 111/817/111 387/818/387 676/819/676 443/820/443
f 115/747/115 402/821/402 676/819/676 387/822/387
f 126/823/126 443/824/443 676/819/676 402/825/402
f 112/826/112 375/827/375 677/828/677 444/829/444
f 111/830/111 443/831/443 677/828/677 375/827/375
f 126/823/126 444/829/444 677/828/677 443/832/443
f 123/833/123 398/834/398 678/835/678 446/836/446
f 122/837/122 406/838/406 678/835/678 398/834/398
f 129/839/129 446/836/446 678/835/678 406/840/406
f 124/841/124 412/842/412 679/843/679 445/844/445
f 95/845/95 459/846/459 679/843/679 412/842/412
f 127/847/127 445/844/445 679/843/679 459/848/459
f 128/813/128 457/849/457 680/850/680 409/851/409
f 93/852/93 419/853/419 680/850/680 457/849/457
f 129/854/129 409/855/409 680/850/680 419/856/419
f 90/857/90 411/858/411 681/859/681 448/860/448
f 125/806/125 407/861/407 681/859/681 411/862/411
f 130/863/130 448/860/448 681/859/681 407/864/407
f 66/865/66 322/866/322 682/867/682 323/868/323
f 75/869/75 466/870/466 682/867/682 322/866/322
f 76/871/76 323/868/323 682/867/682 466/870/466
f 79/872/79 326/873/326 683/874/683 449/875/449
f 78/617/78 345/876/345 683/874/683 326/877/326
f 97/624/97 449/875/449 683/874/683 345/625/345
f 81/878/81 451/879/451 684/880/684 329/881/329
f 99/882/99 350/883/350 684/880/684 451/879/451
f 82/884/82 329/881/329 684/880/684 350/883/350
f 84/885/84 452/886/452 685/887/685 453/888/453
f 83/889/83 330/890/330 685/887/685 452/886/452
f 82/891/82 453/888/453 685/887/685 330/890/330
f 84/892/84 453/893/453 686/894/686 454/895/454
f 82/896/82 353/897/353 686/894/686 453/898/453
f 85/899/85 454/900/454 686/894/686 353/897/353
f 85/901/85 365/902/365 687/903/687 333/904/333
f 105/905/105 415/906/415 687/903/687 365/902/365
f 86/907/86 333/908/333 687/903/687 415/906/415
f 88/909/88 417/910/417 688/911/688 455/912/455
f 112/913/112 413/914/413 688/911/688 417/910/417
f 89/915/89 455/916/455 688/911/688 413/917/413
f 90/918/90 448/919/448 689/920/689 338/921/338
f 130/922/130 339/923/339 689/920/689 448/919/448
f 91/924/91 338/925/338 689/920/689 339/923/339
f 130/926/130 410/927/410 690/928/690 456/929/456
f 123/930/123 418/931/418 690/928/690 410/927/410
f 92/932/92 456/933/456 690/928/690 418/931/418
f 128/934/128 420/935/420 691/936/691 457/937/457
f 94/938/94 341/939/341 691/936/691 420/935/420
f 93/940/93 457/937/457 691/936/691 341/939/341
f 95/941/95 447/942/447 692/943/692 343/944/343
f 69/945/69 315/946/315 692/943/692 447/942/447
f 68/947/68 343/944/343 692/943/692 315/946/315
f 124/948/124 461/949/461 693/950/693 460/951/460
f 70/952/70 316/953/316 693/950/693 461/949/461
f 69/954/69 460/951/460 693/950/693 316/953/316
f 116/955/116 421/956/421 694/957/694 462/958/462
f 73/959/73 319/960/319 694/957/694 421/956/421
f 72/961/72 462/958/462 694/957/694 319/960/319
f 74/962/74 320/963/320 695/964/695 463/965/463
f 73/966/73 423/967/423 695/964/695 320/963/320
f 106/714/106 463/968/463 695/964/695 423/967/423
f 100/711/100 465/969/465 696/970/696 464/971/464
f 75/972/75 321/973/321 696/970/696 465/974/465
f 74/962/74 464/971/464 696/970/696 321/975/321
f 77/976/77 414/977/414 697/978/697 325/979/325
f 96/621/96 346/618/346 697/978/697 414/977/414
f 78/617/78 325/979/325 697/978/697 346/618/346
f 97/980/97 349/981/349 698/982/698 450/983/450
f 98/631/98 347/984/347 698/982/698 349/985/349
f 80/986/80 450/987/450 698/982/698 347/988/347
f 80/986/80 347/989/347 699/990/699 328/991/328
f 98/631/98 348/992/348 699/990/699 347/993/347
f 81/627/81 328/994/328 699/990/699 348/992/348
f 99/995/99 426/996/426 700/997/700 350/998/350
f 85/999/85 353/1000/353 700/997/700 426/1001/426
f 82/1002/82 350/998/350 700/997/700 353/1000/353
f 96/621/96 424/1003/424 701/1004/701 355/1005/355
f 100/641/100 359/1006/359 701/1004/701 424/1007/424
f 101/656/101 355/1008/355 701/1004/701 359/1006/359
f 98/1009/98 357/1010/357 702/1011/702 354/1012/354
f 105/686/105 358/688/358 702/1011/702 357/1010/357
f 99/682/99 354/1012/354 702/1011/702 358/1013/358
f 97/1014/97 429/1015/429 703/1016/703 425/1017/425
f 104/1018/104 363/1019/363 703/1016/703 429/1015/429
f 103/1020/103 425/1021/425 703/1016/703 363/1022/363
f 103/1023/103 363/1024/363 704/1025/704 361/1026/361
f 104/702/104 364/1027/364 704/1025/704 363/1028/363
f 105/698/105 361/1026/361 704/1025/704 364/704/364
f 100/711/100 464/1029/464 705/1030/705 368/1031/368
f 74/962/74 463/1032/463 705/1030/705 464/971/464
f 106/714/106 368/1033/368 705/1030/705 463/1034/463
f 101/707/101 430/710/430 706/1035/706 369/1036/369
f 106/714/106 371/1037/371 706/1035/706 430/715/430
f 107/722/107 369/723/369 706/1035/706 371/1037/371
f 117/1038/117 385/1039/385 707/1040/707 378/1041/378
f 385/1039/385 121/761/121 383/763/383 707/1040/707
f 707/1040/707 383/763/383 107/722/107 371/1037/371
f 378/1041/378 707/1040/707 371/1037/371 106/714/106
f 108/736/108 370/1042/370 708/1043/708 376/737/376
f 102/717/102 377/1044/377 708/1043/708 370/1045/370
f 113/739/113 376/740/376 708/1043/708 377/750/377
f 111/1046/111 375/1047/375 709/1048/709 374/1049/374
f 375/1047/375 112/826/112 372/1050/372 709/1048/709
f 709/1048/709 372/1050/372 105/1051/105 367/1052/367
f 374/1049/374 709/1048/709 367/1052/367 109/741/109
f 102/717/102 431/720/431 710/1053/710 379/753/379
f 107/722/107 381/1054/381 710/1053/710 431/1055/431
f 114/754/114 379/1056/379 710/1053/710 381/760/381
f 110/1057/110 434/1058/434 711/1059/711 380/1060/380
f 113/792/113 386/789/386 711/1059/711 434/1058/434
f 118/788/118 380/1060/380 711/1059/711 386/789/386
f 104/745/104 433/1061/433 712/1062/712 435/1063/435
f 110/767/110 382/769/382 712/1062/712 433/1064/433
f 115/747/115 435/746/435 712/1062/712 382/1065/382
f 71/1066/71 389/1067/389 713/1068/713 318/1069/318
f 389/1067/389 119/1070/119 388/1071/388 713/1068/713
f 713/1068/713 388/1071/388 116/1072/116 462/1073/462
f 318/1069/318 713/1068/713 462/1073/462 72/1074/72
f 109/741/109 436/1075/436 714/1076/714 374/1077/374
f 115/747/115 387/1078/387 714/1076/714 436/1079/436
f 111/1080/111 374/1081/374 714/1076/714 387/1082/387
f 124/1083/124 399/1084/399 715/1085/715 390/1086/390
f 399/1084/399 120/1087/120 391/1088/391 715/1085/715
f 715/1085/715 391/1088/391 119/1070/119 389/1067/389
f 390/1086/390 715/1085/715 389/1067/389 71/1066/71
f 122/1089/122 398/1090/398 716/1091/716 393/1092/393
f 398/1090/398 123/1093/123 394/1094/394 716/1091/716
f 716/1091/716 394/1094/394 118/1095/118 441/1096/441
f 393/1092/393 716/1091/716 441/1096/441 114/1097/114
f 114/754/114 392/762/392 717/1098/717 393/1099/393
f 121/761/121 397/1100/397 717/1098/717 392/1101/392
f 122/1102/122 393/1099/393 717/1098/717 397/1103/397
f 129/854/129 406/1104/406 718/1105/718 409/1106/409
f 406/1104/406 122/1107/122 397/1108/397 718/1105/718
f 718/1105/718 397/1108/397 121/815/121 405/814/405
f 409/1106/409 718/1105/718 405/814/405 128/813/128
f 120/1109/120 399/1110/399 719/1111/719 400/1112/400
f 124/1113/124 403/1114/403 719/1111/719 399/1115/399
f 128/1116/128 400/1117/400 719/1111/719 403/1118/403
f 118/770/118 394/1119/394 720/1120/720 395/1121/395
f 123/1122/123 404/1123/404 720/1120/720 394/1124/394
f 125/806/125 395/805/395 720/1120/720 404/1123/404
f 115/747/115 442/1125/442 721/1126/721 401/1127/401
f 125/806/125 411/862/411 721/1126/721 442/1128/442
f 90/857/90 401/1129/401 721/1126/721 411/862/411
f 115/747/115 401/1127/401 722/1130/722 402/1131/402
f 90/857/90 337/1132/337 722/1130/722 401/1133/401
f 126/823/126 402/1134/402 722/1130/722 337/1135/337
f 124/1136/124 445/1137/445 723/1138/723 403/1139/403
f 127/1140/127 408/1141/408 723/1138/723 445/1137/445
f 128/1142/128 403/1139/403 723/1138/723 408/1141/408
f 112/1143/112 416/1144/416 724/1145/724 372/1146/372
f 416/1144/416 87/1147/87 334/1148/334 724/1145/724
f 724/1145/724 334/1148/334 86/1149/86 415/1150/415
f 372/1146/372 724/1145/724 415/1150/415 105/1151/105
f 125/806/125 404/1152/404 725/1153/725 407/1154/407
f 123/1122/123 410/1155/410 725/1153/725 404/1123/404
f 130/863/130 407/861/407 725/1153/725 410/1156/410
f 69/1157/69 447/1158/447 726/1159/726 460/1160/460
f 95/1161/95 412/1162/412 726/1159/726 447/1163/447
f 124/1164/124 460/1165/460 726/1159/726 412/1162/412
f 112/826/112 444/829/444 727/1166/727 413/1167/413
f 126/823/126 336/1168/336 727/1166/727 444/1169/444
f 89/1170/89 413/1171/413 727/1166/727 336/1172/336
f 77/976/77 324/1173/324 728/1174/728 414/1175/414
f 76/639/76 344/636/344 728/1174/728 324/1176/324
f 96/621/96 414/1177/414 728/1174/728 344/1178/344
f 79/1179/79 449/1180/449 729/1181/729 327/1182/327
f 97/980/97 450/1183/450 729/1181/729 449/1184/449
f 80/986/80 327/1182/327 729/1181/729 450/1185/450
f 83/1186/83 452/1187/452 730/1188/730 331/1189/331
f 84/1190/84 332/1191/332 730/1188/730 452/1187/452
f 67/1192/67 331/1189/331 730/1188/730 332/1191/332
f 92/1193/92 418/1194/418 731/1195/731 340/1196/340
f 418/1194/418 123/1197/123 446/1198/446 731/1195/731
f 731/1195/731 446/1198/446 129/854/129 419/853/419
f 340/1196/340 731/1195/731 419/853/419 93/852/93
f 87/1147/87 416/1199/416 732/1200/732 335/1201/335
f 112/1143/112 417/1202/417 732/1200/732 416/1203/416
f 88/1204/88 335/1205/335 732/1200/732 417/1202/417
f 127/1206/127 458/1207/458 733/1208/733 408/1209/408
f 94/1210/94 420/1211/420 733/1208/733 458/1207/458
f 128/1212/128 408/1209/408 733/1208/733 420/1211/420
f 127/1213/127 459/1214/459 734/1215/734 458/1216/458
f 95/1217/95 342/1218/342 734/1215/734 459/1219/459
f 94/1220/94 458/1221/458 734/1215/734 342/1222/342
f 71/1223/71 317/1224/317 735/1225/735 390/1226/390
f 70/1227/70 461/1228/461 735/1225/735 317/1229/317
f 124/1230/124 390/1226/390 735/1225/735 461/1228/461
f 73/1231/73 421/1232/421 736/1233/736 422/1234/422
f 116/777/116 384/1235/384 736/1233/736 421/1236/421
f 117/773/117 422/1234/422 736/1233/736 384/774/384
f 73/966/73 422/1237/422 737/1238/737 423/1239/423
f 117/1038/117 378/1240/378 737/1238/737 422/1237/422
f 106/714/106 423/1239/423 737/1238/737 378/1241/378
f 76/639/76 466/1242/466 738/1243/738 351/642/351
f 75/1244/75 465/1245/465 738/1243/738 466/1246/466
f 100/641/100 351/642/351 738/1243/738 465/1247/465
f 134/1248/134 562/1249/562 739/1250/739 470/1251/470
f 562/1249/562 133/1252/133 469/1253/469 739/1250/739
f 739/1250/739 469/1253/469 68/1254/68 315/1255/315
f 470/1251/470 739/1250/739 315/1255/315 69/1256/69
f 135/1257/135 561/1258/561 740/1259/740 471/1260/471
f 561/1258/561 134/1248/134 470/1251/470 740/1259/740
f 740/1259/740 470/1251/470 69/1256/69 316/1261/316
f 471/1260/471 740/1259/740 316/1261/316 70/1262/70
f 136/1263/136 560/1264/560 741/1265/741 472/1266/472
f 560/1264/560 135/1267/135 471/1268/471 741/1265/741
f 741/1265/741 471/1268/471 70/1269/70 317/1270/317
f 472/1266/472 741/1265/741 317/1270/317 71/1271/71
f 137/1272/137 559/1273/559 742/1274/742 473/1275/473
f 559/1273/559 136/1276/136 472/1277/472 742/1274/742
f 742/1274/742 472/1277/472 71/1278/71 318/1279/318
f 473/1275/473 742/1274/742 318/1279/318 72/1280/72
f 138/1281/138 558/1282/558 743/1283/743 474/1284/474
f 558/1282/558 137/1272/137 473/1275/473 743/1283/743
f 743/1283/743 473/1275/473 72/1280/72 319/1285/319
f 474/1284/474 743/1283/743 319/1285/319 73/1286/73
f 139/1287/139 557/1288/557 744/1289/744 475/1290/475
f 557/1288/557 138/1291/138 474/1292/474 744/1289/744
f 744/1289/744 474/1292/474 73/1293/73 320/1294/320
f 475/1290/475 744/1289/744 320/1294/320 74/1295/74
f 140/1296/140 556/1297/556 745/1298/745 476/1299/476
f 556/1297/556 139/1287/139 475/1290/475 745/1298/745
f 745/1298/745 475/1290/475 74/1295/74 321/1300/321
f 476/1299/476 745/1298/745 321/1300/321 75/1301/75
f 131/1302/131 555/1303/555 746/1304/746 467/1305/467
f 555/1303/555 140/1306/140 476/1307/476 746/1304/746
f 746/1304/746 476/1307/476 75/1308/75 322/1309/322
f 467/1305/467 746/1304/746 322/1309/322 66/1310/66
f 141/1311/141 554/1312/554 747/1313/747 477/1314/477
f 554/1312/554 131/1315/131 467/1316/467 747/1313/747
f 747/1313/747 467/1316/467 66/1317/66 323/1318/323
f 477/1314/477 747/1313/747 323/1318/323 76/1319/76
f 142/1320/142 553/1321/553 748/1322/748 478/1323/478
f 553/1321/553 141/1324/141 477/1325/477 748/1322/748
f 748/1322/748 477/1325/477 76/1326/76 324/1327/324
f 478/1323/478 748/1322/748 324/1327/324 77/1328/77
f 143/1329/143 552/1330/552 749/1331/749 479/1332/479
f 552/1330/552 142/1320/142 478/1323/478 749/1331/749
f 749/1331/749 478/1323/478 77/1328/77 325/1333/325
f 479/1332/479 749/1331/749 325/1333/325 78/1334/78
f 144/1335/144 551/1336/551 750/1337/750 480/1338/480
f 551/1336/551 143/1329/143 479/1332/479 750/1337/750
f 750/1337/750 479/1332/479 78/1334/78 326/1339/326
f 480/1338/480 750/1337/750 326/1339/326 79/1340/79
f 145/1341/145 550/1342/550 751/1343/751 481/1344/481
f 550/1342/550 144/1345/144 480/1346/480 751/1343/751
f 751/1343/751 480/1346/480 79/1347/79 327/1348/327
f 481/1344/481 751/1343/751 327/1348/327 80/1349/80
f 146/1350/146 549/1351/549 752/1352/752 482/1353/482
f 549/1351/549 145/1354/145 481/1355/481 752/1352/752
f 752/1352/752 481/1355/481 80/1356/80 328/1357/328
f 482/1353/482 752/1352/752 328/1357/328 81/1358/81
f 147/1359/147 548/1360/548 753/1361/753 483/1362/483
f 548/1360/548 146/1350/146 482/1353/482 753/1361/753
f 753/1361/753 482/1353/482 81/1358/81 329/1363/329
f 483/1362/483 753/1361/753 329/1363/329 82/1364/82
f 148/1365/148 547/1366/547 754/1367/754 484/1368/484
f 547/1366/547 147/1369/147 483/1370/483 754/1367/754
f 754/1367/754 483/1370/483 82/1371/82 330/1372/330
f 484/1368/484 754/1367/754 330/1372/330 83/1373/83
f 132/1374/132 546/1375/546 755/1376/755 468/1377/468
f 546/1375/546 148/1378/148 484/1379/484 755/1376/755
f 755/1376/755 484/1379/484 83/1380/83 331/1381/331
f 468/1377/468 755/1376/755 331/1381/331 67/1382/67
f 149/1383/149 545/1384/545 756/1385/756 485/1386/485
f 545/1384/545 132/1387/132 468/1388/468 756/1385/756
f 756/1385/756 468/1388/468 67/1389/67 332/1390/332
f 485/1386/485 756/1385/756 332/1390/332 84/1391/84
f 151/1392/151 544/1393/544 757/1394/757 487/1395/487
f 544/1393/544 150/1396/150 486/1397/486 757/1394/757
f 757/1394/757 486/1397/486 85/1398/85 333/1399/333
f 487/1395/487 757/1394/757 333/1399/333 86/1400/86
f 152/1401/152 543/1402/543 758/1403/758 488/1404/488
f 543/1402/543 151/1392/151 487/1395/487 758/1403/758
f 758/1403/758 487/1395/487 86/1400/86 334/1405/334
f 488/1404/488 758/1403/758 334/1405/334 87/1406/87
f 153/1407/153 542/1408/542 759/1409/759 489/1410/489
f 542/1408/542 152/1411/152 488/1412/488 759/1409/759
f 759/1409/759 488/1412/488 87/1413/87 335/1414/335
f 489/1410/489 759/1409/759 335/1414/335 88/1415/88
f 161/1416/161 541/1417/541 760/1418/760 497/1419/497
f 541/1417/541 154/1420/154 490/1421/490 760/1418/760
f 760/1418/760 490/1421/490 89/1422/89 336/1423/336
f 497/1419/497 760/1418/760 336/1423/336 126/1424/126
f 155/1425/155 540/1426/540 761/1427/761 491/1428/491
f 540/1426/540 161/1416/161 497/1419/497 761/1427/761
f 761/1427/761 497/1419/497 126/1424/126 337/1429/337
f 491/1428/491 761/1427/761 337/1429/337 90/1430/90
f 156/1431/156 539/1432/539 762/1433/762 492/1434/492
f 539/1432/539 155/1435/155 491/1436/491 762/1433/762
f 762/1433/762 491/1436/491 90/1437/90 338/1438/338
f 492/1434/492 762/1433/762 338/1438/338 91/1439/91
f 162/1440/162 538/1441/538 763/1442/763 498/1443/498
f 538/1441/538 156/1444/156 492/1445/492 763/1442/763
f 763/1442/763 492/1445/492 91/1446/91 339/1447/339
f 498/1443/498 763/1442/763 339/1447/339 130/1448/130
f 158/1449/158 537/1450/537 764/1451/764 494/1452/494
f 537/1450/537 157/1453/157 493/1454/493 764/1451/764
f 764/1451/764 493/1454/493 92/1455/92 340/1456/340
f 494/1452/494 764/1451/764 340/1456/340 93/1457/93
f 159/1458/159 536/1459/536 765/1460/765 495/1461/495
f 536/1459/536 158/1462/158 494/1463/494 765/1460/765
f 765/1460/765 494/1463/494 93/1464/93 341/1465/341
f 495/1461/495 765/1460/765 341/1465/341 94/1466/94
f 160/1467/160 535/1468/535 766/1469/766 496/1470/496
f 535/1468/535 159/1471/159 495/1472/495 766/1469/766
f 766/1469/766 495/1472/495 94/1473/94 342/1474/342
f 496/1470/496 766/1469/766 342/1474/342 95/1475/95
f 133/1476/133 534/1477/534 767/1478/767 469/1479/469
f 534/1477/534 160/1480/160 496/1481/496 767/1478/767
f 767/1478/767 496/1481/496 95/1482/95 343/1483/343
f 469/1479/469 767/1478/767 343/1483/343 68/1484/68
f 150/1485/150 533/1486/533 768/1487/768 486/1488/486
f 533/1486/533 149/1489/149 485/1490/485 768/1487/768
f 768/1487/768 485/1490/485 84/1491/84 454/1492/454
f 486/1488/486 768/1487/768 454/1492/454 85/1493/85
f 154/1420/154 532/1494/532 769/1495/769 490/1421/490
f 532/1494/532 153/1496/153 489/1497/489 769/1495/769
f 769/1495/769 489/1497/489 88/1498/88 455/1499/455
f 490/1421/490 769/1495/769 455/1499/455 89/1422/89
f 157/1500/157 531/1501/531 770/1502/770 493/1503/493
f 531/1501/531 162/1504/162 498/1505/498 770/1502/770
f 770/1502/770 498/1505/498 130/1506/130 456/1507/456
f 493/1503/493 770/1502/770 456/1507/456 92/1508/92
f 27/1509/27 304/1510/304 771/1511/771 525/1512/525
f 304/1510/304 65/1513/65 530/1514/530 771/1511/771
f 771/1511/771 530/1514/530 162/1504/162 531/1501/531
f 525/1512/525 771/1511/771 531/1501/531 157/1500/157
f 24/1515/24 303/1516/303 772/1517/772 522/1518/522
f 303/1516/303 23/1519/23 521/1520/521 772/1517/772
f 772/1517/772 521/1520/521 153/1496/153 532/1494/532
f 522/1518/522 772/1517/772 532/1494/532 154/1420/154
f 20/1521/20 302/1522/302 773/1523/773 518/1524/518
f 302/1522/302 19/1525/19 517/1526/517 773/1523/773
f 773/1523/773 517/1526/517 149/1527/149 533/1528/533
f 518/1524/518 773/1523/773 533/1528/533 150/1529/150
f 3/1530/3 191/1531/191 774/1532/774 501/1533/501
f 191/1531/191 30/1534/30 528/1535/528 774/1532/774
f 774/1532/774 528/1535/528 160/1480/160 534/1477/534
f 501/1533/501 774/1532/774 534/1477/534 133/1476/133
f 30/1536/30 190/1537/190 775/1538/775 528/1539/528
f 190/1537/190 29/1540/29 527/1541/527 775/1538/775
f 775/1538/775 527/1541/527 159/1471/159 535/1468/535
f 528/1539/528 775/1538/775 535/1468/535 160/1467/160
f 29/1542/29 189/1543/189 776/1544/776 527/1545/527
f 189/1543/189 28/1546/28 526/1547/526 776/1544/776
f 776/1544/776 526/1547/526 158/1462/158 536/1459/536
f 527/1545/527 776/1544/776 536/1459/536 159/1458/159
f 28/1548/28 188/1549/188 777/1550/777 526/1551/526
f 188/1549/188 27/1552/27 525/1553/525 777/1550/777
f 777/1550/777 525/1553/525 157/1453/157 537/1450/537
f 526/1551/526 777/1550/777 537/1450/537 158/1449/158
f 65/1554/65 187/1555/187 778/1556/778 530/1557/530
f 187/1555/187 26/1558/26 524/1559/524 778/1556/778
f 778/1556/778 524/1559/524 156/1444/156 538/1441/538
f 530/1557/530 778/1556/778 538/1441/538 162/1440/162
f 26/1558/26 186/1560/186 779/1561/779 524/1559/524
f 186/1560/186 25/1562/25 523/1563/523 779/1561/779
f 779/1561/779 523/1563/523 155/1564/155 539/1565/539
f 524/1559/524 779/1561/779 539/1565/539 156/1444/156
f 25/1566/25 185/1567/185 780/1568/780 523/1569/523
f 185/1567/185 61/1570/61 529/1571/529 780/1568/780
f 780/1568/780 529/1571/529 161/1416/161 540/1426/540
f 523/1569/523 780/1568/780 540/1426/540 155/1425/155
f 61/1570/61 184/1572/184 781/1573/781 529/1571/529
f 184/1572/184 24/1515/24 522/1518/522 781/1573/781
f 781/1573/781 522/1518/522 154/1420/154 541/1417/541
f 529/1571/529 781/1573/781 541/1417/541 161/1416/161
f 23/1574/23 183/1575/183 782/1576/782 521/1577/521
f 183/1575/183 22/1578/22 520/1579/520 782/1576/782
f 782/1576/782 520/1579/520 152/1411/152 542/1408/542
f 521/1577/521 782/1576/782 542/1408/542 153/1407/153
f 22/1580/22 182/1581/182 783/1582/783 520/1583/520
f 182/1581/182 21/1584/21 519/1585/519 783/1582/783
f 783/1582/783 519/1585/519 151/1392/151 543/1402/543
f 520/1583/520 783/1582/783 543/1402/543 152/1401/152
f 21/1584/21 181/1586/181 784/1587/784 519/1585/519
f 181/1586/181 20/1588/20 518/1589/518 784/1587/784
f 784/1587/784 518/1589/518 150/1396/150 544/1393/544
f 519/1585/519 784/1587/784 544/1393/544 151/1392/151
f 19/1590/19 180/1591/180 785/1592/785 517/1593/517
f 180/1591/180 2/1594/2 500/1595/500 785/1592/785
f 785/1592/785 500/1595/500 132/1387/132 545/1384/545
f 517/1593/517 785/1592/785 545/1384/545 149/1383/149
f 2/1596/2 179/1597/179 786/1598/786 500/1599/500
f 179/1597/179 18/1600/18 516/1601/516 786/1598/786
f 786/1598/786 516/1601/516 148/1602/148 546/1603/546
f 500/1599/500 786/1598/786 546/1603/546 132/1604/132
f 18/1605/18 178/1606/178 787/1607/787 516/1608/516
f 178/1606/178 17/1609/17 515/1610/515 787/1607/787
f 787/1607/787 515/1610/515 147/1369/147 547/1366/547
f 516/1608/516 787/1607/787 547/1366/547 148/1365/148
f 17/1611/17 177/1612/177 788/1613/788 515/1614/515
f 177/1612/177 16/1615/16 514/1616/514 788/1613/788
f 788/1613/788 514/1616/514 146/1617/146 548/1618/548
f 515/1614/515 788/1613/788 548/1618/548 147/1619/147
f 16/1620/16 176/1621/176 789/1622/789 514/1623/514
f 176/1621/176 15/1624/15 513/1625/513 789/1622/789
f 789/1622/789 513/1625/513 145/1354/145 549/1351/549
f 514/1623/514 789/1622/789 549/1351/549 146/1350/146
f 15/1626/15 175/1627/175 790/1628/790 513/1629/513
f 175/1627/175 14/1630/14 512/1631/512 790/1628/790
f 790/1628/790 512/1631/512 144/1345/144 550/1342/550
f 513/1629/513 790/1628/790 550/1342/550 145/1341/145
f 14/1632/14 174/1633/174 791/1634/791 512/1635/512
f 174/1633/174 13/1636/13 511/1637/511 791/1634/791
f 791/1634/791 511/1637/511 143/1329/143 551/1336/551
f 512/1635/512 791/1634/791 551/1336/551 144/1335/144
f 13/1636/13 173/1638/173 792/1639/792 511/1637/511
f 173/1638/173 12/1640/12 510/1641/510 792/1639/792
f 792/1639/792 510/1641/510 142/1320/142 552/1330/552
f 511/1637/511 792/1639/792 552/1330/552 143/1329/143
f 12/1640/12 172/1642/172 793/1643/793 510/1641/510
f 172/1642/172 11/1644/11 509/1645/509 793/1643/793
f 793/1643/793 509/1645/509 141/1324/141 553/1321/553
f 510/1641/510 793/1643/793 553/1321/553 142/1320/142
f 11/1646/11 171/1647/171 794/1648/794 509/1649/509
f 171/1647/171 1/1650/1 499/1651/499 794/1648/794
f 794/1648/794 499/1651/499 131/1315/131 554/1312/554
f 509/1649/509 794/1648/794 554/1312/554 141/1311/141
f 1/1652/1 170/1653/170 795/1654/795 499/1655/499
f 170/1653/170 10/1656/10 508/1657/508 795/1654/795
f 795/1654/795 508/1657/508 140/1296/140 555/1658/555
f 499/1655/499 795/1654/795 555/1658/555 131/1659/131
f 10/1656/10 169/1660/169 796/1661/796 508/1657/508
f 169/1660/169 9/1662/9 507/1663/507 796/1661/796
f 796/1661/796 507/1663/507 139/1287/139 556/1297/556
f 508/1657/508 796/1661/796 556/1297/556 140/1296/140
f 9/1662/9 168/1664/168 797/1665/797 507/1663/507
f 168/1664/168 8/1666/8 506/1667/506 797/1665/797
f 797/1665/797 506/1667/506 138/1291/138 557/1288/557
f 507/1663/507 797/1665/797 557/1288/557 139/1287/139
f 8/1668/8 167/1669/167 798/1670/798 506/1671/506
f 167/1669/167 7/1672/7 505/1673/505 798/1670/798
f 798/1670/798 505/1673/505 137/1674/137 558/1675/558
f 506/1671/506 798/1670/798 558/1675/558 138/1676/138
f 7/1677/7 166/1678/166 799/1679/799 505/1680/505
f 166/1678/166 6/1681/6 504/1682/504 799/1679/799
f 799/1679/799 504/1682/504 136/1263/136 559/1683/559
f 505/1680/505 799/1679/799 559/1683/559 137/1684/137
f 6/1681/6 165/1685/165 800/1686/800 504/1682/504
f 165/1685/165 5/1687/5 503/1688/503 800/1686/800
f 800/1686/800 503/1688/503 135/1267/135 560/1264/560
f 504/1682/504 800/1686/800 560/1264/560 136/1263/136
f 5/1689/5 164/1690/164 801/1691/801 503/1692/503
f 164/1690/164 4/1693/4 502/1694/502 801/1691/801
f 801/1691/801 502/1694/502 134/1248/134 561/1258/561
f 503/1692/503 801/1691/801 561/1258/561 135/1257/135
f 4/1693/4 163/1695/163 802/1696/802 502/1694/502
f 163/1695/163 3/1697/3 501/1698/501 802/1696/802
f 802/1696/802 501/1698/501 133/1252/133 562/1249/562
f 502/1694/502 802/1696/802 562/1249/562 134/1248/134
o Plane.004
v 0.091807 -0.100540 -0.205587
v 0.076651 -0.081761 -0.203657
v 0.013839 -0.092597 -0.100545
v -0.000204 -0.083259 -0.097399
v 0.044550 -0.094235 -0.146412
v 0.029649 -0.072714 -0.140307
v 0.002366 -0.127264 -0.071846
v 0.011866 -0.114538 -0.085508
v 0.068439 -0.136789 -0.070107
v 0.070027 -0.121115 -0.072803
v 0.139912 -0.102960 -0.035197
v 0.126470 -0.094927 -0.043399
v 0.030552 -0.081059 -0.145084
v 0.025191 -0.093983 -0.125007
v 0.027870 -0.087553 -0.135083
v 0.070367 -0.030352 -0.125871
v 0.049463 -0.084050 -0.052287
v 0.059872 -0.058049 -0.089998
v 0.036300 -0.093314 -0.144364
v 0.001313 -0.091732 -0.099439
v 0.080983 -0.059537 -0.101784
v 0.031208 -0.057968 -0.038757
v 0.032082 -0.095578 -0.132595
v 0.012092 -0.082458 -0.118504
v 0.022083 -0.089043 -0.125585
v 0.092671 -0.084786 -0.107510
v 0.015539 -0.034736 -0.053631
v 0.054074 -0.059729 -0.080686
v 0.025458 -0.081422 -0.140305
v 0.013812 -0.105300 -0.098729
v 0.065269 -0.040774 -0.096098
v 0.048613 -0.080102 -0.038858
v -0.000995 -0.089995 -0.096181
v 0.010931 -0.082796 -0.117914
v 0.004971 -0.086330 -0.106989
v 0.013841 -0.064555 -0.022089
v 0.059976 -0.043127 -0.103887
v 0.036946 -0.057249 -0.062311
v 0.032813 -0.068820 -0.162638
v 0.034808 -0.104971 -0.130263
v 0.069826 -0.024668 -0.115006
v 0.072521 -0.078644 -0.071519
v 0.070885 -0.071719 -0.205797
v 0.076688 -0.096709 -0.202286
v 0.073700 -0.085951 -0.205758
v 0.099151 -0.009339 -0.160929
v 0.121808 -0.098937 -0.140796
v 0.110031 -0.063019 -0.159673
v 0.057535 -0.064818 -0.194337
v 0.051382 -0.101065 -0.162814
v 0.101211 -0.029935 -0.147018
v 0.092434 -0.081882 -0.102558
v 0.042552 -0.082547 -0.160183
v 0.060842 -0.091026 -0.182189
v 0.051697 -0.086726 -0.171142
v 0.052668 -0.049636 -0.084562
v 0.123414 -0.079010 -0.166139
v 0.088000 -0.064182 -0.125433
v 0.061548 -0.078208 -0.195135
v 0.094933 -0.112468 -0.204829
v 0.096981 -0.041834 -0.137211
v 0.144245 -0.094263 -0.154765
v 0.054820 -0.094938 -0.169461
v 0.036103 -0.084349 -0.149337
v 0.045458 -0.089640 -0.159410
v 0.117987 -0.086038 -0.150848
v 0.045627 -0.048051 -0.076043
v 0.081749 -0.067271 -0.113876
v 0.079883 -0.093763 -0.215350
v 0.045607 -0.086805 -0.165511
v 0.129443 -0.068728 -0.172662
v 0.080678 -0.059867 -0.102670
v 0.036707 -0.089759 -0.146392
v 0.046781 -0.080623 -0.167835
v 0.041743 -0.085208 -0.157137
v 0.058539 -0.081433 -0.071124
v 0.097579 -0.043270 -0.150926
v 0.078032 -0.062871 -0.111633
v 0.049615 -0.081813 -0.175096
v 0.087987 -0.110344 -0.202128
v 0.083929 -0.048202 -0.114989
v 0.138402 -0.089986 -0.154766
v 0.043294 -0.069051 -0.169428
v 0.047233 -0.090877 -0.161235
v 0.045243 -0.080353 -0.165722
v 0.074186 -0.011590 -0.131636
v 0.089311 -0.096337 -0.100647
v 0.081539 -0.057924 -0.120126
v 0.044127 -0.075733 -0.170367
v 0.047853 -0.115165 -0.144786
v 0.085721 -0.040213 -0.121790
v 0.090942 -0.097553 -0.086670
v 0.071294 -0.110021 -0.179261
v 0.062877 -0.090547 -0.185822
v 0.067061 -0.100803 -0.183056
v 0.119680 -0.113554 -0.122506
v 0.087569 -0.032269 -0.141600
v 0.103364 -0.078307 -0.137401
v 0.052157 -0.084820 -0.176863
v 0.029444 -0.100895 -0.131070
v 0.099277 -0.055123 -0.133454
v 0.066928 -0.079153 -0.069412
v 0.063923 -0.073197 -0.196829
v 0.066373 -0.094932 -0.187592
v 0.065099 -0.085029 -0.193167
v 0.097071 -0.013306 -0.158029
v 0.106461 -0.097446 -0.122759
v 0.101424 -0.062169 -0.147150
v 0.080581 -0.070677 -0.217510
v 0.066149 -0.103113 -0.183219
v 0.125926 -0.037947 -0.172167
v 0.105502 -0.082018 -0.121321
v 0.075815 -0.091319 -0.206285
v 0.064669 -0.097296 -0.182782
v 0.070241 -0.094301 -0.194538
v 0.128616 -0.048567 -0.182594
v 0.084981 -0.084691 -0.104761
v 0.106569 -0.071397 -0.148479
v 0.029062 -0.111264 -0.110055
v -0.014660 -0.111946 -0.079285
v 0.065878 -0.088396 -0.051181
v 0.003615 -0.075336 -0.009127
v 0.011845 -0.100079 -0.101924
v 0.001335 -0.113071 -0.086268
v 0.006594 -0.106104 -0.094056
v 0.050548 -0.057125 -0.067663
v 0.009800 -0.103845 -0.010296
v 0.030236 -0.078851 -0.038187
v -0.013276 -0.110438 -0.081306
v 0.031753 -0.114806 -0.109412
v 0.004738 -0.073819 -0.011481
v 0.068838 -0.094478 -0.050065
v 0.013708 -0.118900 -0.087259
v -0.008161 -0.119777 -0.076202
v 0.002773 -0.120683 -0.081750
v 0.068589 -0.116307 -0.047252
v -0.015862 -0.080059 -0.006283
v 0.026370 -0.085205 -0.026533
v 0.034239 -0.102397 -0.084155
v -0.014783 -0.128707 -0.085442
v 0.035786 -0.084588 -0.013779
v -0.034152 -0.078289 -0.017030
v -0.001513 -0.137515 -0.072445
v 0.013776 -0.115096 -0.081518
v 0.006136 -0.126925 -0.076947
v -0.031226 -0.102843 -0.002901
v 0.028217 -0.069188 -0.033270
v -0.001376 -0.072846 -0.017504
v 0.053874 -0.113359 -0.086717
v 0.015957 -0.142065 -0.071789
v 0.052717 -0.080762 -0.019877
v -0.000901 -0.111366 -0.000524
v 0.055108 -0.129677 -0.073722
v 0.034076 -0.098617 -0.082148
v 0.044589 -0.116146 -0.078029
v 0.076839 -0.120467 -0.003974
v -0.002962 -0.053804 -0.032145
v 0.036904 -0.093256 -0.018575
v 0.035733 -0.127873 -0.076212
v 0.000436 -0.112561 -0.097062
v 0.034279 -0.108980 -0.002962
v -0.015765 -0.059347 -0.030272
v 0.046604 -0.117528 -0.077079
v 0.069810 -0.126049 -0.078101
v 0.058278 -0.123041 -0.077553
v 0.005897 -0.089700 -0.015945
v 0.094907 -0.091382 -0.020881
v 0.050410 -0.097595 -0.018510
v 0.006884 -0.116450 -0.089785
v 0.048115 -0.135052 -0.071854
v -0.010510 -0.064241 -0.022733
v 0.047688 -0.112788 0.000268
v 0.066104 -0.138172 -0.070557
v 0.051408 -0.113835 -0.082669
v 0.058798 -0.126586 -0.076599
v 0.079081 -0.132149 0.003701
v 0.022860 -0.067554 -0.037468
v 0.050922 -0.100962 -0.017720
v 0.034322 -0.102434 -0.099231
v 0.027859 -0.138819 -0.072074
v 0.027060 -0.061481 -0.032571
v 0.017574 -0.118704 0.001732
v 0.054672 -0.138100 -0.070054
v 0.039621 -0.106025 -0.082017
v 0.047151 -0.123447 -0.076083
v 0.067959 -0.135346 0.003961
v 0.010965 -0.063031 -0.036621
v 0.039424 -0.099379 -0.016921
v 0.062900 -0.106173 -0.094504
v 0.063552 -0.143935 -0.065991
v 0.053665 -0.062105 -0.029098
v 0.054455 -0.119914 0.007318
v 0.051292 -0.113476 -0.082707
v 0.027308 -0.104234 -0.084990
v 0.039260 -0.102805 -0.083951
v 0.077337 -0.096127 -0.020391
v -0.014061 -0.078524 -0.027459
v 0.031693 -0.081524 -0.023801
v 0.082538 -0.114949 -0.088810
v 0.050420 -0.136669 -0.069689
v 0.080186 -0.071900 -0.022313
v 0.034507 -0.113135 0.002290
v 0.021646 -0.108260 -0.083616
v 0.017403 -0.135068 -0.070937
v 0.019528 -0.119958 -0.077250
v 0.020368 -0.061018 -0.039542
v 0.003633 -0.139270 0.004074
v 0.012031 -0.082105 -0.017622
v 0.035377 -0.100755 -0.085042
v -0.010761 -0.137056 -0.078229
v 0.036298 -0.079419 -0.016134
v -0.029519 -0.098401 -0.008711
v 0.035845 -0.105617 -0.080151
v 0.012269 -0.118979 -0.083244
v 0.024017 -0.110949 -0.081785
v 0.061872 -0.103925 -0.016205
v -0.028983 -0.064278 -0.027664
v 0.016545 -0.069816 -0.021787
v 0.087359 -0.108079 -0.073289
v 0.130694 -0.112738 -0.047036
v 0.046146 -0.091709 -0.005934
v 0.107763 -0.103315 0.029127
v 0.090262 -0.115875 -0.067937
v 0.111401 -0.115807 -0.055911
v 0.100824 -0.115959 -0.062048
v 0.032605 -0.092576 -0.022403
v 0.114237 -0.105864 0.022679
v 0.073353 -0.105943 -0.000805
v 0.101020 -0.126756 -0.062440
v 0.121292 -0.086373 -0.056520
v 0.064519 -0.124867 0.006555
v 0.093705 -0.064240 0.018619
v 0.119437 -0.104426 -0.053114
v 0.139604 -0.109324 -0.039594
v 0.129515 -0.106930 -0.046418
v 0.063345 -0.084634 -0.008293
v 0.140955 -0.109068 0.038670
v 0.102092 -0.097381 0.014548
v 0.088049 -0.113722 -0.072118
v 0.058904 -0.143099 -0.082904
v 0.062092 -0.094257 0.002440
v 0.020539 -0.143925 -0.015590
v 0.070312 -0.124391 -0.076222
v 0.075721 -0.146229 -0.070138
v 0.073017 -0.135519 -0.073205
v 0.035133 -0.077333 -0.022085
v 0.055684 -0.168987 -0.003738
v 0.045407 -0.126853 -0.013230
v 0.096087 -0.142155 -0.062659
v 0.110101 -0.100394 -0.061701
v 0.060803 -0.141967 0.005916
v 0.081110 -0.078210 0.011972
v 0.115259 -0.104595 -0.055371
v 0.105659 -0.123999 -0.057950
v 0.110456 -0.114374 -0.056735
v 0.101768 -0.064252 0.012488
v 0.064302 -0.143350 -0.002205
v 0.083001 -0.104501 0.004424
v 0.093319 -0.106429 -0.070714
v 0.067399 -0.139908 -0.079003
v 0.066778 -0.085757 0.004160
v 0.029569 -0.139340 -0.011283
v 0.131404 -0.100764 -0.045608
v 0.111410 -0.109557 -0.056767
v 0.121398 -0.105281 -0.051316
v 0.132701 -0.078232 0.032085
v 0.055432 -0.110240 -0.009957
v 0.093990 -0.095245 0.010101
v 0.103405 -0.103934 -0.065051
v 0.083786 -0.143061 -0.069092
v 0.075571 -0.082356 0.009163
v 0.047291 -0.142296 -0.001221
v 0.128045 -0.095923 -0.048622
v 0.121393 -0.116898 -0.049763
v 0.124715 -0.106493 -0.049275
v 0.110380 -0.053527 0.017110
v 0.084299 -0.138399 0.008257
v 0.097298 -0.096683 0.011929
vn 0.6942 0.4943 0.5232
vn 0.7353 0.4468 0.5097
vn 0.4686 0.4661 0.7504
vn -0.0341 0.5088 0.8602
vn -0.4977 0.1443 0.8553
vn -0.8024 0.5654 0.1909
vn -0.7899 0.5858 0.1812
vn -0.3639 0.8779 -0.3114
vn 0.1042 0.7972 -0.5947
vn 0.1022 0.7984 -0.5933
vn -0.7740 0.6103 0.1687
vn 0.5667 -0.8104 0.1486
vn 0.6134 -0.7863 0.0743
vn -0.8627 0.2986 0.4081
vn -0.7423 -0.1372 0.6559
vn -0.7999 0.0338 0.5992
vn -0.7930 0.4691 0.3888
vn 0.0708 -0.9172 0.3921
vn 0.0706 -0.9144 0.3987
vn -0.4392 -0.6146 0.6553
vn 0.0086 0.8935 -0.4489
vn 0.0120 0.8948 -0.4464
vn -0.2251 0.9335 -0.2792
vn 0.5900 -0.8034 -0.0799
vn 0.6044 -0.7920 -0.0859
vn -0.2026 -0.8017 0.5623
vn -0.7933 0.0325 0.6080
vn -0.8078 0.1214 0.5768
vn -0.8152 0.2518 0.5216
vn 0.7607 0.0808 -0.6440
vn 0.7322 0.1785 -0.6573
vn -0.5472 0.8364 0.0311
vn -0.8035 0.0685 0.5914
vn -0.8202 0.2322 0.5228
vn -0.7327 0.6274 0.2638
vn -0.6235 0.7793 0.0631
vn -0.5225 0.8526 -0.0055
vn -0.1423 0.9206 -0.3636
vn -0.7417 0.6707 -0.0093
vn -0.7725 0.6349 0.0124
vn 0.0292 -0.9192 0.3928
vn 0.2105 0.8355 -0.5075
vn -0.1434 0.8562 -0.4963
vn -0.1313 0.8829 -0.4509
vn 0.7369 -0.4386 0.5144
vn 0.5580 -0.6257 0.5451
vn -0.5992 0.6953 -0.3968
vn 0.6632 0.7063 -0.2476
vn 0.7597 0.6443 -0.0881
vn 0.6748 0.6873 -0.2688
vn -0.2026 -0.9230 0.3273
vn 0.0743 -0.8903 0.4493
vn -0.6163 -0.7244 0.3087
vn 0.8087 0.5645 -0.1652
vn 0.8164 0.5675 -0.1064
vn -0.9860 0.0678 -0.1526
vn 0.8402 0.5238 -0.1406
vn 0.8413 0.5381 -0.0524
vn -0.9926 -0.0781 -0.0929
vn 0.4011 0.8545 -0.3301
vn 0.0540 0.9349 -0.3508
vn -0.7015 0.6017 -0.3818
vn -0.9704 0.1397 -0.1968
vn -0.9819 0.0755 -0.1740
vn -0.4458 0.7989 -0.4037
vn 0.4561 0.8179 -0.3509
vn 0.0463 0.7785 -0.6260
vn -0.2012 -0.9758 0.0855
vn -0.2874 -0.9553 0.0689
vn -0.0698 -0.9892 0.1289
vn 0.7814 -0.4580 0.4238
vn -0.3090 -0.9509 0.0198
vn -0.2847 -0.9585 0.0142
vn -0.6204 0.6905 -0.3720
vn -0.8938 -0.2625 -0.3636
vn -0.8801 -0.3031 -0.3656
vn 0.8490 -0.3048 0.4316
vn -0.7856 0.4501 -0.4245
vn -0.7853 0.4495 -0.4258
vn -0.6865 0.6069 -0.4003
vn -0.2591 0.9285 -0.2660
vn -0.2343 0.9363 -0.2615
vn -0.7883 0.4433 -0.4266
vn -0.8503 0.3062 -0.4279
vn -0.8508 0.3008 -0.4309
vt 0.000000 0.500000
vt 1.000000 0.500000
vt 1.000000 1.000000
vt 0.000000 1.000000
vt 0.000000 0.000000
vt 1.000000 0.000000
vt 0.500000 0.000000
vt 0.500000 0.777295
vt 0.000000 0.777295
vt 1.000000 0.777295
vt 1.000000 0.908741
vt 0.000000 0.908741
s 0
usemtl Material.002
f 807/1699/803 808/1700/803 806/1701/803 805/1702/803
f 803/1703/804 804/1704/804 808/1700/804 807/1699/804
f 805/1702/805 806/1701/805 809/1701/805 810/1702/805
f 810/1702/806 809/1701/806 811/1701/806 812/1702/806
f 812/1702/807 811/1701/807 813/1701/807 814/1702/807
f 815/1703/808 817/1705/808 820/1706/808 818/1707/808
f 817/1705/809 816/1704/809 819/1708/809 820/1706/809
f 825/1703/811 827/1705/811 830/1706/811 828/1707/811
f 827/1705/812 826/1704/812 829/1708/812 830/1706/812
f 835/1703/814 837/1705/814 840/1706/814 838/1707/814
f 837/1705/815 836/1704/815 839/1708/815 840/1706/815
f 845/1703/817 847/1705/817 850/1706/817 848/1707/817
f 847/1705/818 846/1704/818 849/1708/818 850/1706/818
f 855/1703/820 857/1705/820 860/1706/820 858/1707/820
f 857/1705/821 856/1704/821 859/1708/821 860/1706/821
f 865/1703/823 867/1705/823 870/1706/823 868/1707/823
f 867/1705/824 866/1704/824 869/1708/824 870/1706/824
f 875/1703/826 877/1705/826 880/1706/826 878/1707/826
f 877/1705/827 876/1704/827 879/1708/827 880/1706/827
f 885/1703/829 887/1705/829 890/1706/829 888/1707/829
f 887/1705/830 886/1704/830 889/1708/830 890/1706/830
f 895/1703/832 897/1705/832 900/1706/832 898/1707/832
f 897/1705/833 896/1704/833 899/1708/833 900/1706/833
f 905/1703/835 907/1705/835 910/1706/835 908/1707/835
f 907/1705/836 906/1704/836 909/1708/836 910/1706/836
f 915/1703/838 917/1705/838 920/1706/838 918/1707/838
f 917/1705/839 916/1704/839 919/1708/839 920/1706/839
f 925/1703/841 927/1705/841 930/1706/841 928/1707/841
f 927/1705/842 926/1704/842 929/1708/842 930/1706/842
f 935/1703/844 937/1705/844 940/1706/844 938/1707/844
f 937/1705/845 936/1704/845 939/1708/845 940/1706/845
f 945/1703/847 947/1705/847 950/1706/847 948/1707/847
f 947/1705/848 946/1704/848 949/1708/848 950/1706/848
f 955/1703/850 957/1705/850 960/1706/850 958/1707/850
f 957/1705/851 956/1704/851 959/1708/851 960/1706/851
f 965/1703/853 967/1705/853 970/1706/853 968/1707/853
f 967/1705/854 966/1704/854 969/1708/854 970/1706/854
f 975/1703/856 977/1705/856 980/1706/856 978/1707/856
f 977/1705/857 976/1704/857 979/1708/857 980/1706/857
f 985/1703/859 987/1705/859 990/1706/859 988/1707/859
f 987/1705/860 986/1704/860 989/1708/860 990/1706/860
f 995/1703/862 997/1705/862 1000/1706/862 998/1707/862
f 997/1705/863 996/1704/863 999/1708/863 1000/1706/863
f 1005/1703/865 1007/1705/865 1010/1706/865 1008/1707/865
f 1007/1705/866 1006/1704/866 1009/1708/866 1010/1706/866
f 1015/1703/868 1017/1705/868 1020/1706/868 1018/1707/868
f 1017/1705/869 1016/1704/869 1019/1708/869 1020/1706/869
f 1025/1703/871 1027/1705/871 1030/1706/871 1028/1707/871
f 1027/1705/872 1026/1704/872 1029/1708/872 1030/1706/872
f 1035/1703/874 1037/1705/874 1040/1706/874 1038/1707/874
f 1037/1705/875 1036/1704/875 1039/1708/875 1040/1706/875
f 1045/1703/877 1047/1705/877 1050/1706/877 1048/1707/877
f 1047/1705/878 1046/1704/878 1049/1708/878 1050/1706/878
f 1055/1703/880 1057/1705/880 1060/1706/880 1058/1707/880
f 1057/1705/881 1056/1704/881 1059/1708/881 1060/1706/881
f 1065/1703/883 1067/1705/883 1070/1706/883 1068/1707/883
f 1067/1705/884 1066/1704/884 1069/1708/884 1070/1706/884
f 1075/1703/886 1077/1705/886 1080/1706/886 1078/1707/886
f 1077/1705/887 1076/1704/887 1079/1708/887 1080/1706/887
usemtl Material.003
f 821/1703/810 822/1704/810 824/1709/810 823/1710/810
f 831/1703/813 832/1704/813 834/1709/813 833/1710/813
f 841/1703/816 842/1704/816 844/1709/816 843/1710/816
f 851/1703/819 852/1704/819 854/1709/819 853/1710/819
f 861/1703/822 862/1704/822 864/1709/822 863/1710/822
f 871/1703/825 872/1704/825 874/1709/825 873/1710/825
f 881/1703/828 882/1704/828 884/1709/828 883/1710/828
f 891/1703/831 892/1704/831 894/1709/831 893/1710/831
f 901/1703/834 902/1704/834 904/1709/834 903/1710/834
f 911/1703/837 912/1704/837 914/1709/837 913/1710/837
f 921/1703/840 922/1704/840 924/1709/840 923/1710/840
f 931/1703/843 932/1704/843 934/1709/843 933/1710/843
f 941/1703/846 942/1704/846 944/1709/846 943/1710/846
f 951/1703/849 952/1704/849 954/1709/849 953/1710/849
f 961/1703/852 962/1704/852 964/1709/852 963/1710/852
f 971/1703/855 972/1704/855 974/1709/855 973/1710/855
f 981/1703/858 982/1704/858 984/1709/858 983/1710/858
f 991/1703/861 992/1704/861 994/1709/861 993/1710/861
f 1001/1703/864 1002/1704/864 1004/1709/864 1003/1710/864
f 1011/1703/867 1012/1704/867 1014/1709/867 1013/1710/867
f 1021/1703/870 1022/1704/870 1024/1709/870 1023/1710/870
f 1031/1703/873 1032/1704/873 1034/1709/873 1033/1710/873
f 1041/1703/876 1042/1704/876 1044/1709/876 1043/1710/876
f 1051/1703/879 1052/1704/879 1054/1709/879 1053/1710/879
f 1061/1703/882 1062/1704/882 1064/1709/882 1063/1710/882
f 1071/1703/885 1072/1704/885 1074/1709/885 1073/1710/885
o Plane.005
v 0.146397 0.018311 -0.406734
v 0.143232 0.026393 -0.419866
v -0.029949 0.084298 -0.406393
v -0.031277 0.079543 -0.415394
v 0.072217 0.041227 -0.416205
v 0.071717 0.040456 -0.433831
v -0.126114 0.137166 -0.411100
v -0.116654 0.128511 -0.401839
v -0.018030 0.067838 -0.421111
v -0.039049 0.084235 -0.409056
v -0.029201 0.074892 -0.412488
v 0.006824 0.114192 -0.465933
v -0.073620 0.165474 -0.425038
v -0.034148 0.135967 -0.442647
v 0.021552 0.047240 -0.417556
v -0.028917 0.070256 -0.413391
v 0.025070 0.130329 -0.446352
v -0.044516 0.144001 -0.451730
v 0.053616 0.040389 -0.414749
v 0.037419 0.044836 -0.424843
v 0.045897 0.043982 -0.421241
v 0.070419 0.134260 -0.420938
v 0.008179 0.114483 -0.464878
v 0.038444 0.119935 -0.439607
v 0.011025 0.049193 -0.422158
v -0.031833 0.085556 -0.401963
v 0.013610 0.124277 -0.457464
v -0.047137 0.164091 -0.431950
v 0.003711 0.060206 -0.412462
v 0.028777 0.048442 -0.422280
v 0.016495 0.054538 -0.418454
v -0.035506 0.145241 -0.433479
v 0.057424 0.114583 -0.455905
v 0.010056 0.124723 -0.441251
v 0.083620 0.025253 -0.435590
v 0.051825 0.043851 -0.412189
v 0.082848 0.112166 -0.467343
v 0.036654 0.144192 -0.429450
v 0.036216 0.045290 -0.424399
v 0.030781 0.057090 -0.410894
v 0.033079 0.049306 -0.416161
v 0.037344 0.101733 -0.465922
v 0.015160 0.156139 -0.407507
v 0.026169 0.124468 -0.436711
v 0.005343 0.053082 -0.422015
v -0.026630 0.091138 -0.398549
v 0.005758 0.125423 -0.458796
v -0.040830 0.171989 -0.422878
v -0.034357 0.076710 -0.410906
v -0.011101 0.067675 -0.410226
v -0.022017 0.073393 -0.413443
v -0.071225 0.141682 -0.448760
v 0.016344 0.129272 -0.433746
v -0.027496 0.135502 -0.441206
v 0.036559 0.034534 -0.435809
v 0.059007 0.036595 -0.414316
v 0.025136 0.112434 -0.471544
v 0.055734 0.138753 -0.433298
v -0.007763 0.069245 -0.406482
v -0.029771 0.076468 -0.409232
v -0.017976 0.074206 -0.411042
v 0.017893 0.135605 -0.426989
v -0.064973 0.139875 -0.449312
v -0.023614 0.137597 -0.438040
v 0.026431 0.048244 -0.412914
v -0.024005 0.076200 -0.408102
v 0.029966 0.133909 -0.441711
v -0.040646 0.152407 -0.441966
v -0.016537 0.075482 -0.408802
v 0.005521 0.058804 -0.418440
v -0.005749 0.066470 -0.412758
v -0.053323 0.160367 -0.424122
v 0.031683 0.113831 -0.458461
v -0.011423 0.132714 -0.439146
v -0.008953 0.055771 -0.424106
v 0.028239 0.051126 -0.411703
v -0.022201 0.128188 -0.463345
v 0.028187 0.141084 -0.433846
v 0.026098 0.043329 -0.427721
v 0.017688 0.054339 -0.412746
v 0.022329 0.049554 -0.421965
v 0.031764 0.098101 -0.472645
v 0.000058 0.150932 -0.416279
v 0.015880 0.120474 -0.444698
v 0.063434 0.028962 -0.429913
v 0.042433 0.057610 -0.406775
v 0.060678 0.114761 -0.462615
v 0.028367 0.154873 -0.420019
v 0.036613 0.044741 -0.417249
v 0.039076 0.037718 -0.431358
v 0.038955 0.044784 -0.428510
v 0.026530 0.142575 -0.417853
v 0.036315 0.095695 -0.475644
v 0.031321 0.115643 -0.446645
v 0.007383 0.050438 -0.422021
v -0.038737 0.085337 -0.406276
v 0.010790 0.124954 -0.456981
v -0.054741 0.160601 -0.437438
v 0.019017 0.052065 -0.419002
v 0.009509 0.068096 -0.406419
v 0.013518 0.057841 -0.409934
v 0.027165 0.105321 -0.463175
v -0.011519 0.164592 -0.407086
v 0.007762 0.130517 -0.435297
v 0.060961 0.029875 -0.429277
v 0.020869 0.058922 -0.408570
v 0.061969 0.116453 -0.460421
v 0.004606 0.150534 -0.429873
v 0.150923 0.014681 -0.408578
v 0.128357 0.011304 -0.410890
v 0.139761 0.012701 -0.410274
v 0.198758 0.103806 -0.409996
v 0.108721 0.108227 -0.401602
v 0.153769 0.097989 -0.406495
v 0.134583 0.010929 -0.401940
v 0.132996 0.011051 -0.424953
v 0.151114 0.125615 -0.390569
v 0.151747 0.104779 -0.438385
v 0.151591 0.016966 -0.405697
v 0.134689 0.014512 -0.417657
v 0.143253 0.015434 -0.412200
v 0.189732 0.115360 -0.384854
v 0.125982 0.099453 -0.436680
v 0.157548 0.098979 -0.410069
v 0.118635 0.010615 -0.431041
v 0.114026 0.014136 -0.412458
v 0.139533 0.103046 -0.446994
v 0.128736 0.121209 -0.400278
v 0.103495 0.018871 -0.415163
v 0.110488 0.015401 -0.424531
v 0.106864 0.015671 -0.419504
v 0.104641 0.117281 -0.383938
v 0.137134 0.091274 -0.446182
v 0.121145 0.098280 -0.416711
v 0.060402 0.038448 -0.423578
v 0.109499 0.011757 -0.422513
v 0.070450 0.134992 -0.438957
v 0.136698 0.105360 -0.419661
v 0.131861 0.015253 -0.421958
v 0.112926 0.015559 -0.416831
v 0.122501 0.015228 -0.419864
v 0.175566 0.098107 -0.438335
v 0.098639 0.114716 -0.398062
v 0.135989 0.093777 -0.414317
v 0.112569 0.015505 -0.416598
v 0.156043 0.020255 -0.421952
v 0.120454 0.121401 -0.413217
v 0.184791 0.113641 -0.435215
v 0.089111 0.025768 -0.424054
v 0.106932 0.017402 -0.416978
v 0.097804 0.019588 -0.419889
v 0.082139 0.120133 -0.450851
v 0.146253 0.108896 -0.400020
v 0.113324 0.105707 -0.422255
v 0.097375 0.012275 -0.423532
v 0.125394 0.011884 -0.406737
v 0.111198 0.112599 -0.436989
v 0.147297 0.123386 -0.396086
v 0.142567 0.017936 -0.418263
v 0.118957 0.016587 -0.420813
v 0.130909 0.017080 -0.420180
v 0.191740 0.105702 -0.418489
v 0.101123 0.115039 -0.426952
v 0.145055 0.096873 -0.417675
v 0.092313 0.025915 -0.414295
v 0.057475 0.045059 -0.427656
v 0.115242 0.122440 -0.403412
v 0.071141 0.136687 -0.449028
v 0.089067 0.021954 -0.428956
v 0.099467 0.016916 -0.419947
v 0.094169 0.018626 -0.424153
v 0.093109 0.107045 -0.460542
v 0.127862 0.107222 -0.399123
v 0.109840 0.100748 -0.427534
v 0.104064 0.016865 -0.412716
v 0.120370 0.010549 -0.430149
v 0.115550 0.120706 -0.397673
v 0.143202 0.101729 -0.443610
v 0.066303 0.036534 -0.435223
v 0.075943 0.025394 -0.422911
v 0.071903 0.035154 -0.431778
v 0.070765 0.115220 -0.471477
v 0.105082 0.103637 -0.405202
v 0.087891 0.107862 -0.438322
v 0.083852 0.024000 -0.417405
v 0.094186 0.021143 -0.439806
v 0.098352 0.122799 -0.409588
v 0.116682 0.107077 -0.459252
v 0.113452 0.014420 -0.419606
v 0.136590 0.015551 -0.415463
v 0.125162 0.014665 -0.418174
v 0.097247 0.113942 -0.431896
v 0.183493 0.106089 -0.405748
v 0.138739 0.094871 -0.412868
v 0.063700 0.037725 -0.412984
v 0.103712 0.013031 -0.429007
v 0.073852 0.139330 -0.415963
v 0.131260 0.105190 -0.440047
v 0.099281 0.019157 -0.417984
v 0.108439 0.015764 -0.427238
v 0.103617 0.015189 -0.421888
v 0.098417 0.117097 -0.391703
v 0.138395 0.090807 -0.449854
v 0.118647 0.098308 -0.422293
v 0.115353 0.013269 -0.417136
v 0.163385 0.020173 -0.411964
v 0.122574 0.118541 -0.417242
v 0.192401 0.116458 -0.419766
v 0.105137 0.015561 -0.418922
v 0.127853 0.014341 -0.415077
v 0.116578 0.014182 -0.417460
v 0.090199 0.117076 -0.433859
v 0.173573 0.105830 -0.402390
v 0.130736 0.098488 -0.414086
v -0.079706 0.105955 -0.393429
v -0.124930 0.124312 -0.406564
v -0.071311 0.177106 -0.392638
v -0.133096 0.197226 -0.425532
v -0.105170 0.122472 -0.401952
v -0.127698 0.130975 -0.408554
v -0.115944 0.127122 -0.407345
v -0.073278 0.171444 -0.397773
v -0.159089 0.197979 -0.431134
v -0.116228 0.188195 -0.414133
v -0.035947 0.078200 -0.424961
v -0.071220 0.100111 -0.398608
v -0.027239 0.153396 -0.441964
v -0.079103 0.180655 -0.398280
v -0.099767 0.118645 -0.397305
v -0.119289 0.125338 -0.407578
v -0.109633 0.122212 -0.401951
v -0.073379 0.170854 -0.382192
v -0.146090 0.190394 -0.436377
v -0.109824 0.183650 -0.408764
v -0.112995 0.124726 -0.395135
v -0.072007 0.098444 -0.407601
v -0.123052 0.201795 -0.395918
v -0.061248 0.169688 -0.426297
v -0.099854 0.120160 -0.396277
v -0.100342 0.115472 -0.407365
v -0.099994 0.117821 -0.402280
v -0.101239 0.191114 -0.378372
v -0.095713 0.172209 -0.453857
v -0.099672 0.180053 -0.410962
v -0.074214 0.100722 -0.420791
v -0.102624 0.121041 -0.394880
v -0.065986 0.172412 -0.443634
v -0.109794 0.198824 -0.393216
v -0.085571 0.110942 -0.402068
v -0.069277 0.099751 -0.412682
v -0.078089 0.104893 -0.404563
v -0.110331 0.189866 -0.387831
v -0.043063 0.152560 -0.445692
v -0.076702 0.169180 -0.416892
v -0.067780 0.102118 -0.397327
v -0.027964 0.075889 -0.417903
v -0.077110 0.183960 -0.396209
v -0.018458 0.153046 -0.432311
v -0.075791 0.102425 -0.406289
v -0.051370 0.088564 -0.409180
v -0.063600 0.095638 -0.407645
v -0.108637 0.181575 -0.418972
v -0.015923 0.137454 -0.419445
v -0.062434 0.160935 -0.418357
v -0.128244 0.134111 -0.396187
v -0.095163 0.112206 -0.416024
v -0.136618 0.210007 -0.395966
v -0.085572 0.181806 -0.440133
v -0.087251 0.113330 -0.396442
v -0.074630 0.102576 -0.405077
v -0.080951 0.107909 -0.400722
v -0.107551 0.192056 -0.381604
v -0.052231 0.156019 -0.441590
v -0.080674 0.171664 -0.408304
vn 0.3377 0.9167 -0.2134
vn 0.2102 0.9565 0.2023
vn 0.4831 0.8699 -0.0996
vn -0.6245 -0.3659 -0.6900
vn -0.6048 -0.3926 -0.6929
vn -0.1125 -0.3983 -0.9103
vn 0.5578 -0.1488 -0.8165
vn 0.6019 -0.1619 -0.7819
vn -0.5844 -0.3579 -0.7282
vn 0.3610 0.3502 0.8643
vn 0.3569 0.3070 0.8822
vn -0.6909 -0.2376 -0.6828
vn -0.9548 -0.1601 -0.2505
vn -0.9675 -0.1455 -0.2069
vn -0.7591 -0.2990 -0.5782
vn -0.0019 0.4583 0.8888
vn -0.0920 0.3952 0.9140
vn -0.7709 0.1268 0.6243
vn 0.2236 -0.3653 -0.9036
vn 0.1220 -0.4331 -0.8930
vn -0.1755 -0.3677 -0.9132
vn 0.5279 0.3605 0.7690
vn 0.5245 0.3390 0.7810
vn -0.4353 0.2869 0.8533
vn -0.9107 -0.2001 -0.3613
vn -0.9256 -0.1848 -0.3302
vn -0.8527 -0.1995 -0.4828
vn 0.9884 0.1148 0.0989
vn 0.9917 0.1114 0.0648
vn -0.4908 -0.3861 -0.7811
vn -0.8836 -0.2133 -0.4167
vn -0.9024 -0.2015 -0.3809
vn -0.5811 -0.2752 -0.7659
vn -0.0357 0.0262 -0.9990
vn -0.0645 0.0694 -0.9955
vn 0.9854 -0.1665 0.0354
vn 0.6376 -0.0871 -0.7654
vn 0.6219 -0.0985 -0.7769
vn -0.9466 0.1637 -0.2777
vn 0.8219 -0.1721 0.5430
vn 0.8440 -0.1569 0.5129
vn -0.1301 0.0905 0.9874
vn -0.4755 0.1099 -0.8728
vn -0.3274 0.1266 -0.9363
vn 0.2460 0.0028 0.9693
vn -0.5773 0.1568 0.8013
vn -0.5127 0.0881 0.8540
vn -0.6748 0.1235 0.7276
vn 0.0178 0.0069 -0.9998
vn 0.1695 -0.0166 -0.9854
vn 0.5493 -0.1526 -0.8216
vn -0.8233 0.2075 0.5282
vn -0.8144 0.1515 0.5601
vn 0.7856 -0.1431 0.6020
vn -0.7902 0.2632 0.5535
vn -0.8409 0.2147 0.4967
vn 0.9034 -0.1558 0.3995
vn -0.3491 0.0313 0.9366
vn -0.1665 -0.0277 0.9856
vn 0.3774 -0.0064 0.9260
vn 0.7558 -0.1502 0.6374
vn 0.7806 -0.1331 0.6107
vn -0.0242 0.0435 0.9988
vn -0.3589 0.0565 0.9317
vn -0.2514 -0.0028 0.9679
vn 0.3564 -0.1175 -0.9269
vn 0.3321 -0.1176 -0.9359
vn 0.2792 -0.1485 -0.9487
vn -0.6508 -0.0774 -0.7553
vn 0.5422 -0.0638 -0.8378
vn 0.5674 -0.1087 -0.8162
vn 0.4372 0.1151 0.8920
vn 0.9994 0.0056 0.0350
vn 0.9971 -0.0061 0.0763
vn -0.7498 -0.0876 -0.6558
vn 0.6443 0.0950 0.7589
vn 0.6852 0.1169 0.7190
vn 0.5279 0.0702 0.8464
vn 0.0969 0.1798 0.9789
vn 0.1181 0.1427 0.9827
vn 0.6450 0.1186 0.7550
vn 0.7070 0.0635 0.7043
vn 0.7574 0.0964 0.6458
vt 0.000000 0.500000
vt 1.000000 0.500000
vt 1.000000 1.000000
vt 0.000000 1.000000
vt 0.000000 0.000000
vt 1.000000 0.000000
vt 0.500000 0.000000
vt 0.500000 0.777295
vt 0.000000 0.777295
vt 1.000000 0.777295
vt 1.000000 0.908741
vt 0.000000 0.908741
s 0
usemtl Material.002
f 1085/1711/888 1086/1712/888 1084/1713/888 1083/1714/888
f 1081/1715/889 1082/1716/889 1086/1712/889 1085/1711/889
f 1083/1714/890 1084/1713/890 1087/1713/890 1088/1714/890
f 1089/1715/891 1091/1717/891 1094/1718/891 1092/1719/891
f 1091/1717/892 1090/1716/892 1093/1720/892 1094/1718/892
f 1099/1715/894 1101/1717/894 1104/1718/894 1102/1719/894
f 1101/1717/895 1100/1716/895 1103/1720/895 1104/1718/895
f 1109/1715/897 1111/1717/897 1114/1718/897 1112/1719/897
f 1111/1717/898 1110/1716/898 1113/1720/898 1114/1718/898
f 1119/1715/900 1121/1717/900 1124/1718/900 1122/1719/900
f 1121/1717/901 1120/1716/901 1123/1720/901 1124/1718/901
f 1129/1715/903 1131/1717/903 1134/1718/903 1132/1719/903
f 1131/1717/904 1130/1716/904 1133/1720/904 1134/1718/904
f 1139/1715/906 1141/1717/906 1144/1718/906 1142/1719/906
f 1141/1717/907 1140/1716/907 1143/1720/907 1144/1718/907
f 1149/1715/909 1151/1717/909 1154/1718/909 1152/1719/909
f 1151/1717/910 1150/1716/910 1153/1720/910 1154/1718/910
f 1159/1715/912 1161/1717/912 1164/1718/912 1162/1719/912
f 1161/1717/913 1160/1716/913 1163/1720/913 1164/1718/913
f 1169/1715/915 1171/1717/915 1174/1718/915 1172/1719/915
f 1171/1717/916 1170/1716/916 1173/1720/916 1174/1718/916
f 1179/1715/918 1181/1717/918 1184/1718/918 1182/1719/918
f 1181/1717/919 1180/1716/919 1183/1720/919 1184/1718/919
f 1189/1715/921 1191/1717/921 1194/1718/921 1192/1719/921
f 1191/1717/922 1190/1716/922 1193/1720/922 1194/1718/922
f 1199/1715/924 1201/1717/924 1204/1718/924 1202/1719/924
f 1201/1717/925 1200/1716/925 1203/1720/925 1204/1718/925
f 1209/1715/927 1211/1717/927 1214/1718/927 1212/1719/927
f 1211/1717/928 1210/1716/928 1213/1720/928 1214/1718/928
f 1219/1715/930 1221/1717/930 1224/1718/930 1222/1719/930
f 1221/1717/931 1220/1716/931 1223/1720/931 1224/1718/931
f 1229/1715/933 1231/1717/933 1234/1718/933 1232/1719/933
f 1231/1717/934 1230/1716/934 1233/1720/934 1234/1718/934
f 1239/1715/936 1241/1717/936 1244/1718/936 1242/1719/936
f 1241/1717/937 1240/1716/937 1243/1720/937 1244/1718/937
f 1249/1715/939 1251/1717/939 1254/1718/939 1252/1719/939
f 1251/1717/940 1250/1716/940 1253/1720/940 1254/1718/940
f 1259/1715/942 1261/1717/942 1264/1718/942 1262/1719/942
f 1261/1717/943 1260/1716/943 1263/1720/943 1264/1718/943
f 1269/1715/945 1271/1717/945 1274/1718/945 1272/1719/945
f 1271/1717/946 1270/1716/946 1273/1720/946 1274/1718/946
f 1279/1715/948 1281/1717/948 1284/1718/948 1282/1719/948
f 1281/1717/949 1280/1716/949 1283/1720/949 1284/1718/949
f 1289/1715/951 1291/1717/951 1294/1718/951 1292/1719/951
f 1291/1717/952 1290/1716/952 1293/1720/952 1294/1718/952
f 1299/1715/954 1301/1717/954 1304/1718/954 1302/1719/954
f 1301/1717/955 1300/1716/955 1303/1720/955 1304/1718/955
f 1309/1715/957 1311/1717/957 1314/1718/957 1312/1719/957
f 1311/1717/958 1310/1716/958 1313/1720/958 1314/1718/958
f 1319/1715/960 1321/1717/960 1324/1718/960 1322/1719/960
f 1321/1717/961 1320/1716/961 1323/1720/961 1324/1718/961
f 1329/1715/963 1331/1717/963 1334/1718/963 1332/1719/963
f 1331/1717/964 1330/1716/964 1333/1720/964 1334/1718/964
f 1339/1715/966 1341/1717/966 1344/1718/966 1342/1719/966
f 1341/1717/967 1340/1716/967 1343/1720/967 1344/1718/967
f 1349/1715/969 1351/1717/969 1354/1718/969 1352/1719/969
f 1351/1717/970 1350/1716/970 1353/1720/970 1354/1718/970
usemtl Material.003
f 1095/1715/893 1096/1716/893 1098/1721/893 1097/1722/893
f 1105/1715/896 1106/1716/896 1108/1721/896 1107/1722/896
f 1115/1715/899 1116/1716/899 1118/1721/899 1117/1722/899
f 1125/1715/902 1126/1716/902 1128/1721/902 1127/1722/902
f 1135/1715/905 1136/1716/905 1138/1721/905 1137/1722/905
f 1145/1715/908 1146/1716/908 1148/1721/908 1147/1722/908
f 1155/1715/911 1156/1716/911 1158/1721/911 1157/1722/911
f 1165/1715/914 1166/1716/914 1168/1721/914 1167/1722/914
f 1175/1715/917 1176/1716/917 1178/1721/917 1177/1722/917
f 1185/1715/920 1186/1716/920 1188/1721/920 1187/1722/920
f 1195/1715/923 1196/1716/923 1198/1721/923 1197/1722/923
f 1205/1715/926 1206/1716/926 1208/1721/926 1207/1722/926
f 1215/1715/929 1216/1716/929 1218/1721/929 1217/1722/929
f 1225/1715/932 1226/1716/932 1228/1721/932 1227/1722/932
f 1235/1715/935 1236/1716/935 1238/1721/935 1237/1722/935
f 1245/1715/938 1246/1716/938 1248/1721/938 1247/1722/938
f 1255/1715/941 1256/1716/941 1258/1721/941 1257/1722/941
f 1265/1715/944 1266/1716/944 1268/1721/944 1267/1722/944
f 1275/1715/947 1276/1716/947 1278/1721/947 1277/1722/947
f 1285/1715/950 1286/1716/950 1288/1721/950 1287/1722/950
f 1295/1715/953 1296/1716/953 1298/1721/953 1297/1722/953
f 1305/1715/956 1306/1716/956 1308/1721/956 1307/1722/956
f 1315/1715/959 1316/1716/959 1318/1721/959 1317/1722/959
f 1325/1715/962 1326/1716/962 1328/1721/962 1327/1722/962
f 1335/1715/965 1336/1716/965 1338/1721/965 1337/1722/965
f 1345/1715/968 1346/1716/968 1348/1721/968 1347/1722/968
o Plane.006
v 0.104656 -0.117908 0.320113
v 0.104647 -0.158388 -0.100788
v -0.153680 -0.094232 0.256079
v -0.141237 -0.146126 -0.202903
v 0.127641 -0.076702 0.281204
v 0.139314 -0.084207 0.319631
v 0.134289 -0.128198 -0.097960
v 0.142803 -0.148828 -0.147184
v -0.108521 -0.094890 0.321607
v -0.116721 -0.108808 0.319842
v -0.118532 -0.154997 -0.101766
v -0.107783 -0.135478 -0.095504
v 0.099402 -0.147619 0.113710
v -0.119821 -0.138731 0.007313
v 0.084144 -0.114223 0.066815
v 0.091623 -0.115704 0.111293
v -0.073436 -0.136444 0.114305
v -0.070266 -0.119947 0.115189
v -0.111181 -0.135352 -0.099186
v -0.111160 -0.095121 0.319556
v -0.108846 -0.124130 0.114704
v 0.133090 -0.091547 0.304062
v 0.133363 -0.145007 -0.115482
v 0.128989 -0.118481 0.096086
v -0.162443 -0.094175 0.256382
v -0.149900 -0.146138 -0.203797
v -0.114807 -0.148053 -0.002707
v 0.104407 -0.097082 0.317108
v 0.104407 -0.137373 -0.101858
v -0.153975 -0.073573 0.252087
v -0.141432 -0.125094 -0.203584
v 0.136690 -0.060749 0.277853
v 0.143248 -0.104264 0.322302
v 0.143248 -0.144555 -0.096664
v 0.145842 -0.128329 -0.148821
v -0.113884 -0.114200 0.324401
v -0.130376 -0.102906 0.317668
v -0.130376 -0.143197 -0.101298
v -0.113884 -0.154492 -0.094565
v 0.099156 -0.126675 0.111679
v -0.120128 -0.117851 0.004908
v 0.090834 -0.098688 0.064890
v 0.097486 -0.131243 0.112830
v -0.083775 -0.128932 0.113570
v -0.074837 -0.138004 0.116956
v -0.122130 -0.148844 -0.097931
v -0.122130 -0.108553 0.321035
v -0.119232 -0.134738 0.115730
v 0.146807 -0.097536 0.304054
v 0.146807 -0.137827 -0.114912
v 0.140572 -0.119034 0.096068
v -0.162443 -0.073573 0.252087
v -0.149900 -0.125094 -0.203584
v -0.114807 -0.127109 -0.004764
v 0.102029 -0.132763 0.216911
v -0.125347 -0.145907 -0.101409
v 0.130366 -0.084125 0.292633
v 0.092412 -0.130942 -0.041479
v 0.133826 -0.136602 -0.106721
v 0.097121 -0.102331 0.215052
v 0.000783 -0.147477 -0.175044
v -0.013020 -0.085467 0.268641
v -0.114857 -0.145175 -0.100476
v -0.078181 -0.123484 0.218005
v -0.109841 -0.095006 0.320581
v -0.072907 -0.128370 0.009976
v 0.015396 -0.089549 0.320619
v 0.013253 -0.131838 -0.096732
v -0.006032 -0.113358 0.319977
v -0.006942 -0.156692 -0.101277
v 0.102024 -0.153003 0.006461
v -0.131568 -0.119960 0.128082
v 0.086054 -0.097580 0.174226
v 0.095377 -0.124747 0.006154
v -0.078837 -0.145769 0.007449
v -0.072823 -0.107865 0.218678
v 0.010706 -0.117168 0.114357
v -0.104838 -0.121547 0.115053
v 0.000611 -0.141388 0.113616
v 0.125932 -0.117604 0.105004
v -0.002947 -0.123342 0.039796
v -0.109482 -0.135415 -0.097345
v -0.113941 -0.101964 0.319699
v -0.104029 -0.129882 0.114572
v -0.109745 -0.132262 0.008629
v -0.109662 -0.111708 0.218086
v 0.136202 -0.087877 0.311846
v 0.138083 -0.146917 -0.131333
v 0.121562 -0.114971 0.084591
v 0.130125 -0.104061 0.200240
v 0.130927 -0.131430 -0.010011
v -0.132354 -0.147096 -0.103252
v -0.138625 -0.121114 0.126837
v -0.123059 -0.139517 0.006331
v -0.158062 -0.094203 0.256230
v -0.145568 -0.146132 -0.203350
v 0.101782 -0.111878 0.214393
v -0.125609 -0.124944 -0.102965
v 0.141749 -0.079142 0.290954
v 0.097857 -0.113848 -0.043024
v 0.145028 -0.141191 -0.105788
v 0.102102 -0.119157 0.216951
v 0.002205 -0.126711 -0.176203
v -0.008642 -0.067161 0.264970
v -0.126253 -0.146021 -0.099614
v -0.089055 -0.117014 0.216736
v -0.118007 -0.111377 0.322718
v -0.077533 -0.146338 0.011369
v 0.014682 -0.109232 0.323352
v 0.014682 -0.149523 -0.095614
v -0.012984 -0.099994 0.317388
v -0.012984 -0.140285 -0.101578
v 0.101782 -0.132024 0.004910
v -0.131881 -0.099184 0.124871
v 0.093681 -0.083069 0.171791
v 0.102102 -0.139303 0.007468
v -0.089055 -0.137160 0.007253
v -0.077533 -0.126193 0.220852
v 0.011218 -0.135413 0.116151
v -0.112990 -0.137361 0.116592
v -0.005570 -0.126454 0.112163
v 0.135903 -0.126792 0.105910
v 0.000212 -0.104102 0.037487
v -0.118007 -0.151668 -0.096248
v -0.126253 -0.105729 0.319352
v -0.115493 -0.131797 0.114751
v -0.120138 -0.142923 0.009683
v -0.120138 -0.122778 0.219166
v 0.145028 -0.100900 0.313178
v 0.146325 -0.133078 -0.131866
v 0.131587 -0.106548 0.083519
v 0.141855 -0.106964 0.200158
v 0.142491 -0.129004 -0.009860
v -0.132354 -0.126102 -0.104174
v -0.138625 -0.100341 0.123662
v -0.123213 -0.118622 0.004102
v -0.158209 -0.073573 0.252087
v -0.145666 -0.125094 -0.203584
v 0.104532 -0.107495 0.318611
v 0.104527 -0.147880 -0.101323
v -0.153828 -0.083902 0.254083
v -0.141334 -0.135610 -0.203244
v 0.132166 -0.068725 0.279529
v 0.141281 -0.094236 0.320966
v 0.138769 -0.136376 -0.097312
v 0.144323 -0.138578 -0.148003
v -0.111203 -0.104545 0.323004
v -0.123548 -0.105857 0.318755
v -0.124454 -0.149097 -0.101532
v -0.110833 -0.144985 -0.095035
v 0.099279 -0.137147 0.112694
v -0.116656 -0.142098 -0.098559
v -0.116645 -0.101837 0.320295
v 0.139949 -0.094541 0.304058
v 0.140085 -0.141417 -0.115197
v -0.162443 -0.083874 0.254234
v -0.149900 -0.135616 -0.203691
v -0.114807 -0.137581 -0.003736
v -0.008193 -0.105867 0.152941
v 0.127509 -0.128172 -0.000506
v -0.001063 -0.150046 0.006938
v -0.105684 -0.109455 0.218463
v 0.011297 -0.125785 0.009194
v 0.012337 -0.104578 0.217894
v -0.105557 -0.129725 0.009476
v -0.000633 -0.128460 0.217540
v 0.128554 -0.103704 0.208836
v -0.001413 -0.136602 -0.069053
v -0.106805 -0.138712 0.007997
v -0.106365 -0.117144 0.218068
v 0.122769 -0.099534 0.189378
v 0.126572 -0.130724 -0.022804
v -0.135671 -0.120150 0.127862
v -0.129425 -0.146114 -0.101928
v -0.004413 -0.087210 0.149978
v 0.137988 -0.135124 0.000365
v -0.007085 -0.134438 0.006050
v -0.113801 -0.125416 0.220268
v 0.012286 -0.143562 0.010631
v 0.012286 -0.123417 0.220114
v -0.113801 -0.145562 0.010785
v -0.007085 -0.114292 0.215533
v 0.137925 -0.114789 0.209901
v 0.000970 -0.116685 -0.070756
v -0.118117 -0.140019 0.008492
v -0.118117 -0.119873 0.217975
v 0.133433 -0.093018 0.188015
v 0.135745 -0.119874 -0.023596
v -0.135828 -0.099377 0.124669
v -0.129556 -0.125137 -0.103167
v 0.101905 -0.122321 0.215652
v 0.136057 -0.081633 0.291793
v 0.139427 -0.138897 -0.106254
v 0.001494 -0.137094 -0.175623
v -0.010831 -0.076314 0.266806
v -0.120555 -0.145598 -0.100045
v -0.113924 -0.103191 0.321650
v 0.015039 -0.099390 0.321985
v 0.013968 -0.140681 -0.096173
v -0.009508 -0.106676 0.318683
v -0.009963 -0.148489 -0.101427
v 0.101903 -0.142514 0.005686
v -0.113745 -0.143542 -0.096797
v -0.120097 -0.103847 0.319525
v 0.140615 -0.094389 0.312512
v 0.142204 -0.139998 -0.131600
v -0.132354 -0.136599 -0.103713
v -0.138625 -0.110728 0.125249
v -0.158135 -0.083888 0.254159
v -0.145617 -0.135613 -0.203467
vn -0.0184 -0.9890 0.1470
vn -0.0554 -0.9833 0.1735
vn 0.0597 -0.9836 0.1699
vn 0.0627 -0.9885 0.1377
vn -0.2473 -0.9423 0.2256
vn 0.0517 -0.9818 0.1830
vn 0.0576 -0.9797 0.1918
vn 0.0709 -0.9821 0.1743
vn 0.0796 -0.9896 0.1200
vn 0.2642 0.9589 -0.1040
vn 0.9469 0.3215 0.0039
vn 0.3262 0.9436 -0.0567
vn -0.0616 0.9911 -0.1181
vn 0.9754 0.2197 0.0175
vn 0.9122 0.4092 0.0207
vn 0.2334 0.9724 -0.0007
vn 0.0646 0.9962 -0.0585
vn 0.0084 0.9941 -0.1083
vn -0.1381 -0.9850 0.1033
vn -0.1966 -0.9747 0.1066
vn -0.0394 -0.9967 0.0715
vn -0.0550 -0.9933 0.1014
vn -0.3082 -0.9416 0.1358
vn -0.0267 -0.9973 0.0681
vn -0.0216 -0.9982 0.0561
vn -0.0332 -0.9976 0.0606
vn -0.0483 -0.9939 0.0991
vn -0.5159 0.8528 -0.0817
vn -0.4466 0.8858 -0.1261
vn -0.2433 0.9609 -0.1321
vn -0.2883 0.9529 -0.0941
vn -0.3701 0.9168 -0.1500
vn -0.1443 0.9788 -0.1454
vn -0.0431 0.9891 -0.1411
vn -0.0424 0.9907 -0.1294
vn -0.0399 0.9943 -0.0984
vn -0.0289 0.9944 -0.1017
vn -0.0265 0.9973 -0.0681
vn -0.0351 0.9971 -0.0676
vn -0.0273 0.9982 -0.0535
vn -0.0329 0.9979 -0.0550
vn -0.0403 0.9885 -0.1455
vn -0.0362 0.9904 -0.1333
vn -0.0170 0.9877 -0.1552
vn 0.0060 0.9893 -0.1460
vn -0.3762 0.9261 -0.0285
vn -0.4411 0.8964 -0.0430
vn -0.2542 0.9654 -0.0580
vn -0.3018 0.9527 -0.0346
vn -0.2871 -0.9550 0.0749
vn -0.1757 -0.9787 0.1064
vn -0.0514 -0.9898 0.1330
vn -0.0454 -0.9893 0.1384
vn -0.0460 -0.9893 0.1384
vn -0.0407 -0.9888 0.1435
vn 0.9307 -0.3659 0.0024
vn -0.1604 0.9781 -0.1327
vn 0.7612 0.6332 -0.1401
vn 0.2246 0.9565 -0.1860
vn -0.0204 -0.9911 0.1317
vn -0.0290 -0.9903 0.1362
vn 0.0305 -0.9940 0.1048
vn 0.0043 -0.9961 0.0876
vn 0.0410 -0.9969 0.0677
vn 0.0180 -0.9985 0.0522
vn -0.7535 -0.6486 0.1073
vn -0.8521 -0.5052 0.1368
vn -0.5550 -0.8273 0.0867
vn -0.8237 -0.5640 0.0583
vn -0.9568 -0.2860 0.0528
vn -0.9983 0.0402 0.0420
vn -0.6925 -0.7199 0.0469
vn -0.8606 -0.5092 -0.0091
vn -0.9984 -0.0424 -0.0380
vn -0.9521 -0.3057 0.0069
vn -0.4837 -0.8586 0.1700
vn -0.7697 -0.6211 0.1476
vn -0.3177 -0.9393 0.1293
vn -0.5863 -0.8019 0.1147
vn -0.8051 -0.5818 0.1153
vn -0.8528 -0.5100 0.1123
vn -0.5058 -0.8577 0.0917
vn -0.1345 -0.9825 0.1287
vn -0.8799 -0.4751 0.0088
vn -0.5644 -0.8208 0.0886
vn 0.1116 -0.9864 0.1210
vn 0.0624 -0.9813 0.1820
vn 0.3272 -0.9185 0.2218
vn 0.8910 -0.4442 0.0936
vn -0.0225 -0.3154 0.9487
vn 0.0628 -0.5462 0.8353
vn -0.5890 -0.4527 0.6694
vn 0.9342 -0.2907 0.2066
vn 0.8351 0.5454 -0.0720
vn 0.1273 -0.5231 -0.8427
vn 0.0819 -0.9962 0.0312
vn 0.5522 -0.8323 -0.0487
vn 0.1188 -0.6986 -0.7056
vn 0.5865 -0.8051 -0.0887
vn -0.5586 -0.5747 -0.5981
vn 0.1143 0.9845 -0.1328
vn -0.0369 0.9906 -0.1317
vn -0.0327 0.9851 -0.1691
vn 0.1705 0.9684 -0.1820
vn -0.0656 0.9909 -0.1172
vn -0.0536 0.9837 -0.1716
vn -0.0398 0.9811 -0.1893
vn -0.0275 0.9819 -0.1873
vn 0.4340 0.8617 -0.2630
vn 0.8766 -0.4783 0.0531
vn 0.5693 -0.8185 0.0775
vn 0.5845 -0.8066 0.0880
vn 0.8917 -0.4464 0.0744
vn 0.0915 -0.9912 0.0961
vn 0.1016 -0.9917 0.0786
vn 0.1803 -0.9792 0.0936
vn 0.8450 -0.5277 0.0863
vn 0.8976 -0.4337 0.0788
vn -0.0645 0.9933 -0.0957
vn -0.0223 0.9951 -0.0960
vn -0.0242 0.9979 -0.0595
vn -0.0856 0.9949 -0.0525
vn -0.0109 0.9953 -0.0961
vn -0.0174 0.9982 -0.0571
vn -0.0238 0.9984 -0.0518
vn -0.0263 0.9984 -0.0502
vn -0.1165 0.9928 -0.0284
vn -0.3960 -0.9141 0.0872
vn -0.2108 -0.9730 0.0941
vn -0.2530 -0.9613 0.1092
vn -0.4377 -0.8931 0.1038
vn 0.0059 -0.9954 0.0959
vn -0.0052 -0.9930 0.1178
vn -0.0373 -0.9924 0.1176
vn -0.2674 -0.9575 0.1084
vn -0.4823 -0.8696 0.1057
vn -0.0048 -0.9972 0.0740
vn 0.0403 -0.9968 0.0696
vn 0.0411 -0.9945 0.0959
vn -0.0454 -0.9961 0.0756
vn 0.0397 -0.9973 0.0614
vn 0.0409 -0.9917 0.1220
vn 0.0403 -0.9907 0.1301
vn 0.1093 -0.9879 0.1102
vn 0.1165 -0.9870 0.1107
vn -0.4751 -0.8777 0.0629
vn -0.3299 -0.9412 0.0727
vn -0.2470 -0.9660 0.0767
vn -0.4390 -0.8959 0.0680
vn -0.1473 0.9740 -0.1721
vn -0.0267 0.9893 -0.1433
vn -0.0247 0.9908 -0.1331
vn -0.0874 0.9862 -0.1403
vn -0.0242 0.9897 -0.1411
vn -0.0177 0.9906 -0.1355
vn 0.8903 -0.4553 -0.0006
vn 0.3664 -0.9279 0.0693
vn 0.5934 -0.8027 0.0597
vn 0.8932 -0.4488 0.0273
vn 0.1096 0.9899 -0.0894
vn 0.0013 0.9971 -0.0760
vn -0.0172 0.9954 -0.0948
vn 0.1256 0.9871 -0.0994
vn -0.0139 0.9987 -0.0483
vn -0.0340 0.9974 -0.0643
vn -0.7267 0.6862 0.0317
vn -0.6733 0.7392 -0.0137
vn -0.9466 -0.3164 0.0619
vn -0.9480 0.3182 0.0017
vn -0.7233 0.6872 -0.0687
vn -0.4339 0.8969 -0.0856
vn -0.6194 0.7738 -0.1324
vn -0.9929 0.1103 -0.0448
vn -0.9390 -0.3440 0.0012
vn -0.9322 0.3400 -0.1245
vn 0.8666 0.4709 -0.1652
vn 0.7313 0.6621 -0.1638
vn 0.9432 0.3180 -0.0963
vn 0.9215 0.3780 -0.0896
vn 0.8532 0.5178 -0.0628
vn 0.5831 0.8067 -0.0963
vn 0.6028 0.7964 -0.0486
vn 0.8416 0.5395 -0.0252
vn 0.8763 0.4817 0.0115
vn 0.3925 0.9191 -0.0340
vn -0.1180 0.9857 -0.1200
vn -0.8998 0.4267 -0.0914
vn -0.3269 0.9185 -0.2225
vn -0.0667 0.9809 -0.1827
vn -0.8225 -0.5640 0.0728
vn -0.9449 0.2565 -0.2034
vn -0.6650 0.6420 0.3816
vn -0.0396 0.8350 0.5488
vn -0.0471 0.6459 0.7620
vn 0.0831 0.4622 -0.8829
vn -0.0441 0.7068 -0.7061
vn -0.5291 0.8473 0.0458
vn -0.0812 0.9963 -0.0293
vn -0.6726 0.5479 -0.4973
vn -0.6327 0.7683 0.0966
vn 0.7290 0.1200 0.6739
vn 0.9996 0.0086 -0.0267
vn 0.7165 0.1218 0.6869
vn 0.9999 0.0113 -0.0015
vn 0.9996 0.0086 -0.0268
vn 0.7189 0.1211 0.6844
vn -0.2937 0.4417 0.8477
vn -0.1760 0.7222 0.6689
vn -0.1744 0.6578 0.7327
vn -0.2475 0.4058 0.8798
vn 0.3610 0.8878 0.2853
vn 0.4103 0.8308 0.3761
vn 0.4447 0.7748 0.4493
vn -0.1668 0.5915 0.7888
vn -0.2142 0.3740 0.9024
vn -0.3597 -0.3944 -0.8456
vn -0.3870 -0.7866 0.4811
vn -0.3561 -0.9095 0.2144
vn -0.5346 -0.5525 -0.6395
vn 0.4316 -0.8320 0.3486
vn 0.4215 -0.8915 0.1658
vn 0.4600 -0.8849 -0.0731
vn -0.3437 -0.9347 -0.0900
vn -0.4976 -0.5286 -0.6877
vn 0.7736 -0.2633 -0.5764
vn 0.1901 -0.0672 -0.9795
vn 0.1888 -0.0677 -0.9797
vn 0.7568 -0.2617 -0.5989
vn 0.1209 -0.0351 -0.9920
vn 0.1874 -0.0682 -0.9799
vn 0.6861 -0.2432 -0.6856
vn -0.0991 0.2165 0.9712
vn -0.0980 0.2194 0.9707
vn -0.0399 0.1980 0.9794
vn -0.0969 0.2219 0.9702
vn -0.0238 -0.1547 -0.9877
vn 0.1917 -0.3035 0.9333
vn 0.2317 -0.7975 0.5571
vn -0.3181 -0.8971 -0.3065
vn 0.5851 -0.4814 -0.6526
vn 0.6899 -0.7029 -0.1729
vn 0.3194 -0.4592 -0.8289
vn -0.1397 -0.8354 0.5317
vn -0.1712 -0.4162 -0.8930
vn -0.1822 0.2044 0.9618
vn -0.4106 0.3088 0.8580
vn -0.3349 0.2854 0.8980
vn -0.1703 0.2000 0.9649
vn -0.4623 0.4229 0.7794
vn -0.6668 0.6987 0.2593
vn -0.2467 0.3337 0.9098
vn -0.2612 0.2499 0.9324
vn -0.1338 0.1873 0.9731
vn 0.6409 0.3430 0.6867
vn 0.0022 0.1374 0.9905
vn 0.0024 0.1375 0.9905
vn 0.6593 0.3453 0.6679
vn 0.0026 0.1376 0.9905
vn 0.5347 0.3114 0.7856
vn 0.2359 -0.1536 -0.9596
vn -0.0075 -0.0637 -0.9979
vn -0.0069 -0.0639 -0.9979
vn 0.2169 -0.1459 -0.9652
vn -0.0063 -0.0641 -0.9979
vn 0.1714 -0.1276 -0.9769
vn 0.1246 0.5124 0.8497
vn 0.0043 0.1904 0.9817
vn 0.0023 0.2027 0.9792
vn 0.0650 0.7779 0.6250
vn -0.0004 0.2116 0.9774
vn 0.0303 0.6134 0.7892
vn 0.7226 -0.0163 -0.6910
vn 0.0025 -0.0194 -0.9998
vn 0.0011 -0.0148 -0.9999
vn 0.7160 -0.0167 -0.6979
vn -0.0006 -0.0112 -0.9999
vn 0.7185 -0.0168 -0.6953
vn 0.9996 0.0133 0.0238
vn 0.9996 0.0133 0.0239
vn 0.5176 -0.3169 -0.7947
vn 0.4169 -0.2792 -0.8650
vn 0.3151 -0.2250 -0.9220
vn -0.1184 0.1529 -0.9811
vn -0.2836 0.8981 -0.3362
vn -0.0255 0.9226 0.3849
vn 0.7947 0.5230 -0.3080
vn 0.8162 0.5726 -0.0766
vn 0.8227 0.5477 0.1522
vn 0.8293 -0.5278 0.1839
vn 0.8474 -0.5271 0.0637
vn 0.8670 -0.4958 -0.0492
vn -0.9850 0.0077 0.1725
vn -0.9849 0.0076 0.1729
vn -0.7489 0.0020 -0.6626
vn -1.0000 -0.0050 -0.0022
vn -1.0000 -0.0050 -0.0021
vn -1.0000 -0.0050 -0.0020
vn -0.9848 0.0075 0.1734
vn -0.9841 -0.0267 -0.1758
vn -0.9840 -0.0269 -0.1761
vn -0.7617 0.1331 0.6341
vn -0.9839 -0.0271 -0.1764
vn 0.0178 0.1970 0.9802
vn 0.0520 -0.0109 -0.9986
vt 0.042979 0.162460
vt 0.039570 0.087917
vt 0.104785 0.101289
vt 0.103391 0.179944
vt 0.008858 0.014106
vt 0.105807 0.020685
vt 0.202755 0.027263
vt 0.190149 0.116978
vt 0.184439 0.201057
vt 0.607937 0.471911
vt 0.609466 0.545350
vt 0.607162 0.538621
vt 0.605815 0.465760
vt 0.980803 0.199865
vt 0.980803 0.272949
vt 0.975863 0.266239
vt 0.979343 0.193088
vt 0.930307 0.018646
vt 0.916358 0.089146
vt 0.914536 0.083272
vt 0.914536 0.006889
vt 0.585164 0.533886
vt 0.582281 0.461397
vt 0.129727 0.501382
vt 0.133182 0.575089
vt 0.079792 0.575582
vt 0.078905 0.502053
vt 0.160190 0.650475
vt 0.083540 0.650023
vt 0.006889 0.649571
vt 0.008994 0.575900
vt 0.011099 0.502230
vt 0.892354 0.703674
vt 0.893066 0.632152
vt 0.896120 0.631743
vt 0.895574 0.703262
vt 0.443625 0.388595
vt 0.442527 0.318043
vt 0.443431 0.317331
vt 0.446419 0.388160
vt 0.444335 0.316619
vt 0.469025 0.387822
vt 0.447209 0.459702
vt 0.470990 0.459413
vt 0.526667 0.459594
vt 0.527391 0.532074
vt 0.469501 0.531920
vt 0.612340 0.605177
vt 0.529130 0.604880
vt 0.445919 0.604582
vt 0.529571 0.316619
vt 0.527592 0.387922
vt 0.614808 0.316619
vt 0.585882 0.389507
vt 0.895352 0.850756
vt 0.892814 0.776776
vt 0.896084 0.776026
vt 0.896120 0.849495
vt 0.447048 0.532435
vt 0.444765 0.605839
vt 0.159850 0.359015
vt 0.133191 0.429588
vt 0.079965 0.430101
vt 0.083850 0.359015
vt 0.009474 0.430623
vt 0.007850 0.359015
vt 0.992716 0.315221
vt 0.991051 0.387053
vt 0.991608 0.381164
vt 0.991051 0.309580
vt 0.608571 0.399682
vt 0.607456 0.393786
vt 0.612608 0.322218
vt 0.006889 0.312252
vt 0.039414 0.237802
vt 0.104414 0.255288
vt 0.104900 0.328520
vt 0.190226 0.275741
vt 0.202910 0.344788
vt 0.933719 0.406619
vt 0.933719 0.483140
vt 0.918374 0.480884
vt 0.929771 0.407066
vt 0.150673 0.500786
vt 0.152320 0.574260
vt 0.911922 0.777108
vt 0.909898 0.703702
vt 0.915026 0.703218
vt 0.916622 0.776281
vt 0.967817 0.943693
vt 0.967817 0.869027
vt 0.972232 0.868330
vt 0.974482 0.942414
vt 0.152484 0.429143
vt 0.144761 0.934852
vt 0.144761 0.861208
vt 0.147197 0.860356
vt 0.159221 0.930132
vt 0.989200 0.939606
vt 0.988261 0.868988
vt 0.992903 0.868330
vt 0.992903 0.938986
vt 0.912292 0.632103
vt 0.916622 0.631743
vt 0.014115 0.078397
vt 0.006889 0.006889
vt 0.016980 0.151074
vt 0.846563 0.395174
vt 0.846420 0.467769
vt 0.840582 0.460393
vt 0.840250 0.388298
vt 0.844148 0.323829
vt 0.838148 0.316619
vt 0.015624 0.225671
vt 0.009829 0.301197
vt 0.843713 0.542362
vt 0.838148 0.617964
vt 0.839978 0.606858
vt 0.840577 0.533809
vt 0.192973 0.117065
vt 0.186691 0.201724
vt 0.205762 0.027075
vt 0.208768 0.026888
vt 0.195033 0.117780
vt 0.867846 0.388796
vt 0.875189 0.471212
vt 0.876358 0.470951
vt 0.860341 0.382097
vt 0.193039 0.276034
vt 0.205893 0.345012
vt 0.875190 0.317084
vt 0.876358 0.316619
vt 0.195087 0.276955
vt 0.208876 0.345237
vt 0.392824 0.154282
vt 0.330039 0.171707
vt 0.329119 0.093546
vt 0.396907 0.080173
vt 0.246521 0.192729
vt 0.240879 0.109201
vt 0.228466 0.020013
vt 0.328608 0.013451
vt 0.428749 0.006889
vt 0.782697 0.156614
vt 0.789146 0.150316
vt 0.787251 0.223000
vt 0.781648 0.229639
vt 0.448867 0.157135
vt 0.475322 0.152726
vt 0.472127 0.225309
vt 0.447413 0.229862
vt 0.443800 0.296851
vt 0.442527 0.302841
vt 0.781806 0.295901
vt 0.778909 0.301965
vt 0.254464 0.491613
vt 0.308233 0.492419
vt 0.307257 0.565501
vt 0.250896 0.564852
vt 0.380129 0.492806
vt 0.382075 0.566141
vt 0.384020 0.639476
vt 0.303337 0.639457
vt 0.222655 0.639439
vt 0.624271 0.150973
vt 0.620013 0.150576
vt 0.620548 0.078862
vt 0.624869 0.079422
vt 0.593807 0.150379
vt 0.595638 0.078524
vt 0.620590 0.006889
vt 0.623388 0.007833
vt 0.977970 0.174286
vt 0.973816 0.174020
vt 0.973816 0.102925
vt 0.977205 0.103664
vt 0.595638 0.223135
vt 0.533891 0.223448
vt 0.534649 0.150750
vt 0.620590 0.296110
vt 0.532195 0.296481
vt 0.533891 0.078837
vt 0.532195 0.007260
vt 0.472127 0.080698
vt 0.443800 0.007630
vt 0.989117 0.573824
vt 0.985831 0.572712
vt 0.985831 0.499047
vt 0.989930 0.499774
vt 0.623388 0.297054
vt 0.620548 0.223473
vt 0.624869 0.224033
vt 0.222655 0.350227
vt 0.303337 0.350246
vt 0.307257 0.420896
vt 0.250896 0.420246
vt 0.384020 0.350264
vt 0.382075 0.421535
vt 0.778909 0.012953
vt 0.781806 0.006889
vt 0.787195 0.078449
vt 0.781083 0.084690
vt 0.442527 0.013620
vt 0.447454 0.085202
vt 0.426370 0.303453
vt 0.327418 0.319354
vt 0.328504 0.246576
vt 0.395513 0.229234
vt 0.228466 0.335255
vt 0.240879 0.266822
vt 0.225399 0.638502
vt 0.230857 0.564208
vt 0.993107 0.842840
vt 0.991084 0.841795
vt 0.991084 0.767734
vt 0.993111 0.768443
vt 0.427845 0.908731
vt 0.425442 0.908089
vt 0.425442 0.835001
vt 0.428739 0.835496
vt 0.232600 0.491008
vt 0.230857 0.419602
vt 0.426319 0.763476
vt 0.428722 0.764118
vt 0.978810 0.174942
vt 0.980594 0.104404
vt 0.225399 0.349290
vt 0.786479 0.893972
vt 0.777890 0.906040
vt 0.763250 0.839972
vt 0.786479 0.826462
vt 0.921953 0.200922
vt 0.935453 0.193088
vt 0.935453 0.264765
vt 0.924976 0.272205
vt 0.849369 0.846520
vt 0.838148 0.854551
vt 0.838837 0.785252
vt 0.849723 0.777102
vt 0.424131 0.070571
vt 0.420836 0.142902
vt 0.421628 0.217118
vt 0.838885 0.714209
vt 0.847173 0.705196
vt 0.838148 0.643403
vt 0.841389 0.631743
vt 0.426815 0.292235
vt 0.244367 0.193279
vt 0.238161 0.109280
vt 0.870953 0.715802
vt 0.863501 0.722695
vt 0.878576 0.632410
vt 0.877862 0.631743
vt 0.236195 0.109987
vt 0.222655 0.019855
vt 0.225561 0.019934
vt 0.225561 0.335176
vt 0.238161 0.266901
vt 0.222655 0.335097
vt 0.236195 0.267608
vt 0.877862 0.789327
vt 0.878576 0.789994
vt 0.412239 0.349033
vt 0.415548 0.420595
vt 0.408324 0.420770
vt 0.405019 0.349376
vt 0.418858 0.492158
vt 0.411629 0.492164
vt 0.404401 0.492170
vt 0.401099 0.420945
vt 0.397798 0.349719
vt 0.016292 0.950593
vt 0.015022 0.959856
vt 0.010955 0.958874
vt 0.011591 0.946366
vt 0.013751 0.969119
vt 0.010320 0.971382
vt 0.006889 0.973644
vt 0.006889 0.957891
vt 0.006889 0.942138
vt 0.275088 0.961197
vt 0.281477 0.965181
vt 0.281344 0.968786
vt 0.275088 0.967547
vt 0.917530 0.972993
vt 0.911001 0.974040
vt 0.911001 0.969357
vt 0.917308 0.969175
vt 0.911001 0.964674
vt 0.917086 0.965357
vt 0.281211 0.972390
vt 0.275088 0.973897
vt 0.831312 0.210247
vt 0.831353 0.111654
vt 0.838504 0.112018
vt 0.838387 0.211157
vt 0.831394 0.013061
vt 0.838622 0.012879
vt 0.845850 0.012697
vt 0.845656 0.112381
vt 0.845462 0.212066
vt 0.802925 0.207196
vt 0.804711 0.110293
vt 0.811085 0.108625
vt 0.810154 0.207111
vt 0.806497 0.013390
vt 0.812015 0.010139
vt 0.817533 0.006889
vt 0.817459 0.106958
vt 0.817384 0.207027
vt 0.222655 0.972553
vt 0.225328 0.966137
vt 0.227889 0.969111
vt 0.228313 0.972553
vt 0.408485 0.882593
vt 0.410946 0.875817
vt 0.411131 0.881736
vt 0.411131 0.885376
vt 0.972636 0.292117
vt 0.972245 0.288641
vt 0.974961 0.293806
vt 0.972245 0.295802
vt 0.766000 0.972937
vt 0.763250 0.975079
vt 0.763676 0.971409
vt 0.763250 0.968078
vt 0.250342 0.966136
vt 0.251467 0.966305
vt 0.252517 0.972354
vt 0.250342 0.972684
vt 0.252591 0.966473
vt 0.254691 0.972024
vt 0.152542 0.840783
vt 0.153706 0.842622
vt 0.149231 0.846577
vt 0.146996 0.843816
vt 0.151379 0.838944
vt 0.144761 0.841055
vt 0.158737 0.666391
vt 0.158367 0.751612
vt 0.151564 0.752133
vt 0.151749 0.665322
vt 0.157998 0.836833
vt 0.144761 0.752654
vt 0.144761 0.664253
vt 0.859629 0.178637
vt 0.860334 0.095628
vt 0.866435 0.095366
vt 0.866083 0.180978
vt 0.861039 0.012620
vt 0.866788 0.009754
vt 0.872537 0.006889
vt 0.872537 0.095104
vt 0.872537 0.183318
vt 0.896261 0.158971
vt 0.891288 0.083030
vt 0.896023 0.085301
vt 0.898510 0.163614
vt 0.886315 0.007089
vt 0.893537 0.006989
vt 0.900758 0.006889
vt 0.900758 0.087573
vt 0.900758 0.168257
vt 0.904595 0.316802
vt 0.901511 0.393307
vt 0.895824 0.395231
vt 0.897366 0.316711
vt 0.898427 0.469811
vt 0.894282 0.473752
vt 0.890137 0.477692
vt 0.890137 0.397156
vt 0.890137 0.316619
vt 0.415549 0.565881
vt 0.408324 0.565721
vt 0.412241 0.639604
vt 0.405019 0.639279
vt 0.397798 0.638954
vt 0.401099 0.565562
vt 0.296441 0.961567
vt 0.298084 0.961382
vt 0.297760 0.967281
vt 0.295255 0.967281
vt 0.299727 0.961197
vt 0.300264 0.967281
vt 0.864967 0.183004
vt 0.870443 0.186133
vt 0.863851 0.185030
vt 0.868350 0.188948
vt 0.967817 0.957472
vt 0.970136 0.961988
vt 0.968352 0.966037
vt 0.968888 0.963328
vt 0.972455 0.966504
vt 0.967817 0.968746
vt 0.229679 0.349033
vt 0.227253 0.349708
vt 0.411244 0.899155
vt 0.411151 0.901941
vt 0.411244 0.906273
vt 0.408485 0.904410
vt 0.967395 0.607386
vt 0.972066 0.607180
vt 0.973053 0.612326
vt 0.967395 0.612334
vt 0.381032 0.960647
vt 0.386655 0.958923
vt 0.386655 0.965917
vt 0.380884 0.965243
vt 0.386655 0.972911
vt 0.380736 0.969840
vt 0.974040 0.617473
vt 0.967395 0.617282
vt 0.943055 0.617473
vt 0.943055 0.606400
vt 0.948336 0.605577
vt 0.948067 0.616981
vt 0.932927 0.299490
vt 0.921953 0.300036
vt 0.921953 0.293010
vt 0.933116 0.294835
vt 0.921953 0.285984
vt 0.933304 0.290180
vt 0.953617 0.604755
vt 0.953079 0.616490
vt 0.191022 0.677270
vt 0.182495 0.608711
vt 0.189698 0.608213
vt 0.198198 0.676383
vt 0.173969 0.540152
vt 0.181199 0.540044
vt 0.188428 0.539936
vt 0.196901 0.607716
vt 0.205374 0.675496
vt 0.182472 0.449584
vt 0.189686 0.449864
vt 0.190975 0.359015
vt 0.198174 0.359685
vt 0.205374 0.360354
vt 0.196901 0.450145
vt 0.803078 0.213211
vt 0.803001 0.210203
vt 0.810230 0.210069
vt 0.810306 0.213027
vt 0.817459 0.209935
vt 0.817533 0.212843
vt 0.831353 0.010071
vt 0.838578 0.009932
vt 0.831312 0.007081
vt 0.838534 0.006985
vt 0.845756 0.006889
vt 0.845803 0.009793
s 1
usemtl Material.006
f 1369/1723/971 1427/1724/972 1513/1725/973 1435/1726/974
f 1427/1724/972 1359/1727/975 1416/1728/976 1513/1725/973
f 1513/1725/973 1416/1728/976 1357/1729/977 1426/1730/978
f 1435/1726/974 1513/1725/973 1426/1730/978 1368/1731/979
f 1378/1732/980 1445/1733/981 1514/1734/982 1434/1735/983
f 1445/1736/981 1377/1737/984 1413/1738/985 1514/1739/982
f 1514/1740/982 1413/1741/985 1361/1742/986 1428/1743/987
f 1434/1735/983 1514/1734/982 1428/1744/987 1370/1745/988
f 1371/1746/989 1429/1747/990 1515/1748/991 1433/1749/992
f 1429/1747/990 1365/1750/993 1424/1751/994 1515/1748/991
f 1515/1748/991 1424/1751/994 1356/1752/995 1425/1753/996
f 1433/1749/992 1515/1748/991 1425/1753/996 1367/1754/997
f 1375/1755/998 1440/1756/999 1516/1757/1000 1432/1758/1001
f 1440/1759/999 1374/1760/1002 1419/1761/1003 1516/1762/1000
f 1516/1762/1000 1419/1761/1003 1363/1763/1004 1430/1764/1005
f 1432/1765/1001 1516/1762/1000 1430/1764/1005 1372/1766/1006
f 1372/1766/1006 1431/1767/1007 1517/1768/1008 1420/1769/1009
f 1431/1767/1007 1370/1745/988 1428/1744/987 1517/1768/1008
f 1517/1768/1008 1428/1744/987 1361/1770/986 1422/1771/1010
f 1420/1769/1009 1517/1768/1008 1422/1771/1010 1366/1772/1011
f 1363/1763/1004 1421/1773/1012 1518/1774/1013 1430/1764/1005
f 1421/1773/1012 1360/1775/1014 1414/1776/1015 1518/1774/1013
f 1518/1774/1013 1414/1776/1015 1370/1745/988 1431/1767/1007
f 1430/1764/1005 1518/1774/1013 1431/1767/1007 1372/1766/1006
f 1373/1777/1016 1439/1778/1017 1519/1779/1018 1436/1780/1019
f 1439/1778/1017 1375/1755/998 1432/1758/1001 1519/1779/1018
f 1519/1781/1018 1432/1765/1001 1372/1766/1006 1420/1769/1009
f 1436/1782/1019 1519/1781/1018 1420/1769/1009 1366/1772/1011
f 1364/1783/1020 1418/1784/1021 1520/1785/1022 1423/1786/1023
f 1418/1784/1021 1371/1746/989 1433/1749/992 1520/1785/1022
f 1520/1785/1022 1433/1749/992 1367/1754/997 1409/1787/1024
f 1423/1786/1023 1520/1785/1022 1409/1787/1024 1355/1788/1025
f 1376/1789/1026 1444/1790/1027 1521/1791/1028 1441/1792/1029
f 1444/1793/1027 1378/1732/980 1434/1735/983 1521/1794/1028
f 1521/1794/1028 1434/1735/983 1370/1745/988 1414/1776/1015
f 1441/1795/1029 1521/1794/1028 1414/1776/1015 1360/1775/1014
f 1362/1796/1030 1412/1797/1031 1522/1798/1032 1415/1799/1033
f 1412/1797/1031 1369/1723/971 1435/1726/974 1522/1798/1032
f 1522/1798/1032 1435/1726/974 1368/1731/979 1410/1800/1034
f 1415/1799/1033 1522/1798/1032 1410/1800/1034 1358/1801/1035
f 1365/1802/993 1429/1803/990 1523/1804/1036 1417/1805/1037
f 1429/1747/990 1371/1746/989 1438/1806/1038 1523/1807/1036
f 1523/1808/1036 1438/1809/1038 1375/1810/1039 1439/1811/1040
f 1417/1812/1037 1523/1813/1036 1439/1814/1040 1373/1815/1041
f 1371/1746/989 1418/1784/1021 1524/1816/1042 1438/1806/1038
f 1418/1817/1021 1364/1818/1020 1437/1819/1043 1524/1820/1042
f 1524/1821/1042 1437/1822/1043 1374/1823/1044 1440/1824/1045
f 1438/1809/1038 1524/1825/1042 1440/1826/1045 1375/1810/1039
f 1359/1727/975 1427/1724/972 1525/1827/1046 1411/1828/1047
f 1427/1724/972 1369/1723/971 1443/1829/1048 1525/1827/1046
f 1525/1830/1046 1443/1831/1048 1378/1832/1049 1444/1833/1050
f 1411/1834/1047 1525/1830/1046 1444/1833/1050 1376/1835/1051
f 1369/1723/971 1412/1797/1031 1526/1836/1052 1443/1829/1048
f 1412/1797/1031 1362/1796/1030 1442/1837/1053 1526/1836/1052
f 1526/1838/1052 1442/1839/1053 1377/1840/1054 1445/1841/1055
f 1443/1831/1048 1526/1838/1052 1445/1841/1055 1378/1832/1049
f 1368/1731/1056 1426/1730/1057 1527/1842/1058 1448/1843/1059
f 1426/1730/1057 1357/1729/1060 1449/1844/1061 1527/1842/1058
f 1527/1842/1058 1449/1844/1061 1379/1845/1062 1447/1846/1063
f 1448/1847/1059 1527/1848/1058 1447/1849/1063 1381/1850/1064
f 1358/1801/1065 1410/1800/1066 1528/1851/1067 1450/1852/1068
f 1410/1800/1066 1368/1731/1056 1448/1843/1059 1528/1851/1067
f 1528/1853/1067 1448/1847/1059 1381/1850/1064 1446/1854/1069
f 1450/1852/1068 1528/1851/1067 1446/1855/1069 1380/1856/1070
f 1396/1857/1071 1477/1858/1072 1529/1859/1073 1469/1860/1074
f 1477/1858/1072 1395/1861/1075 1468/1862/1076 1529/1859/1073
f 1529/1859/1073 1468/1862/1076 1384/1863/1077 1458/1864/1078
f 1469/1860/1074 1529/1859/1073 1458/1864/1078 1386/1865/1079
f 1405/1866/1080 1476/1867/1081 1530/1868/1082 1487/1869/1083
f 1476/1870/1081 1397/1871/1084 1470/1872/1085 1530/1873/1082
f 1530/1873/1082 1470/1872/1085 1388/1874/1086 1455/1875/1087
f 1487/1869/1083 1530/1868/1082 1455/1876/1087 1404/1877/1088
f 1398/1878/1089 1475/1879/1090 1531/1880/1091 1471/1881/1092
f 1475/1879/1090 1394/1882/1093 1467/1883/1094 1531/1880/1091
f 1531/1880/1091 1467/1883/1094 1383/1884/1095 1466/1885/1096
f 1471/1881/1092 1531/1880/1091 1466/1885/1096 1392/1886/1097
f 1402/1887/1098 1474/1888/1099 1532/1889/1100 1482/1890/1101
f 1474/1888/1099 1399/1891/1102 1472/1892/1103 1532/1889/1100
f 1532/1889/1100 1472/1892/1103 1390/1893/1104 1461/1894/1105
f 1482/1895/1101 1532/1896/1100 1461/1897/1105 1401/1898/1106
f 1399/1891/1102 1462/1899/1107 1533/1900/1108 1473/1901/1109
f 1462/1899/1107 1393/1902/1110 1464/1903/1111 1533/1900/1108
f 1533/1900/1108 1464/1903/1111 1388/1874/1086 1470/1872/1085
f 1473/1901/1109 1533/1900/1108 1470/1872/1085 1397/1871/1084
f 1390/1893/1104 1472/1892/1103 1534/1904/1112 1463/1905/1113
f 1472/1892/1103 1399/1891/1102 1473/1901/1109 1534/1904/1112
f 1534/1904/1112 1473/1901/1109 1397/1871/1084 1456/1906/1114
f 1463/1905/1113 1534/1904/1112 1456/1906/1114 1387/1907/1115
f 1400/1908/1116 1478/1909/1117 1535/1910/1118 1481/1911/1119
f 1478/1912/1117 1393/1902/1110 1462/1899/1107 1535/1913/1118
f 1535/1913/1118 1462/1899/1107 1399/1891/1102 1474/1888/1099
f 1481/1914/1119 1535/1913/1118 1474/1888/1099 1402/1887/1098
f 1391/1915/1120 1465/1916/1121 1536/1917/1122 1460/1918/1123
f 1465/1916/1121 1382/1919/1124 1451/1920/1125 1536/1917/1122
f 1536/1917/1122 1451/1920/1125 1394/1882/1093 1475/1879/1090
f 1460/1918/1123 1536/1917/1122 1475/1879/1090 1398/1878/1089
f 1403/1921/1126 1483/1922/1127 1537/1923/1128 1486/1924/1129
f 1483/1925/1127 1387/1907/1115 1456/1906/1114 1537/1926/1128
f 1537/1926/1128 1456/1906/1114 1397/1871/1084 1476/1870/1081
f 1486/1924/1129 1537/1923/1128 1476/1867/1081 1405/1866/1080
f 1389/1927/1130 1457/1928/1131 1538/1929/1132 1454/1930/1133
f 1457/1928/1131 1385/1931/1134 1452/1932/1135 1538/1929/1132
f 1538/1929/1132 1452/1932/1135 1395/1861/1075 1477/1858/1072
f 1454/1930/1133 1538/1929/1132 1477/1858/1072 1396/1857/1071
f 1392/1886/1097 1459/1933/1136 1539/1934/1137 1471/1881/1092
f 1459/1935/1136 1400/1936/1138 1481/1937/1139 1539/1938/1137
f 1539/1939/1137 1481/1940/1139 1402/1941/1140 1480/1942/1141
f 1471/1881/1092 1539/1934/1137 1480/1943/1141 1398/1878/1089
f 1398/1878/1089 1480/1943/1141 1540/1944/1142 1460/1918/1123
f 1480/1942/1141 1402/1941/1140 1482/1945/1143 1540/1946/1142
f 1540/1947/1142 1482/1895/1143 1401/1898/1144 1479/1948/1145
f 1460/1918/1123 1540/1944/1142 1479/1949/1145 1391/1915/1120
f 1386/1950/1079 1453/1951/1146 1541/1952/1147 1469/1953/1074
f 1453/1954/1146 1403/1955/1148 1486/1956/1149 1541/1957/1147
f 1541/1958/1147 1486/1959/1149 1405/1960/1150 1485/1961/1151
f 1469/1860/1074 1541/1962/1147 1485/1963/1151 1396/1857/1071
f 1396/1857/1071 1485/1963/1151 1542/1964/1152 1454/1930/1133
f 1485/1961/1151 1405/1960/1150 1487/1965/1153 1542/1966/1152
f 1542/1966/1152 1487/1965/1153 1404/1967/1154 1484/1968/1155
f 1454/1930/1133 1542/1964/1152 1484/1969/1155 1389/1927/1130
f 1395/1861/1156 1490/1970/1157 1543/1971/1158 1468/1862/1159
f 1490/1972/1157 1408/1973/1160 1489/1974/1161 1543/1975/1158
f 1543/1971/1158 1489/1976/1161 1406/1977/1162 1491/1978/1163
f 1468/1862/1159 1543/1971/1158 1491/1978/1163 1384/1863/1164
f 1385/1931/1165 1492/1979/1166 1544/1980/1167 1452/1932/1168
f 1492/1979/1166 1407/1981/1169 1488/1982/1170 1544/1980/1167
f 1544/1983/1167 1488/1984/1170 1408/1973/1160 1490/1972/1157
f 1452/1932/1168 1544/1980/1167 1490/1970/1157 1395/1861/1156
f 1355/1985/1171 1409/1986/1172 1545/1987/1172 1493/1988/1173
f 1409/1986/1172 1367/1989/1174 1505/1990/1174 1545/1987/1172
f 1545/1987/1172 1505/1990/1174 1394/1991/1174 1451/1992/1175
f 1493/1988/1173 1545/1987/1172 1451/1992/1175 1382/1993/1176
f 1359/1994/1177 1411/1995/1178 1546/1996/1179 1497/1997/1180
f 1411/1995/1178 1376/1998/1181 1508/1999/1182 1546/1996/1179
f 1546/1996/1179 1508/1999/1182 1403/2000/1183 1453/2001/1184
f 1497/1997/1180 1546/1996/1179 1453/2001/1184 1386/2002/1185
f 1361/2003/1186 1413/2004/1187 1547/2005/1188 1499/2006/1189
f 1413/2007/1187 1377/2008/1190 1509/2009/1191 1547/2010/1188
f 1547/2010/1188 1509/2009/1191 1404/2011/1192 1455/2012/1193
f 1499/2006/1189 1547/2005/1188 1455/2013/1193 1388/2014/1194
f 1362/2015/1195 1415/2016/1196 1548/2017/1197 1500/2018/1198
f 1415/2016/1196 1358/2019/1065 1496/2020/1199 1548/2017/1197
f 1548/2017/1197 1496/2020/1199 1385/2021/1165 1457/2022/1200
f 1500/2018/1198 1548/2017/1197 1457/2022/1200 1389/2023/1201
f 1357/2024/1060 1416/2025/1202 1549/2026/1203 1495/2027/1204
f 1416/2025/1202 1359/2028/1177 1497/2029/1180 1549/2026/1203
f 1549/2026/1203 1497/2029/1180 1386/2030/1185 1458/2031/1205
f 1495/2027/1204 1549/2026/1203 1458/2031/1205 1384/2032/1164
f 1365/2033/1206 1417/2034/1207 1550/2035/1208 1503/2036/1209
f 1417/2037/1207 1373/2038/1210 1506/2039/1211 1550/2040/1208
f 1550/2041/1208 1506/2042/1211 1400/2043/1212 1459/2044/1213
f 1503/2045/1209 1550/2046/1208 1459/2047/1213 1392/2048/1214
f 1363/2049/1215 1419/2050/1216 1551/2051/1217 1501/2052/1218
f 1419/2050/1216 1374/2053/1219 1507/2054/1220 1551/2051/1217
f 1551/2055/1217 1507/2056/1220 1401/2057/1221 1461/2058/1222
f 1501/2059/1218 1551/2055/1217 1461/2058/1222 1390/2060/1223
f 1360/2061/1224 1421/2062/1225 1552/2063/1226 1498/2064/1227
f 1421/2062/1225 1363/2065/1215 1501/2059/1218 1552/2063/1226
f 1552/2063/1226 1501/2059/1218 1390/2060/1223 1463/2066/1228
f 1498/2064/1227 1552/2063/1226 1463/2066/1228 1387/2067/1229
f 1366/2068/1230 1422/2069/1231 1553/2070/1232 1504/2071/1233
f 1422/2069/1231 1361/2072/1186 1499/2073/1189 1553/2070/1232
f 1553/2070/1232 1499/2073/1189 1388/2074/1194 1464/2075/1234
f 1504/2071/1233 1553/2070/1232 1464/2075/1234 1393/2076/1235
f 1364/2077/1236 1423/2078/1237 1554/2079/1238 1502/2080/1239
f 1423/2078/1237 1355/2081/1171 1493/2082/1173 1554/2079/1238
f 1554/2079/1238 1493/2082/1173 1382/2083/1176 1465/2084/1240
f 1502/2080/1239 1554/2079/1238 1465/2084/1240 1391/2085/1241
f 1356/2086/1242 1424/2087/1243 1555/2088/1244 1494/2089/1245
f 1424/2087/1243 1365/2090/1206 1503/2091/1209 1555/2088/1244
f 1555/2088/1244 1503/2091/1209 1392/2092/1214 1466/2093/1246
f 1494/2089/1245 1555/2088/1244 1466/2093/1246 1383/2094/1247
f 1367/1989/1174 1425/2095/1248 1556/2096/1248 1505/1990/1174
f 1425/2095/1248 1356/2097/1242 1494/2098/1245 1556/2096/1248
f 1556/2096/1248 1494/2098/1245 1383/2099/1247 1467/2100/1249
f 1505/1990/1174 1556/2096/1248 1467/2100/1249 1394/1991/1174
f 1373/2101/1210 1436/2102/1250 1557/2103/1251 1506/2104/1211
f 1436/2102/1250 1366/2105/1230 1504/2106/1233 1557/2103/1251
f 1557/2107/1251 1504/2071/1233 1393/2076/1235 1478/2108/1252
f 1506/2109/1211 1557/2107/1251 1478/2108/1252 1400/2110/1212
f 1374/2111/1219 1437/2112/1253 1558/2113/1254 1507/2114/1220
f 1437/2112/1253 1364/2115/1236 1502/2116/1239 1558/2113/1254
f 1558/2117/1254 1502/2118/1239 1391/1915/1241 1479/1949/1255
f 1507/2119/1220 1558/2120/1254 1479/2121/1255 1401/2122/1221
f 1376/2123/1181 1441/2124/1256 1559/2125/1257 1508/2126/1182
f 1441/2127/1256 1360/2128/1224 1498/2129/1227 1559/2130/1257
f 1559/2130/1257 1498/2129/1227 1387/2131/1229 1483/2132/1258
f 1508/2126/1182 1559/2125/1257 1483/2133/1258 1403/2134/1183
f 1377/2135/1190 1442/2136/1259 1560/2137/1260 1509/2138/1191
f 1442/2139/1259 1362/2140/1195 1500/2141/1198 1560/2142/1260
f 1560/2142/1260 1500/2141/1198 1389/2143/1201 1484/2144/1261
f 1509/2138/1191 1560/2137/1260 1484/2145/1261 1404/2146/1192
f 1380/2147/1070 1446/2148/1262 1561/2149/1263 1511/2150/1264
f 1446/2148/1262 1381/2151/1265 1512/2152/1266 1561/2149/1263
f 1561/2149/1263 1512/2152/1266 1408/2153/1267 1488/2154/1268
f 1511/2150/1264 1561/2149/1263 1488/2154/1268 1407/2155/1169
f 1381/2151/1265 1447/2156/1269 1562/2157/1270 1512/2152/1266
f 1447/2156/1269 1379/2158/1062 1510/2159/1271 1562/2157/1270
f 1562/2157/1270 1510/2159/1271 1406/2160/1162 1489/2161/1272
f 1512/2152/1266 1562/2157/1270 1489/2161/1272 1408/2153/1267
f 1379/2162/1062 1449/2163/1061 1563/2164/1273 1510/2165/1271
f 1449/2163/1061 1357/2024/1060 1495/2027/1204 1563/2164/1273
f 1563/2164/1273 1495/2027/1204 1384/2032/1164 1491/2166/1163
f 1510/2165/1271 1563/2164/1273 1491/2166/1163 1406/2167/1162
f 1358/2019/1065 1450/2168/1068 1564/2169/1274 1496/2020/1199
f 1450/2168/1068 1380/2170/1070 1511/2171/1264 1564/2169/1274
f 1564/2169/1274 1511/2171/1264 1407/2172/1169 1492/2173/1166
f 1496/2020/1199 1564/2169/1274 1492/2173/1166 1385/2021/1165
o BézierCircle.001
v 0.012466 -0.083418 0.204647
v 0.012465 -0.082543 0.203772
v 0.012462 -0.082223 0.202576
v 0.012460 -0.082543 0.201381
v 0.012458 -0.083418 0.200506
v 0.012458 -0.084614 0.200185
v 0.012458 -0.085809 0.200506
v 0.012460 -0.086684 0.201381
v 0.012462 -0.087005 0.202576
v 0.012465 -0.086684 0.203772
v 0.012466 -0.085809 0.204647
v 0.012467 -0.084614 0.204967
v -0.017675 -0.083407 0.203498
v -0.017598 -0.082532 0.202626
v -0.017493 -0.082211 0.201435
v -0.017389 -0.082532 0.200244
v -0.017314 -0.083407 0.199372
v -0.017287 -0.084602 0.199053
v -0.017316 -0.085798 0.199372
v -0.017393 -0.086673 0.200244
v -0.017497 -0.086993 0.201435
v -0.017601 -0.086673 0.202626
v -0.017677 -0.085798 0.203497
v -0.017704 -0.084602 0.203817
v -0.043027 -0.083375 0.200012
v -0.042852 -0.082500 0.199154
v -0.042613 -0.082180 0.197983
v -0.042375 -0.082501 0.196811
v -0.042202 -0.083376 0.195954
v -0.042140 -0.084572 0.195639
v -0.042206 -0.085767 0.195953
v -0.042382 -0.086642 0.196811
v -0.042621 -0.086962 0.197982
v -0.042859 -0.086642 0.199154
v -0.043032 -0.085766 0.200011
v -0.043093 -0.084571 0.200325
v -0.064044 -0.083328 0.194309
v -0.063745 -0.082453 0.193486
v -0.063338 -0.082133 0.192362
v -0.062933 -0.082454 0.191237
v -0.062639 -0.083330 0.190413
v -0.062533 -0.084526 0.190111
v -0.062645 -0.085721 0.190412
v -0.062944 -0.086596 0.191235
v -0.063351 -0.086915 0.192359
v -0.063756 -0.086594 0.193484
v -0.064051 -0.085719 0.194308
v -0.064156 -0.084523 0.194609
v -0.081157 -0.083268 0.186503
v -0.080714 -0.082394 0.185746
v -0.080114 -0.082075 0.184712
v -0.079515 -0.082396 0.183678
v -0.079079 -0.083272 0.182920
v -0.078923 -0.084468 0.182642
v -0.079088 -0.085663 0.182918
v -0.079530 -0.086538 0.183674
v -0.080131 -0.086857 0.184708
v -0.080730 -0.086535 0.185743
v -0.081165 -0.085659 0.186500
v -0.081322 -0.084463 0.186779
v -0.094767 -0.083200 0.176719
v -0.094180 -0.082326 0.176067
v -0.093382 -0.082008 0.175177
v -0.092587 -0.082331 0.174285
v -0.092008 -0.083207 0.173631
v -0.091800 -0.084403 0.173390
v -0.092019 -0.085598 0.173627
v -0.092606 -0.086472 0.174278
v -0.093404 -0.086790 0.175169
v -0.094199 -0.086467 0.176061
v -0.094778 -0.085590 0.176715
v -0.094986 -0.084394 0.176956
v -0.105262 -0.083127 0.165118
v -0.104552 -0.082254 0.164602
v -0.103587 -0.081937 0.163895
v -0.102626 -0.082261 0.163186
v -0.101925 -0.083139 0.162666
v -0.101673 -0.084335 0.162474
v -0.101937 -0.085530 0.162661
v -0.102647 -0.086402 0.163177
v -0.103612 -0.086719 0.163885
v -0.104574 -0.086395 0.164593
v -0.105274 -0.085518 0.165113
v -0.105526 -0.084321 0.165305
v -0.113047 -0.083054 0.151898
v -0.112253 -0.082183 0.151523
v -0.111172 -0.081867 0.151008
v -0.110096 -0.082191 0.150491
v -0.109311 -0.083070 0.150111
v -0.109028 -0.084266 0.149970
v -0.109324 -0.085461 0.150105
v -0.110118 -0.086333 0.150481
v -0.111198 -0.086649 0.150996
v -0.112275 -0.086324 0.151512
v -0.113059 -0.085445 0.151892
v -0.113342 -0.084249 0.152033
v -0.118567 -0.082986 0.137256
v -0.117726 -0.082115 0.137004
v -0.116580 -0.081800 0.136656
v -0.115438 -0.082125 0.136308
v -0.114605 -0.083004 0.136051
v -0.114305 -0.084201 0.135955
v -0.114618 -0.085395 0.136045
v -0.115460 -0.086267 0.136297
v -0.116606 -0.086582 0.136644
v -0.117748 -0.086256 0.136993
v -0.118580 -0.085377 0.137250
v -0.118880 -0.084180 0.137346
v -0.122294 -0.082927 0.121361
v -0.121430 -0.082056 0.121202
v -0.120253 -0.081741 0.120982
v -0.119080 -0.082067 0.120761
v -0.118224 -0.082946 0.120598
v -0.117916 -0.084143 0.120536
v -0.118237 -0.085337 0.120592
v -0.119102 -0.086208 0.120752
v -0.120278 -0.086523 0.120971
v -0.121452 -0.086197 0.121192
v -0.122307 -0.085318 0.121355
v -0.122616 -0.084121 0.121417
v -0.124698 -0.082879 0.104357
v -0.123824 -0.082009 0.104260
v -0.122634 -0.081694 0.104126
v -0.121448 -0.082021 0.103991
v -0.120583 -0.082900 0.103891
v -0.120271 -0.084097 0.103853
v -0.120596 -0.085291 0.103887
v -0.121470 -0.086162 0.103984
v -0.122659 -0.086476 0.104118
v -0.123845 -0.086150 0.104253
v -0.124710 -0.085270 0.104353
v -0.125022 -0.084073 0.104391
v -0.126238 -0.082848 0.086379
v -0.125361 -0.081978 0.086316
v -0.124167 -0.081663 0.086229
v -0.122976 -0.081990 0.086142
v -0.122108 -0.082869 0.086078
v -0.121795 -0.084066 0.086054
v -0.122120 -0.085260 0.086076
v -0.122997 -0.086131 0.086139
v -0.124191 -0.086445 0.086225
v -0.125382 -0.086119 0.086312
v -0.126250 -0.085239 0.086377
v -0.126564 -0.084042 0.086401
v -0.127370 -0.082838 0.067470
v -0.126492 -0.081967 0.067436
v -0.125295 -0.081652 0.067402
v -0.124102 -0.081978 0.067376
v -0.123231 -0.082857 0.067366
v -0.122916 -0.084054 0.067374
v -0.123241 -0.085248 0.067399
v -0.124120 -0.086119 0.067432
v -0.125316 -0.086434 0.067467
v -0.126510 -0.086108 0.067492
v -0.127381 -0.085228 0.067502
v -0.127696 -0.084032 0.067494
v -0.127217 -0.083262 0.052101
v -0.126340 -0.082389 0.052123
v -0.125146 -0.082071 0.052201
v -0.123957 -0.082392 0.052314
v -0.123089 -0.083267 0.052432
v -0.122776 -0.084461 0.052523
v -0.123102 -0.085654 0.052562
v -0.123979 -0.086527 0.052540
v -0.125173 -0.086846 0.052461
v -0.126363 -0.086525 0.052348
v -0.127230 -0.085650 0.052231
v -0.127543 -0.084456 0.052140
v -0.125054 -0.084440 0.037858
v -0.124189 -0.083561 0.037961
v -0.123020 -0.083230 0.038194
v -0.121859 -0.083536 0.038494
v -0.121018 -0.084396 0.038782
v -0.120721 -0.085582 0.038980
v -0.121050 -0.086774 0.039035
v -0.121914 -0.087653 0.038932
v -0.123084 -0.087984 0.038699
v -0.124245 -0.087678 0.038398
v -0.125086 -0.086818 0.038111
v -0.125382 -0.085632 0.037913
v -0.121000 -0.086223 0.024850
v -0.120163 -0.085332 0.025040
v -0.119043 -0.084979 0.025431
v -0.117940 -0.085260 0.025917
v -0.117150 -0.086098 0.026370
v -0.116885 -0.087270 0.026667
v -0.117216 -0.088461 0.026729
v -0.118053 -0.089353 0.026539
v -0.119173 -0.089705 0.026148
v -0.120276 -0.089425 0.025661
v -0.121066 -0.088586 0.025208
v -0.121331 -0.087414 0.024911
v -0.115187 -0.088459 0.013107
v -0.114393 -0.087551 0.013386
v -0.113348 -0.087170 0.013929
v -0.112332 -0.087418 0.014590
v -0.111616 -0.088228 0.015193
v -0.111393 -0.089384 0.015575
v -0.111723 -0.090576 0.015635
v -0.112516 -0.091484 0.015356
v -0.113561 -0.091865 0.014813
v -0.114577 -0.091617 0.014152
v -0.115293 -0.090806 0.013549
v -0.115516 -0.089650 0.013167
v -0.107750 -0.090994 0.002658
v -0.107017 -0.090066 0.003022
v -0.106070 -0.089652 0.003703
v -0.105163 -0.089863 0.004517
v -0.104537 -0.090643 0.005247
v -0.104362 -0.091783 0.005697
v -0.104684 -0.092977 0.005746
v -0.105417 -0.093905 0.005382
v -0.106364 -0.094319 0.004701
v -0.107272 -0.094108 0.003887
v -0.107897 -0.093328 0.003157
v -0.108072 -0.092188 0.002707
v -0.098833 -0.093676 -0.006480
v -0.098175 -0.092725 -0.006038
v -0.097343 -0.092276 -0.005239
v -0.096559 -0.092451 -0.004297
v -0.096033 -0.093201 -0.003466
v -0.095906 -0.094327 -0.002967
v -0.096212 -0.095525 -0.002934
v -0.096869 -0.096476 -0.003376
v -0.097701 -0.096925 -0.004175
v -0.098485 -0.096750 -0.005117
v -0.099011 -0.096000 -0.005948
v -0.099139 -0.094874 -0.006448
v -0.088575 -0.096350 -0.014296
v -0.088005 -0.095377 -0.013786
v -0.087300 -0.094896 -0.012891
v -0.086646 -0.095036 -0.011849
v -0.086221 -0.095761 -0.010940
v -0.086137 -0.096875 -0.010408
v -0.086417 -0.098081 -0.010395
v -0.086986 -0.099054 -0.010905
v -0.087691 -0.099535 -0.011801
v -0.088345 -0.099395 -0.012843
v -0.088770 -0.098670 -0.013751
v -0.088855 -0.097556 -0.014283
v -0.077114 -0.098868 -0.020784
v -0.076642 -0.097874 -0.020218
v -0.076070 -0.097364 -0.019247
v -0.075548 -0.097476 -0.018130
v -0.075219 -0.098179 -0.017167
v -0.075169 -0.099286 -0.016615
v -0.075413 -0.100499 -0.016623
v -0.075884 -0.101494 -0.017188
v -0.076457 -0.102004 -0.018160
v -0.076978 -0.101892 -0.019277
v -0.077308 -0.101189 -0.020240
v -0.077357 -0.100082 -0.020792
v -0.064584 -0.101082 -0.025940
v -0.064218 -0.100068 -0.025331
v -0.063780 -0.099535 -0.024304
v -0.063389 -0.099624 -0.023133
v -0.063148 -0.100312 -0.022133
v -0.063122 -0.101415 -0.021571
v -0.063319 -0.102636 -0.021599
v -0.063685 -0.103650 -0.022208
v -0.064123 -0.104183 -0.023235
v -0.064514 -0.104094 -0.024406
v -0.064755 -0.103406 -0.025406
v -0.064781 -0.102303 -0.025968
v -0.051115 -0.102843 -0.029763
v -0.050860 -0.101815 -0.029122
v -0.050559 -0.101264 -0.028055
v -0.050291 -0.101338 -0.026849
v -0.050130 -0.102015 -0.025826
v -0.050117 -0.103116 -0.025261
v -0.050257 -0.104345 -0.025304
v -0.050512 -0.105373 -0.025945
v -0.050814 -0.105924 -0.027012
v -0.051081 -0.105851 -0.028218
v -0.051243 -0.105173 -0.029241
v -0.051255 -0.104072 -0.029806
v -0.036835 -0.104007 -0.032247
v -0.036696 -0.102970 -0.031586
v -0.036529 -0.102408 -0.030495
v -0.036380 -0.102472 -0.029269
v -0.036287 -0.103144 -0.028234
v -0.036277 -0.104245 -0.027668
v -0.036351 -0.105479 -0.027723
v -0.036490 -0.106516 -0.028384
v -0.036657 -0.107078 -0.029474
v -0.036807 -0.107014 -0.030701
v -0.036899 -0.106342 -0.031736
v -0.036910 -0.105241 -0.032302
v -0.021810 -0.104430 -0.033390
v -0.021784 -0.103389 -0.032722
v -0.021763 -0.102822 -0.031622
v -0.021751 -0.102881 -0.030385
v -0.021752 -0.103550 -0.029344
v -0.021766 -0.104650 -0.028777
v -0.021788 -0.105886 -0.028835
v -0.021813 -0.106927 -0.029504
v -0.021835 -0.107494 -0.030604
v -0.021846 -0.107435 -0.031840
v -0.021845 -0.106766 -0.032882
v -0.021832 -0.105667 -0.033449
v -0.008709 -0.104526 -0.032661
v -0.008786 -0.103484 -0.031998
v -0.008928 -0.102914 -0.030909
v -0.009096 -0.102970 -0.029684
v -0.009245 -0.103637 -0.028652
v -0.009335 -0.104736 -0.028089
v -0.009342 -0.105972 -0.028147
v -0.009264 -0.107015 -0.028809
v -0.009123 -0.107584 -0.029899
v -0.008955 -0.107528 -0.031124
v -0.008806 -0.106861 -0.032156
v -0.008716 -0.105763 -0.032718
v 0.004564 -0.104757 -0.029756
v 0.004394 -0.103713 -0.029113
v 0.004092 -0.103141 -0.028058
v 0.003739 -0.103194 -0.026873
v 0.003429 -0.103858 -0.025876
v 0.003246 -0.104956 -0.025333
v 0.003239 -0.106192 -0.025391
v 0.003409 -0.107236 -0.026033
v 0.003711 -0.107808 -0.027089
v 0.004064 -0.107755 -0.028274
v 0.004373 -0.107091 -0.029271
v 0.004556 -0.105993 -0.029814
v 0.017668 -0.105052 -0.024797
v 0.017411 -0.104006 -0.024187
v 0.016965 -0.103430 -0.023186
v 0.016448 -0.103480 -0.022062
v 0.015999 -0.104141 -0.021117
v 0.015738 -0.105237 -0.020604
v 0.015736 -0.106473 -0.020660
v 0.015993 -0.107519 -0.021270
v 0.016439 -0.108094 -0.022270
v 0.016956 -0.108045 -0.023394
v 0.017405 -0.107384 -0.024339
v 0.017665 -0.106288 -0.024852
v 0.030331 -0.105337 -0.017896
v 0.029993 -0.104289 -0.017330
v 0.029415 -0.103711 -0.016401
v 0.028753 -0.103758 -0.015357
v 0.028182 -0.104416 -0.014478
v 0.027857 -0.105510 -0.013999
v 0.027865 -0.106747 -0.014050
v 0.028202 -0.107795 -0.014616
v 0.028780 -0.108373 -0.015545
v 0.029443 -0.108326 -0.016589
v 0.030014 -0.107667 -0.017468
v 0.030339 -0.106573 -0.017947
v 0.042281 -0.105539 -0.009163
v 0.041866 -0.104490 -0.008654
v 0.041169 -0.103911 -0.007812
v 0.040375 -0.103955 -0.006863
v 0.039697 -0.104612 -0.006062
v 0.039318 -0.105706 -0.005623
v 0.039339 -0.106942 -0.005664
v 0.039754 -0.107991 -0.006174
v 0.040451 -0.108571 -0.007016
v 0.041245 -0.108526 -0.007964
v 0.041922 -0.107869 -0.008765
v 0.042301 -0.106776 -0.009204
v 0.053241 -0.105587 0.001296
v 0.052755 -0.104538 0.001737
v 0.051947 -0.103958 0.002474
v 0.051036 -0.104002 0.003311
v 0.050265 -0.104659 0.004022
v 0.049841 -0.105752 0.004418
v 0.049877 -0.106989 0.004391
v 0.050364 -0.108038 0.003951
v 0.051171 -0.108618 0.003213
v 0.052082 -0.108574 0.002377
v 0.052853 -0.107917 0.001666
v 0.053277 -0.106824 0.001270
v 0.062934 -0.105408 0.013377
v 0.062380 -0.104360 0.013735
v 0.061475 -0.103782 0.014350
v 0.060461 -0.103828 0.015057
v 0.059608 -0.104486 0.015667
v 0.059147 -0.105580 0.016016
v 0.059200 -0.106817 0.016011
v 0.059753 -0.107865 0.015653
v 0.060658 -0.108443 0.015038
v 0.061673 -0.108396 0.014331
v 0.062525 -0.107738 0.013721
v 0.062986 -0.106644 0.013372
v 0.071075 -0.104927 0.026975
v 0.070464 -0.103883 0.027236
v 0.069475 -0.103310 0.027710
v 0.068373 -0.103362 0.028271
v 0.067453 -0.104024 0.028767
v 0.066962 -0.105120 0.029067
v 0.067031 -0.106356 0.029089
v 0.067642 -0.107400 0.028828
v 0.068631 -0.107973 0.028354
v 0.069734 -0.107921 0.027793
v 0.070653 -0.107259 0.027297
v 0.071145 -0.106163 0.026997
v 0.077382 -0.104074 0.041980
v 0.076725 -0.103036 0.042131
v 0.075669 -0.102472 0.042447
v 0.074499 -0.102533 0.042845
v 0.073527 -0.103203 0.043218
v 0.073014 -0.104302 0.043466
v 0.073098 -0.105535 0.043523
v 0.073756 -0.106573 0.043372
v 0.074811 -0.107137 0.043056
v 0.075981 -0.107076 0.042658
v 0.076953 -0.106406 0.042285
v 0.077466 -0.105307 0.042037
v 0.081568 -0.102775 0.058281
v 0.080880 -0.101747 0.058310
v 0.079781 -0.101197 0.058455
v 0.078566 -0.101272 0.058679
v 0.077560 -0.101952 0.058921
v 0.077034 -0.103055 0.059116
v 0.077128 -0.104285 0.059213
v 0.077816 -0.105313 0.059184
v 0.078916 -0.105863 0.059039
v 0.080130 -0.105788 0.058815
v 0.081136 -0.105108 0.058573
v 0.081662 -0.104005 0.058378
v 0.083351 -0.100958 0.075761
v 0.082649 -0.099943 0.075661
v 0.081532 -0.099412 0.075629
v 0.080298 -0.099506 0.075673
v 0.079279 -0.100200 0.075781
v 0.078748 -0.101308 0.075924
v 0.078846 -0.102534 0.076065
v 0.079548 -0.103549 0.076165
v 0.080665 -0.104080 0.076197
v 0.081898 -0.103986 0.076153
v 0.082917 -0.103292 0.076045
v 0.083449 -0.102184 0.075902
v 0.082437 -0.098542 0.094393
v 0.081745 -0.097547 0.094139
v 0.080643 -0.097044 0.093886
v 0.079426 -0.097167 0.093702
v 0.078418 -0.097883 0.093637
v 0.077892 -0.099001 0.093707
v 0.077987 -0.100221 0.093895
v 0.078678 -0.101216 0.094149
v 0.079780 -0.101719 0.094402
v 0.080998 -0.101596 0.094586
v 0.082005 -0.100879 0.094651
v 0.082532 -0.099761 0.094580
v 0.075949 -0.095101 0.116945
v 0.075333 -0.094141 0.116464
v 0.074343 -0.093689 0.115874
v 0.073244 -0.093867 0.115333
v 0.072331 -0.094627 0.114985
v 0.071849 -0.095765 0.114924
v 0.071926 -0.096976 0.115166
v 0.072541 -0.097936 0.115646
v 0.073531 -0.098388 0.116236
v 0.074630 -0.098210 0.116778
v 0.075543 -0.097450 0.117126
v 0.076026 -0.096312 0.117187
v 0.063881 -0.092347 0.131857
v 0.063464 -0.091432 0.131136
v 0.062772 -0.091048 0.130184
v 0.061992 -0.091298 0.129256
v 0.061332 -0.092115 0.128601
v 0.060970 -0.093280 0.128395
v 0.061001 -0.094481 0.128692
v 0.061419 -0.095396 0.129413
v 0.062110 -0.095780 0.130365
v 0.062890 -0.095530 0.131292
v 0.063550 -0.094713 0.131947
v 0.063913 -0.093548 0.132154
v 0.047794 -0.090257 0.139714
v 0.047645 -0.089378 0.138856
v 0.047355 -0.089047 0.137699
v 0.047003 -0.089354 0.136553
v 0.046682 -0.090217 0.135725
v 0.046478 -0.091403 0.135437
v 0.046446 -0.092596 0.135767
v 0.046595 -0.093475 0.136625
v 0.046884 -0.093805 0.137782
v 0.047237 -0.093498 0.138928
v 0.047558 -0.092636 0.139756
v 0.047762 -0.091450 0.140044
v 0.029370 -0.088768 0.141446
v 0.029461 -0.087909 0.140560
v 0.029527 -0.087609 0.139361
v 0.029551 -0.087947 0.138171
v 0.029526 -0.088835 0.137309
v 0.029459 -0.090033 0.137005
v 0.029367 -0.091220 0.137341
v 0.029276 -0.092079 0.138227
v 0.029210 -0.092380 0.139426
v 0.029187 -0.092041 0.140616
v 0.029212 -0.091153 0.141479
v 0.029279 -0.089956 0.141783
v 0.010089 -0.087783 0.138149
v 0.010361 -0.086934 0.137291
v 0.010693 -0.086648 0.136133
v 0.010996 -0.087001 0.134987
v 0.011189 -0.087900 0.134158
v 0.011219 -0.089103 0.133869
v 0.011079 -0.090288 0.134198
v 0.010807 -0.091138 0.135056
v 0.010475 -0.091424 0.136214
v 0.010172 -0.091070 0.137360
v 0.009979 -0.090171 0.138189
v 0.009949 -0.088968 0.138478
v -0.008713 -0.087204 0.130850
v -0.008297 -0.086360 0.130047
v -0.007758 -0.086080 0.128969
v -0.007240 -0.086441 0.127904
v -0.006883 -0.087346 0.127138
v -0.006782 -0.088551 0.126876
v -0.006964 -0.089735 0.127189
v -0.007381 -0.090579 0.127992
v -0.007920 -0.090859 0.129071
v -0.008437 -0.090498 0.130136
v -0.008794 -0.089593 0.130901
v -0.008895 -0.088388 0.131163
v -0.025707 -0.086944 0.120501
v -0.025160 -0.086101 0.119778
v -0.024438 -0.085825 0.118812
v -0.023733 -0.086189 0.117862
v -0.023234 -0.087096 0.117183
v -0.023076 -0.088302 0.116956
v -0.023301 -0.089485 0.117243
v -0.023848 -0.090327 0.117966
v -0.024570 -0.090603 0.118932
v -0.025275 -0.090240 0.119882
v -0.025774 -0.089333 0.120561
v -0.025932 -0.088126 0.120788
v -0.039548 -0.086917 0.107994
v -0.038864 -0.086075 0.107398
v -0.037953 -0.085799 0.106606
v -0.037059 -0.086163 0.105832
v -0.036421 -0.087070 0.105283
v -0.036210 -0.088277 0.105105
v -0.036483 -0.089460 0.105347
v -0.037167 -0.090302 0.105943
v -0.038078 -0.090577 0.106734
v -0.038972 -0.090213 0.107508
v -0.039610 -0.089306 0.108058
v -0.039821 -0.088099 0.108235
v -0.048846 -0.087043 0.094143
v -0.048018 -0.086199 0.093776
v -0.046911 -0.085920 0.093297
v -0.045823 -0.086282 0.092833
v -0.045043 -0.087188 0.092509
v -0.044783 -0.088393 0.092411
v -0.045110 -0.089577 0.092565
v -0.045938 -0.090421 0.092931
v -0.047045 -0.090699 0.093411
v -0.048134 -0.090337 0.093875
v -0.048913 -0.089432 0.094199
v -0.049173 -0.088226 0.094297
v -0.052026 -0.087242 0.079736
v -0.051127 -0.086393 0.079773
v -0.049924 -0.086108 0.079834
v -0.048740 -0.086463 0.079902
v -0.047893 -0.087363 0.079960
v -0.047609 -0.088568 0.079992
v -0.047965 -0.089753 0.079989
v -0.048864 -0.090602 0.079953
v -0.050067 -0.090887 0.079892
v -0.051251 -0.090532 0.079823
v -0.052098 -0.089632 0.079765
v -0.052382 -0.088428 0.079733
v -0.047353 -0.087427 0.065976
v -0.046609 -0.086573 0.066474
v -0.045615 -0.086280 0.067150
v -0.044635 -0.086627 0.067822
v -0.043933 -0.087522 0.068310
v -0.043698 -0.088725 0.068484
v -0.043991 -0.089913 0.068297
v -0.044735 -0.090767 0.067799
v -0.045729 -0.091060 0.067123
v -0.046709 -0.090713 0.066451
v -0.047411 -0.089818 0.065963
v -0.047646 -0.088615 0.065789
v -0.033599 -0.087507 0.054323
v -0.033168 -0.086651 0.055106
v -0.032588 -0.086355 0.056158
v -0.032014 -0.086700 0.057200
v -0.031601 -0.087593 0.057950
v -0.031459 -0.088795 0.058209
v -0.031625 -0.089984 0.057906
v -0.032056 -0.090841 0.057124
v -0.032636 -0.091136 0.056071
v -0.033209 -0.090791 0.055030
v -0.033623 -0.089898 0.054280
v -0.033765 -0.088696 0.054021
vn -0.0329 0.4968 0.8673
vn -0.0189 0.8630 0.5049
vn 0.0001 1.0000 0.0066
vn 0.0192 0.8686 -0.4951
vn 0.0331 0.5025 -0.8640
vn 0.0380 -0.0000 -0.9993
vn 0.0327 -0.5025 -0.8639
vn 0.0185 -0.8687 -0.4950
vn -0.0006 -1.0000 0.0066
vn -0.0196 -0.8630 0.5049
vn -0.0333 -0.4969 0.8672
vn -0.0381 -0.0001 0.9993
vn -0.0754 0.4965 0.8648
vn -0.0435 0.8625 0.5042
vn 0.0001 1.0000 0.0081
vn 0.0438 0.8695 -0.4920
vn 0.0757 0.5034 -0.8607
vn 0.0872 -0.0001 -0.9962
vn 0.0749 -0.5036 -0.8607
vn 0.0424 -0.8696 -0.4920
vn -0.0015 -1.0000 0.0080
vn -0.0448 -0.8625 0.5041
vn -0.0761 -0.4965 0.8647
vn -0.0873 -0.0000 0.9962
vn -0.1724 0.4955 0.8513
vn -0.0998 0.8615 0.4978
vn -0.0004 0.9999 0.0105
vn 0.0996 0.8705 -0.4820
vn 0.1729 0.5044 -0.8460
vn 0.1993 -0.0003 -0.9799
vn 0.1712 -0.5048 -0.8461
vn 0.0966 -0.8707 -0.4823
vn -0.0038 -0.9999 0.0102
vn -0.1028 -0.8614 0.4975
vn -0.1741 -0.4954 0.8511
vn -0.1995 0.0001 0.9799
vn -0.2939 0.4946 0.8179
vn -0.1708 0.8604 0.4800
vn -0.0019 0.9999 0.0131
vn 0.1686 0.8715 -0.4604
vn 0.2941 0.5054 -0.8112
vn 0.3393 -0.0006 -0.9407
vn 0.2913 -0.5064 -0.8116
vn 0.1639 -0.8721 -0.4611
vn -0.0073 -0.9999 0.0122
vn -0.1755 -0.8600 0.4792
vn -0.2965 -0.4939 0.8174
vn -0.3396 0.0004 0.9406
vn -0.4347 0.4941 0.7530
vn -0.2536 0.8596 0.4435
vn -0.0044 0.9999 0.0148
vn 0.2479 0.8725 -0.4212
vn 0.4341 0.5061 -0.7452
vn 0.5015 -0.0011 -0.8652
vn 0.4304 -0.5081 -0.7461
vn 0.2414 -0.8736 -0.4227
vn -0.0118 -0.9998 0.0130
vn -0.2600 -0.8586 0.4419
vn -0.4383 -0.4924 0.7520
vn -0.5018 0.0010 0.8650
vn -0.5777 0.4943 0.6496
vn -0.3378 0.8595 0.3837
vn -0.0071 0.9999 0.0145
vn 0.3282 0.8727 -0.3615
vn 0.5763 0.5061 -0.6416
vn 0.6663 -0.0019 -0.7457
vn 0.5717 -0.5095 -0.6431
vn 0.3202 -0.8746 -0.3641
vn -0.0162 -0.9998 0.0115
vn -0.3456 -0.8576 0.3810
vn -0.5821 -0.4911 0.6481
vn -0.6664 0.0018 0.7456
vn -0.6986 0.4954 0.5163
vn -0.4084 0.8603 0.3052
vn -0.0084 0.9999 0.0120
vn 0.3971 0.8719 -0.2866
vn 0.6970 0.5050 -0.5091
vn 0.8059 -0.0028 -0.5920
vn 0.6918 -0.5100 -0.5112
vn 0.3881 -0.8747 -0.2902
vn -0.0186 -0.9998 0.0078
vn -0.4171 -0.8574 0.3015
vn -0.7035 -0.4905 0.5142
vn -0.8058 0.0028 0.5922
vn -0.7816 0.4972 0.3766
vn -0.4559 0.8618 0.2225
vn -0.0074 0.9999 0.0086
vn 0.4460 0.8703 -0.2089
vn 0.7807 0.5030 -0.3707
vn 0.9022 -0.0037 -0.4313
vn 0.7753 -0.5094 -0.3733
vn 0.4367 -0.8740 -0.2133
vn -0.0180 -0.9998 0.0036
vn -0.4650 -0.8580 0.2182
vn -0.7869 -0.4908 0.3741
vn -0.9020 0.0037 0.4317
vn -0.8284 0.4992 0.2542
vn -0.4814 0.8636 0.1501
vn -0.0049 1.0000 0.0057
vn 0.4753 0.8685 -0.1409
vn 0.8287 0.5009 -0.2498
vn 0.9568 -0.0043 -0.2908
vn 0.8233 -0.5084 -0.2524
vn 0.4660 -0.8728 -0.1454
vn -0.0156 -0.9999 0.0006
vn -0.4906 -0.8591 0.1457
vn -0.8337 -0.4916 0.2517
vn -0.9567 0.0044 0.2912
vn -0.8504 0.5009 0.1611
vn -0.4923 0.8652 0.0951
vn -0.0020 1.0000 0.0036
vn 0.4906 0.8668 -0.0891
vn 0.8520 0.4991 -0.1580
vn 0.9829 -0.0047 -0.1841
vn 0.8468 -0.5073 -0.1603
vn 0.4814 -0.8715 -0.0930
vn -0.0126 -0.9999 -0.0009
vn -0.5014 -0.8604 0.0912
vn -0.8556 -0.4926 0.1588
vn -0.9829 0.0048 0.1843
vn -0.8590 0.5024 0.0986
vn -0.4957 0.8665 0.0582
vn 0.0007 1.0000 0.0022
vn 0.4979 0.8655 -0.0545
vn 0.8620 0.4977 -0.0965
vn 0.9936 -0.0049 -0.1126
vn 0.8568 -0.5062 -0.0982
vn 0.4890 -0.8704 -0.0574
vn -0.0097 -1.0000 -0.0012
vn -0.5047 -0.8615 0.0553
vn -0.8642 -0.4937 0.0969
vn -0.9936 0.0050 0.1127
vn -0.8617 0.5034 0.0633
vn -0.4959 0.8676 0.0371
vn 0.0029 1.0000 0.0009
vn 0.5015 0.8644 -0.0355
vn 0.8658 0.4966 -0.0624
vn 0.9973 -0.0050 -0.0726
vn 0.8607 -0.5051 -0.0633
vn 0.4928 -0.8694 -0.0369
vn -0.0071 -1.0000 -0.0007
vn -0.5047 -0.8626 0.0357
vn -0.8669 -0.4946 0.0625
vn -0.9973 0.0051 0.0726
vn -0.8640 0.5032 0.0147
vn -0.4995 0.8663 0.0007
vn -0.0014 0.9999 -0.0135
vn 0.4984 0.8666 -0.0242
vn 0.8656 0.4999 -0.0285
vn 0.9997 -0.0026 -0.0252
vn 0.8631 -0.5048 -0.0151
vn 0.4928 -0.8701 -0.0008
vn -0.0101 -0.9999 0.0137
vn -0.5090 -0.8604 0.0243
vn -0.8704 -0.4915 0.0284
vn -0.9997 0.0071 0.0248
vn -0.8614 0.4986 -0.0967
vn -0.5001 0.8615 -0.0876
vn -0.0058 0.9985 -0.0553
vn 0.4926 0.8702 -0.0083
vn 0.8611 0.5068 0.0412
vn 0.9968 0.0035 0.0796
vn 0.8595 -0.5020 0.0964
vn 0.4865 -0.8693 0.0867
vn -0.0173 -0.9984 0.0534
vn -0.5136 -0.8580 0.0059
vn -0.8706 -0.4901 -0.0430
vn -0.9967 0.0053 -0.0804
vn -0.8387 0.4858 -0.2461
vn -0.4829 0.8515 -0.2042
vn 0.0015 0.9941 -0.1084
vn 0.4882 0.8726 0.0169
vn 0.8461 0.5147 0.1384
vn 0.9748 0.0148 0.2226
vn 0.8361 -0.4903 0.2460
vn 0.4683 -0.8602 0.2018
vn -0.0255 -0.9944 0.1029
vn -0.5096 -0.8601 -0.0232
vn -0.8554 -0.4981 -0.1424
vn -0.9747 -0.0066 -0.2236
vn -0.7930 0.4654 -0.3931
vn -0.4486 0.8361 -0.3157
vn 0.0155 0.9878 -0.1546
vn 0.4782 0.8769 0.0486
vn 0.8145 0.5283 0.2399
vn 0.9298 0.0337 0.3666
vn 0.7898 -0.4710 0.3928
vn 0.4335 -0.8457 0.3112
vn -0.0392 -0.9886 0.1453
vn -0.4985 -0.8649 -0.0587
vn -0.8228 -0.5123 -0.2459
vn -0.9296 -0.0266 -0.3677
vn -0.7262 0.4393 -0.5288
vn -0.3998 0.8173 -0.4150
vn 0.0336 0.9810 -0.1911
vn 0.4605 0.8836 0.0851
vn 0.7653 0.5465 0.3400
vn 0.8623 0.0586 0.5031
vn 0.7225 -0.4461 0.5282
vn 0.3850 -0.8276 0.4085
vn -0.0555 -0.9824 0.1783
vn -0.4785 -0.8726 -0.0983
vn -0.7723 -0.5320 -0.3473
vn -0.8620 -0.0529 -0.5041
vn -0.6430 0.4107 -0.6464
vn -0.3414 0.7975 -0.4975
vn 0.0519 0.9749 -0.2164
vn 0.4335 0.8925 0.1242
vn 0.6999 0.5680 0.4332
vn 0.7759 0.0869 0.6249
vn 0.6391 -0.4185 0.6453
vn 0.3277 -0.8083 0.4891
vn -0.0711 -0.9770 0.2010
vn -0.4486 -0.8828 -0.1394
vn -0.7052 -0.5552 -0.4410
vn -0.7757 -0.0829 -0.6257
vn -0.5500 0.3825 -0.7424
vn -0.2791 0.7790 -0.5615
vn 0.0669 0.9707 -0.2310
vn 0.3969 0.9032 0.1632
vn 0.6209 0.5907 0.5153
vn 0.6761 0.1157 0.7277
vn 0.5460 -0.3912 0.7408
vn 0.2671 -0.7902 0.5516
vn -0.0828 -0.9733 0.2139
vn -0.4086 -0.8949 -0.1792
vn -0.6247 -0.5799 -0.5229
vn -0.6759 -0.1134 -0.7282
vn -0.4532 0.3571 -0.8168
vn -0.2183 0.7634 -0.6080
vn 0.0756 0.9686 -0.2368
vn 0.3507 0.9149 0.1998
vn 0.5319 0.6129 0.5843
vn 0.5684 0.1427 0.8103
vn 0.4493 -0.3667 0.8146
vn 0.2082 -0.7748 0.5970
vn -0.0882 -0.9717 0.2189
vn -0.3595 -0.9079 -0.2157
vn -0.5344 -0.6040 -0.5913
vn -0.5684 -0.1420 -0.8104
vn -0.3574 0.3360 -0.8714
vn -0.1626 0.7514 -0.6395
vn 0.0763 0.9686 -0.2364
vn 0.2959 0.9266 0.2321
vn 0.4360 0.6330 0.6397
vn 0.4575 0.1660 0.8736
vn 0.3540 -0.3463 0.8688
vn 0.1545 -0.7630 0.6277
vn -0.0858 -0.9721 0.2184
vn -0.3021 -0.9207 -0.2473
vn -0.4376 -0.6258 -0.6457
vn -0.4576 -0.1669 -0.8733
vn -0.2659 0.3197 -0.9095
vn -0.1144 0.7431 -0.6593
vn 0.0682 0.9702 -0.2324
vn 0.2333 0.9373 0.2590
vn 0.3356 0.6498 0.6820
vn 0.3466 0.1846 0.9197
vn 0.2631 -0.3307 0.9063
vn 0.1083 -0.7547 0.6470
vn -0.0749 -0.9738 0.2146
vn -0.2374 -0.9322 -0.2731
vn -0.3365 -0.6442 -0.6869
vn -0.3469 -0.1870 -0.9191
vn -0.1804 0.3083 -0.9340
vn -0.0749 0.7381 -0.6705
vn 0.0511 0.9726 -0.2269
vn 0.1639 0.9460 0.2797
vn 0.2325 0.6625 0.7121
vn 0.2378 0.1980 0.9509
vn 0.1783 -0.3200 0.9305
vn 0.0707 -0.7498 0.6579
vn -0.0555 -0.9762 0.2096
vn -0.1664 -0.9416 -0.2926
vn -0.2329 -0.6582 -0.7159
vn -0.2380 -0.2017 -0.9501
vn -0.1017 0.3015 -0.9480
vn -0.0441 0.7355 -0.6761
vn 0.0255 0.9747 -0.2223
vn 0.0886 0.9518 0.2935
vn 0.1278 0.6703 0.7310
vn 0.1322 0.2058 0.9696
vn 0.1007 -0.3139 0.9441
vn 0.0420 -0.7472 0.6633
vn -0.0278 -0.9783 0.2055
vn -0.0899 -0.9480 -0.3053
vn -0.1279 -0.6672 -0.7339
vn -0.1323 -0.2108 -0.9685
vn -0.0044 0.2998 -0.9540
vn 0.0061 0.7337 -0.6795
vn 0.0149 0.9746 -0.2235
vn 0.0198 0.9554 0.2948
vn 0.0195 0.6771 0.7356
vn 0.0139 0.2131 0.9769
vn 0.0045 -0.3092 0.9510
vn -0.0062 -0.7460 0.6659
vn -0.0152 -0.9792 0.2021
vn -0.0200 -0.9494 -0.3134
vn -0.0194 -0.6682 -0.7437
vn -0.0137 -0.2119 -0.9772
vn 0.1325 0.2995 -0.9449
vn 0.1008 0.7325 -0.6733
vn 0.0423 0.9739 -0.2230
vn -0.0277 0.9569 0.2892
vn -0.0907 0.6813 0.7263
vn -0.1292 0.2184 0.9673
vn -0.1322 -0.3056 0.9429
vn -0.0990 -0.7449 0.6598
vn -0.0390 -0.9793 0.1984
vn 0.0311 -0.9491 -0.3133
vn 0.0926 -0.6673 -0.7390
vn 0.1295 -0.2113 -0.9688
vn 0.2772 0.2969 -0.9138
vn 0.2076 0.7309 -0.6502
vn 0.0828 0.9734 -0.2137
vn -0.0648 0.9572 0.2822
vn -0.1957 0.6822 0.7045
vn -0.2738 0.2199 0.9363
vn -0.2769 -0.3032 0.9118
vn -0.2043 -0.7426 0.6379
vn -0.0764 -0.9785 0.1918
vn 0.0712 -0.9502 -0.3034
vn 0.1991 -0.6698 -0.7153
vn 0.2741 -0.2142 -0.9375
vn 0.4042 0.2941 -0.8661
vn 0.2990 0.7291 -0.6156
vn 0.1143 0.9729 -0.2012
vn -0.1020 0.9577 0.2691
vn -0.2918 0.6836 0.6690
vn -0.4027 0.2221 0.8880
vn -0.4036 -0.3007 0.8641
vn -0.2941 -0.7405 0.6043
vn -0.1054 -0.9777 0.1816
vn 0.1107 -0.9513 -0.2877
vn 0.2962 -0.6725 -0.6783
vn 0.4032 -0.2175 -0.8889
vn 0.5163 0.2915 -0.8053
vn 0.3776 0.7275 -0.5729
vn 0.1384 0.9724 -0.1878
vn -0.1391 0.9583 0.2495
vn -0.3803 0.6851 0.6213
vn -0.5186 0.2241 0.8251
vn -0.5153 -0.2985 0.8034
vn -0.3713 -0.7388 0.5624
vn -0.1272 -0.9772 0.1701
vn 0.1497 -0.9523 -0.2659
vn 0.3856 -0.6748 -0.6293
vn 0.5191 -0.2204 -0.8258
vn 0.6160 0.2896 -0.7326
vn 0.4457 0.7263 -0.5233
vn 0.1566 0.9721 -0.1744
vn -0.1758 0.9589 0.2229
vn -0.4623 0.6861 0.5618
vn -0.6236 0.2254 0.7485
vn -0.6145 -0.2973 0.7308
vn -0.4378 -0.7379 0.5137
vn -0.1433 -0.9769 0.1584
vn 0.1882 -0.9530 -0.2376
vn 0.4682 -0.6763 -0.5687
vn 0.6241 -0.2224 -0.7491
vn 0.7045 0.2890 -0.6481
vn 0.5047 0.7259 -0.4673
vn 0.1702 0.9720 -0.1617
vn -0.2116 0.9590 0.1887
vn -0.5379 0.6862 0.4897
vn -0.7185 0.2254 0.6580
vn -0.7026 -0.2974 0.6465
vn -0.4951 -0.7379 0.4586
vn -0.1545 -0.9769 0.1474
vn 0.2258 -0.9531 -0.2017
vn 0.5445 -0.6766 -0.4957
vn 0.7189 -0.2229 -0.6584
vn 0.7821 0.2902 -0.5515
vn 0.5551 0.7266 -0.4048
vn 0.1800 0.9721 -0.1501
vn -0.2453 0.9584 0.1462
vn -0.6063 0.6848 0.4043
vn -0.8028 0.2234 0.5528
vn -0.7796 -0.2993 0.5501
vn -0.5438 -0.7392 0.3972
vn -0.1619 -0.9772 0.1376
vn 0.2614 -0.9523 -0.1575
vn 0.6134 -0.6753 -0.4095
vn 0.8031 -0.2215 -0.5531
vn 0.8472 0.2938 -0.4426
vn 0.5966 0.7288 -0.3360
vn 0.1867 0.9724 -0.1397
vn -0.2755 0.9566 0.0951
vn -0.6653 0.6813 0.3053
vn -0.8746 0.2188 0.4327
vn -0.8442 -0.3037 0.4416
vn -0.5835 -0.7420 0.3300
vn -0.1661 -0.9776 0.1296
vn 0.2934 -0.9503 -0.1044
vn 0.6731 -0.6716 -0.3096
vn 0.8749 -0.2173 -0.4329
vn 0.8976 0.3003 -0.3227
vn 0.6282 0.7328 -0.2617
vn 0.1909 0.9728 -0.1309
vn -0.3001 0.9532 0.0357
vn -0.7122 0.6748 0.1935
vn -0.9307 0.2109 0.2989
vn -0.8941 -0.3110 0.3223
vn -0.6134 -0.7465 0.2577
vn -0.1682 -0.9780 0.1237
vn 0.3195 -0.9466 -0.0427
vn 0.7203 -0.6651 -0.1969
vn 0.9309 -0.2098 -0.2990
vn 0.9305 0.3104 -0.1946
vn 0.6484 0.7388 -0.1836
vn 0.1929 0.9734 -0.1239
vn -0.3169 0.9479 -0.0306
vn -0.7434 0.6650 0.0715
vn -0.9677 0.1991 0.1544
vn -0.9266 -0.3215 0.1949
vn -0.6325 -0.7528 0.1821
vn -0.1688 -0.9783 0.1201
vn 0.3373 -0.9410 0.0263
vn 0.7518 -0.6552 -0.0739
vn 0.9679 -0.1984 -0.1545
vn 0.9441 0.3236 -0.0627
vn 0.6569 0.7467 -0.1046
vn 0.1937 0.9738 -0.1189
vn -0.3244 0.9405 -0.1012
vn -0.7568 0.6513 -0.0558
vn -0.9831 0.1832 0.0050
vn -0.9400 -0.3350 0.0643
vn -0.6406 -0.7605 0.1060
vn -0.1691 -0.9784 0.1188
vn 0.3449 -0.9333 0.0999
vn 0.7650 -0.6417 0.0547
vn 0.9831 -0.1829 -0.0046
vn 0.9331 0.3434 0.1065
vn 0.6534 0.7570 0.0018
vn 0.1989 0.9745 -0.1043
vn -0.3134 0.9318 -0.1830
vn -0.7437 0.6342 -0.2117
vn -0.9701 0.1604 -0.1819
vn -0.9282 -0.3579 -0.1021
vn -0.6304 -0.7762 0.0055
vn -0.1625 -0.9804 0.1113
vn 0.3451 -0.9198 0.1869
vn 0.7573 -0.6175 0.2127
vn 0.9705 -0.1570 0.1832
vn 0.8442 0.3820 0.3761
vn 0.5995 0.7794 0.1824
vn 0.1972 0.9785 -0.0605
vn -0.2634 0.9199 -0.2905
vn -0.6591 0.6072 -0.4436
vn -0.8731 0.1189 -0.4728
vn -0.8375 -0.4049 -0.3671
vn -0.5648 -0.8099 -0.1584
vn -0.1408 -0.9858 0.0913
vn 0.3137 -0.8964 0.3132
vn 0.6816 -0.5759 0.4514
vn 0.8737 -0.1107 0.4737
vn 0.6048 0.4351 0.6670
vn 0.4399 0.8143 0.3786
vn 0.1599 0.9871 -0.0103
vn -0.1670 0.9000 -0.4027
vn -0.4536 0.5628 -0.6911
vn -0.6147 0.0608 -0.7864
vn -0.5991 -0.4602 -0.6552
vn -0.4131 -0.8453 -0.3387
vn -0.1162 -0.9910 0.0660
vn 0.2066 -0.8708 0.4461
vn 0.4722 -0.5274 0.7064
vn 0.6162 -0.0525 0.7858
vn 0.2832 0.4791 0.8308
vn 0.2244 0.8447 0.4859
vn 0.1066 0.9942 0.0109
vn -0.0411 0.8798 -0.4736
vn -0.1788 0.5214 -0.8344
vn -0.2673 0.0130 -0.9635
vn -0.2805 -0.4998 -0.8195
vn -0.2149 -0.8690 -0.4458
vn -0.0905 -0.9948 0.0459
vn 0.0568 -0.8533 0.5184
vn 0.1877 -0.4915 0.8504
vn 0.2697 -0.0067 0.9629
vn 0.0006 0.5050 0.8631
vn 0.0379 0.8633 0.5032
vn 0.0656 0.9978 0.0081
vn 0.0762 0.8659 -0.4943
vn 0.0665 0.4958 -0.8659
vn 0.0383 -0.0141 -0.9992
vn -0.0008 -0.5204 -0.8539
vn -0.0397 -0.8805 -0.4724
vn -0.0671 -0.9971 0.0352
vn -0.0759 -0.8457 0.5283
vn -0.0646 -0.4738 0.8783
vn -0.0367 0.0182 0.9992
vn -0.2082 0.5178 0.8298
vn -0.0965 0.8726 0.4789
vn 0.0414 0.9991 -0.0008
vn 0.1694 0.8585 -0.4840
vn 0.2522 0.4830 -0.8385
vn 0.2660 -0.0271 -0.9636
vn 0.2062 -0.5300 -0.8226
vn 0.0898 -0.8856 -0.4558
vn -0.0501 -0.9982 0.0327
vn -0.1755 -0.8428 0.5088
vn -0.2536 -0.4665 0.8474
vn -0.2653 0.0297 0.9637
vn -0.3673 0.5235 0.7688
vn -0.1964 0.8766 0.4394
vn 0.0274 0.9996 -0.0082
vn 0.2455 0.8551 -0.4567
vn 0.3981 0.4770 -0.7836
vn 0.4419 -0.0333 -0.8964
vn 0.3641 -0.5347 -0.7626
vn 0.1867 -0.8881 -0.4201
vn -0.0403 -0.9986 0.0344
vn -0.2550 -0.8413 0.4766
vn -0.4011 -0.4630 0.7904
vn -0.4418 0.0349 0.8964
vn -0.5058 0.5251 0.6844
vn -0.2816 0.8775 0.3882
vn 0.0185 0.9997 -0.0127
vn 0.3158 0.8542 -0.4131
vn 0.5287 0.4749 -0.7035
vn 0.5970 -0.0363 -0.8014
vn 0.5008 -0.5376 -0.6784
vn 0.2675 -0.8898 -0.3697
vn -0.0370 -0.9986 0.0374
vn -0.3296 -0.8397 0.4316
vn -0.5334 -0.4606 0.7094
vn -0.5973 0.0371 0.8011
vn -0.6455 0.5229 0.5567
vn -0.3670 0.8755 0.3142
vn 0.0109 0.9998 -0.0136
vn 0.3891 0.8557 -0.3411
vn 0.6631 0.4759 -0.5778
vn 0.7545 -0.0371 -0.6553
vn 0.6367 -0.5399 -0.5506
vn 0.3435 -0.8918 -0.2944
vn -0.0413 -0.9984 0.0398
vn -0.4117 -0.8372 0.3599
vn -0.6711 -0.4582 0.5828
vn -0.7556 0.0371 0.6540
vn -0.7897 0.5162 0.3316
vn -0.4572 0.8699 0.1853
vn -0.0003 0.9999 -0.0118
vn 0.4629 0.8613 -0.2095
vn 0.8022 0.4818 -0.3525
vn 0.9172 -0.0355 -0.3968
vn 0.7732 -0.5428 -0.3278
vn 0.4134 -0.8950 -0.1675
vn -0.0563 -0.9978 0.0356
vn -0.5045 -0.8335 0.2254
vn -0.8164 -0.4560 0.3543
vn -0.9191 0.0344 0.3926
vn -0.8598 0.5077 -0.0546
vn -0.5047 0.8624 -0.0398
vn -0.0150 0.9998 -0.0146
vn 0.4891 0.8721 0.0143
vn 0.8675 0.4960 0.0388
vn 0.9981 -0.0309 0.0524
vn 0.8348 -0.5482 0.0515
vn 0.4350 -0.8997 0.0357
vn -0.0744 -0.9972 0.0094
vn -0.5541 -0.8322 -0.0194
vn -0.8877 -0.4584 -0.0429
vn -0.9981 0.0281 -0.0555
vn -0.7126 0.5019 -0.4902
vn -0.4189 0.8591 -0.2941
vn -0.0131 0.9997 -0.0196
vn 0.4046 0.8748 0.2665
vn 0.7172 0.5006 0.4847
vn 0.8250 -0.0249 0.5646
vn 0.6909 -0.5425 0.4779
vn 0.3612 -0.8967 0.2560
vn -0.0604 -0.9977 -0.0302
vn -0.4581 -0.8358 -0.3025
vn -0.7347 -0.4641 -0.4949
vn -0.8264 0.0215 -0.5626
vn -0.5606 0.4933 -0.6651
vn -0.3306 0.8564 -0.3965
vn -0.0040 0.9999 -0.0113
vn 0.3278 0.8634 0.3836
vn 0.5642 0.4851 0.6681
vn 0.6429 -0.0215 0.7656
vn 0.5467 -0.5229 0.6540
vn 0.2966 -0.8852 0.3585
vn -0.0394 -0.9984 -0.0395
vn -0.3592 -0.8341 -0.4187
vn -0.5758 -0.4591 -0.6765
vn -0.6464 0.0188 -0.7628
vt 0.000000 1.000000
vt 0.020833 1.000000
vt 0.020833 0.916667
vt 0.000000 0.916667
vt 0.000000 0.083333
vt 0.020833 0.083333
vt 0.020833 0.000000
vt 0.000000 0.000000
vt 0.000000 0.166667
vt 0.020833 0.166667
vt 0.000000 0.250000
vt 0.020833 0.250000
vt 0.000000 0.333333
vt 0.020833 0.333333
vt 0.000000 0.416667
vt 0.020833 0.416667
vt 0.000000 0.500000
vt 0.020833 0.500000
vt 0.000000 0.583333
vt 0.020833 0.583333
vt 0.000000 0.666667
vt 0.020833 0.666667
vt 0.000000 0.750000
vt 0.020833 0.750000
vt 0.000000 0.833333
vt 0.020833 0.833333
vt 0.041667 1.000000
vt 0.041667 0.916667
vt 0.041667 0.083333
vt 0.041667 0.000000
vt 0.041667 0.166667
vt 0.041667 0.250000
vt 0.041667 0.333333
vt 0.041667 0.416667
vt 0.041667 0.500000
vt 0.041667 0.583333
vt 0.041667 0.666667
vt 0.041667 0.750000
vt 0.041667 0.833333
vt 0.062500 1.000000
vt 0.062500 0.916667
vt 0.062500 0.083333
vt 0.062500 0.000000
vt 0.062500 0.166667
vt 0.062500 0.250000
vt 0.062500 0.333333
vt 0.062500 0.416667
vt 0.062500 0.500000
vt 0.062500 0.583333
vt 0.062500 0.666667
vt 0.062500 0.750000
vt 0.062500 0.833333
vt 0.083333 1.000000
vt 0.083333 0.916667
vt 0.083333 0.083333
vt 0.083333 0.000000
vt 0.083333 0.166667
vt 0.083333 0.250000
vt 0.083333 0.333333
vt 0.083333 0.416667
vt 0.083333 0.500000
vt 0.083333 0.583333
vt 0.083333 0.666667
vt 0.083333 0.750000
vt 0.083333 0.833333
vt 0.104167 1.000000
vt 0.104167 0.916667
vt 0.104167 0.083333
vt 0.104167 0.000000
vt 0.104167 0.166667
vt 0.104167 0.250000
vt 0.104167 0.333333
vt 0.104167 0.416667
vt 0.104167 0.500000
vt 0.104167 0.583333
vt 0.104167 0.666667
vt 0.104167 0.750000
vt 0.104167 0.833333
vt 0.125000 1.000000
vt 0.125000 0.916667
vt 0.125000 0.083333
vt 0.125000 0.000000
vt 0.125000 0.166667
vt 0.125000 0.250000
vt 0.125000 0.333333
vt 0.125000 0.416667
vt 0.125000 0.500000
vt 0.125000 0.583333
vt 0.125000 0.666667
vt 0.125000 0.750000
vt 0.125000 0.833333
vt 0.145833 1.000000
vt 0.145833 0.916667
vt 0.145833 0.083333
vt 0.145833 0.000000
vt 0.145833 0.166667
vt 0.145833 0.250000
vt 0.145833 0.333333
vt 0.145833 0.416667
vt 0.145833 0.500000
vt 0.145833 0.583333
vt 0.145833 0.666667
vt 0.145833 0.750000
vt 0.145833 0.833333
vt 0.166667 1.000000
vt 0.166667 0.916667
vt 0.166667 0.083333
vt 0.166667 0.000000
vt 0.166667 0.166667
vt 0.166667 0.250000
vt 0.166667 0.333333
vt 0.166667 0.416667
vt 0.166667 0.500000
vt 0.166667 0.583333
vt 0.166667 0.666667
vt 0.166667 0.750000
vt 0.166667 0.833333
vt 0.187500 1.000000
vt 0.187500 0.916667
vt 0.187500 0.083333
vt 0.187500 0.000000
vt 0.187500 0.166667
vt 0.187500 0.250000
vt 0.187500 0.333333
vt 0.187500 0.416667
vt 0.187500 0.500000
vt 0.187500 0.583333
vt 0.187500 0.666667
vt 0.187500 0.750000
vt 0.187500 0.833333
vt 0.208333 1.000000
vt 0.208333 0.916667
vt 0.208333 0.083333
vt 0.208333 0.000000
vt 0.208333 0.166667
vt 0.208333 0.250000
vt 0.208333 0.333333
vt 0.208333 0.416667
vt 0.208333 0.500000
vt 0.208333 0.583333
vt 0.208333 0.666667
vt 0.208333 0.750000
vt 0.208333 0.833333
vt 0.229167 1.000000
vt 0.229167 0.916667
vt 0.229167 0.083333
vt 0.229167 0.000000
vt 0.229167 0.166667
vt 0.229167 0.250000
vt 0.229167 0.333333
vt 0.229167 0.416667
vt 0.229167 0.500000
vt 0.229167 0.583333
vt 0.229167 0.666667
vt 0.229167 0.750000
vt 0.229167 0.833333
vt 0.250000 1.000000
vt 0.250000 0.916667
vt 0.250000 0.083333
vt 0.250000 0.000000
vt 0.250000 0.166667
vt 0.250000 0.250000
vt 0.250000 0.333333
vt 0.250000 0.416667
vt 0.250000 0.500000
vt 0.250000 0.583333
vt 0.250000 0.666667
vt 0.250000 0.750000
vt 0.250000 0.833333
vt 0.270833 1.000000
vt 0.270833 0.916667
vt 0.270833 0.083333
vt 0.270833 0.000000
vt 0.270833 0.166667
vt 0.270833 0.250000
vt 0.270833 0.333333
vt 0.270833 0.416667
vt 0.270833 0.500000
vt 0.270833 0.583333
vt 0.270833 0.666667
vt 0.270833 0.750000
vt 0.270833 0.833333
vt 0.291667 1.000000
vt 0.291667 0.916667
vt 0.291667 0.083333
vt 0.291667 0.000000
vt 0.291667 0.166667
vt 0.291667 0.250000
vt 0.291667 0.333333
vt 0.291667 0.416667
vt 0.291667 0.500000
vt 0.291667 0.583333
vt 0.291667 0.666667
vt 0.291667 0.750000
vt 0.291667 0.833333
vt 0.312500 1.000000
vt 0.312500 0.916667
vt 0.312500 0.083333
vt 0.312500 0.000000
vt 0.312500 0.166667
vt 0.312500 0.250000
vt 0.312500 0.333333
vt 0.312500 0.416667
vt 0.312500 0.500000
vt 0.312500 0.583333
vt 0.312500 0.666667
vt 0.312500 0.750000
vt 0.312500 0.833333
vt 0.333333 1.000000
vt 0.333333 0.916667
vt 0.333333 0.083333
vt 0.333333 0.000000
vt 0.333333 0.166667
vt 0.333333 0.250000
vt 0.333333 0.333333
vt 0.333333 0.416667
vt 0.333333 0.500000
vt 0.333333 0.583333
vt 0.333333 0.666667
vt 0.333333 0.750000
vt 0.333333 0.833333
vt 0.354167 1.000000
vt 0.354167 0.916667
vt 0.354167 0.083333
vt 0.354167 0.000000
vt 0.354167 0.166667
vt 0.354167 0.250000
vt 0.354167 0.333333
vt 0.354167 0.416667
vt 0.354167 0.500000
vt 0.354167 0.583333
vt 0.354167 0.666667
vt 0.354167 0.750000
vt 0.354167 0.833333
vt 0.375000 1.000000
vt 0.375000 0.916667
vt 0.375000 0.083333
vt 0.375000 0.000000
vt 0.375000 0.166667
vt 0.375000 0.250000
vt 0.375000 0.333333
vt 0.375000 0.416667
vt 0.375000 0.500000
vt 0.375000 0.583333
vt 0.375000 0.666667
vt 0.375000 0.750000
vt 0.375000 0.833333
vt 0.395833 1.000000
vt 0.395833 0.916667
vt 0.395833 0.083333
vt 0.395833 0.000000
vt 0.395833 0.166667
vt 0.395833 0.250000
vt 0.395833 0.333333
vt 0.395833 0.416667
vt 0.395833 0.500000
vt 0.395833 0.583333
vt 0.395833 0.666667
vt 0.395833 0.750000
vt 0.395833 0.833333
vt 0.416667 1.000000
vt 0.416667 0.916667
vt 0.416667 0.083333
vt 0.416667 0.000000
vt 0.416667 0.166667
vt 0.416667 0.250000
vt 0.416667 0.333333
vt 0.416667 0.416667
vt 0.416667 0.500000
vt 0.416667 0.583333
vt 0.416667 0.666667
vt 0.416667 0.750000
vt 0.416667 0.833333
vt 0.437500 1.000000
vt 0.437500 0.916667
vt 0.437500 0.083333
vt 0.437500 0.000000
vt 0.437500 0.166667
vt 0.437500 0.250000
vt 0.437500 0.333333
vt 0.437500 0.416667
vt 0.437500 0.500000
vt 0.437500 0.583333
vt 0.437500 0.666667
vt 0.437500 0.750000
vt 0.437500 0.833333
vt 0.458333 1.000000
vt 0.458333 0.916667
vt 0.458333 0.083333
vt 0.458333 0.000000
vt 0.458333 0.166667
vt 0.458333 0.250000
vt 0.458333 0.333333
vt 0.458333 0.416667
vt 0.458333 0.500000
vt 0.458333 0.583333
vt 0.458333 0.666667
vt 0.458333 0.750000
vt 0.458333 0.833333
vt 0.479167 1.000000
vt 0.479167 0.916667
vt 0.479167 0.083333
vt 0.479167 0.000000
vt 0.479167 0.166667
vt 0.479167 0.250000
vt 0.479167 0.333333
vt 0.479167 0.416667
vt 0.479167 0.500000
vt 0.479167 0.583333
vt 0.479167 0.666667
vt 0.479167 0.750000
vt 0.479167 0.833333
vt 0.500000 1.000000
vt 0.500000 0.916667
vt 0.500000 0.083333
vt 0.500000 0.000000
vt 0.500000 0.166667
vt 0.500000 0.250000
vt 0.500000 0.333333
vt 0.500000 0.416667
vt 0.500000 0.500000
vt 0.500000 0.583333
vt 0.500000 0.666667
vt 0.500000 0.750000
vt 0.500000 0.833333
vt 0.520833 1.000000
vt 0.520833 0.916667
vt 0.520833 0.083333
vt 0.520833 0.000000
vt 0.520833 0.166667
vt 0.520833 0.250000
vt 0.520833 0.333333
vt 0.520833 0.416667
vt 0.520833 0.500000
vt 0.520833 0.583333
vt 0.520833 0.666667
vt 0.520833 0.750000
vt 0.520833 0.833333
vt 0.541667 1.000000
vt 0.541667 0.916667
vt 0.541667 0.083333
vt 0.541667 0.000000
vt 0.541667 0.166667
vt 0.541667 0.250000
vt 0.541667 0.333333
vt 0.541667 0.416667
vt 0.541667 0.500000
vt 0.541667 0.583333
vt 0.541667 0.666667
vt 0.541667 0.750000
vt 0.541667 0.833333
vt 0.562500 1.000000
vt 0.562500 0.916667
vt 0.562500 0.083333
vt 0.562500 0.000000
vt 0.562500 0.166667
vt 0.562500 0.250000
vt 0.562500 0.333333
vt 0.562500 0.416667
vt 0.562500 0.500000
vt 0.562500 0.583333
vt 0.562500 0.666667
vt 0.562500 0.750000
vt 0.562500 0.833333
vt 0.583333 1.000000
vt 0.583333 0.916667
vt 0.583333 0.083333
vt 0.583333 0.000000
vt 0.583333 0.166667
vt 0.583333 0.250000
vt 0.583333 0.333333
vt 0.583333 0.416667
vt 0.583333 0.500000
vt 0.583333 0.583333
vt 0.583333 0.666667
vt 0.583333 0.750000
vt 0.583333 0.833333
vt 0.604167 1.000000
vt 0.604167 0.916667
vt 0.604167 0.083333
vt 0.604167 0.000000
vt 0.604167 0.166667
vt 0.604167 0.250000
vt 0.604167 0.333333
vt 0.604167 0.416667
vt 0.604167 0.500000
vt 0.604167 0.583333
vt 0.604167 0.666667
vt 0.604167 0.750000
vt 0.604167 0.833333
vt 0.625000 1.000000
vt 0.625000 0.916667
vt 0.625000 0.083333
vt 0.625000 0.000000
vt 0.625000 0.166667
vt 0.625000 0.250000
vt 0.625000 0.333333
vt 0.625000 0.416667
vt 0.625000 0.500000
vt 0.625000 0.583333
vt 0.625000 0.666667
vt 0.625000 0.750000
vt 0.625000 0.833333
vt 0.645833 1.000000
vt 0.645833 0.916667
vt 0.645833 0.083333
vt 0.645833 0.000000
vt 0.645833 0.166667
vt 0.645833 0.250000
vt 0.645833 0.333333
vt 0.645833 0.416667
vt 0.645833 0.500000
vt 0.645833 0.583333
vt 0.645833 0.666667
vt 0.645833 0.750000
vt 0.645833 0.833333
vt 0.666667 1.000000
vt 0.666667 0.916667
vt 0.666667 0.083333
vt 0.666667 0.000000
vt 0.666667 0.166667
vt 0.666667 0.250000
vt 0.666667 0.333333
vt 0.666667 0.416667
vt 0.666667 0.500000
vt 0.666667 0.583333
vt 0.666667 0.666667
vt 0.666667 0.750000
vt 0.666667 0.833333
vt 0.687500 1.000000
vt 0.687500 0.916667
vt 0.687500 0.083333
vt 0.687500 0.000000
vt 0.687500 0.166667
vt 0.687500 0.250000
vt 0.687500 0.333333
vt 0.687500 0.416667
vt 0.687500 0.500000
vt 0.687500 0.583333
vt 0.687500 0.666667
vt 0.687500 0.750000
vt 0.687500 0.833333
vt 0.708333 1.000000
vt 0.708333 0.916667
vt 0.708333 0.083333
vt 0.708333 0.000000
vt 0.708333 0.166667
vt 0.708333 0.250000
vt 0.708333 0.333333
vt 0.708333 0.416667
vt 0.708333 0.500000
vt 0.708333 0.583333
vt 0.708333 0.666667
vt 0.708333 0.750000
vt 0.708333 0.833333
vt 0.729167 1.000000
vt 0.729167 0.916667
vt 0.729167 0.083333
vt 0.729167 0.000000
vt 0.729167 0.166667
vt 0.729167 0.250000
vt 0.729167 0.333333
vt 0.729167 0.416667
vt 0.729167 0.500000
vt 0.729167 0.583333
vt 0.729167 0.666667
vt 0.729167 0.750000
vt 0.729167 0.833333
vt 0.750000 1.000000
vt 0.750000 0.916667
vt 0.750000 0.083333
vt 0.750000 0.000000
vt 0.750000 0.166667
vt 0.750000 0.250000
vt 0.750000 0.333333
vt 0.750000 0.416667
vt 0.750000 0.500000
vt 0.750000 0.583333
vt 0.750000 0.666667
vt 0.750000 0.750000
vt 0.750000 0.833333
vt 0.770833 1.000000
vt 0.770833 0.916667
vt 0.770833 0.083333
vt 0.770833 0.000000
vt 0.770833 0.166667
vt 0.770833 0.250000
vt 0.770833 0.333333
vt 0.770833 0.416667
vt 0.770833 0.500000
vt 0.770833 0.583333
vt 0.770833 0.666667
vt 0.770833 0.750000
vt 0.770833 0.833333
vt 0.791667 1.000000
vt 0.791667 0.916667
vt 0.791667 0.083333
vt 0.791667 0.000000
vt 0.791667 0.166667
vt 0.791667 0.250000
vt 0.791667 0.333333
vt 0.791667 0.416667
vt 0.791667 0.500000
vt 0.791667 0.583333
vt 0.791667 0.666667
vt 0.791667 0.750000
vt 0.791667 0.833333
vt 0.812500 1.000000
vt 0.812500 0.916667
vt 0.812500 0.083333
vt 0.812500 0.000000
vt 0.812500 0.166667
vt 0.812500 0.250000
vt 0.812500 0.333333
vt 0.812500 0.416667
vt 0.812500 0.500000
vt 0.812500 0.583333
vt 0.812500 0.666667
vt 0.812500 0.750000
vt 0.812500 0.833333
vt 0.833333 1.000000
vt 0.833333 0.916667
vt 0.833333 0.083333
vt 0.833333 0.000000
vt 0.833333 0.166667
vt 0.833333 0.250000
vt 0.833333 0.333333
vt 0.833333 0.416667
vt 0.833333 0.500000
vt 0.833333 0.583333
vt 0.833333 0.666667
vt 0.833333 0.750000
vt 0.833333 0.833333
vt 0.854167 1.000000
vt 0.854167 0.916667
vt 0.854167 0.083333
vt 0.854167 0.000000
vt 0.854167 0.166667
vt 0.854167 0.250000
vt 0.854167 0.333333
vt 0.854167 0.416667
vt 0.854167 0.500000
vt 0.854167 0.583333
vt 0.854167 0.666667
vt 0.854167 0.750000
vt 0.854167 0.833333
vt 0.875000 1.000000
vt 0.875000 0.916667
vt 0.875000 0.083333
vt 0.875000 0.000000
vt 0.875000 0.166667
vt 0.875000 0.250000
vt 0.875000 0.333333
vt 0.875000 0.416667
vt 0.875000 0.500000
vt 0.875000 0.583333
vt 0.875000 0.666667
vt 0.875000 0.750000
vt 0.875000 0.833333
vt 0.895833 1.000000
vt 0.895833 0.916667
vt 0.895833 0.083333
vt 0.895833 0.000000
vt 0.895833 0.166667
vt 0.895833 0.250000
vt 0.895833 0.333333
vt 0.895833 0.416667
vt 0.895833 0.500000
vt 0.895833 0.583333
vt 0.895833 0.666667
vt 0.895833 0.750000
vt 0.895833 0.833333
vt 0.916667 1.000000
vt 0.916667 0.916667
vt 0.916667 0.083333
vt 0.916667 0.000000
vt 0.916667 0.166667
vt 0.916667 0.250000
vt 0.916667 0.333333
vt 0.916667 0.416667
vt 0.916667 0.500000
vt 0.916667 0.583333
vt 0.916667 0.666667
vt 0.916667 0.750000
vt 0.916667 0.833333
vt 0.937500 1.000000
vt 0.937500 0.916667
vt 0.937500 0.083333
vt 0.937500 0.000000
vt 0.937500 0.166667
vt 0.937500 0.250000
vt 0.937500 0.333333
vt 0.937500 0.416667
vt 0.937500 0.500000
vt 0.937500 0.583333
vt 0.937500 0.666667
vt 0.937500 0.750000
vt 0.937500 0.833333
vt 0.958333 1.000000
vt 0.958333 0.916667
vt 0.958333 0.083333
vt 0.958333 0.000000
vt 0.958333 0.166667
vt 0.958333 0.250000
vt 0.958333 0.333333
vt 0.958333 0.416667
vt 0.958333 0.500000
vt 0.958333 0.583333
vt 0.958333 0.666667
vt 0.958333 0.750000
vt 0.958333 0.833333
vt 0.979167 1.000000
vt 0.979167 0.916667
vt 0.979167 0.083333
vt 0.979167 0.000000
vt 0.979167 0.166667
vt 0.979167 0.250000
vt 0.979167 0.333333
vt 0.979167 0.416667
vt 0.979167 0.500000
vt 0.979167 0.583333
vt 0.979167 0.666667
vt 0.979167 0.750000
vt 0.979167 0.833333
vt 1.000000 1.000000
vt 1.000000 0.916667
vt 1.000000 0.083333
vt 1.000000 0.000000
vt 1.000000 0.166667
vt 1.000000 0.250000
vt 1.000000 0.333333
vt 1.000000 0.416667
vt 1.000000 0.500000
vt 1.000000 0.583333
vt 1.000000 0.666667
vt 1.000000 0.750000
vt 1.000000 0.833333
s 1
f 1565/2174/1275 1577/2175/1287 1588/2176/1298 1576/2177/1286
f 1566/2178/1276 1578/2179/1288 1577/2180/1287 1565/2181/1275
f 1567/2182/1277 1579/2183/1289 1578/2179/1288 1566/2178/1276
f 1568/2184/1278 1580/2185/1290 1579/2183/1289 1567/2182/1277
f 1569/2186/1279 1581/2187/1291 1580/2185/1290 1568/2184/1278
f 1570/2188/1280 1582/2189/1292 1581/2187/1291 1569/2186/1279
f 1571/2190/1281 1583/2191/1293 1582/2189/1292 1570/2188/1280
f 1572/2192/1282 1584/2193/1294 1583/2191/1293 1571/2190/1281
f 1573/2194/1283 1585/2195/1295 1584/2193/1294 1572/2192/1282
f 1574/2196/1284 1586/2197/1296 1585/2195/1295 1573/2194/1283
f 1575/2198/1285 1587/2199/1297 1586/2197/1296 1574/2196/1284
f 1576/2177/1286 1588/2176/1298 1587/2199/1297 1575/2198/1285
f 1577/2175/1287 1589/2200/1299 1600/2201/1310 1588/2176/1298
f 1578/2179/1288 1590/2202/1300 1589/2203/1299 1577/2180/1287
f 1579/2183/1289 1591/2204/1301 1590/2202/1300 1578/2179/1288
f 1580/2185/1290 1592/2205/1302 1591/2204/1301 1579/2183/1289
f 1581/2187/1291 1593/2206/1303 1592/2205/1302 1580/2185/1290
f 1582/2189/1292 1594/2207/1304 1593/2206/1303 1581/2187/1291
f 1583/2191/1293 1595/2208/1305 1594/2207/1304 1582/2189/1292
f 1584/2193/1294 1596/2209/1306 1595/2208/1305 1583/2191/1293
f 1585/2195/1295 1597/2210/1307 1596/2209/1306 1584/2193/1294
f 1586/2197/1296 1598/2211/1308 1597/2210/1307 1585/2195/1295
f 1587/2199/1297 1599/2212/1309 1598/2211/1308 1586/2197/1296
f 1588/2176/1298 1600/2201/1310 1599/2212/1309 1587/2199/1297
f 1589/2200/1299 1601/2213/1311 1612/2214/1322 1600/2201/1310
f 1590/2202/1300 1602/2215/1312 1601/2216/1311 1589/2203/1299
f 1591/2204/1301 1603/2217/1313 1602/2215/1312 1590/2202/1300
f 1592/2205/1302 1604/2218/1314 1603/2217/1313 1591/2204/1301
f 1593/2206/1303 1605/2219/1315 1604/2218/1314 1592/2205/1302
f 1594/2207/1304 1606/2220/1316 1605/2219/1315 1593/2206/1303
f 1595/2208/1305 1607/2221/1317 1606/2220/1316 1594/2207/1304
f 1596/2209/1306 1608/2222/1318 1607/2221/1317 1595/2208/1305
f 1597/2210/1307 1609/2223/1319 1608/2222/1318 1596/2209/1306
f 1598/2211/1308 1610/2224/1320 1609/2223/1319 1597/2210/1307
f 1599/2212/1309 1611/2225/1321 1610/2224/1320 1598/2211/1308
f 1600/2201/1310 1612/2214/1322 1611/2225/1321 1599/2212/1309
f 1601/2213/1311 1613/2226/1323 1624/2227/1334 1612/2214/1322
f 1602/2215/1312 1614/2228/1324 1613/2229/1323 1601/2216/1311
f 1603/2217/1313 1615/2230/1325 1614/2228/1324 1602/2215/1312
f 1604/2218/1314 1616/2231/1326 1615/2230/1325 1603/2217/1313
f 1605/2219/1315 1617/2232/1327 1616/2231/1326 1604/2218/1314
f 1606/2220/1316 1618/2233/1328 1617/2232/1327 1605/2219/1315
f 1607/2221/1317 1619/2234/1329 1618/2233/1328 1606/2220/1316
f 1608/2222/1318 1620/2235/1330 1619/2234/1329 1607/2221/1317
f 1609/2223/1319 1621/2236/1331 1620/2235/1330 1608/2222/1318
f 1610/2224/1320 1622/2237/1332 1621/2236/1331 1609/2223/1319
f 1611/2225/1321 1623/2238/1333 1622/2237/1332 1610/2224/1320
f 1612/2214/1322 1624/2227/1334 1623/2238/1333 1611/2225/1321
f 1613/2226/1323 1625/2239/1335 1636/2240/1346 1624/2227/1334
f 1614/2228/1324 1626/2241/1336 1625/2242/1335 1613/2229/1323
f 1615/2230/1325 1627/2243/1337 1626/2241/1336 1614/2228/1324
f 1616/2231/1326 1628/2244/1338 1627/2243/1337 1615/2230/1325
f 1617/2232/1327 1629/2245/1339 1628/2244/1338 1616/2231/1326
f 1618/2233/1328 1630/2246/1340 1629/2245/1339 1617/2232/1327
f 1619/2234/1329 1631/2247/1341 1630/2246/1340 1618/2233/1328
f 1620/2235/1330 1632/2248/1342 1631/2247/1341 1619/2234/1329
f 1621/2236/1331 1633/2249/1343 1632/2248/1342 1620/2235/1330
f 1622/2237/1332 1634/2250/1344 1633/2249/1343 1621/2236/1331
f 1623/2238/1333 1635/2251/1345 1634/2250/1344 1622/2237/1332
f 1624/2227/1334 1636/2240/1346 1635/2251/1345 1623/2238/1333
f 1625/2239/1335 1637/2252/1347 1648/2253/1358 1636/2240/1346
f 1626/2241/1336 1638/2254/1348 1637/2255/1347 1625/2242/1335
f 1627/2243/1337 1639/2256/1349 1638/2254/1348 1626/2241/1336
f 1628/2244/1338 1640/2257/1350 1639/2256/1349 1627/2243/1337
f 1629/2245/1339 1641/2258/1351 1640/2257/1350 1628/2244/1338
f 1630/2246/1340 1642/2259/1352 1641/2258/1351 1629/2245/1339
f 1631/2247/1341 1643/2260/1353 1642/2259/1352 1630/2246/1340
f 1632/2248/1342 1644/2261/1354 1643/2260/1353 1631/2247/1341
f 1633/2249/1343 1645/2262/1355 1644/2261/1354 1632/2248/1342
f 1634/2250/1344 1646/2263/1356 1645/2262/1355 1633/2249/1343
f 1635/2251/1345 1647/2264/1357 1646/2263/1356 1634/2250/1344
f 1636/2240/1346 1648/2253/1358 1647/2264/1357 1635/2251/1345
f 1637/2252/1347 1649/2265/1359 1660/2266/1370 1648/2253/1358
f 1638/2254/1348 1650/2267/1360 1649/2268/1359 1637/2255/1347
f 1639/2256/1349 1651/2269/1361 1650/2267/1360 1638/2254/1348
f 1640/2257/1350 1652/2270/1362 1651/2269/1361 1639/2256/1349
f 1641/2258/1351 1653/2271/1363 1652/2270/1362 1640/2257/1350
f 1642/2259/1352 1654/2272/1364 1653/2271/1363 1641/2258/1351
f 1643/2260/1353 1655/2273/1365 1654/2272/1364 1642/2259/1352
f 1644/2261/1354 1656/2274/1366 1655/2273/1365 1643/2260/1353
f 1645/2262/1355 1657/2275/1367 1656/2274/1366 1644/2261/1354
f 1646/2263/1356 1658/2276/1368 1657/2275/1367 1645/2262/1355
f 1647/2264/1357 1659/2277/1369 1658/2276/1368 1646/2263/1356
f 1648/2253/1358 1660/2266/1370 1659/2277/1369 1647/2264/1357
f 1649/2265/1359 1661/2278/1371 1672/2279/1382 1660/2266/1370
f 1650/2267/1360 1662/2280/1372 1661/2281/1371 1649/2268/1359
f 1651/2269/1361 1663/2282/1373 1662/2280/1372 1650/2267/1360
f 1652/2270/1362 1664/2283/1374 1663/2282/1373 1651/2269/1361
f 1653/2271/1363 1665/2284/1375 1664/2283/1374 1652/2270/1362
f 1654/2272/1364 1666/2285/1376 1665/2284/1375 1653/2271/1363
f 1655/2273/1365 1667/2286/1377 1666/2285/1376 1654/2272/1364
f 1656/2274/1366 1668/2287/1378 1667/2286/1377 1655/2273/1365
f 1657/2275/1367 1669/2288/1379 1668/2287/1378 1656/2274/1366
f 1658/2276/1368 1670/2289/1380 1669/2288/1379 1657/2275/1367
f 1659/2277/1369 1671/2290/1381 1670/2289/1380 1658/2276/1368
f 1660/2266/1370 1672/2279/1382 1671/2290/1381 1659/2277/1369
f 1661/2278/1371 1673/2291/1383 1684/2292/1394 1672/2279/1382
f 1662/2280/1372 1674/2293/1384 1673/2294/1383 1661/2281/1371
f 1663/2282/1373 1675/2295/1385 1674/2293/1384 1662/2280/1372
f 1664/2283/1374 1676/2296/1386 1675/2295/1385 1663/2282/1373
f 1665/2284/1375 1677/2297/1387 1676/2296/1386 1664/2283/1374
f 1666/2285/1376 1678/2298/1388 1677/2297/1387 1665/2284/1375
f 1667/2286/1377 1679/2299/1389 1678/2298/1388 1666/2285/1376
f 1668/2287/1378 1680/2300/1390 1679/2299/1389 1667/2286/1377
f 1669/2288/1379 1681/2301/1391 1680/2300/1390 1668/2287/1378
f 1670/2289/1380 1682/2302/1392 1681/2301/1391 1669/2288/1379
f 1671/2290/1381 1683/2303/1393 1682/2302/1392 1670/2289/1380
f 1672/2279/1382 1684/2292/1394 1683/2303/1393 1671/2290/1381
f 1673/2291/1383 1685/2304/1395 1696/2305/1406 1684/2292/1394
f 1674/2293/1384 1686/2306/1396 1685/2307/1395 1673/2294/1383
f 1675/2295/1385 1687/2308/1397 1686/2306/1396 1674/2293/1384
f 1676/2296/1386 1688/2309/1398 1687/2308/1397 1675/2295/1385
f 1677/2297/1387 1689/2310/1399 1688/2309/1398 1676/2296/1386
f 1678/2298/1388 1690/2311/1400 1689/2310/1399 1677/2297/1387
f 1679/2299/1389 1691/2312/1401 1690/2311/1400 1678/2298/1388
f 1680/2300/1390 1692/2313/1402 1691/2312/1401 1679/2299/1389
f 1681/2301/1391 1693/2314/1403 1692/2313/1402 1680/2300/1390
f 1682/2302/1392 1694/2315/1404 1693/2314/1403 1681/2301/1391
f 1683/2303/1393 1695/2316/1405 1694/2315/1404 1682/2302/1392
f 1684/2292/1394 1696/2305/1406 1695/2316/1405 1683/2303/1393
f 1685/2304/1395 1697/2317/1407 1708/2318/1418 1696/2305/1406
f 1686/2306/1396 1698/2319/1408 1697/2320/1407 1685/2307/1395
f 1687/2308/1397 1699/2321/1409 1698/2319/1408 1686/2306/1396
f 1688/2309/1398 1700/2322/1410 1699/2321/1409 1687/2308/1397
f 1689/2310/1399 1701/2323/1411 1700/2322/1410 1688/2309/1398
f 1690/2311/1400 1702/2324/1412 1701/2323/1411 1689/2310/1399
f 1691/2312/1401 1703/2325/1413 1702/2324/1412 1690/2311/1400
f 1692/2313/1402 1704/2326/1414 1703/2325/1413 1691/2312/1401
f 1693/2314/1403 1705/2327/1415 1704/2326/1414 1692/2313/1402
f 1694/2315/1404 1706/2328/1416 1705/2327/1415 1693/2314/1403
f 1695/2316/1405 1707/2329/1417 1706/2328/1416 1694/2315/1404
f 1696/2305/1406 1708/2318/1418 1707/2329/1417 1695/2316/1405
f 1697/2317/1407 1709/2330/1419 1720/2331/1430 1708/2318/1418
f 1698/2319/1408 1710/2332/1420 1709/2333/1419 1697/2320/1407
f 1699/2321/1409 1711/2334/1421 1710/2332/1420 1698/2319/1408
f 1700/2322/1410 1712/2335/1422 1711/2334/1421 1699/2321/1409
f 1701/2323/1411 1713/2336/1423 1712/2335/1422 1700/2322/1410
f 1702/2324/1412 1714/2337/1424 1713/2336/1423 1701/2323/1411
f 1703/2325/1413 1715/2338/1425 1714/2337/1424 1702/2324/1412
f 1704/2326/1414 1716/2339/1426 1715/2338/1425 1703/2325/1413
f 1705/2327/1415 1717/2340/1427 1716/2339/1426 1704/2326/1414
f 1706/2328/1416 1718/2341/1428 1717/2340/1427 1705/2327/1415
f 1707/2329/1417 1719/2342/1429 1718/2341/1428 1706/2328/1416
f 1708/2318/1418 1720/2331/1430 1719/2342/1429 1707/2329/1417
f 1709/2330/1419 1721/2343/1431 1732/2344/1442 1720/2331/1430
f 1710/2332/1420 1722/2345/1432 1721/2346/1431 1709/2333/1419
f 1711/2334/1421 1723/2347/1433 1722/2345/1432 1710/2332/1420
f 1712/2335/1422 1724/2348/1434 1723/2347/1433 1711/2334/1421
f 1713/2336/1423 1725/2349/1435 1724/2348/1434 1712/2335/1422
f 1714/2337/1424 1726/2350/1436 1725/2349/1435 1713/2336/1423
f 1715/2338/1425 1727/2351/1437 1726/2350/1436 1714/2337/1424
f 1716/2339/1426 1728/2352/1438 1727/2351/1437 1715/2338/1425
f 1717/2340/1427 1729/2353/1439 1728/2352/1438 1716/2339/1426
f 1718/2341/1428 1730/2354/1440 1729/2353/1439 1717/2340/1427
f 1719/2342/1429 1731/2355/1441 1730/2354/1440 1718/2341/1428
f 1720/2331/1430 1732/2344/1442 1731/2355/1441 1719/2342/1429
f 1721/2343/1431 1733/2356/1443 1744/2357/1454 1732/2344/1442
f 1722/2345/1432 1734/2358/1444 1733/2359/1443 1721/2346/1431
f 1723/2347/1433 1735/2360/1445 1734/2358/1444 1722/2345/1432
f 1724/2348/1434 1736/2361/1446 1735/2360/1445 1723/2347/1433
f 1725/2349/1435 1737/2362/1447 1736/2361/1446 1724/2348/1434
f 1726/2350/1436 1738/2363/1448 1737/2362/1447 1725/2349/1435
f 1727/2351/1437 1739/2364/1449 1738/2363/1448 1726/2350/1436
f 1728/2352/1438 1740/2365/1450 1739/2364/1449 1727/2351/1437
f 1729/2353/1439 1741/2366/1451 1740/2365/1450 1728/2352/1438
f 1730/2354/1440 1742/2367/1452 1741/2366/1451 1729/2353/1439
f 1731/2355/1441 1743/2368/1453 1742/2367/1452 1730/2354/1440
f 1732/2344/1442 1744/2357/1454 1743/2368/1453 1731/2355/1441
f 1733/2356/1443 1745/2369/1455 1756/2370/1466 1744/2357/1454
f 1734/2358/1444 1746/2371/1456 1745/2372/1455 1733/2359/1443
f 1735/2360/1445 1747/2373/1457 1746/2371/1456 1734/2358/1444
f 1736/2361/1446 1748/2374/1458 1747/2373/1457 1735/2360/1445
f 1737/2362/1447 1749/2375/1459 1748/2374/1458 1736/2361/1446
f 1738/2363/1448 1750/2376/1460 1749/2375/1459 1737/2362/1447
f 1739/2364/1449 1751/2377/1461 1750/2376/1460 1738/2363/1448
f 1740/2365/1450 1752/2378/1462 1751/2377/1461 1739/2364/1449
f 1741/2366/1451 1753/2379/1463 1752/2378/1462 1740/2365/1450
f 1742/2367/1452 1754/2380/1464 1753/2379/1463 1741/2366/1451
f 1743/2368/1453 1755/2381/1465 1754/2380/1464 1742/2367/1452
f 1744/2357/1454 1756/2370/1466 1755/2381/1465 1743/2368/1453
f 1745/2369/1455 1757/2382/1467 1768/2383/1478 1756/2370/1466
f 1746/2371/1456 1758/2384/1468 1757/2385/1467 1745/2372/1455
f 1747/2373/1457 1759/2386/1469 1758/2384/1468 1746/2371/1456
f 1748/2374/1458 1760/2387/1470 1759/2386/1469 1747/2373/1457
f 1749/2375/1459 1761/2388/1471 1760/2387/1470 1748/2374/1458
f 1750/2376/1460 1762/2389/1472 1761/2388/1471 1749/2375/1459
f 1751/2377/1461 1763/2390/1473 1762/2389/1472 1750/2376/1460
f 1752/2378/1462 1764/2391/1474 1763/2390/1473 1751/2377/1461
f 1753/2379/1463 1765/2392/1475 1764/2391/1474 1752/2378/1462
f 1754/2380/1464 1766/2393/1476 1765/2392/1475 1753/2379/1463
f 1755/2381/1465 1767/2394/1477 1766/2393/1476 1754/2380/1464
f 1756/2370/1466 1768/2383/1478 1767/2394/1477 1755/2381/1465
f 1757/2382/1467 1769/2395/1479 1780/2396/1490 1768/2383/1478
f 1758/2384/1468 1770/2397/1480 1769/2398/1479 1757/2385/1467
f 1759/2386/1469 1771/2399/1481 1770/2397/1480 1758/2384/1468
f 1760/2387/1470 1772/2400/1482 1771/2399/1481 1759/2386/1469
f 1761/2388/1471 1773/2401/1483 1772/2400/1482 1760/2387/1470
f 1762/2389/1472 1774/2402/1484 1773/2401/1483 1761/2388/1471
f 1763/2390/1473 1775/2403/1485 1774/2402/1484 1762/2389/1472
f 1764/2391/1474 1776/2404/1486 1775/2403/1485 1763/2390/1473
f 1765/2392/1475 1777/2405/1487 1776/2404/1486 1764/2391/1474
f 1766/2393/1476 1778/2406/1488 1777/2405/1487 1765/2392/1475
f 1767/2394/1477 1779/2407/1489 1778/2406/1488 1766/2393/1476
f 1768/2383/1478 1780/2396/1490 1779/2407/1489 1767/2394/1477
f 1769/2395/1479 1781/2408/1491 1792/2409/1502 1780/2396/1490
f 1770/2397/1480 1782/2410/1492 1781/2411/1491 1769/2398/1479
f 1771/2399/1481 1783/2412/1493 1782/2410/1492 1770/2397/1480
f 1772/2400/1482 1784/2413/1494 1783/2412/1493 1771/2399/1481
f 1773/2401/1483 1785/2414/1495 1784/2413/1494 1772/2400/1482
f 1774/2402/1484 1786/2415/1496 1785/2414/1495 1773/2401/1483
f 1775/2403/1485 1787/2416/1497 1786/2415/1496 1774/2402/1484
f 1776/2404/1486 1788/2417/1498 1787/2416/1497 1775/2403/1485
f 1777/2405/1487 1789/2418/1499 1788/2417/1498 1776/2404/1486
f 1778/2406/1488 1790/2419/1500 1789/2418/1499 1777/2405/1487
f 1779/2407/1489 1791/2420/1501 1790/2419/1500 1778/2406/1488
f 1780/2396/1490 1792/2409/1502 1791/2420/1501 1779/2407/1489
f 1781/2408/1491 1793/2421/1503 1804/2422/1514 1792/2409/1502
f 1782/2410/1492 1794/2423/1504 1793/2424/1503 1781/2411/1491
f 1783/2412/1493 1795/2425/1505 1794/2423/1504 1782/2410/1492
f 1784/2413/1494 1796/2426/1506 1795/2425/1505 1783/2412/1493
f 1785/2414/1495 1797/2427/1507 1796/2426/1506 1784/2413/1494
f 1786/2415/1496 1798/2428/1508 1797/2427/1507 1785/2414/1495
f 1787/2416/1497 1799/2429/1509 1798/2428/1508 1786/2415/1496
f 1788/2417/1498 1800/2430/1510 1799/2429/1509 1787/2416/1497
f 1789/2418/1499 1801/2431/1511 1800/2430/1510 1788/2417/1498
f 1790/2419/1500 1802/2432/1512 1801/2431/1511 1789/2418/1499
f 1791/2420/1501 1803/2433/1513 1802/2432/1512 1790/2419/1500
f 1792/2409/1502 1804/2422/1514 1803/2433/1513 1791/2420/1501
f 1793/2421/1503 1805/2434/1515 1816/2435/1526 1804/2422/1514
f 1794/2423/1504 1806/2436/1516 1805/2437/1515 1793/2424/1503
f 1795/2425/1505 1807/2438/1517 1806/2436/1516 1794/2423/1504
f 1796/2426/1506 1808/2439/1518 1807/2438/1517 1795/2425/1505
f 1797/2427/1507 1809/2440/1519 1808/2439/1518 1796/2426/1506
f 1798/2428/1508 1810/2441/1520 1809/2440/1519 1797/2427/1507
f 1799/2429/1509 1811/2442/1521 1810/2441/1520 1798/2428/1508
f 1800/2430/1510 1812/2443/1522 1811/2442/1521 1799/2429/1509
f 1801/2431/1511 1813/2444/1523 1812/2443/1522 1800/2430/1510
f 1802/2432/1512 1814/2445/1524 1813/2444/1523 1801/2431/1511
f 1803/2433/1513 1815/2446/1525 1814/2445/1524 1802/2432/1512
f 1804/2422/1514 1816/2435/1526 1815/2446/1525 1803/2433/1513
f 1805/2434/1515 1817/2447/1527 1828/2448/1538 1816/2435/1526
f 1806/2436/1516 1818/2449/1528 1817/2450/1527 1805/2437/1515
f 1807/2438/1517 1819/2451/1529 1818/2449/1528 1806/2436/1516
f 1808/2439/1518 1820/2452/1530 1819/2451/1529 1807/2438/1517
f 1809/2440/1519 1821/2453/1531 1820/2452/1530 1808/2439/1518
f 1810/2441/1520 1822/2454/1532 1821/2453/1531 1809/2440/1519
f 1811/2442/1521 1823/2455/1533 1822/2454/1532 1810/2441/1520
f 1812/2443/1522 1824/2456/1534 1823/2455/1533 1811/2442/1521
f 1813/2444/1523 1825/2457/1535 1824/2456/1534 1812/2443/1522
f 1814/2445/1524 1826/2458/1536 1825/2457/1535 1813/2444/1523
f 1815/2446/1525 1827/2459/1537 1826/2458/1536 1814/2445/1524
f 1816/2435/1526 1828/2448/1538 1827/2459/1537 1815/2446/1525
f 1817/2447/1527 1829/2460/1539 1840/2461/1550 1828/2448/1538
f 1818/2449/1528 1830/2462/1540 1829/2463/1539 1817/2450/1527
f 1819/2451/1529 1831/2464/1541 1830/2462/1540 1818/2449/1528
f 1820/2452/1530 1832/2465/1542 1831/2464/1541 1819/2451/1529
f 1821/2453/1531 1833/2466/1543 1832/2465/1542 1820/2452/1530
f 1822/2454/1532 1834/2467/1544 1833/2466/1543 1821/2453/1531
f 1823/2455/1533 1835/2468/1545 1834/2467/1544 1822/2454/1532
f 1824/2456/1534 1836/2469/1546 1835/2468/1545 1823/2455/1533
f 1825/2457/1535 1837/2470/1547 1836/2469/1546 1824/2456/1534
f 1826/2458/1536 1838/2471/1548 1837/2470/1547 1825/2457/1535
f 1827/2459/1537 1839/2472/1549 1838/2471/1548 1826/2458/1536
f 1828/2448/1538 1840/2461/1550 1839/2472/1549 1827/2459/1537
f 1829/2460/1539 1841/2473/1551 1852/2474/1562 1840/2461/1550
f 1830/2462/1540 1842/2475/1552 1841/2476/1551 1829/2463/1539
f 1831/2464/1541 1843/2477/1553 1842/2475/1552 1830/2462/1540
f 1832/2465/1542 1844/2478/1554 1843/2477/1553 1831/2464/1541
f 1833/2466/1543 1845/2479/1555 1844/2478/1554 1832/2465/1542
f 1834/2467/1544 1846/2480/1556 1845/2479/1555 1833/2466/1543
f 1835/2468/1545 1847/2481/1557 1846/2480/1556 1834/2467/1544
f 1836/2469/1546 1848/2482/1558 1847/2481/1557 1835/2468/1545
f 1837/2470/1547 1849/2483/1559 1848/2482/1558 1836/2469/1546
f 1838/2471/1548 1850/2484/1560 1849/2483/1559 1837/2470/1547
f 1839/2472/1549 1851/2485/1561 1850/2484/1560 1838/2471/1548
f 1840/2461/1550 1852/2474/1562 1851/2485/1561 1839/2472/1549
f 1841/2473/1551 1853/2486/1563 1864/2487/1574 1852/2474/1562
f 1842/2475/1552 1854/2488/1564 1853/2489/1563 1841/2476/1551
f 1843/2477/1553 1855/2490/1565 1854/2488/1564 1842/2475/1552
f 1844/2478/1554 1856/2491/1566 1855/2490/1565 1843/2477/1553
f 1845/2479/1555 1857/2492/1567 1856/2491/1566 1844/2478/1554
f 1846/2480/1556 1858/2493/1568 1857/2492/1567 1845/2479/1555
f 1847/2481/1557 1859/2494/1569 1858/2493/1568 1846/2480/1556
f 1848/2482/1558 1860/2495/1570 1859/2494/1569 1847/2481/1557
f 1849/2483/1559 1861/2496/1571 1860/2495/1570 1848/2482/1558
f 1850/2484/1560 1862/2497/1572 1861/2496/1571 1849/2483/1559
f 1851/2485/1561 1863/2498/1573 1862/2497/1572 1850/2484/1560
f 1852/2474/1562 1864/2487/1574 1863/2498/1573 1851/2485/1561
f 1853/2486/1563 1865/2499/1575 1876/2500/1586 1864/2487/1574
f 1854/2488/1564 1866/2501/1576 1865/2502/1575 1853/2489/1563
f 1855/2490/1565 1867/2503/1577 1866/2501/1576 1854/2488/1564
f 1856/2491/1566 1868/2504/1578 1867/2503/1577 1855/2490/1565
f 1857/2492/1567 1869/2505/1579 1868/2504/1578 1856/2491/1566
f 1858/2493/1568 1870/2506/1580 1869/2505/1579 1857/2492/1567
f 1859/2494/1569 1871/2507/1581 1870/2506/1580 1858/2493/1568
f 1860/2495/1570 1872/2508/1582 1871/2507/1581 1859/2494/1569
f 1861/2496/1571 1873/2509/1583 1872/2508/1582 1860/2495/1570
f 1862/2497/1572 1874/2510/1584 1873/2509/1583 1861/2496/1571
f 1863/2498/1573 1875/2511/1585 1874/2510/1584 1862/2497/1572
f 1864/2487/1574 1876/2500/1586 1875/2511/1585 1863/2498/1573
f 1865/2499/1575 1877/2512/1587 1888/2513/1598 1876/2500/1586
f 1866/2501/1576 1878/2514/1588 1877/2515/1587 1865/2502/1575
f 1867/2503/1577 1879/2516/1589 1878/2514/1588 1866/2501/1576
f 1868/2504/1578 1880/2517/1590 1879/2516/1589 1867/2503/1577
f 1869/2505/1579 1881/2518/1591 1880/2517/1590 1868/2504/1578
f 1870/2506/1580 1882/2519/1592 1881/2518/1591 1869/2505/1579
f 1871/2507/1581 1883/2520/1593 1882/2519/1592 1870/2506/1580
f 1872/2508/1582 1884/2521/1594 1883/2520/1593 1871/2507/1581
f 1873/2509/1583 1885/2522/1595 1884/2521/1594 1872/2508/1582
f 1874/2510/1584 1886/2523/1596 1885/2522/1595 1873/2509/1583
f 1875/2511/1585 1887/2524/1597 1886/2523/1596 1874/2510/1584
f 1876/2500/1586 1888/2513/1598 1887/2524/1597 1875/2511/1585
f 1877/2512/1587 1889/2525/1599 1900/2526/1610 1888/2513/1598
f 1878/2514/1588 1890/2527/1600 1889/2528/1599 1877/2515/1587
f 1879/2516/1589 1891/2529/1601 1890/2527/1600 1878/2514/1588
f 1880/2517/1590 1892/2530/1602 1891/2529/1601 1879/2516/1589
f 1881/2518/1591 1893/2531/1603 1892/2530/1602 1880/2517/1590
f 1882/2519/1592 1894/2532/1604 1893/2531/1603 1881/2518/1591
f 1883/2520/1593 1895/2533/1605 1894/2532/1604 1882/2519/1592
f 1884/2521/1594 1896/2534/1606 1895/2533/1605 1883/2520/1593
f 1885/2522/1595 1897/2535/1607 1896/2534/1606 1884/2521/1594
f 1886/2523/1596 1898/2536/1608 1897/2535/1607 1885/2522/1595
f 1887/2524/1597 1899/2537/1609 1898/2536/1608 1886/2523/1596
f 1888/2513/1598 1900/2526/1610 1899/2537/1609 1887/2524/1597
f 1889/2525/1599 1901/2538/1611 1912/2539/1622 1900/2526/1610
f 1890/2527/1600 1902/2540/1612 1901/2541/1611 1889/2528/1599
f 1891/2529/1601 1903/2542/1613 1902/2540/1612 1890/2527/1600
f 1892/2530/1602 1904/2543/1614 1903/2542/1613 1891/2529/1601
f 1893/2531/1603 1905/2544/1615 1904/2543/1614 1892/2530/1602
f 1894/2532/1604 1906/2545/1616 1905/2544/1615 1893/2531/1603
f 1895/2533/1605 1907/2546/1617 1906/2545/1616 1894/2532/1604
f 1896/2534/1606 1908/2547/1618 1907/2546/1617 1895/2533/1605
f 1897/2535/1607 1909/2548/1619 1908/2547/1618 1896/2534/1606
f 1898/2536/1608 1910/2549/1620 1909/2548/1619 1897/2535/1607
f 1899/2537/1609 1911/2550/1621 1910/2549/1620 1898/2536/1608
f 1900/2526/1610 1912/2539/1622 1911/2550/1621 1899/2537/1609
f 1901/2538/1611 1913/2551/1623 1924/2552/1634 1912/2539/1622
f 1902/2540/1612 1914/2553/1624 1913/2554/1623 1901/2541/1611
f 1903/2542/1613 1915/2555/1625 1914/2553/1624 1902/2540/1612
f 1904/2543/1614 1916/2556/1626 1915/2555/1625 1903/2542/1613
f 1905/2544/1615 1917/2557/1627 1916/2556/1626 1904/2543/1614
f 1906/2545/1616 1918/2558/1628 1917/2557/1627 1905/2544/1615
f 1907/2546/1617 1919/2559/1629 1918/2558/1628 1906/2545/1616
f 1908/2547/1618 1920/2560/1630 1919/2559/1629 1907/2546/1617
f 1909/2548/1619 1921/2561/1631 1920/2560/1630 1908/2547/1618
f 1910/2549/1620 1922/2562/1632 1921/2561/1631 1909/2548/1619
f 1911/2550/1621 1923/2563/1633 1922/2562/1632 1910/2549/1620
f 1912/2539/1622 1924/2552/1634 1923/2563/1633 1911/2550/1621
f 1913/2551/1623 1925/2564/1635 1936/2565/1646 1924/2552/1634
f 1914/2553/1624 1926/2566/1636 1925/2567/1635 1913/2554/1623
f 1915/2555/1625 1927/2568/1637 1926/2566/1636 1914/2553/1624
f 1916/2556/1626 1928/2569/1638 1927/2568/1637 1915/2555/1625
f 1917/2557/1627 1929/2570/1639 1928/2569/1638 1916/2556/1626
f 1918/2558/1628 1930/2571/1640 1929/2570/1639 1917/2557/1627
f 1919/2559/1629 1931/2572/1641 1930/2571/1640 1918/2558/1628
f 1920/2560/1630 1932/2573/1642 1931/2572/1641 1919/2559/1629
f 1921/2561/1631 1933/2574/1643 1932/2573/1642 1920/2560/1630
f 1922/2562/1632 1934/2575/1644 1933/2574/1643 1921/2561/1631
f 1923/2563/1633 1935/2576/1645 1934/2575/1644 1922/2562/1632
f 1924/2552/1634 1936/2565/1646 1935/2576/1645 1923/2563/1633
f 1925/2564/1635 1937/2577/1647 1948/2578/1658 1936/2565/1646
f 1926/2566/1636 1938/2579/1648 1937/2580/1647 1925/2567/1635
f 1927/2568/1637 1939/2581/1649 1938/2579/1648 1926/2566/1636
f 1928/2569/1638 1940/2582/1650 1939/2581/1649 1927/2568/1637
f 1929/2570/1639 1941/2583/1651 1940/2582/1650 1928/2569/1638
f 1930/2571/1640 1942/2584/1652 1941/2583/1651 1929/2570/1639
f 1931/2572/1641 1943/2585/1653 1942/2584/1652 1930/2571/1640
f 1932/2573/1642 1944/2586/1654 1943/2585/1653 1931/2572/1641
f 1933/2574/1643 1945/2587/1655 1944/2586/1654 1932/2573/1642
f 1934/2575/1644 1946/2588/1656 1945/2587/1655 1933/2574/1643
f 1935/2576/1645 1947/2589/1657 1946/2588/1656 1934/2575/1644
f 1936/2565/1646 1948/2578/1658 1947/2589/1657 1935/2576/1645
f 1937/2577/1647 1949/2590/1659 1960/2591/1670 1948/2578/1658
f 1938/2579/1648 1950/2592/1660 1949/2593/1659 1937/2580/1647
f 1939/2581/1649 1951/2594/1661 1950/2592/1660 1938/2579/1648
f 1940/2582/1650 1952/2595/1662 1951/2594/1661 1939/2581/1649
f 1941/2583/1651 1953/2596/1663 1952/2595/1662 1940/2582/1650
f 1942/2584/1652 1954/2597/1664 1953/2596/1663 1941/2583/1651
f 1943/2585/1653 1955/2598/1665 1954/2597/1664 1942/2584/1652
f 1944/2586/1654 1956/2599/1666 1955/2598/1665 1943/2585/1653
f 1945/2587/1655 1957/2600/1667 1956/2599/1666 1944/2586/1654
f 1946/2588/1656 1958/2601/1668 1957/2600/1667 1945/2587/1655
f 1947/2589/1657 1959/2602/1669 1958/2601/1668 1946/2588/1656
f 1948/2578/1658 1960/2591/1670 1959/2602/1669 1947/2589/1657
f 1949/2590/1659 1961/2603/1671 1972/2604/1682 1960/2591/1670
f 1950/2592/1660 1962/2605/1672 1961/2606/1671 1949/2593/1659
f 1951/2594/1661 1963/2607/1673 1962/2605/1672 1950/2592/1660
f 1952/2595/1662 1964/2608/1674 1963/2607/1673 1951/2594/1661
f 1953/2596/1663 1965/2609/1675 1964/2608/1674 1952/2595/1662
f 1954/2597/1664 1966/2610/1676 1965/2609/1675 1953/2596/1663
f 1955/2598/1665 1967/2611/1677 1966/2610/1676 1954/2597/1664
f 1956/2599/1666 1968/2612/1678 1967/2611/1677 1955/2598/1665
f 1957/2600/1667 1969/2613/1679 1968/2612/1678 1956/2599/1666
f 1958/2601/1668 1970/2614/1680 1969/2613/1679 1957/2600/1667
f 1959/2602/1669 1971/2615/1681 1970/2614/1680 1958/2601/1668
f 1960/2591/1670 1972/2604/1682 1971/2615/1681 1959/2602/1669
f 1961/2603/1671 1973/2616/1683 1984/2617/1694 1972/2604/1682
f 1962/2605/1672 1974/2618/1684 1973/2619/1683 1961/2606/1671
f 1963/2607/1673 1975/2620/1685 1974/2618/1684 1962/2605/1672
f 1964/2608/1674 1976/2621/1686 1975/2620/1685 1963/2607/1673
f 1965/2609/1675 1977/2622/1687 1976/2621/1686 1964/2608/1674
f 1966/2610/1676 1978/2623/1688 1977/2622/1687 1965/2609/1675
f 1967/2611/1677 1979/2624/1689 1978/2623/1688 1966/2610/1676
f 1968/2612/1678 1980/2625/1690 1979/2624/1689 1967/2611/1677
f 1969/2613/1679 1981/2626/1691 1980/2625/1690 1968/2612/1678
f 1970/2614/1680 1982/2627/1692 1981/2626/1691 1969/2613/1679
f 1971/2615/1681 1983/2628/1693 1982/2627/1692 1970/2614/1680
f 1972/2604/1682 1984/2617/1694 1983/2628/1693 1971/2615/1681
f 1973/2616/1683 1985/2629/1695 1996/2630/1706 1984/2617/1694
f 1974/2618/1684 1986/2631/1696 1985/2632/1695 1973/2619/1683
f 1975/2620/1685 1987/2633/1697 1986/2631/1696 1974/2618/1684
f 1976/2621/1686 1988/2634/1698 1987/2633/1697 1975/2620/1685
f 1977/2622/1687 1989/2635/1699 1988/2634/1698 1976/2621/1686
f 1978/2623/1688 1990/2636/1700 1989/2635/1699 1977/2622/1687
f 1979/2624/1689 1991/2637/1701 1990/2636/1700 1978/2623/1688
f 1980/2625/1690 1992/2638/1702 1991/2637/1701 1979/2624/1689
f 1981/2626/1691 1993/2639/1703 1992/2638/1702 1980/2625/1690
f 1982/2627/1692 1994/2640/1704 1993/2639/1703 1981/2626/1691
f 1983/2628/1693 1995/2641/1705 1994/2640/1704 1982/2627/1692
f 1984/2617/1694 1996/2630/1706 1995/2641/1705 1983/2628/1693
f 1985/2629/1695 1997/2642/1707 2008/2643/1718 1996/2630/1706
f 1986/2631/1696 1998/2644/1708 1997/2645/1707 1985/2632/1695
f 1987/2633/1697 1999/2646/1709 1998/2644/1708 1986/2631/1696
f 1988/2634/1698 2000/2647/1710 1999/2646/1709 1987/2633/1697
f 1989/2635/1699 2001/2648/1711 2000/2647/1710 1988/2634/1698
f 1990/2636/1700 2002/2649/1712 2001/2648/1711 1989/2635/1699
f 1991/2637/1701 2003/2650/1713 2002/2649/1712 1990/2636/1700
f 1992/2638/1702 2004/2651/1714 2003/2650/1713 1991/2637/1701
f 1993/2639/1703 2005/2652/1715 2004/2651/1714 1992/2638/1702
f 1994/2640/1704 2006/2653/1716 2005/2652/1715 1993/2639/1703
f 1995/2641/1705 2007/2654/1717 2006/2653/1716 1994/2640/1704
f 1996/2630/1706 2008/2643/1718 2007/2654/1717 1995/2641/1705
f 1997/2642/1707 2009/2655/1719 2020/2656/1730 2008/2643/1718
f 1998/2644/1708 2010/2657/1720 2009/2658/1719 1997/2645/1707
f 1999/2646/1709 2011/2659/1721 2010/2657/1720 1998/2644/1708
f 2000/2647/1710 2012/2660/1722 2011/2659/1721 1999/2646/1709
f 2001/2648/1711 2013/2661/1723 2012/2660/1722 2000/2647/1710
f 2002/2649/1712 2014/2662/1724 2013/2661/1723 2001/2648/1711
f 2003/2650/1713 2015/2663/1725 2014/2662/1724 2002/2649/1712
f 2004/2651/1714 2016/2664/1726 2015/2663/1725 2003/2650/1713
f 2005/2652/1715 2017/2665/1727 2016/2664/1726 2004/2651/1714
f 2006/2653/1716 2018/2666/1728 2017/2665/1727 2005/2652/1715
f 2007/2654/1717 2019/2667/1729 2018/2666/1728 2006/2653/1716
f 2008/2643/1718 2020/2656/1730 2019/2667/1729 2007/2654/1717
f 2009/2655/1719 2021/2668/1731 2032/2669/1742 2020/2656/1730
f 2010/2657/1720 2022/2670/1732 2021/2671/1731 2009/2658/1719
f 2011/2659/1721 2023/2672/1733 2022/2670/1732 2010/2657/1720
f 2012/2660/1722 2024/2673/1734 2023/2672/1733 2011/2659/1721
f 2013/2661/1723 2025/2674/1735 2024/2673/1734 2012/2660/1722
f 2014/2662/1724 2026/2675/1736 2025/2674/1735 2013/2661/1723
f 2015/2663/1725 2027/2676/1737 2026/2675/1736 2014/2662/1724
f 2016/2664/1726 2028/2677/1738 2027/2676/1737 2015/2663/1725
f 2017/2665/1727 2029/2678/1739 2028/2677/1738 2016/2664/1726
f 2018/2666/1728 2030/2679/1740 2029/2678/1739 2017/2665/1727
f 2019/2667/1729 2031/2680/1741 2030/2679/1740 2018/2666/1728
f 2020/2656/1730 2032/2669/1742 2031/2680/1741 2019/2667/1729
f 2021/2668/1731 2033/2681/1743 2044/2682/1754 2032/2669/1742
f 2022/2670/1732 2034/2683/1744 2033/2684/1743 2021/2671/1731
f 2023/2672/1733 2035/2685/1745 2034/2683/1744 2022/2670/1732
f 2024/2673/1734 2036/2686/1746 2035/2685/1745 2023/2672/1733
f 2025/2674/1735 2037/2687/1747 2036/2686/1746 2024/2673/1734
f 2026/2675/1736 2038/2688/1748 2037/2687/1747 2025/2674/1735
f 2027/2676/1737 2039/2689/1749 2038/2688/1748 2026/2675/1736
f 2028/2677/1738 2040/2690/1750 2039/2689/1749 2027/2676/1737
f 2029/2678/1739 2041/2691/1751 2040/2690/1750 2028/2677/1738
f 2030/2679/1740 2042/2692/1752 2041/2691/1751 2029/2678/1739
f 2031/2680/1741 2043/2693/1753 2042/2692/1752 2030/2679/1740
f 2032/2669/1742 2044/2682/1754 2043/2693/1753 2031/2680/1741
f 2033/2681/1743 2045/2694/1755 2056/2695/1766 2044/2682/1754
f 2034/2683/1744 2046/2696/1756 2045/2697/1755 2033/2684/1743
f 2035/2685/1745 2047/2698/1757 2046/2696/1756 2034/2683/1744
f 2036/2686/1746 2048/2699/1758 2047/2698/1757 2035/2685/1745
f 2037/2687/1747 2049/2700/1759 2048/2699/1758 2036/2686/1746
f 2038/2688/1748 2050/2701/1760 2049/2700/1759 2037/2687/1747
f 2039/2689/1749 2051/2702/1761 2050/2701/1760 2038/2688/1748
f 2040/2690/1750 2052/2703/1762 2051/2702/1761 2039/2689/1749
f 2041/2691/1751 2053/2704/1763 2052/2703/1762 2040/2690/1750
f 2042/2692/1752 2054/2705/1764 2053/2704/1763 2041/2691/1751
f 2043/2693/1753 2055/2706/1765 2054/2705/1764 2042/2692/1752
f 2044/2682/1754 2056/2695/1766 2055/2706/1765 2043/2693/1753
f 2045/2694/1755 2057/2707/1767 2068/2708/1778 2056/2695/1766
f 2046/2696/1756 2058/2709/1768 2057/2710/1767 2045/2697/1755
f 2047/2698/1757 2059/2711/1769 2058/2709/1768 2046/2696/1756
f 2048/2699/1758 2060/2712/1770 2059/2711/1769 2047/2698/1757
f 2049/2700/1759 2061/2713/1771 2060/2712/1770 2048/2699/1758
f 2050/2701/1760 2062/2714/1772 2061/2713/1771 2049/2700/1759
f 2051/2702/1761 2063/2715/1773 2062/2714/1772 2050/2701/1760
f 2052/2703/1762 2064/2716/1774 2063/2715/1773 2051/2702/1761
f 2053/2704/1763 2065/2717/1775 2064/2716/1774 2052/2703/1762
f 2054/2705/1764 2066/2718/1776 2065/2717/1775 2053/2704/1763
f 2055/2706/1765 2067/2719/1777 2066/2718/1776 2054/2705/1764
f 2056/2695/1766 2068/2708/1778 2067/2719/1777 2055/2706/1765
f 2057/2707/1767 2069/2720/1779 2080/2721/1790 2068/2708/1778
f 2058/2709/1768 2070/2722/1780 2069/2723/1779 2057/2710/1767
f 2059/2711/1769 2071/2724/1781 2070/2722/1780 2058/2709/1768
f 2060/2712/1770 2072/2725/1782 2071/2724/1781 2059/2711/1769
f 2061/2713/1771 2073/2726/1783 2072/2725/1782 2060/2712/1770
f 2062/2714/1772 2074/2727/1784 2073/2726/1783 2061/2713/1771
f 2063/2715/1773 2075/2728/1785 2074/2727/1784 2062/2714/1772
f 2064/2716/1774 2076/2729/1786 2075/2728/1785 2063/2715/1773
f 2065/2717/1775 2077/2730/1787 2076/2729/1786 2064/2716/1774
f 2066/2718/1776 2078/2731/1788 2077/2730/1787 2065/2717/1775
f 2067/2719/1777 2079/2732/1789 2078/2731/1788 2066/2718/1776
f 2068/2708/1778 2080/2721/1790 2079/2732/1789 2067/2719/1777
f 2069/2720/1779 2081/2733/1791 2092/2734/1802 2080/2721/1790
f 2070/2722/1780 2082/2735/1792 2081/2736/1791 2069/2723/1779
f 2071/2724/1781 2083/2737/1793 2082/2735/1792 2070/2722/1780
f 2072/2725/1782 2084/2738/1794 2083/2737/1793 2071/2724/1781
f 2073/2726/1783 2085/2739/1795 2084/2738/1794 2072/2725/1782
f 2074/2727/1784 2086/2740/1796 2085/2739/1795 2073/2726/1783
f 2075/2728/1785 2087/2741/1797 2086/2740/1796 2074/2727/1784
f 2076/2729/1786 2088/2742/1798 2087/2741/1797 2075/2728/1785
f 2077/2730/1787 2089/2743/1799 2088/2742/1798 2076/2729/1786
f 2078/2731/1788 2090/2744/1800 2089/2743/1799 2077/2730/1787
f 2079/2732/1789 2091/2745/1801 2090/2744/1800 2078/2731/1788
f 2080/2721/1790 2092/2734/1802 2091/2745/1801 2079/2732/1789
f 2081/2733/1791 2093/2746/1803 2104/2747/1814 2092/2734/1802
f 2082/2735/1792 2094/2748/1804 2093/2749/1803 2081/2736/1791
f 2083/2737/1793 2095/2750/1805 2094/2748/1804 2082/2735/1792
f 2084/2738/1794 2096/2751/1806 2095/2750/1805 2083/2737/1793
f 2085/2739/1795 2097/2752/1807 2096/2751/1806 2084/2738/1794
f 2086/2740/1796 2098/2753/1808 2097/2752/1807 2085/2739/1795
f 2087/2741/1797 2099/2754/1809 2098/2753/1808 2086/2740/1796
f 2088/2742/1798 2100/2755/1810 2099/2754/1809 2087/2741/1797
f 2089/2743/1799 2101/2756/1811 2100/2755/1810 2088/2742/1798
f 2090/2744/1800 2102/2757/1812 2101/2756/1811 2089/2743/1799
f 2091/2745/1801 2103/2758/1813 2102/2757/1812 2090/2744/1800
f 2092/2734/1802 2104/2747/1814 2103/2758/1813 2091/2745/1801
f 2093/2746/1803 2105/2759/1815 2116/2760/1826 2104/2747/1814
f 2094/2748/1804 2106/2761/1816 2105/2762/1815 2093/2749/1803
f 2095/2750/1805 2107/2763/1817 2106/2761/1816 2094/2748/1804
f 2096/2751/1806 2108/2764/1818 2107/2763/1817 2095/2750/1805
f 2097/2752/1807 2109/2765/1819 2108/2764/1818 2096/2751/1806
f 2098/2753/1808 2110/2766/1820 2109/2765/1819 2097/2752/1807
f 2099/2754/1809 2111/2767/1821 2110/2766/1820 2098/2753/1808
f 2100/2755/1810 2112/2768/1822 2111/2767/1821 2099/2754/1809
f 2101/2756/1811 2113/2769/1823 2112/2768/1822 2100/2755/1810
f 2102/2757/1812 2114/2770/1824 2113/2769/1823 2101/2756/1811
f 2103/2758/1813 2115/2771/1825 2114/2770/1824 2102/2757/1812
f 2104/2747/1814 2116/2760/1826 2115/2771/1825 2103/2758/1813
f 2105/2759/1815 2117/2772/1827 2128/2773/1838 2116/2760/1826
f 2106/2761/1816 2118/2774/1828 2117/2775/1827 2105/2762/1815
f 2107/2763/1817 2119/2776/1829 2118/2774/1828 2106/2761/1816
f 2108/2764/1818 2120/2777/1830 2119/2776/1829 2107/2763/1817
f 2109/2765/1819 2121/2778/1831 2120/2777/1830 2108/2764/1818
f 2110/2766/1820 2122/2779/1832 2121/2778/1831 2109/2765/1819
f 2111/2767/1821 2123/2780/1833 2122/2779/1832 2110/2766/1820
f 2112/2768/1822 2124/2781/1834 2123/2780/1833 2111/2767/1821
f 2113/2769/1823 2125/2782/1835 2124/2781/1834 2112/2768/1822
f 2114/2770/1824 2126/2783/1836 2125/2782/1835 2113/2769/1823
f 2115/2771/1825 2127/2784/1837 2126/2783/1836 2114/2770/1824
f 2116/2760/1826 2128/2773/1838 2127/2784/1837 2115/2771/1825
f 2117/2772/1827 2129/2785/1839 2140/2786/1850 2128/2773/1838
f 2118/2774/1828 2130/2787/1840 2129/2788/1839 2117/2775/1827
f 2119/2776/1829 2131/2789/1841 2130/2787/1840 2118/2774/1828
f 2120/2777/1830 2132/2790/1842 2131/2789/1841 2119/2776/1829
f 2121/2778/1831 2133/2791/1843 2132/2790/1842 2120/2777/1830
f 2122/2779/1832 2134/2792/1844 2133/2791/1843 2121/2778/1831
f 2123/2780/1833 2135/2793/1845 2134/2792/1844 2122/2779/1832
f 2124/2781/1834 2136/2794/1846 2135/2793/1845 2123/2780/1833
f 2125/2782/1835 2137/2795/1847 2136/2794/1846 2124/2781/1834
f 2126/2783/1836 2138/2796/1848 2137/2795/1847 2125/2782/1835
f 2127/2784/1837 2139/2797/1849 2138/2796/1848 2126/2783/1836
f 2128/2773/1838 2140/2786/1850 2139/2797/1849 2127/2784/1837
f 2129/2785/1839 2141/2798/1851 2152/2799/1862 2140/2786/1850
f 2130/2787/1840 2142/2800/1852 2141/2801/1851 2129/2788/1839
f 2131/2789/1841 2143/2802/1853 2142/2800/1852 2130/2787/1840
f 2132/2790/1842 2144/2803/1854 2143/2802/1853 2131/2789/1841
f 2133/2791/1843 2145/2804/1855 2144/2803/1854 2132/2790/1842
f 2134/2792/1844 2146/2805/1856 2145/2804/1855 2133/2791/1843
f 2135/2793/1845 2147/2806/1857 2146/2805/1856 2134/2792/1844
f 2136/2794/1846 2148/2807/1858 2147/2806/1857 2135/2793/1845
f 2137/2795/1847 2149/2808/1859 2148/2807/1858 2136/2794/1846
f 2138/2796/1848 2150/2809/1860 2149/2808/1859 2137/2795/1847
f 2139/2797/1849 2151/2810/1861 2150/2809/1860 2138/2796/1848
f 2140/2786/1850 2152/2799/1862 2151/2810/1861 2139/2797/1849
o BézierCircle.001
v 0.012466 -0.083418 0.204647
v 0.012465 -0.082543 0.203772
v 0.012462 -0.082223 0.202576
v 0.012460 -0.082543 0.201381
v 0.012458 -0.083418 0.200506
v 0.012458 -0.084614 0.200185
v 0.012458 -0.085809 0.200506
v 0.012460 -0.086684 0.201381
v 0.012462 -0.087005 0.202576
v 0.012465 -0.086684 0.203772
v 0.012466 -0.085809 0.204647
v 0.012467 -0.084614 0.204967
v -0.017675 -0.083407 0.203498
v -0.017598 -0.082532 0.202626
v -0.017493 -0.082211 0.201435
v -0.017389 -0.082532 0.200244
v -0.017314 -0.083407 0.199372
v -0.017287 -0.084602 0.199053
v -0.017316 -0.085798 0.199372
v -0.017393 -0.086673 0.200244
v -0.017497 -0.086993 0.201435
v -0.017601 -0.086673 0.202626
v -0.017677 -0.085798 0.203497
v -0.017704 -0.084602 0.203817
v -0.043027 -0.083375 0.200012
v -0.042852 -0.082500 0.199154
v -0.042613 -0.082180 0.197983
v -0.042375 -0.082501 0.196811
v -0.042202 -0.083376 0.195954
v -0.042140 -0.084572 0.195639
v -0.042206 -0.085767 0.195953
v -0.042382 -0.086642 0.196811
v -0.042621 -0.086962 0.197982
v -0.042859 -0.086642 0.199154
v -0.043032 -0.085766 0.200011
v -0.043093 -0.084571 0.200325
v -0.064044 -0.083328 0.194309
v -0.063745 -0.082453 0.193486
v -0.063338 -0.082133 0.192362
v -0.062933 -0.082454 0.191237
v -0.062639 -0.083330 0.190413
v -0.062533 -0.084526 0.190111
v -0.062645 -0.085721 0.190412
v -0.062944 -0.086596 0.191235
v -0.063351 -0.086915 0.192359
v -0.063756 -0.086594 0.193484
v -0.064051 -0.085719 0.194308
v -0.064156 -0.084523 0.194609
v -0.081157 -0.083268 0.186503
v -0.080714 -0.082394 0.185746
v -0.080114 -0.082075 0.184712
v -0.079515 -0.082396 0.183678
v -0.079079 -0.083272 0.182920
v -0.078923 -0.084468 0.182642
v -0.079088 -0.085663 0.182918
v -0.079530 -0.086538 0.183674
v -0.080131 -0.086857 0.184708
v -0.080730 -0.086535 0.185743
v -0.081165 -0.085659 0.186500
v -0.081322 -0.084463 0.186779
v -0.094767 -0.083200 0.176719
v -0.094180 -0.082326 0.176067
v -0.093382 -0.082008 0.175177
v -0.092587 -0.082331 0.174285
v -0.092008 -0.083207 0.173631
v -0.091800 -0.084403 0.173390
v -0.092019 -0.085598 0.173627
v -0.092606 -0.086472 0.174278
v -0.093404 -0.086790 0.175169
v -0.094199 -0.086467 0.176061
v -0.094778 -0.085590 0.176715
v -0.094986 -0.084394 0.176956
v -0.105262 -0.083127 0.165118
v -0.104552 -0.082254 0.164602
v -0.103587 -0.081937 0.163895
v -0.102626 -0.082261 0.163186
v -0.101925 -0.083139 0.162666
v -0.101673 -0.084335 0.162474
v -0.101937 -0.085530 0.162661
v -0.102647 -0.086402 0.163177
v -0.103612 -0.086719 0.163885
v -0.104574 -0.086395 0.164593
v -0.105274 -0.085518 0.165113
v -0.105526 -0.084321 0.165305
v -0.113047 -0.083054 0.151898
v -0.112253 -0.082183 0.151523
v -0.111172 -0.081867 0.151008
v -0.110096 -0.082191 0.150491
v -0.109311 -0.083070 0.150111
v -0.109028 -0.084266 0.149970
v -0.109324 -0.085461 0.150105
v -0.110118 -0.086333 0.150481
v -0.111198 -0.086649 0.150996
v -0.112275 -0.086324 0.151512
v -0.113059 -0.085445 0.151892
v -0.113342 -0.084249 0.152033
v -0.118567 -0.082986 0.137256
v -0.117726 -0.082115 0.137004
v -0.116580 -0.081800 0.136656
v -0.115438 -0.082125 0.136308
v -0.114605 -0.083004 0.136051
v -0.114305 -0.084201 0.135955
v -0.114618 -0.085395 0.136045
v -0.115460 -0.086267 0.136297
v -0.116606 -0.086582 0.136644
v -0.117748 -0.086256 0.136993
v -0.118580 -0.085377 0.137250
v -0.118880 -0.084180 0.137346
v -0.122294 -0.082927 0.121361
v -0.121430 -0.082056 0.121202
v -0.120253 -0.081741 0.120982
v -0.119080 -0.082067 0.120761
v -0.118224 -0.082946 0.120598
v -0.117916 -0.084143 0.120536
v -0.118237 -0.085337 0.120592
v -0.119102 -0.086208 0.120752
v -0.120278 -0.086523 0.120971
v -0.121452 -0.086197 0.121192
v -0.122307 -0.085318 0.121355
v -0.122616 -0.084121 0.121417
v -0.124698 -0.082879 0.104357
v -0.123824 -0.082009 0.104260
v -0.122634 -0.081694 0.104126
v -0.121448 -0.082021 0.103991
v -0.120583 -0.082900 0.103891
v -0.120271 -0.084097 0.103853
v -0.120596 -0.085291 0.103887
v -0.121470 -0.086162 0.103984
v -0.122659 -0.086476 0.104118
v -0.123845 -0.086150 0.104253
v -0.124710 -0.085270 0.104353
v -0.125022 -0.084073 0.104391
v -0.126238 -0.082848 0.086379
v -0.125361 -0.081978 0.086316
v -0.124167 -0.081663 0.086229
v -0.122976 -0.081990 0.086142
v -0.122108 -0.082869 0.086078
v -0.121795 -0.084066 0.086054
v -0.122120 -0.085260 0.086076
v -0.122997 -0.086131 0.086139
v -0.124191 -0.086445 0.086225
v -0.125382 -0.086119 0.086312
v -0.126250 -0.085239 0.086377
v -0.126564 -0.084042 0.086401
v -0.127370 -0.082838 0.067470
v -0.126492 -0.081967 0.067436
v -0.125295 -0.081652 0.067402
v -0.124102 -0.081978 0.067376
v -0.123231 -0.082857 0.067366
v -0.122916 -0.084054 0.067374
v -0.123241 -0.085248 0.067399
v -0.124120 -0.086119 0.067432
v -0.125316 -0.086434 0.067467
v -0.126510 -0.086108 0.067492
v -0.127381 -0.085228 0.067502
v -0.127696 -0.084032 0.067494
v -0.127217 -0.083262 0.052101
v -0.126340 -0.082389 0.052123
v -0.125146 -0.082071 0.052201
v -0.123957 -0.082392 0.052314
v -0.123089 -0.083267 0.052432
v -0.122776 -0.084461 0.052523
v -0.123102 -0.085654 0.052562
v -0.123979 -0.086527 0.052540
v -0.125173 -0.086846 0.052461
v -0.126363 -0.086525 0.052348
v -0.127230 -0.085650 0.052231
v -0.127543 -0.084456 0.052140
v -0.125054 -0.084440 0.037858
v -0.124189 -0.083561 0.037961
v -0.123020 -0.083230 0.038194
v -0.121859 -0.083536 0.038494
v -0.121018 -0.084396 0.038782
v -0.120721 -0.085582 0.038980
v -0.121050 -0.086774 0.039035
v -0.121914 -0.087653 0.038932
v -0.123084 -0.087984 0.038699
v -0.124245 -0.087678 0.038398
v -0.125086 -0.086818 0.038111
v -0.125382 -0.085632 0.037913
v -0.121000 -0.086223 0.024850
v -0.120163 -0.085332 0.025040
v -0.119043 -0.084979 0.025431
v -0.117940 -0.085260 0.025917
v -0.117150 -0.086098 0.026370
v -0.116885 -0.087270 0.026667
v -0.117216 -0.088461 0.026729
v -0.118053 -0.089353 0.026539
v -0.119173 -0.089705 0.026148
v -0.120276 -0.089425 0.025661
v -0.121066 -0.088586 0.025208
v -0.121331 -0.087414 0.024911
v -0.115187 -0.088459 0.013107
v -0.114393 -0.087551 0.013386
v -0.113348 -0.087170 0.013929
v -0.112332 -0.087418 0.014590
v -0.111616 -0.088228 0.015193
v -0.111393 -0.089384 0.015575
v -0.111723 -0.090576 0.015635
v -0.112516 -0.091484 0.015356
v -0.113561 -0.091865 0.014813
v -0.114577 -0.091617 0.014152
v -0.115293 -0.090806 0.013549
v -0.115516 -0.089650 0.013167
v -0.107750 -0.090994 0.002658
v -0.107017 -0.090066 0.003022
v -0.106070 -0.089652 0.003703
v -0.105163 -0.089863 0.004517
v -0.104537 -0.090643 0.005247
v -0.104362 -0.091783 0.005697
v -0.104684 -0.092977 0.005746
v -0.105417 -0.093905 0.005382
v -0.106364 -0.094319 0.004701
v -0.107272 -0.094108 0.003887
v -0.107897 -0.093328 0.003157
v -0.108072 -0.092188 0.002707
v -0.098833 -0.093676 -0.006480
v -0.098175 -0.092725 -0.006038
v -0.097343 -0.092276 -0.005239
v -0.096559 -0.092451 -0.004297
v -0.096033 -0.093201 -0.003466
v -0.095906 -0.094327 -0.002967
v -0.096212 -0.095525 -0.002934
v -0.096869 -0.096476 -0.003376
v -0.097701 -0.096925 -0.004175
v -0.098485 -0.096750 -0.005117
v -0.099011 -0.096000 -0.005948
v -0.099139 -0.094874 -0.006448
v -0.088575 -0.096350 -0.014296
v -0.088005 -0.095377 -0.013786
v -0.087300 -0.094896 -0.012891
v -0.086646 -0.095036 -0.011849
v -0.086221 -0.095761 -0.010940
v -0.086137 -0.096875 -0.010408
v -0.086417 -0.098081 -0.010395
v -0.086986 -0.099054 -0.010905
v -0.087691 -0.099535 -0.011801
v -0.088345 -0.099395 -0.012843
v -0.088770 -0.098670 -0.013751
v -0.088855 -0.097556 -0.014283
v -0.077114 -0.098868 -0.020784
v -0.076642 -0.097874 -0.020218
v -0.076070 -0.097364 -0.019247
v -0.075548 -0.097476 -0.018130
v -0.075219 -0.098179 -0.017167
v -0.075169 -0.099286 -0.016615
v -0.075413 -0.100499 -0.016623
v -0.075884 -0.101494 -0.017188
v -0.076457 -0.102004 -0.018160
v -0.076978 -0.101892 -0.019277
v -0.077308 -0.101189 -0.020240
v -0.077357 -0.100082 -0.020792
v -0.064584 -0.101082 -0.025940
v -0.064218 -0.100068 -0.025331
v -0.063780 -0.099535 -0.024304
v -0.063389 -0.099624 -0.023133
v -0.063148 -0.100312 -0.022133
v -0.063122 -0.101415 -0.021571
v -0.063319 -0.102636 -0.021599
v -0.063685 -0.103650 -0.022208
v -0.064123 -0.104183 -0.023235
v -0.064514 -0.104094 -0.024406
v -0.064755 -0.103406 -0.025406
v -0.064781 -0.102303 -0.025968
v -0.051115 -0.102843 -0.029763
v -0.050860 -0.101815 -0.029122
v -0.050559 -0.101264 -0.028055
v -0.050291 -0.101338 -0.026849
v -0.050130 -0.102015 -0.025826
v -0.050117 -0.103116 -0.025261
v -0.050257 -0.104345 -0.025304
v -0.050512 -0.105373 -0.025945
v -0.050814 -0.105924 -0.027012
v -0.051081 -0.105851 -0.028218
v -0.051243 -0.105173 -0.029241
v -0.051255 -0.104072 -0.029806
v -0.036835 -0.104007 -0.032247
v -0.036696 -0.102970 -0.031586
v -0.036529 -0.102408 -0.030495
v -0.036380 -0.102472 -0.029269
v -0.036287 -0.103144 -0.028234
v -0.036277 -0.104245 -0.027668
v -0.036351 -0.105479 -0.027723
v -0.036490 -0.106516 -0.028384
v -0.036657 -0.107078 -0.029474
v -0.036807 -0.107014 -0.030701
v -0.036899 -0.106342 -0.031736
v -0.036910 -0.105241 -0.032302
v -0.021810 -0.104430 -0.033390
v -0.021784 -0.103389 -0.032722
v -0.021763 -0.102822 -0.031622
v -0.021751 -0.102881 -0.030385
v -0.021752 -0.103550 -0.029344
v -0.021766 -0.104650 -0.028777
v -0.021788 -0.105886 -0.028835
v -0.021813 -0.106927 -0.029504
v -0.021835 -0.107494 -0.030604
v -0.021846 -0.107435 -0.031840
v -0.021845 -0.106766 -0.032882
v -0.021832 -0.105667 -0.033449
v -0.008709 -0.104526 -0.032661
v -0.008786 -0.103484 -0.031998
v -0.008928 -0.102914 -0.030909
v -0.009096 -0.102970 -0.029684
v -0.009245 -0.103637 -0.028652
v -0.009335 -0.104736 -0.028089
v -0.009342 -0.105972 -0.028147
v -0.009264 -0.107015 -0.028809
v -0.009123 -0.107584 -0.029899
v -0.008955 -0.107528 -0.031124
v -0.008806 -0.106861 -0.032156
v -0.008716 -0.105763 -0.032718
v 0.004564 -0.104757 -0.029756
v 0.004394 -0.103713 -0.029113
v 0.004092 -0.103141 -0.028058
v 0.003739 -0.103194 -0.026873
v 0.003429 -0.103858 -0.025876
v 0.003246 -0.104956 -0.025333
v 0.003239 -0.106192 -0.025391
v 0.003409 -0.107236 -0.026033
v 0.003711 -0.107808 -0.027089
v 0.004064 -0.107755 -0.028274
v 0.004373 -0.107091 -0.029271
v 0.004556 -0.105993 -0.029814
v 0.017668 -0.105052 -0.024797
v 0.017411 -0.104006 -0.024187
v 0.016965 -0.103430 -0.023186
v 0.016448 -0.103480 -0.022062
v 0.015999 -0.104141 -0.021117
v 0.015738 -0.105237 -0.020604
v 0.015736 -0.106473 -0.020660
v 0.015993 -0.107519 -0.021270
v 0.016439 -0.108094 -0.022270
v 0.016956 -0.108045 -0.023394
v 0.017405 -0.107384 -0.024339
v 0.017665 -0.106288 -0.024852
v 0.030331 -0.105337 -0.017896
v 0.029993 -0.104289 -0.017330
v 0.029415 -0.103711 -0.016401
v 0.028753 -0.103758 -0.015357
v 0.028182 -0.104416 -0.014478
v 0.027857 -0.105510 -0.013999
v 0.027865 -0.106747 -0.014050
v 0.028202 -0.107795 -0.014616
v 0.028780 -0.108373 -0.015545
v 0.029443 -0.108326 -0.016589
v 0.030014 -0.107667 -0.017468
v 0.030339 -0.106573 -0.017947
v 0.042281 -0.105539 -0.009163
v 0.041866 -0.104490 -0.008654
v 0.041169 -0.103911 -0.007812
v 0.040375 -0.103955 -0.006863
v 0.039697 -0.104612 -0.006062
v 0.039318 -0.105706 -0.005623
v 0.039339 -0.106942 -0.005664
v 0.039754 -0.107991 -0.006174
v 0.040451 -0.108571 -0.007016
v 0.041245 -0.108526 -0.007964
v 0.041922 -0.107869 -0.008765
v 0.042301 -0.106776 -0.009204
v 0.053241 -0.105587 0.001296
v 0.052755 -0.104538 0.001737
v 0.051947 -0.103958 0.002474
v 0.051036 -0.104002 0.003311
v 0.050265 -0.104659 0.004022
v 0.049841 -0.105752 0.004418
v 0.049877 -0.106989 0.004391
v 0.050364 -0.108038 0.003951
v 0.051171 -0.108618 0.003213
v 0.052082 -0.108574 0.002377
v 0.052853 -0.107917 0.001666
v 0.053277 -0.106824 0.001270
v 0.062934 -0.105408 0.013377
v 0.062380 -0.104360 0.013735
v 0.061475 -0.103782 0.014350
v 0.060461 -0.103828 0.015057
v 0.059608 -0.104486 0.015667
v 0.059147 -0.105580 0.016016
v 0.059200 -0.106817 0.016011
v 0.059753 -0.107865 0.015653
v 0.060658 -0.108443 0.015038
v 0.061673 -0.108396 0.014331
v 0.062525 -0.107738 0.013721
v 0.062986 -0.106644 0.013372
v 0.071075 -0.104927 0.026975
v 0.070464 -0.103883 0.027236
v 0.069475 -0.103310 0.027710
v 0.068373 -0.103362 0.028271
v 0.067453 -0.104024 0.028767
v 0.066962 -0.105120 0.029067
v 0.067031 -0.106356 0.029089
v 0.067642 -0.107400 0.028828
v 0.068631 -0.107973 0.028354
v 0.069734 -0.107921 0.027793
v 0.070653 -0.107259 0.027297
v 0.071145 -0.106163 0.026997
v 0.077382 -0.104074 0.041980
v 0.076725 -0.103036 0.042131
v 0.075669 -0.102472 0.042447
v 0.074499 -0.102533 0.042845
v 0.073527 -0.103203 0.043218
v 0.073014 -0.104302 0.043466
v 0.073098 -0.105535 0.043523
v 0.073756 -0.106573 0.043372
v 0.074811 -0.107137 0.043056
v 0.075981 -0.107076 0.042658
v 0.076953 -0.106406 0.042285
v 0.077466 -0.105307 0.042037
v 0.081568 -0.102775 0.058281
v 0.080880 -0.101747 0.058310
v 0.079781 -0.101197 0.058455
v 0.078566 -0.101272 0.058679
v 0.077560 -0.101952 0.058921
v 0.077034 -0.103055 0.059116
v 0.077128 -0.104285 0.059213
v 0.077816 -0.105313 0.059184
v 0.078916 -0.105863 0.059039
v 0.080130 -0.105788 0.058815
v 0.081136 -0.105108 0.058573
v 0.081662 -0.104005 0.058378
v 0.083351 -0.100958 0.075761
v 0.082649 -0.099943 0.075661
v 0.081532 -0.099412 0.075629
v 0.080298 -0.099506 0.075673
v 0.079279 -0.100200 0.075781
v 0.078748 -0.101308 0.075924
v 0.078846 -0.102534 0.076065
v 0.079548 -0.103549 0.076165
v 0.080665 -0.104080 0.076197
v 0.081898 -0.103986 0.076153
v 0.082917 -0.103292 0.076045
v 0.083449 -0.102184 0.075902
v 0.082437 -0.098542 0.094393
v 0.081745 -0.097547 0.094139
v 0.080643 -0.097044 0.093886
v 0.079426 -0.097167 0.093702
v 0.078418 -0.097883 0.093637
v 0.077892 -0.099001 0.093707
v 0.077987 -0.100221 0.093895
v 0.078678 -0.101216 0.094149
v 0.079780 -0.101719 0.094402
v 0.080998 -0.101596 0.094586
v 0.082005 -0.100879 0.094651
v 0.082532 -0.099761 0.094580
v 0.075949 -0.095101 0.116945
v 0.075333 -0.094141 0.116464
v 0.074343 -0.093689 0.115874
v 0.073244 -0.093867 0.115333
v 0.072331 -0.094627 0.114985
v 0.071849 -0.095765 0.114924
v 0.071926 -0.096976 0.115166
v 0.072541 -0.097936 0.115646
v 0.073531 -0.098388 0.116236
v 0.074630 -0.098210 0.116778
v 0.075543 -0.097450 0.117126
v 0.076026 -0.096312 0.117187
v 0.063881 -0.092347 0.131857
v 0.063464 -0.091432 0.131136
v 0.062772 -0.091048 0.130184
v 0.061992 -0.091298 0.129256
v 0.061332 -0.092115 0.128601
v 0.060970 -0.093280 0.128395
v 0.061001 -0.094481 0.128692
v 0.061419 -0.095396 0.129413
v 0.062110 -0.095780 0.130365
v 0.062890 -0.095530 0.131292
v 0.063550 -0.094713 0.131947
v 0.063913 -0.093548 0.132154
v 0.047794 -0.090257 0.139714
v 0.047645 -0.089378 0.138856
v 0.047355 -0.089047 0.137699
v 0.047003 -0.089354 0.136553
v 0.046682 -0.090217 0.135725
v 0.046478 -0.091403 0.135437
v 0.046446 -0.092596 0.135767
v 0.046595 -0.093475 0.136625
v 0.046884 -0.093805 0.137782
v 0.047237 -0.093498 0.138928
v 0.047558 -0.092636 0.139756
v 0.047762 -0.091450 0.140044
v 0.029370 -0.088768 0.141446
v 0.029461 -0.087909 0.140560
v 0.029527 -0.087609 0.139361
v 0.029551 -0.087947 0.138171
v 0.029526 -0.088835 0.137309
v 0.029459 -0.090033 0.137005
v 0.029367 -0.091220 0.137341
v 0.029276 -0.092079 0.138227
v 0.029210 -0.092380 0.139426
v 0.029187 -0.092041 0.140616
v 0.029212 -0.091153 0.141479
v 0.029279 -0.089956 0.141783
v 0.010089 -0.087783 0.138149
v 0.010361 -0.086934 0.137291
v 0.010693 -0.086648 0.136133
v 0.010996 -0.087001 0.134987
v 0.011189 -0.087900 0.134158
v 0.011219 -0.089103 0.133869
v 0.011079 -0.090288 0.134198
v 0.010807 -0.091138 0.135056
v 0.010475 -0.091424 0.136214
v 0.010172 -0.091070 0.137360
v 0.009979 -0.090171 0.138189
v 0.009949 -0.088968 0.138478
v -0.008713 -0.087204 0.130850
v -0.008297 -0.086360 0.130047
v -0.007758 -0.086080 0.128969
v -0.007240 -0.086441 0.127904
v -0.006883 -0.087346 0.127138
v -0.006782 -0.088551 0.126876
v -0.006964 -0.089735 0.127189
v -0.007381 -0.090579 0.127992
v -0.007920 -0.090859 0.129071
v -0.008437 -0.090498 0.130136
v -0.008794 -0.089593 0.130901
v -0.008895 -0.088388 0.131163
v -0.025707 -0.086944 0.120501
v -0.025160 -0.086101 0.119778
v -0.024438 -0.085825 0.118812
v -0.023733 -0.086189 0.117862
v -0.023234 -0.087096 0.117183
v -0.023076 -0.088302 0.116956
v -0.023301 -0.089485 0.117243
v -0.023848 -0.090327 0.117966
v -0.024570 -0.090603 0.118932
v -0.025275 -0.090240 0.119882
v -0.025774 -0.089333 0.120561
v -0.025932 -0.088126 0.120788
v -0.039548 -0.086917 0.107994
v -0.038864 -0.086075 0.107398
v -0.037953 -0.085799 0.106606
v -0.037059 -0.086163 0.105832
v -0.036421 -0.087070 0.105283
v -0.036210 -0.088277 0.105105
v -0.036483 -0.089460 0.105347
v -0.037167 -0.090302 0.105943
v -0.038078 -0.090577 0.106734
v -0.038972 -0.090213 0.107508
v -0.039610 -0.089306 0.108058
v -0.039821 -0.088099 0.108235
v -0.048846 -0.087043 0.094143
v -0.048018 -0.086199 0.093776
v -0.046911 -0.085920 0.093297
v -0.045823 -0.086282 0.092833
v -0.045043 -0.087188 0.092509
v -0.044783 -0.088393 0.092411
v -0.045110 -0.089577 0.092565
v -0.045938 -0.090421 0.092931
v -0.047045 -0.090699 0.093411
v -0.048134 -0.090337 0.093875
v -0.048913 -0.089432 0.094199
v -0.049173 -0.088226 0.094297
v -0.052026 -0.087242 0.079736
v -0.051127 -0.086393 0.079773
v -0.049924 -0.086108 0.079834
v -0.048740 -0.086463 0.079902
v -0.047893 -0.087363 0.079960
v -0.047609 -0.088568 0.079992
v -0.047965 -0.089753 0.079989
v -0.048864 -0.090602 0.079953
v -0.050067 -0.090887 0.079892
v -0.051251 -0.090532 0.079823
v -0.052098 -0.089632 0.079765
v -0.052382 -0.088428 0.079733
v -0.047353 -0.087427 0.065976
v -0.046609 -0.086573 0.066474
v -0.045615 -0.086280 0.067150
v -0.044635 -0.086627 0.067822
v -0.043933 -0.087522 0.068310
v -0.043698 -0.088725 0.068484
v -0.043991 -0.089913 0.068297
v -0.044735 -0.090767 0.067799
v -0.045729 -0.091060 0.067123
v -0.046709 -0.090713 0.066451
v -0.047411 -0.089818 0.065963
v -0.047646 -0.088615 0.065789
v -0.033599 -0.087507 0.054323
v -0.033168 -0.086651 0.055106
v -0.032588 -0.086355 0.056158
v -0.032014 -0.086700 0.057200
v -0.031601 -0.087593 0.057950
v -0.031459 -0.088795 0.058209
v -0.031625 -0.089984 0.057906
v -0.032056 -0.090841 0.057124
v -0.032636 -0.091136 0.056071
v -0.033209 -0.090791 0.055030
v -0.033623 -0.089898 0.054280
v -0.033765 -0.088696 0.054021
vn -0.0329 0.4968 0.8673
vn -0.0189 0.8630 0.5049
vn 0.0001 1.0000 0.0066
vn 0.0192 0.8686 -0.4951
vn 0.0331 0.5025 -0.8640
vn 0.0380 -0.0000 -0.9993
vn 0.0327 -0.5025 -0.8639
vn 0.0185 -0.8687 -0.4950
vn -0.0006 -1.0000 0.0066
vn -0.0196 -0.8630 0.5049
vn -0.0333 -0.4969 0.8672
vn -0.0381 -0.0001 0.9993
vn -0.0754 0.4965 0.8648
vn -0.0435 0.8625 0.5042
vn 0.0001 1.0000 0.0081
vn 0.0438 0.8695 -0.4920
vn 0.0757 0.5034 -0.8607
vn 0.0872 -0.0001 -0.9962
vn 0.0749 -0.5036 -0.8607
vn 0.0424 -0.8696 -0.4920
vn -0.0015 -1.0000 0.0080
vn -0.0448 -0.8625 0.5041
vn -0.0761 -0.4965 0.8647
vn -0.0873 -0.0000 0.9962
vn -0.1724 0.4955 0.8513
vn -0.0998 0.8615 0.4978
vn -0.0004 0.9999 0.0105
vn 0.0996 0.8705 -0.4820
vn 0.1729 0.5044 -0.8460
vn 0.1993 -0.0003 -0.9799
vn 0.1712 -0.5048 -0.8461
vn 0.0966 -0.8707 -0.4823
vn -0.0038 -0.9999 0.0102
vn -0.1028 -0.8614 0.4975
vn -0.1741 -0.4954 0.8511
vn -0.1995 0.0001 0.9799
vn -0.2939 0.4946 0.8179
vn -0.1708 0.8604 0.4800
vn -0.0019 0.9999 0.0131
vn 0.1686 0.8715 -0.4604
vn 0.2941 0.5054 -0.8112
vn 0.3393 -0.0006 -0.9407
vn 0.2913 -0.5064 -0.8116
vn 0.1639 -0.8721 -0.4611
vn -0.0073 -0.9999 0.0122
vn -0.1755 -0.8600 0.4792
vn -0.2965 -0.4939 0.8174
vn -0.3396 0.0004 0.9406
vn -0.4347 0.4941 0.7530
vn -0.2536 0.8596 0.4435
vn -0.0044 0.9999 0.0148
vn 0.2479 0.8725 -0.4212
vn 0.4341 0.5061 -0.7452
vn 0.5015 -0.0011 -0.8652
vn 0.4304 -0.5081 -0.7461
vn 0.2414 -0.8736 -0.4227
vn -0.0118 -0.9998 0.0130
vn -0.2600 -0.8586 0.4419
vn -0.4383 -0.4924 0.7520
vn -0.5018 0.0010 0.8650
vn -0.5777 0.4943 0.6496
vn -0.3378 0.8595 0.3837
vn -0.0071 0.9999 0.0145
vn 0.3282 0.8727 -0.3615
vn 0.5763 0.5061 -0.6416
vn 0.6663 -0.0019 -0.7457
vn 0.5717 -0.5095 -0.6431
vn 0.3202 -0.8746 -0.3641
vn -0.0162 -0.9998 0.0115
vn -0.3456 -0.8576 0.3810
vn -0.5821 -0.4911 0.6481
vn -0.6664 0.0018 0.7456
vn -0.6986 0.4954 0.5163
vn -0.4084 0.8603 0.3052
vn -0.0084 0.9999 0.0120
vn 0.3971 0.8719 -0.2866
vn 0.6970 0.5050 -0.5091
vn 0.8059 -0.0028 -0.5920
vn 0.6918 -0.5100 -0.5112
vn 0.3881 -0.8747 -0.2902
vn -0.0186 -0.9998 0.0078
vn -0.4171 -0.8574 0.3015
vn -0.7035 -0.4905 0.5142
vn -0.8058 0.0028 0.5922
vn -0.7816 0.4972 0.3766
vn -0.4559 0.8618 0.2225
vn -0.0074 0.9999 0.0086
vn 0.4460 0.8703 -0.2089
vn 0.7807 0.5030 -0.3707
vn 0.9022 -0.0037 -0.4313
vn 0.7753 -0.5094 -0.3733
vn 0.4367 -0.8740 -0.2133
vn -0.0180 -0.9998 0.0036
vn -0.4650 -0.8580 0.2182
vn -0.7869 -0.4908 0.3741
vn -0.9020 0.0037 0.4317
vn -0.8284 0.4992 0.2542
vn -0.4814 0.8636 0.1501
vn -0.0049 1.0000 0.0057
vn 0.4753 0.8685 -0.1409
vn 0.8287 0.5009 -0.2498
vn 0.9568 -0.0043 -0.2908
vn 0.8233 -0.5084 -0.2524
vn 0.4660 -0.8728 -0.1454
vn -0.0156 -0.9999 0.0006
vn -0.4906 -0.8591 0.1457
vn -0.8337 -0.4916 0.2517
vn -0.9567 0.0044 0.2912
vn -0.8504 0.5009 0.1611
vn -0.4923 0.8652 0.0951
vn -0.0020 1.0000 0.0036
vn 0.4906 0.8668 -0.0891
vn 0.8520 0.4991 -0.1580
vn 0.9829 -0.0047 -0.1841
vn 0.8468 -0.5073 -0.1603
vn 0.4814 -0.8715 -0.0930
vn -0.0126 -0.9999 -0.0009
vn -0.5014 -0.8604 0.0912
vn -0.8556 -0.4926 0.1588
vn -0.9829 0.0048 0.1843
vn -0.8590 0.5024 0.0986
vn -0.4957 0.8665 0.0582
vn 0.0007 1.0000 0.0022
vn 0.4979 0.8655 -0.0545
vn 0.8620 0.4977 -0.0965
vn 0.9936 -0.0049 -0.1126
vn 0.8568 -0.5062 -0.0982
vn 0.4890 -0.8704 -0.0574
vn -0.0097 -1.0000 -0.0012
vn -0.5047 -0.8615 0.0553
vn -0.8642 -0.4937 0.0969
vn -0.9936 0.0050 0.1127
vn -0.8617 0.5034 0.0633
vn -0.4959 0.8676 0.0371
vn 0.0029 1.0000 0.0009
vn 0.5015 0.8644 -0.0355
vn 0.8658 0.4966 -0.0624
vn 0.9973 -0.0050 -0.0726
vn 0.8607 -0.5051 -0.0633
vn 0.4928 -0.8694 -0.0369
vn -0.0071 -1.0000 -0.0007
vn -0.5047 -0.8626 0.0357
vn -0.8669 -0.4946 0.0625
vn -0.9973 0.0051 0.0726
vn -0.8640 0.5032 0.0147
vn -0.4995 0.8663 0.0007
vn -0.0014 0.9999 -0.0135
vn 0.4984 0.8666 -0.0242
vn 0.8656 0.4999 -0.0285
vn 0.9997 -0.0026 -0.0252
vn 0.8631 -0.5048 -0.0151
vn 0.4928 -0.8701 -0.0008
vn -0.0101 -0.9999 0.0137
vn -0.5090 -0.8604 0.0243
vn -0.8704 -0.4915 0.0284
vn -0.9997 0.0071 0.0248
vn -0.8614 0.4986 -0.0967
vn -0.5001 0.8615 -0.0876
vn -0.0058 0.9985 -0.0553
vn 0.4926 0.8702 -0.0083
vn 0.8611 0.5068 0.0412
vn 0.9968 0.0035 0.0796
vn 0.8595 -0.5020 0.0964
vn 0.4865 -0.8693 0.0867
vn -0.0173 -0.9984 0.0534
vn -0.5136 -0.8580 0.0059
vn -0.8706 -0.4901 -0.0430
vn -0.9967 0.0053 -0.0804
vn -0.8387 0.4858 -0.2461
vn -0.4829 0.8515 -0.2042
vn 0.0015 0.9941 -0.1084
vn 0.4882 0.8726 0.0169
vn 0.8461 0.5147 0.1384
vn 0.9748 0.0148 0.2226
vn 0.8361 -0.4903 0.2460
vn 0.4683 -0.8602 0.2018
vn -0.0255 -0.9944 0.1029
vn -0.5096 -0.8601 -0.0232
vn -0.8554 -0.4981 -0.1424
vn -0.9747 -0.0066 -0.2236
vn -0.7930 0.4654 -0.3931
vn -0.4486 0.8361 -0.3157
vn 0.0155 0.9878 -0.1546
vn 0.4782 0.8769 0.0486
vn 0.8145 0.5283 0.2399
vn 0.9298 0.0337 0.3666
vn 0.7898 -0.4710 0.3928
vn 0.4335 -0.8457 0.3112
vn -0.0392 -0.9886 0.1453
vn -0.4985 -0.8649 -0.0587
vn -0.8228 -0.5123 -0.2459
vn -0.9296 -0.0266 -0.3677
vn -0.7262 0.4393 -0.5288
vn -0.3998 0.8173 -0.4150
vn 0.0336 0.9810 -0.1911
vn 0.4605 0.8836 0.0851
vn 0.7653 0.5465 0.3400
vn 0.8623 0.0586 0.5031
vn 0.7225 -0.4461 0.5282
vn 0.3850 -0.8276 0.4085
vn -0.0555 -0.9824 0.1783
vn -0.4785 -0.8726 -0.0983
vn -0.7723 -0.5320 -0.3473
vn -0.8620 -0.0529 -0.5041
vn -0.6430 0.4107 -0.6464
vn -0.3414 0.7975 -0.4975
vn 0.0519 0.9749 -0.2164
vn 0.4335 0.8925 0.1242
vn 0.6999 0.5680 0.4332
vn 0.7759 0.0869 0.6249
vn 0.6391 -0.4185 0.6453
vn 0.3277 -0.8083 0.4891
vn -0.0711 -0.9770 0.2010
vn -0.4486 -0.8828 -0.1394
vn -0.7052 -0.5552 -0.4410
vn -0.7757 -0.0829 -0.6257
vn -0.5500 0.3825 -0.7424
vn -0.2791 0.7790 -0.5615
vn 0.0669 0.9707 -0.2310
vn 0.3969 0.9032 0.1632
vn 0.6209 0.5907 0.5153
vn 0.6761 0.1157 0.7277
vn 0.5460 -0.3912 0.7408
vn 0.2671 -0.7902 0.5516
vn -0.0828 -0.9733 0.2139
vn -0.4086 -0.8949 -0.1792
vn -0.6247 -0.5799 -0.5229
vn -0.6759 -0.1134 -0.7282
vn -0.4532 0.3571 -0.8168
vn -0.2183 0.7634 -0.6080
vn 0.0756 0.9686 -0.2368
vn 0.3507 0.9149 0.1998
vn 0.5319 0.6129 0.5843
vn 0.5684 0.1427 0.8103
vn 0.4493 -0.3667 0.8146
vn 0.2082 -0.7748 0.5970
vn -0.0882 -0.9717 0.2189
vn -0.3595 -0.9079 -0.2157
vn -0.5344 -0.6040 -0.5913
vn -0.5684 -0.1420 -0.8104
vn -0.3574 0.3360 -0.8714
vn -0.1626 0.7514 -0.6395
vn 0.0763 0.9686 -0.2364
vn 0.2959 0.9266 0.2321
vn 0.4360 0.6330 0.6397
vn 0.4575 0.1660 0.8736
vn 0.3540 -0.3463 0.8688
vn 0.1545 -0.7630 0.6277
vn -0.0858 -0.9721 0.2184
vn -0.3021 -0.9207 -0.2473
vn -0.4376 -0.6258 -0.6457
vn -0.4576 -0.1669 -0.8733
vn -0.2659 0.3197 -0.9095
vn -0.1144 0.7431 -0.6593
vn 0.0682 0.9702 -0.2324
vn 0.2333 0.9373 0.2590
vn 0.3356 0.6498 0.6820
vn 0.3466 0.1846 0.9197
vn 0.2631 -0.3307 0.9063
vn 0.1083 -0.7547 0.6470
vn -0.0749 -0.9738 0.2146
vn -0.2374 -0.9322 -0.2731
vn -0.3365 -0.6442 -0.6869
vn -0.3469 -0.1870 -0.9191
vn -0.1804 0.3083 -0.9340
vn -0.0749 0.7381 -0.6705
vn 0.0511 0.9726 -0.2269
vn 0.1639 0.9460 0.2797
vn 0.2325 0.6625 0.7121
vn 0.2378 0.1980 0.9509
vn 0.1783 -0.3200 0.9305
vn 0.0707 -0.7498 0.6579
vn -0.0555 -0.9762 0.2096
vn -0.1664 -0.9416 -0.2926
vn -0.2329 -0.6582 -0.7159
vn -0.2380 -0.2017 -0.9501
vn -0.1017 0.3015 -0.9480
vn -0.0441 0.7355 -0.6761
vn 0.0255 0.9747 -0.2223
vn 0.0886 0.9518 0.2935
vn 0.1278 0.6703 0.7310
vn 0.1322 0.2058 0.9696
vn 0.1007 -0.3139 0.9441
vn 0.0420 -0.7472 0.6633
vn -0.0278 -0.9783 0.2055
vn -0.0899 -0.9480 -0.3053
vn -0.1279 -0.6672 -0.7339
vn -0.1323 -0.2108 -0.9685
vn -0.0044 0.2998 -0.9540
vn 0.0061 0.7337 -0.6795
vn 0.0149 0.9746 -0.2235
vn 0.0198 0.9554 0.2948
vn 0.0195 0.6771 0.7356
vn 0.0139 0.2131 0.9769
vn 0.0045 -0.3092 0.9510
vn -0.0062 -0.7460 0.6659
vn -0.0152 -0.9792 0.2021
vn -0.0200 -0.9494 -0.3134
vn -0.0194 -0.6682 -0.7437
vn -0.0137 -0.2119 -0.9772
vn 0.1325 0.2995 -0.9449
vn 0.1008 0.7325 -0.6733
vn 0.0423 0.9739 -0.2230
vn -0.0277 0.9569 0.2892
vn -0.0907 0.6813 0.7263
vn -0.1292 0.2184 0.9673
vn -0.1322 -0.3056 0.9429
vn -0.0990 -0.7449 0.6598
vn -0.0390 -0.9793 0.1984
vn 0.0311 -0.9491 -0.3133
vn 0.0926 -0.6673 -0.7390
vn 0.1295 -0.2113 -0.9688
vn 0.2772 0.2969 -0.9138
vn 0.2076 0.7309 -0.6502
vn 0.0828 0.9734 -0.2137
vn -0.0648 0.9572 0.2822
vn -0.1957 0.6822 0.7045
vn -0.2738 0.2199 0.9363
vn -0.2769 -0.3032 0.9118
vn -0.2043 -0.7426 0.6379
vn -0.0764 -0.9785 0.1918
vn 0.0712 -0.9502 -0.3034
vn 0.1991 -0.6698 -0.7153
vn 0.2741 -0.2142 -0.9375
vn 0.4042 0.2941 -0.8661
vn 0.2990 0.7291 -0.6156
vn 0.1143 0.9729 -0.2012
vn -0.1020 0.9577 0.2691
vn -0.2918 0.6836 0.6690
vn -0.4027 0.2221 0.8880
vn -0.4036 -0.3007 0.8641
vn -0.2941 -0.7405 0.6043
vn -0.1054 -0.9777 0.1816
vn 0.1107 -0.9513 -0.2877
vn 0.2962 -0.6725 -0.6783
vn 0.4032 -0.2175 -0.8889
vn 0.5163 0.2915 -0.8053
vn 0.3776 0.7275 -0.5729
vn 0.1384 0.9724 -0.1878
vn -0.1391 0.9583 0.2495
vn -0.3803 0.6851 0.6213
vn -0.5186 0.2241 0.8251
vn -0.5153 -0.2985 0.8034
vn -0.3713 -0.7388 0.5624
vn -0.1272 -0.9772 0.1701
vn 0.1497 -0.9523 -0.2659
vn 0.3856 -0.6748 -0.6293
vn 0.5191 -0.2204 -0.8258
vn 0.6160 0.2896 -0.7326
vn 0.4457 0.7263 -0.5233
vn 0.1566 0.9721 -0.1744
vn -0.1758 0.9589 0.2229
vn -0.4623 0.6861 0.5618
vn -0.6236 0.2254 0.7485
vn -0.6145 -0.2973 0.7308
vn -0.4378 -0.7379 0.5137
vn -0.1433 -0.9769 0.1584
vn 0.1882 -0.9530 -0.2376
vn 0.4682 -0.6763 -0.5687
vn 0.6241 -0.2224 -0.7491
vn 0.7045 0.2890 -0.6481
vn 0.5047 0.7259 -0.4673
vn 0.1702 0.9720 -0.1617
vn -0.2116 0.9590 0.1887
vn -0.5379 0.6862 0.4897
vn -0.7185 0.2254 0.6580
vn -0.7026 -0.2974 0.6465
vn -0.4951 -0.7379 0.4586
vn -0.1545 -0.9769 0.1474
vn 0.2258 -0.9531 -0.2017
vn 0.5445 -0.6766 -0.4957
vn 0.7189 -0.2229 -0.6584
vn 0.7821 0.2902 -0.5515
vn 0.5551 0.7266 -0.4048
vn 0.1800 0.9721 -0.1501
vn -0.2453 0.9584 0.1462
vn -0.6063 0.6848 0.4043
vn -0.8028 0.2234 0.5528
vn -0.7796 -0.2993 0.5501
vn -0.5438 -0.7392 0.3972
vn -0.1619 -0.9772 0.1376
vn 0.2614 -0.9523 -0.1575
vn 0.6134 -0.6753 -0.4095
vn 0.8031 -0.2215 -0.5531
vn 0.8472 0.2938 -0.4426
vn 0.5966 0.7288 -0.3360
vn 0.1867 0.9724 -0.1397
vn -0.2755 0.9566 0.0951
vn -0.6653 0.6813 0.3053
vn -0.8746 0.2188 0.4327
vn -0.8442 -0.3037 0.4416
vn -0.5835 -0.7420 0.3300
vn -0.1661 -0.9776 0.1296
vn 0.2934 -0.9503 -0.1044
vn 0.6731 -0.6716 -0.3096
vn 0.8749 -0.2173 -0.4329
vn 0.8976 0.3003 -0.3227
vn 0.6282 0.7328 -0.2617
vn 0.1909 0.9728 -0.1309
vn -0.3001 0.9532 0.0357
vn -0.7122 0.6748 0.1935
vn -0.9307 0.2109 0.2989
vn -0.8941 -0.3110 0.3223
vn -0.6134 -0.7465 0.2577
vn -0.1682 -0.9780 0.1237
vn 0.3195 -0.9466 -0.0427
vn 0.7203 -0.6651 -0.1969
vn 0.9309 -0.2098 -0.2990
vn 0.9305 0.3104 -0.1946
vn 0.6484 0.7388 -0.1836
vn 0.1929 0.9734 -0.1239
vn -0.3169 0.9479 -0.0306
vn -0.7434 0.6650 0.0715
vn -0.9677 0.1991 0.1544
vn -0.9266 -0.3215 0.1949
vn -0.6325 -0.7528 0.1821
vn -0.1688 -0.9783 0.1201
vn 0.3373 -0.9410 0.0263
vn 0.7518 -0.6552 -0.0739
vn 0.9679 -0.1984 -0.1545
vn 0.9441 0.3236 -0.0627
vn 0.6569 0.7467 -0.1046
vn 0.1937 0.9738 -0.1189
vn -0.3244 0.9405 -0.1012
vn -0.7568 0.6513 -0.0558
vn -0.9831 0.1832 0.0050
vn -0.9400 -0.3350 0.0643
vn -0.6406 -0.7605 0.1060
vn -0.1691 -0.9784 0.1188
vn 0.3449 -0.9333 0.0999
vn 0.7650 -0.6417 0.0547
vn 0.9831 -0.1829 -0.0046
vn 0.9331 0.3434 0.1065
vn 0.6534 0.7570 0.0018
vn 0.1989 0.9745 -0.1043
vn -0.3134 0.9318 -0.1830
vn -0.7437 0.6342 -0.2117
vn -0.9701 0.1604 -0.1819
vn -0.9282 -0.3579 -0.1021
vn -0.6304 -0.7762 0.0055
vn -0.1625 -0.9804 0.1113
vn 0.3451 -0.9198 0.1869
vn 0.7573 -0.6175 0.2127
vn 0.9705 -0.1570 0.1832
vn 0.8442 0.3820 0.3761
vn 0.5995 0.7794 0.1824
vn 0.1972 0.9785 -0.0605
vn -0.2634 0.9199 -0.2905
vn -0.6591 0.6072 -0.4436
vn -0.8731 0.1189 -0.4728
vn -0.8375 -0.4049 -0.3671
vn -0.5648 -0.8099 -0.1584
vn -0.1408 -0.9858 0.0913
vn 0.3137 -0.8964 0.3132
vn 0.6816 -0.5759 0.4514
vn 0.8737 -0.1107 0.4737
vn 0.6048 0.4351 0.6670
vn 0.4399 0.8143 0.3786
vn 0.1599 0.9871 -0.0103
vn -0.1670 0.9000 -0.4027
vn -0.4536 0.5628 -0.6911
vn -0.6147 0.0608 -0.7864
vn -0.5991 -0.4602 -0.6552
vn -0.4131 -0.8453 -0.3387
vn -0.1162 -0.9910 0.0660
vn 0.2066 -0.8708 0.4461
vn 0.4722 -0.5274 0.7064
vn 0.6162 -0.0525 0.7858
vn 0.2832 0.4791 0.8308
vn 0.2244 0.8447 0.4859
vn 0.1066 0.9942 0.0109
vn -0.0411 0.8798 -0.4736
vn -0.1788 0.5214 -0.8344
vn -0.2673 0.0130 -0.9635
vn -0.2805 -0.4998 -0.8195
vn -0.2149 -0.8690 -0.4458
vn -0.0905 -0.9948 0.0459
vn 0.0568 -0.8533 0.5184
vn 0.1877 -0.4915 0.8504
vn 0.2697 -0.0067 0.9629
vn 0.0006 0.5050 0.8631
vn 0.0379 0.8633 0.5032
vn 0.0656 0.9978 0.0081
vn 0.0762 0.8659 -0.4943
vn 0.0665 0.4958 -0.8659
vn 0.0383 -0.0141 -0.9992
vn -0.0008 -0.5204 -0.8539
vn -0.0397 -0.8805 -0.4724
vn -0.0671 -0.9971 0.0352
vn -0.0759 -0.8457 0.5283
vn -0.0646 -0.4738 0.8783
vn -0.0367 0.0182 0.9992
vn -0.2082 0.5178 0.8298
vn -0.0965 0.8726 0.4789
vn 0.0414 0.9991 -0.0008
vn 0.1694 0.8585 -0.4840
vn 0.2522 0.4830 -0.8385
vn 0.2660 -0.0271 -0.9636
vn 0.2062 -0.5300 -0.8226
vn 0.0898 -0.8856 -0.4558
vn -0.0501 -0.9982 0.0327
vn -0.1755 -0.8428 0.5088
vn -0.2536 -0.4665 0.8474
vn -0.2653 0.0297 0.9637
vn -0.3673 0.5235 0.7688
vn -0.1964 0.8766 0.4394
vn 0.0274 0.9996 -0.0082
vn 0.2455 0.8551 -0.4567
vn 0.3981 0.4770 -0.7836
vn 0.4419 -0.0333 -0.8964
vn 0.3641 -0.5347 -0.7626
vn 0.1867 -0.8881 -0.4201
vn -0.0403 -0.9986 0.0344
vn -0.2550 -0.8413 0.4766
vn -0.4011 -0.4630 0.7904
vn -0.4418 0.0349 0.8964
vn -0.5058 0.5251 0.6844
vn -0.2816 0.8775 0.3882
vn 0.0185 0.9997 -0.0127
vn 0.3158 0.8542 -0.4131
vn 0.5287 0.4749 -0.7035
vn 0.5970 -0.0363 -0.8014
vn 0.5008 -0.5376 -0.6784
vn 0.2675 -0.8898 -0.3697
vn -0.0370 -0.9986 0.0374
vn -0.3296 -0.8397 0.4316
vn -0.5334 -0.4606 0.7094
vn -0.5973 0.0371 0.8011
vn -0.6455 0.5229 0.5567
vn -0.3670 0.8755 0.3142
vn 0.0109 0.9998 -0.0136
vn 0.3891 0.8557 -0.3411
vn 0.6631 0.4759 -0.5778
vn 0.7545 -0.0371 -0.6553
vn 0.6367 -0.5399 -0.5506
vn 0.3435 -0.8918 -0.2944
vn -0.0413 -0.9984 0.0398
vn -0.4117 -0.8372 0.3599
vn -0.6711 -0.4582 0.5828
vn -0.7556 0.0371 0.6540
vn -0.7897 0.5162 0.3316
vn -0.4572 0.8699 0.1853
vn -0.0003 0.9999 -0.0118
vn 0.4629 0.8613 -0.2095
vn 0.8022 0.4818 -0.3525
vn 0.9172 -0.0355 -0.3968
vn 0.7732 -0.5428 -0.3278
vn 0.4134 -0.8950 -0.1675
vn -0.0563 -0.9978 0.0356
vn -0.5045 -0.8335 0.2254
vn -0.8164 -0.4560 0.3543
vn -0.9191 0.0344 0.3926
vn -0.8598 0.5077 -0.0546
vn -0.5047 0.8624 -0.0398
vn -0.0150 0.9998 -0.0146
vn 0.4891 0.8721 0.0143
vn 0.8675 0.4960 0.0388
vn 0.9981 -0.0309 0.0524
vn 0.8348 -0.5482 0.0515
vn 0.4350 -0.8997 0.0357
vn -0.0744 -0.9972 0.0094
vn -0.5541 -0.8322 -0.0194
vn -0.8877 -0.4584 -0.0429
vn -0.9981 0.0281 -0.0555
vn -0.7126 0.5019 -0.4902
vn -0.4189 0.8591 -0.2941
vn -0.0131 0.9997 -0.0196
vn 0.4046 0.8748 0.2665
vn 0.7172 0.5006 0.4847
vn 0.8250 -0.0249 0.5646
vn 0.6909 -0.5425 0.4779
vn 0.3612 -0.8967 0.2560
vn -0.0604 -0.9977 -0.0302
vn -0.4581 -0.8358 -0.3025
vn -0.7347 -0.4641 -0.4949
vn -0.8264 0.0215 -0.5626
vn -0.5606 0.4933 -0.6651
vn -0.3306 0.8564 -0.3965
vn -0.0040 0.9999 -0.0113
vn 0.3278 0.8634 0.3836
vn 0.5642 0.4851 0.6681
vn 0.6429 -0.0215 0.7656
vn 0.5467 -0.5229 0.6540
vn 0.2966 -0.8852 0.3585
vn -0.0394 -0.9984 -0.0395
vn -0.3592 -0.8341 -0.4187
vn -0.5758 -0.4591 -0.6765
vn -0.6464 0.0188 -0.7628
vt 0.000000 1.000000
vt 0.020833 1.000000
vt 0.020833 0.916667
vt 0.000000 0.916667
vt 0.000000 0.083333
vt 0.020833 0.083333
vt 0.020833 0.000000
vt 0.000000 0.000000
vt 0.000000 0.166667
vt 0.020833 0.166667
vt 0.000000 0.250000
vt 0.020833 0.250000
vt 0.000000 0.333333
vt 0.020833 0.333333
vt 0.000000 0.416667
vt 0.020833 0.416667
vt 0.000000 0.500000
vt 0.020833 0.500000
vt 0.000000 0.583333
vt 0.020833 0.583333
vt 0.000000 0.666667
vt 0.020833 0.666667
vt 0.000000 0.750000
vt 0.020833 0.750000
vt 0.000000 0.833333
vt 0.020833 0.833333
vt 0.041667 1.000000
vt 0.041667 0.916667
vt 0.041667 0.083333
vt 0.041667 0.000000
vt 0.041667 0.166667
vt 0.041667 0.250000
vt 0.041667 0.333333
vt 0.041667 0.416667
vt 0.041667 0.500000
vt 0.041667 0.583333
vt 0.041667 0.666667
vt 0.041667 0.750000
vt 0.041667 0.833333
vt 0.062500 1.000000
vt 0.062500 0.916667
vt 0.062500 0.083333
vt 0.062500 0.000000
vt 0.062500 0.166667
vt 0.062500 0.250000
vt 0.062500 0.333333
vt 0.062500 0.416667
vt 0.062500 0.500000
vt 0.062500 0.583333
vt 0.062500 0.666667
vt 0.062500 0.750000
vt 0.062500 0.833333
vt 0.083333 1.000000
vt 0.083333 0.916667
vt 0.083333 0.083333
vt 0.083333 0.000000
vt 0.083333 0.166667
vt 0.083333 0.250000
vt 0.083333 0.333333
vt 0.083333 0.416667
vt 0.083333 0.500000
vt 0.083333 0.583333
vt 0.083333 0.666667
vt 0.083333 0.750000
vt 0.083333 0.833333
vt 0.104167 1.000000
vt 0.104167 0.916667
vt 0.104167 0.083333
vt 0.104167 0.000000
vt 0.104167 0.166667
vt 0.104167 0.250000
vt 0.104167 0.333333
vt 0.104167 0.416667
vt 0.104167 0.500000
vt 0.104167 0.583333
vt 0.104167 0.666667
vt 0.104167 0.750000
vt 0.104167 0.833333
vt 0.125000 1.000000
vt 0.125000 0.916667
vt 0.125000 0.083333
vt 0.125000 0.000000
vt 0.125000 0.166667
vt 0.125000 0.250000
vt 0.125000 0.333333
vt 0.125000 0.416667
vt 0.125000 0.500000
vt 0.125000 0.583333
vt 0.125000 0.666667
vt 0.125000 0.750000
vt 0.125000 0.833333
vt 0.145833 1.000000
vt 0.145833 0.916667
vt 0.145833 0.083333
vt 0.145833 0.000000
vt 0.145833 0.166667
vt 0.145833 0.250000
vt 0.145833 0.333333
vt 0.145833 0.416667
vt 0.145833 0.500000
vt 0.145833 0.583333
vt 0.145833 0.666667
vt 0.145833 0.750000
vt 0.145833 0.833333
vt 0.166667 1.000000
vt 0.166667 0.916667
vt 0.166667 0.083333
vt 0.166667 0.000000
vt 0.166667 0.166667
vt 0.166667 0.250000
vt 0.166667 0.333333
vt 0.166667 0.416667
vt 0.166667 0.500000
vt 0.166667 0.583333
vt 0.166667 0.666667
vt 0.166667 0.750000
vt 0.166667 0.833333
vt 0.187500 1.000000
vt 0.187500 0.916667
vt 0.187500 0.083333
vt 0.187500 0.000000
vt 0.187500 0.166667
vt 0.187500 0.250000
vt 0.187500 0.333333
vt 0.187500 0.416667
vt 0.187500 0.500000
vt 0.187500 0.583333
vt 0.187500 0.666667
vt 0.187500 0.750000
vt 0.187500 0.833333
vt 0.208333 1.000000
vt 0.208333 0.916667
vt 0.208333 0.083333
vt 0.208333 0.000000
vt 0.208333 0.166667
vt 0.208333 0.250000
vt 0.208333 0.333333
vt 0.208333 0.416667
vt 0.208333 0.500000
vt 0.208333 0.583333
vt 0.208333 0.666667
vt 0.208333 0.750000
vt 0.208333 0.833333
vt 0.229167 1.000000
vt 0.229167 0.916667
vt 0.229167 0.083333
vt 0.229167 0.000000
vt 0.229167 0.166667
vt 0.229167 0.250000
vt 0.229167 0.333333
vt 0.229167 0.416667
vt 0.229167 0.500000
vt 0.229167 0.583333
vt 0.229167 0.666667
vt 0.229167 0.750000
vt 0.229167 0.833333
vt 0.250000 1.000000
vt 0.250000 0.916667
vt 0.250000 0.083333
vt 0.250000 0.000000
vt 0.250000 0.166667
vt 0.250000 0.250000
vt 0.250000 0.333333
vt 0.250000 0.416667
vt 0.250000 0.500000
vt 0.250000 0.583333
vt 0.250000 0.666667
vt 0.250000 0.750000
vt 0.250000 0.833333
vt 0.270833 1.000000
vt 0.270833 0.916667
vt 0.270833 0.083333
vt 0.270833 0.000000
vt 0.270833 0.166667
vt 0.270833 0.250000
vt 0.270833 0.333333
vt 0.270833 0.416667
vt 0.270833 0.500000
vt 0.270833 0.583333
vt 0.270833 0.666667
vt 0.270833 0.750000
vt 0.270833 0.833333
vt 0.291667 1.000000
vt 0.291667 0.916667
vt 0.291667 0.083333
vt 0.291667 0.000000
vt 0.291667 0.166667
vt 0.291667 0.250000
vt 0.291667 0.333333
vt 0.291667 0.416667
vt 0.291667 0.500000
vt 0.291667 0.583333
vt 0.291667 0.666667
vt 0.291667 0.750000
vt 0.291667 0.833333
vt 0.312500 1.000000
vt 0.312500 0.916667
vt 0.312500 0.083333
vt 0.312500 0.000000
vt 0.312500 0.166667
vt 0.312500 0.250000
vt 0.312500 0.333333
vt 0.312500 0.416667
vt 0.312500 0.500000
vt 0.312500 0.583333
vt 0.312500 0.666667
vt 0.312500 0.750000
vt 0.312500 0.833333
vt 0.333333 1.000000
vt 0.333333 0.916667
vt 0.333333 0.083333
vt 0.333333 0.000000
vt 0.333333 0.166667
vt 0.333333 0.250000
vt 0.333333 0.333333
vt 0.333333 0.416667
vt 0.333333 0.500000
vt 0.333333 0.583333
vt 0.333333 0.666667
vt 0.333333 0.750000
vt 0.333333 0.833333
vt 0.354167 1.000000
vt 0.354167 0.916667
vt 0.354167 0.083333
vt 0.354167 0.000000
vt 0.354167 0.166667
vt 0.354167 0.250000
vt 0.354167 0.333333
vt 0.354167 0.416667
vt 0.354167 0.500000
vt 0.354167 0.583333
vt 0.354167 0.666667
vt 0.354167 0.750000
vt 0.354167 0.833333
vt 0.375000 1.000000
vt 0.375000 0.916667
vt 0.375000 0.083333
vt 0.375000 0.000000
vt 0.375000 0.166667
vt 0.375000 0.250000
vt 0.375000 0.333333
vt 0.375000 0.416667
vt 0.375000 0.500000
vt 0.375000 0.583333
vt 0.375000 0.666667
vt 0.375000 0.750000
vt 0.375000 0.833333
vt 0.395833 1.000000
vt 0.395833 0.916667
vt 0.395833 0.083333
vt 0.395833 0.000000
vt 0.395833 0.166667
vt 0.395833 0.250000
vt 0.395833 0.333333
vt 0.395833 0.416667
vt 0.395833 0.500000
vt 0.395833 0.583333
vt 0.395833 0.666667
vt 0.395833 0.750000
vt 0.395833 0.833333
vt 0.416667 1.000000
vt 0.416667 0.916667
vt 0.416667 0.083333
vt 0.416667 0.000000
vt 0.416667 0.166667
vt 0.416667 0.250000
vt 0.416667 0.333333
vt 0.416667 0.416667
vt 0.416667 0.500000
vt 0.416667 0.583333
vt 0.416667 0.666667
vt 0.416667 0.750000
vt 0.416667 0.833333
vt 0.437500 1.000000
vt 0.437500 0.916667
vt 0.437500 0.083333
vt 0.437500 0.000000
vt 0.437500 0.166667
vt 0.437500 0.250000
vt 0.437500 0.333333
vt 0.437500 0.416667
vt 0.437500 0.500000
vt 0.437500 0.583333
vt 0.437500 0.666667
vt 0.437500 0.750000
vt 0.437500 0.833333
vt 0.458333 1.000000
vt 0.458333 0.916667
vt 0.458333 0.083333
vt 0.458333 0.000000
vt 0.458333 0.166667
vt 0.458333 0.250000
vt 0.458333 0.333333
vt 0.458333 0.416667
vt 0.458333 0.500000
vt 0.458333 0.583333
vt 0.458333 0.666667
vt 0.458333 0.750000
vt 0.458333 0.833333
vt 0.479167 1.000000
vt 0.479167 0.916667
vt 0.479167 0.083333
vt 0.479167 0.000000
vt 0.479167 0.166667
vt 0.479167 0.250000
vt 0.479167 0.333333
vt 0.479167 0.416667
vt 0.479167 0.500000
vt 0.479167 0.583333
vt 0.479167 0.666667
vt 0.479167 0.750000
vt 0.479167 0.833333
vt 0.500000 1.000000
vt 0.500000 0.916667
vt 0.500000 0.083333
vt 0.500000 0.000000
vt 0.500000 0.166667
vt 0.500000 0.250000
vt 0.500000 0.333333
vt 0.500000 0.416667
vt 0.500000 0.500000
vt 0.500000 0.583333
vt 0.500000 0.666667
vt 0.500000 0.750000
vt 0.500000 0.833333
vt 0.520833 1.000000
vt 0.520833 0.916667
vt 0.520833 0.083333
vt 0.520833 0.000000
vt 0.520833 0.166667
vt 0.520833 0.250000
vt 0.520833 0.333333
vt 0.520833 0.416667
vt 0.520833 0.500000
vt 0.520833 0.583333
vt 0.520833 0.666667
vt 0.520833 0.750000
vt 0.520833 0.833333
vt 0.541667 1.000000
vt 0.541667 0.916667
vt 0.541667 0.083333
vt 0.541667 0.000000
vt 0.541667 0.166667
vt 0.541667 0.250000
vt 0.541667 0.333333
vt 0.541667 0.416667
vt 0.541667 0.500000
vt 0.541667 0.583333
vt 0.541667 0.666667
vt 0.541667 0.750000
vt 0.541667 0.833333
vt 0.562500 1.000000
vt 0.562500 0.916667
vt 0.562500 0.083333
vt 0.562500 0.000000
vt 0.562500 0.166667
vt 0.562500 0.250000
vt 0.562500 0.333333
vt 0.562500 0.416667
vt 0.562500 0.500000
vt 0.562500 0.583333
vt 0.562500 0.666667
vt 0.562500 0.750000
vt 0.562500 0.833333
vt 0.583333 1.000000
vt 0.583333 0.916667
vt 0.583333 0.083333
vt 0.583333 0.000000
vt 0.583333 0.166667
vt 0.583333 0.250000
vt 0.583333 0.333333
vt 0.583333 0.416667
vt 0.583333 0.500000
vt 0.583333 0.583333
vt 0.583333 0.666667
vt 0.583333 0.750000
vt 0.583333 0.833333
vt 0.604167 1.000000
vt 0.604167 0.916667
vt 0.604167 0.083333
vt 0.604167 0.000000
vt 0.604167 0.166667
vt 0.604167 0.250000
vt 0.604167 0.333333
vt 0.604167 0.416667
vt 0.604167 0.500000
vt 0.604167 0.583333
vt 0.604167 0.666667
vt 0.604167 0.750000
vt 0.604167 0.833333
vt 0.625000 1.000000
vt 0.625000 0.916667
vt 0.625000 0.083333
vt 0.625000 0.000000
vt 0.625000 0.166667
vt 0.625000 0.250000
vt 0.625000 0.333333
vt 0.625000 0.416667
vt 0.625000 0.500000
vt 0.625000 0.583333
vt 0.625000 0.666667
vt 0.625000 0.750000
vt 0.625000 0.833333
vt 0.645833 1.000000
vt 0.645833 0.916667
vt 0.645833 0.083333
vt 0.645833 0.000000
vt 0.645833 0.166667
vt 0.645833 0.250000
vt 0.645833 0.333333
vt 0.645833 0.416667
vt 0.645833 0.500000
vt 0.645833 0.583333
vt 0.645833 0.666667
vt 0.645833 0.750000
vt 0.645833 0.833333
vt 0.666667 1.000000
vt 0.666667 0.916667
vt 0.666667 0.083333
vt 0.666667 0.000000
vt 0.666667 0.166667
vt 0.666667 0.250000
vt 0.666667 0.333333
vt 0.666667 0.416667
vt 0.666667 0.500000
vt 0.666667 0.583333
vt 0.666667 0.666667
vt 0.666667 0.750000
vt 0.666667 0.833333
vt 0.687500 1.000000
vt 0.687500 0.916667
vt 0.687500 0.083333
vt 0.687500 0.000000
vt 0.687500 0.166667
vt 0.687500 0.250000
vt 0.687500 0.333333
vt 0.687500 0.416667
vt 0.687500 0.500000
vt 0.687500 0.583333
vt 0.687500 0.666667
vt 0.687500 0.750000
vt 0.687500 0.833333
vt 0.708333 1.000000
vt 0.708333 0.916667
vt 0.708333 0.083333
vt 0.708333 0.000000
vt 0.708333 0.166667
vt 0.708333 0.250000
vt 0.708333 0.333333
vt 0.708333 0.416667
vt 0.708333 0.500000
vt 0.708333 0.583333
vt 0.708333 0.666667
vt 0.708333 0.750000
vt 0.708333 0.833333
vt 0.729167 1.000000
vt 0.729167 0.916667
vt 0.729167 0.083333
vt 0.729167 0.000000
vt 0.729167 0.166667
vt 0.729167 0.250000
vt 0.729167 0.333333
vt 0.729167 0.416667
vt 0.729167 0.500000
vt 0.729167 0.583333
vt 0.729167 0.666667
vt 0.729167 0.750000
vt 0.729167 0.833333
vt 0.750000 1.000000
vt 0.750000 0.916667
vt 0.750000 0.083333
vt 0.750000 0.000000
vt 0.750000 0.166667
vt 0.750000 0.250000
vt 0.750000 0.333333
vt 0.750000 0.416667
vt 0.750000 0.500000
vt 0.750000 0.583333
vt 0.750000 0.666667
vt 0.750000 0.750000
vt 0.750000 0.833333
vt 0.770833 1.000000
vt 0.770833 0.916667
vt 0.770833 0.083333
vt 0.770833 0.000000
vt 0.770833 0.166667
vt 0.770833 0.250000
vt 0.770833 0.333333
vt 0.770833 0.416667
vt 0.770833 0.500000
vt 0.770833 0.583333
vt 0.770833 0.666667
vt 0.770833 0.750000
vt 0.770833 0.833333
vt 0.791667 1.000000
vt 0.791667 0.916667
vt 0.791667 0.083333
vt 0.791667 0.000000
vt 0.791667 0.166667
vt 0.791667 0.250000
vt 0.791667 0.333333
vt 0.791667 0.416667
vt 0.791667 0.500000
vt 0.791667 0.583333
vt 0.791667 0.666667
vt 0.791667 0.750000
vt 0.791667 0.833333
vt 0.812500 1.000000
vt 0.812500 0.916667
vt 0.812500 0.083333
vt 0.812500 0.000000
vt 0.812500 0.166667
vt 0.812500 0.250000
vt 0.812500 0.333333
vt 0.812500 0.416667
vt 0.812500 0.500000
vt 0.812500 0.583333
vt 0.812500 0.666667
vt 0.812500 0.750000
vt 0.812500 0.833333
vt 0.833333 1.000000
vt 0.833333 0.916667
vt 0.833333 0.083333
vt 0.833333 0.000000
vt 0.833333 0.166667
vt 0.833333 0.250000
vt 0.833333 0.333333
vt 0.833333 0.416667
vt 0.833333 0.500000
vt 0.833333 0.583333
vt 0.833333 0.666667
vt 0.833333 0.750000
vt 0.833333 0.833333
vt 0.854167 1.000000
vt 0.854167 0.916667
vt 0.854167 0.083333
vt 0.854167 0.000000
vt 0.854167 0.166667
vt 0.854167 0.250000
vt 0.854167 0.333333
vt 0.854167 0.416667
vt 0.854167 0.500000
vt 0.854167 0.583333
vt 0.854167 0.666667
vt 0.854167 0.750000
vt 0.854167 0.833333
vt 0.875000 1.000000
vt 0.875000 0.916667
vt 0.875000 0.083333
vt 0.875000 0.000000
vt 0.875000 0.166667
vt 0.875000 0.250000
vt 0.875000 0.333333
vt 0.875000 0.416667
vt 0.875000 0.500000
vt 0.875000 0.583333
vt 0.875000 0.666667
vt 0.875000 0.750000
vt 0.875000 0.833333
vt 0.895833 1.000000
vt 0.895833 0.916667
vt 0.895833 0.083333
vt 0.895833 0.000000
vt 0.895833 0.166667
vt 0.895833 0.250000
vt 0.895833 0.333333
vt 0.895833 0.416667
vt 0.895833 0.500000
vt 0.895833 0.583333
vt 0.895833 0.666667
vt 0.895833 0.750000
vt 0.895833 0.833333
vt 0.916667 1.000000
vt 0.916667 0.916667
vt 0.916667 0.083333
vt 0.916667 0.000000
vt 0.916667 0.166667
vt 0.916667 0.250000
vt 0.916667 0.333333
vt 0.916667 0.416667
vt 0.916667 0.500000
vt 0.916667 0.583333
vt 0.916667 0.666667
vt 0.916667 0.750000
vt 0.916667 0.833333
vt 0.937500 1.000000
vt 0.937500 0.916667
vt 0.937500 0.083333
vt 0.937500 0.000000
vt 0.937500 0.166667
vt 0.937500 0.250000
vt 0.937500 0.333333
vt 0.937500 0.416667
vt 0.937500 0.500000
vt 0.937500 0.583333
vt 0.937500 0.666667
vt 0.937500 0.750000
vt 0.937500 0.833333
vt 0.958333 1.000000
vt 0.958333 0.916667
vt 0.958333 0.083333
vt 0.958333 0.000000
vt 0.958333 0.166667
vt 0.958333 0.250000
vt 0.958333 0.333333
vt 0.958333 0.416667
vt 0.958333 0.500000
vt 0.958333 0.583333
vt 0.958333 0.666667
vt 0.958333 0.750000
vt 0.958333 0.833333
vt 0.979167 1.000000
vt 0.979167 0.916667
vt 0.979167 0.083333
vt 0.979167 0.000000
vt 0.979167 0.166667
vt 0.979167 0.250000
vt 0.979167 0.333333
vt 0.979167 0.416667
vt 0.979167 0.500000
vt 0.979167 0.583333
vt 0.979167 0.666667
vt 0.979167 0.750000
vt 0.979167 0.833333
vt 1.000000 1.000000
vt 1.000000 0.916667
vt 1.000000 0.083333
vt 1.000000 0.000000
vt 1.000000 0.166667
vt 1.000000 0.250000
vt 1.000000 0.333333
vt 1.000000 0.416667
vt 1.000000 0.500000
vt 1.000000 0.583333
vt 1.000000 0.666667
vt 1.000000 0.750000
vt 1.000000 0.833333
s 1
f 2153/2811/1863 2165/2812/1875 2176/2813/1886 2164/2814/1874
f 2154/2815/1864 2166/2816/1876 2165/2817/1875 2153/2818/1863
f 2155/2819/1865 2167/2820/1877 2166/2816/1876 2154/2815/1864
f 2156/2821/1866 2168/2822/1878 2167/2820/1877 2155/2819/1865
f 2157/2823/1867 2169/2824/1879 2168/2822/1878 2156/2821/1866
f 2158/2825/1868 2170/2826/1880 2169/2824/1879 2157/2823/1867
f 2159/2827/1869 2171/2828/1881 2170/2826/1880 2158/2825/1868
f 2160/2829/1870 2172/2830/1882 2171/2828/1881 2159/2827/1869
f 2161/2831/1871 2173/2832/1883 2172/2830/1882 2160/2829/1870
f 2162/2833/1872 2174/2834/1884 2173/2832/1883 2161/2831/1871
f 2163/2835/1873 2175/2836/1885 2174/2834/1884 2162/2833/1872
f 2164/2814/1874 2176/2813/1886 2175/2836/1885 2163/2835/1873
f 2165/2812/1875 2177/2837/1887 2188/2838/1898 2176/2813/1886
f 2166/2816/1876 2178/2839/1888 2177/2840/1887 2165/2817/1875
f 2167/2820/1877 2179/2841/1889 2178/2839/1888 2166/2816/1876
f 2168/2822/1878 2180/2842/1890 2179/2841/1889 2167/2820/1877
f 2169/2824/1879 2181/2843/1891 2180/2842/1890 2168/2822/1878
f 2170/2826/1880 2182/2844/1892 2181/2843/1891 2169/2824/1879
f 2171/2828/1881 2183/2845/1893 2182/2844/1892 2170/2826/1880
f 2172/2830/1882 2184/2846/1894 2183/2845/1893 2171/2828/1881
f 2173/2832/1883 2185/2847/1895 2184/2846/1894 2172/2830/1882
f 2174/2834/1884 2186/2848/1896 2185/2847/1895 2173/2832/1883
f 2175/2836/1885 2187/2849/1897 2186/2848/1896 2174/2834/1884
f 2176/2813/1886 2188/2838/1898 2187/2849/1897 2175/2836/1885
f 2177/2837/1887 2189/2850/1899 2200/2851/1910 2188/2838/1898
f 2178/2839/1888 2190/2852/1900 2189/2853/1899 2177/2840/1887
f 2179/2841/1889 2191/2854/1901 2190/2852/1900 2178/2839/1888
f 2180/2842/1890 2192/2855/1902 2191/2854/1901 2179/2841/1889
f 2181/2843/1891 2193/2856/1903 2192/2855/1902 2180/2842/1890
f 2182/2844/1892 2194/2857/1904 2193/2856/1903 2181/2843/1891
f 2183/2845/1893 2195/2858/1905 2194/2857/1904 2182/2844/1892
f 2184/2846/1894 2196/2859/1906 2195/2858/1905 2183/2845/1893
f 2185/2847/1895 2197/2860/1907 2196/2859/1906 2184/2846/1894
f 2186/2848/1896 2198/2861/1908 2197/2860/1907 2185/2847/1895
f 2187/2849/1897 2199/2862/1909 2198/2861/1908 2186/2848/1896
f 2188/2838/1898 2200/2851/1910 2199/2862/1909 2187/2849/1897
f 2189/2850/1899 2201/2863/1911 2212/2864/1922 2200/2851/1910
f 2190/2852/1900 2202/2865/1912 2201/2866/1911 2189/2853/1899
f 2191/2854/1901 2203/2867/1913 2202/2865/1912 2190/2852/1900
f 2192/2855/1902 2204/2868/1914 2203/2867/1913 2191/2854/1901
f 2193/2856/1903 2205/2869/1915 2204/2868/1914 2192/2855/1902
f 2194/2857/1904 2206/2870/1916 2205/2869/1915 2193/2856/1903
f 2195/2858/1905 2207/2871/1917 2206/2870/1916 2194/2857/1904
f 2196/2859/1906 2208/2872/1918 2207/2871/1917 2195/2858/1905
f 2197/2860/1907 2209/2873/1919 2208/2872/1918 2196/2859/1906
f 2198/2861/1908 2210/2874/1920 2209/2873/1919 2197/2860/1907
f 2199/2862/1909 2211/2875/1921 2210/2874/1920 2198/2861/1908
f 2200/2851/1910 2212/2864/1922 2211/2875/1921 2199/2862/1909
f 2201/2863/1911 2213/2876/1923 2224/2877/1934 2212/2864/1922
f 2202/2865/1912 2214/2878/1924 2213/2879/1923 2201/2866/1911
f 2203/2867/1913 2215/2880/1925 2214/2878/1924 2202/2865/1912
f 2204/2868/1914 2216/2881/1926 2215/2880/1925 2203/2867/1913
f 2205/2869/1915 2217/2882/1927 2216/2881/1926 2204/2868/1914
f 2206/2870/1916 2218/2883/1928 2217/2882/1927 2205/2869/1915
f 2207/2871/1917 2219/2884/1929 2218/2883/1928 2206/2870/1916
f 2208/2872/1918 2220/2885/1930 2219/2884/1929 2207/2871/1917
f 2209/2873/1919 2221/2886/1931 2220/2885/1930 2208/2872/1918
f 2210/2874/1920 2222/2887/1932 2221/2886/1931 2209/2873/1919
f 2211/2875/1921 2223/2888/1933 2222/2887/1932 2210/2874/1920
f 2212/2864/1922 2224/2877/1934 2223/2888/1933 2211/2875/1921
f 2213/2876/1923 2225/2889/1935 2236/2890/1946 2224/2877/1934
f 2214/2878/1924 2226/2891/1936 2225/2892/1935 2213/2879/1923
f 2215/2880/1925 2227/2893/1937 2226/2891/1936 2214/2878/1924
f 2216/2881/1926 2228/2894/1938 2227/2893/1937 2215/2880/1925
f 2217/2882/1927 2229/2895/1939 2228/2894/1938 2216/2881/1926
f 2218/2883/1928 2230/2896/1940 2229/2895/1939 2217/2882/1927
f 2219/2884/1929 2231/2897/1941 2230/2896/1940 2218/2883/1928
f 2220/2885/1930 2232/2898/1942 2231/2897/1941 2219/2884/1929
f 2221/2886/1931 2233/2899/1943 2232/2898/1942 2220/2885/1930
f 2222/2887/1932 2234/2900/1944 2233/2899/1943 2221/2886/1931
f 2223/2888/1933 2235/2901/1945 2234/2900/1944 2222/2887/1932
f 2224/2877/1934 2236/2890/1946 2235/2901/1945 2223/2888/1933
f 2225/2889/1935 2237/2902/1947 2248/2903/1958 2236/2890/1946
f 2226/2891/1936 2238/2904/1948 2237/2905/1947 2225/2892/1935
f 2227/2893/1937 2239/2906/1949 2238/2904/1948 2226/2891/1936
f 2228/2894/1938 2240/2907/1950 2239/2906/1949 2227/2893/1937
f 2229/2895/1939 2241/2908/1951 2240/2907/1950 2228/2894/1938
f 2230/2896/1940 2242/2909/1952 2241/2908/1951 2229/2895/1939
f 2231/2897/1941 2243/2910/1953 2242/2909/1952 2230/2896/1940
f 2232/2898/1942 2244/2911/1954 2243/2910/1953 2231/2897/1941
f 2233/2899/1943 2245/2912/1955 2244/2911/1954 2232/2898/1942
f 2234/2900/1944 2246/2913/1956 2245/2912/1955 2233/2899/1943
f 2235/2901/1945 2247/2914/1957 2246/2913/1956 2234/2900/1944
f 2236/2890/1946 2248/2903/1958 2247/2914/1957 2235/2901/1945
f 2237/2902/1947 2249/2915/1959 2260/2916/1970 2248/2903/1958
f 2238/2904/1948 2250/2917/1960 2249/2918/1959 2237/2905/1947
f 2239/2906/1949 2251/2919/1961 2250/2917/1960 2238/2904/1948
f 2240/2907/1950 2252/2920/1962 2251/2919/1961 2239/2906/1949
f 2241/2908/1951 2253/2921/1963 2252/2920/1962 2240/2907/1950
f 2242/2909/1952 2254/2922/1964 2253/2921/1963 2241/2908/1951
f 2243/2910/1953 2255/2923/1965 2254/2922/1964 2242/2909/1952
f 2244/2911/1954 2256/2924/1966 2255/2923/1965 2243/2910/1953
f 2245/2912/1955 2257/2925/1967 2256/2924/1966 2244/2911/1954
f 2246/2913/1956 2258/2926/1968 2257/2925/1967 2245/2912/1955
f 2247/2914/1957 2259/2927/1969 2258/2926/1968 2246/2913/1956
f 2248/2903/1958 2260/2916/1970 2259/2927/1969 2247/2914/1957
f 2249/2915/1959 2261/2928/1971 2272/2929/1982 2260/2916/1970
f 2250/2917/1960 2262/2930/1972 2261/2931/1971 2249/2918/1959
f 2251/2919/1961 2263/2932/1973 2262/2930/1972 2250/2917/1960
f 2252/2920/1962 2264/2933/1974 2263/2932/1973 2251/2919/1961
f 2253/2921/1963 2265/2934/1975 2264/2933/1974 2252/2920/1962
f 2254/2922/1964 2266/2935/1976 2265/2934/1975 2253/2921/1963
f 2255/2923/1965 2267/2936/1977 2266/2935/1976 2254/2922/1964
f 2256/2924/1966 2268/2937/1978 2267/2936/1977 2255/2923/1965
f 2257/2925/1967 2269/2938/1979 2268/2937/1978 2256/2924/1966
f 2258/2926/1968 2270/2939/1980 2269/2938/1979 2257/2925/1967
f 2259/2927/1969 2271/2940/1981 2270/2939/1980 2258/2926/1968
f 2260/2916/1970 2272/2929/1982 2271/2940/1981 2259/2927/1969
f 2261/2928/1971 2273/2941/1983 2284/2942/1994 2272/2929/1982
f 2262/2930/1972 2274/2943/1984 2273/2944/1983 2261/2931/1971
f 2263/2932/1973 2275/2945/1985 2274/2943/1984 2262/2930/1972
f 2264/2933/1974 2276/2946/1986 2275/2945/1985 2263/2932/1973
f 2265/2934/1975 2277/2947/1987 2276/2946/1986 2264/2933/1974
f 2266/2935/1976 2278/2948/1988 2277/2947/1987 2265/2934/1975
f 2267/2936/1977 2279/2949/1989 2278/2948/1988 2266/2935/1976
f 2268/2937/1978 2280/2950/1990 2279/2949/1989 2267/2936/1977
f 2269/2938/1979 2281/2951/1991 2280/2950/1990 2268/2937/1978
f 2270/2939/1980 2282/2952/1992 2281/2951/1991 2269/2938/1979
f 2271/2940/1981 2283/2953/1993 2282/2952/1992 2270/2939/1980
f 2272/2929/1982 2284/2942/1994 2283/2953/1993 2271/2940/1981
f 2273/2941/1983 2285/2954/1995 2296/2955/2006 2284/2942/1994
f 2274/2943/1984 2286/2956/1996 2285/2957/1995 2273/2944/1983
f 2275/2945/1985 2287/2958/1997 2286/2956/1996 2274/2943/1984
f 2276/2946/1986 2288/2959/1998 2287/2958/1997 2275/2945/1985
f 2277/2947/1987 2289/2960/1999 2288/2959/1998 2276/2946/1986
f 2278/2948/1988 2290/2961/2000 2289/2960/1999 2277/2947/1987
f 2279/2949/1989 2291/2962/2001 2290/2961/2000 2278/2948/1988
f 2280/2950/1990 2292/2963/2002 2291/2962/2001 2279/2949/1989
f 2281/2951/1991 2293/2964/2003 2292/2963/2002 2280/2950/1990
f 2282/2952/1992 2294/2965/2004 2293/2964/2003 2281/2951/1991
f 2283/2953/1993 2295/2966/2005 2294/2965/2004 2282/2952/1992
f 2284/2942/1994 2296/2955/2006 2295/2966/2005 2283/2953/1993
f 2285/2954/1995 2297/2967/2007 2308/2968/2018 2296/2955/2006
f 2286/2956/1996 2298/2969/2008 2297/2970/2007 2285/2957/1995
f 2287/2958/1997 2299/2971/2009 2298/2969/2008 2286/2956/1996
f 2288/2959/1998 2300/2972/2010 2299/2971/2009 2287/2958/1997
f 2289/2960/1999 2301/2973/2011 2300/2972/2010 2288/2959/1998
f 2290/2961/2000 2302/2974/2012 2301/2973/2011 2289/2960/1999
f 2291/2962/2001 2303/2975/2013 2302/2974/2012 2290/2961/2000
f 2292/2963/2002 2304/2976/2014 2303/2975/2013 2291/2962/2001
f 2293/2964/2003 2305/2977/2015 2304/2976/2014 2292/2963/2002
f 2294/2965/2004 2306/2978/2016 2305/2977/2015 2293/2964/2003
f 2295/2966/2005 2307/2979/2017 2306/2978/2016 2294/2965/2004
f 2296/2955/2006 2308/2968/2018 2307/2979/2017 2295/2966/2005
f 2297/2967/2007 2309/2980/2019 2320/2981/2030 2308/2968/2018
f 2298/2969/2008 2310/2982/2020 2309/2983/2019 2297/2970/2007
f 2299/2971/2009 2311/2984/2021 2310/2982/2020 2298/2969/2008
f 2300/2972/2010 2312/2985/2022 2311/2984/2021 2299/2971/2009
f 2301/2973/2011 2313/2986/2023 2312/2985/2022 2300/2972/2010
f 2302/2974/2012 2314/2987/2024 2313/2986/2023 2301/2973/2011
f 2303/2975/2013 2315/2988/2025 2314/2987/2024 2302/2974/2012
f 2304/2976/2014 2316/2989/2026 2315/2988/2025 2303/2975/2013
f 2305/2977/2015 2317/2990/2027 2316/2989/2026 2304/2976/2014
f 2306/2978/2016 2318/2991/2028 2317/2990/2027 2305/2977/2015
f 2307/2979/2017 2319/2992/2029 2318/2991/2028 2306/2978/2016
f 2308/2968/2018 2320/2981/2030 2319/2992/2029 2307/2979/2017
f 2309/2980/2019 2321/2993/2031 2332/2994/2042 2320/2981/2030
f 2310/2982/2020 2322/2995/2032 2321/2996/2031 2309/2983/2019
f 2311/2984/2021 2323/2997/2033 2322/2995/2032 2310/2982/2020
f 2312/2985/2022 2324/2998/2034 2323/2997/2033 2311/2984/2021
f 2313/2986/2023 2325/2999/2035 2324/2998/2034 2312/2985/2022
f 2314/2987/2024 2326/3000/2036 2325/2999/2035 2313/2986/2023
f 2315/2988/2025 2327/3001/2037 2326/3000/2036 2314/2987/2024
f 2316/2989/2026 2328/3002/2038 2327/3001/2037 2315/2988/2025
f 2317/2990/2027 2329/3003/2039 2328/3002/2038 2316/2989/2026
f 2318/2991/2028 2330/3004/2040 2329/3003/2039 2317/2990/2027
f 2319/2992/2029 2331/3005/2041 2330/3004/2040 2318/2991/2028
f 2320/2981/2030 2332/2994/2042 2331/3005/2041 2319/2992/2029
f 2321/2993/2031 2333/3006/2043 2344/3007/2054 2332/2994/2042
f 2322/2995/2032 2334/3008/2044 2333/3009/2043 2321/2996/2031
f 2323/2997/2033 2335/3010/2045 2334/3008/2044 2322/2995/2032
f 2324/2998/2034 2336/3011/2046 2335/3010/2045 2323/2997/2033
f 2325/2999/2035 2337/3012/2047 2336/3011/2046 2324/2998/2034
f 2326/3000/2036 2338/3013/2048 2337/3012/2047 2325/2999/2035
f 2327/3001/2037 2339/3014/2049 2338/3013/2048 2326/3000/2036
f 2328/3002/2038 2340/3015/2050 2339/3014/2049 2327/3001/2037
f 2329/3003/2039 2341/3016/2051 2340/3015/2050 2328/3002/2038
f 2330/3004/2040 2342/3017/2052 2341/3016/2051 2329/3003/2039
f 2331/3005/2041 2343/3018/2053 2342/3017/2052 2330/3004/2040
f 2332/2994/2042 2344/3007/2054 2343/3018/2053 2331/3005/2041
f 2333/3006/2043 2345/3019/2055 2356/3020/2066 2344/3007/2054
f 2334/3008/2044 2346/3021/2056 2345/3022/2055 2333/3009/2043
f 2335/3010/2045 2347/3023/2057 2346/3021/2056 2334/3008/2044
f 2336/3011/2046 2348/3024/2058 2347/3023/2057 2335/3010/2045
f 2337/3012/2047 2349/3025/2059 2348/3024/2058 2336/3011/2046
f 2338/3013/2048 2350/3026/2060 2349/3025/2059 2337/3012/2047
f 2339/3014/2049 2351/3027/2061 2350/3026/2060 2338/3013/2048
f 2340/3015/2050 2352/3028/2062 2351/3027/2061 2339/3014/2049
f 2341/3016/2051 2353/3029/2063 2352/3028/2062 2340/3015/2050
f 2342/3017/2052 2354/3030/2064 2353/3029/2063 2341/3016/2051
f 2343/3018/2053 2355/3031/2065 2354/3030/2064 2342/3017/2052
f 2344/3007/2054 2356/3020/2066 2355/3031/2065 2343/3018/2053
f 2345/3019/2055 2357/3032/2067 2368/3033/2078 2356/3020/2066
f 2346/3021/2056 2358/3034/2068 2357/3035/2067 2345/3022/2055
f 2347/3023/2057 2359/3036/2069 2358/3034/2068 2346/3021/2056
f 2348/3024/2058 2360/3037/2070 2359/3036/2069 2347/3023/2057
f 2349/3025/2059 2361/3038/2071 2360/3037/2070 2348/3024/2058
f 2350/3026/2060 2362/3039/2072 2361/3038/2071 2349/3025/2059
f 2351/3027/2061 2363/3040/2073 2362/3039/2072 2350/3026/2060
f 2352/3028/2062 2364/3041/2074 2363/3040/2073 2351/3027/2061
f 2353/3029/2063 2365/3042/2075 2364/3041/2074 2352/3028/2062
f 2354/3030/2064 2366/3043/2076 2365/3042/2075 2353/3029/2063
f 2355/3031/2065 2367/3044/2077 2366/3043/2076 2354/3030/2064
f 2356/3020/2066 2368/3033/2078 2367/3044/2077 2355/3031/2065
f 2357/3032/2067 2369/3045/2079 2380/3046/2090 2368/3033/2078
f 2358/3034/2068 2370/3047/2080 2369/3048/2079 2357/3035/2067
f 2359/3036/2069 2371/3049/2081 2370/3047/2080 2358/3034/2068
f 2360/3037/2070 2372/3050/2082 2371/3049/2081 2359/3036/2069
f 2361/3038/2071 2373/3051/2083 2372/3050/2082 2360/3037/2070
f 2362/3039/2072 2374/3052/2084 2373/3051/2083 2361/3038/2071
f 2363/3040/2073 2375/3053/2085 2374/3052/2084 2362/3039/2072
f 2364/3041/2074 2376/3054/2086 2375/3053/2085 2363/3040/2073
f 2365/3042/2075 2377/3055/2087 2376/3054/2086 2364/3041/2074
f 2366/3043/2076 2378/3056/2088 2377/3055/2087 2365/3042/2075
f 2367/3044/2077 2379/3057/2089 2378/3056/2088 2366/3043/2076
f 2368/3033/2078 2380/3046/2090 2379/3057/2089 2367/3044/2077
f 2369/3045/2079 2381/3058/2091 2392/3059/2102 2380/3046/2090
f 2370/3047/2080 2382/3060/2092 2381/3061/2091 2369/3048/2079
f 2371/3049/2081 2383/3062/2093 2382/3060/2092 2370/3047/2080
f 2372/3050/2082 2384/3063/2094 2383/3062/2093 2371/3049/2081
f 2373/3051/2083 2385/3064/2095 2384/3063/2094 2372/3050/2082
f 2374/3052/2084 2386/3065/2096 2385/3064/2095 2373/3051/2083
f 2375/3053/2085 2387/3066/2097 2386/3065/2096 2374/3052/2084
f 2376/3054/2086 2388/3067/2098 2387/3066/2097 2375/3053/2085
f 2377/3055/2087 2389/3068/2099 2388/3067/2098 2376/3054/2086
f 2378/3056/2088 2390/3069/2100 2389/3068/2099 2377/3055/2087
f 2379/3057/2089 2391/3070/2101 2390/3069/2100 2378/3056/2088
f 2380/3046/2090 2392/3059/2102 2391/3070/2101 2379/3057/2089
f 2381/3058/2091 2393/3071/2103 2404/3072/2114 2392/3059/2102
f 2382/3060/2092 2394/3073/2104 2393/3074/2103 2381/3061/2091
f 2383/3062/2093 2395/3075/2105 2394/3073/2104 2382/3060/2092
f 2384/3063/2094 2396/3076/2106 2395/3075/2105 2383/3062/2093
f 2385/3064/2095 2397/3077/2107 2396/3076/2106 2384/3063/2094
f 2386/3065/2096 2398/3078/2108 2397/3077/2107 2385/3064/2095
f 2387/3066/2097 2399/3079/2109 2398/3078/2108 2386/3065/2096
f 2388/3067/2098 2400/3080/2110 2399/3079/2109 2387/3066/2097
f 2389/3068/2099 2401/3081/2111 2400/3080/2110 2388/3067/2098
f 2390/3069/2100 2402/3082/2112 2401/3081/2111 2389/3068/2099
f 2391/3070/2101 2403/3083/2113 2402/3082/2112 2390/3069/2100
f 2392/3059/2102 2404/3072/2114 2403/3083/2113 2391/3070/2101
f 2393/3071/2103 2405/3084/2115 2416/3085/2126 2404/3072/2114
f 2394/3073/2104 2406/3086/2116 2405/3087/2115 2393/3074/2103
f 2395/3075/2105 2407/3088/2117 2406/3086/2116 2394/3073/2104
f 2396/3076/2106 2408/3089/2118 2407/3088/2117 2395/3075/2105
f 2397/3077/2107 2409/3090/2119 2408/3089/2118 2396/3076/2106
f 2398/3078/2108 2410/3091/2120 2409/3090/2119 2397/3077/2107
f 2399/3079/2109 2411/3092/2121 2410/3091/2120 2398/3078/2108
f 2400/3080/2110 2412/3093/2122 2411/3092/2121 2399/3079/2109
f 2401/3081/2111 2413/3094/2123 2412/3093/2122 2400/3080/2110
f 2402/3082/2112 2414/3095/2124 2413/3094/2123 2401/3081/2111
f 2403/3083/2113 2415/3096/2125 2414/3095/2124 2402/3082/2112
f 2404/3072/2114 2416/3085/2126 2415/3096/2125 2403/3083/2113
f 2405/3084/2115 2417/3097/2127 2428/3098/2138 2416/3085/2126
f 2406/3086/2116 2418/3099/2128 2417/3100/2127 2405/3087/2115
f 2407/3088/2117 2419/3101/2129 2418/3099/2128 2406/3086/2116
f 2408/3089/2118 2420/3102/2130 2419/3101/2129 2407/3088/2117
f 2409/3090/2119 2421/3103/2131 2420/3102/2130 2408/3089/2118
f 2410/3091/2120 2422/3104/2132 2421/3103/2131 2409/3090/2119
f 2411/3092/2121 2423/3105/2133 2422/3104/2132 2410/3091/2120
f 2412/3093/2122 2424/3106/2134 2423/3105/2133 2411/3092/2121
f 2413/3094/2123 2425/3107/2135 2424/3106/2134 2412/3093/2122
f 2414/3095/2124 2426/3108/2136 2425/3107/2135 2413/3094/2123
f 2415/3096/2125 2427/3109/2137 2426/3108/2136 2414/3095/2124
f 2416/3085/2126 2428/3098/2138 2427/3109/2137 2415/3096/2125
f 2417/3097/2127 2429/3110/2139 2440/3111/2150 2428/3098/2138
f 2418/3099/2128 2430/3112/2140 2429/3113/2139 2417/3100/2127
f 2419/3101/2129 2431/3114/2141 2430/3112/2140 2418/3099/2128
f 2420/3102/2130 2432/3115/2142 2431/3114/2141 2419/3101/2129
f 2421/3103/2131 2433/3116/2143 2432/3115/2142 2420/3102/2130
f 2422/3104/2132 2434/3117/2144 2433/3116/2143 2421/3103/2131
f 2423/3105/2133 2435/3118/2145 2434/3117/2144 2422/3104/2132
f 2424/3106/2134 2436/3119/2146 2435/3118/2145 2423/3105/2133
f 2425/3107/2135 2437/3120/2147 2436/3119/2146 2424/3106/2134
f 2426/3108/2136 2438/3121/2148 2437/3120/2147 2425/3107/2135
f 2427/3109/2137 2439/3122/2149 2438/3121/2148 2426/3108/2136
f 2428/3098/2138 2440/3111/2150 2439/3122/2149 2427/3109/2137
f 2429/3110/2139 2441/3123/2151 2452/3124/2162 2440/3111/2150
f 2430/3112/2140 2442/3125/2152 2441/3126/2151 2429/3113/2139
f 2431/3114/2141 2443/3127/2153 2442/3125/2152 2430/3112/2140
f 2432/3115/2142 2444/3128/2154 2443/3127/2153 2431/3114/2141
f 2433/3116/2143 2445/3129/2155 2444/3128/2154 2432/3115/2142
f 2434/3117/2144 2446/3130/2156 2445/3129/2155 2433/3116/2143
f 2435/3118/2145 2447/3131/2157 2446/3130/2156 2434/3117/2144
f 2436/3119/2146 2448/3132/2158 2447/3131/2157 2435/3118/2145
f 2437/3120/2147 2449/3133/2159 2448/3132/2158 2436/3119/2146
f 2438/3121/2148 2450/3134/2160 2449/3133/2159 2437/3120/2147
f 2439/3122/2149 2451/3135/2161 2450/3134/2160 2438/3121/2148
f 2440/3111/2150 2452/3124/2162 2451/3135/2161 2439/3122/2149
f 2441/3123/2151 2453/3136/2163 2464/3137/2174 2452/3124/2162
f 2442/3125/2152 2454/3138/2164 2453/3139/2163 2441/3126/2151
f 2443/3127/2153 2455/3140/2165 2454/3138/2164 2442/3125/2152
f 2444/3128/2154 2456/3141/2166 2455/3140/2165 2443/3127/2153
f 2445/3129/2155 2457/3142/2167 2456/3141/2166 2444/3128/2154
f 2446/3130/2156 2458/3143/2168 2457/3142/2167 2445/3129/2155
f 2447/3131/2157 2459/3144/2169 2458/3143/2168 2446/3130/2156
f 2448/3132/2158 2460/3145/2170 2459/3144/2169 2447/3131/2157
f 2449/3133/2159 2461/3146/2171 2460/3145/2170 2448/3132/2158
f 2450/3134/2160 2462/3147/2172 2461/3146/2171 2449/3133/2159
f 2451/3135/2161 2463/3148/2173 2462/3147/2172 2450/3134/2160
f 2452/3124/2162 2464/3137/2174 2463/3148/2173 2451/3135/2161
f 2453/3136/2163 2465/3149/2175 2476/3150/2186 2464/3137/2174
f 2454/3138/2164 2466/3151/2176 2465/3152/2175 2453/3139/2163
f 2455/3140/2165 2467/3153/2177 2466/3151/2176 2454/3138/2164
f 2456/3141/2166 2468/3154/2178 2467/3153/2177 2455/3140/2165
f 2457/3142/2167 2469/3155/2179 2468/3154/2178 2456/3141/2166
f 2458/3143/2168 2470/3156/2180 2469/3155/2179 2457/3142/2167
f 2459/3144/2169 2471/3157/2181 2470/3156/2180 2458/3143/2168
f 2460/3145/2170 2472/3158/2182 2471/3157/2181 2459/3144/2169
f 2461/3146/2171 2473/3159/2183 2472/3158/2182 2460/3145/2170
f 2462/3147/2172 2474/3160/2184 2473/3159/2183 2461/3146/2171
f 2463/3148/2173 2475/3161/2185 2474/3160/2184 2462/3147/2172
f 2464/3137/2174 2476/3150/2186 2475/3161/2185 2463/3148/2173
f 2465/3149/2175 2477/3162/2187 2488/3163/2198 2476/3150/2186
f 2466/3151/2176 2478/3164/2188 2477/3165/2187 2465/3152/2175
f 2467/3153/2177 2479/3166/2189 2478/3164/2188 2466/3151/2176
f 2468/3154/2178 2480/3167/2190 2479/3166/2189 2467/3153/2177
f 2469/3155/2179 2481/3168/2191 2480/3167/2190 2468/3154/2178
f 2470/3156/2180 2482/3169/2192 2481/3168/2191 2469/3155/2179
f 2471/3157/2181 2483/3170/2193 2482/3169/2192 2470/3156/2180
f 2472/3158/2182 2484/3171/2194 2483/3170/2193 2471/3157/2181
f 2473/3159/2183 2485/3172/2195 2484/3171/2194 2472/3158/2182
f 2474/3160/2184 2486/3173/2196 2485/3172/2195 2473/3159/2183
f 2475/3161/2185 2487/3174/2197 2486/3173/2196 2474/3160/2184
f 2476/3150/2186 2488/3163/2198 2487/3174/2197 2475/3161/2185
f 2477/3162/2187 2489/3175/2199 2500/3176/2210 2488/3163/2198
f 2478/3164/2188 2490/3177/2200 2489/3178/2199 2477/3165/2187
f 2479/3166/2189 2491/3179/2201 2490/3177/2200 2478/3164/2188
f 2480/3167/2190 2492/3180/2202 2491/3179/2201 2479/3166/2189
f 2481/3168/2191 2493/3181/2203 2492/3180/2202 2480/3167/2190
f 2482/3169/2192 2494/3182/2204 2493/3181/2203 2481/3168/2191
f 2483/3170/2193 2495/3183/2205 2494/3182/2204 2482/3169/2192
f 2484/3171/2194 2496/3184/2206 2495/3183/2205 2483/3170/2193
f 2485/3172/2195 2497/3185/2207 2496/3184/2206 2484/3171/2194
f 2486/3173/2196 2498/3186/2208 2497/3185/2207 2485/3172/2195
f 2487/3174/2197 2499/3187/2209 2498/3186/2208 2486/3173/2196
f 2488/3163/2198 2500/3176/2210 2499/3187/2209 2487/3174/2197
f 2489/3175/2199 2501/3188/2211 2512/3189/2222 2500/3176/2210
f 2490/3177/2200 2502/3190/2212 2501/3191/2211 2489/3178/2199
f 2491/3179/2201 2503/3192/2213 2502/3190/2212 2490/3177/2200
f 2492/3180/2202 2504/3193/2214 2503/3192/2213 2491/3179/2201
f 2493/3181/2203 2505/3194/2215 2504/3193/2214 2492/3180/2202
f 2494/3182/2204 2506/3195/2216 2505/3194/2215 2493/3181/2203
f 2495/3183/2205 2507/3196/2217 2506/3195/2216 2494/3182/2204
f 2496/3184/2206 2508/3197/2218 2507/3196/2217 2495/3183/2205
f 2497/3185/2207 2509/3198/2219 2508/3197/2218 2496/3184/2206
f 2498/3186/2208 2510/3199/2220 2509/3198/2219 2497/3185/2207
f 2499/3187/2209 2511/3200/2221 2510/3199/2220 2498/3186/2208
f 2500/3176/2210 2512/3189/2222 2511/3200/2221 2499/3187/2209
f 2501/3188/2211 2513/3201/2223 2524/3202/2234 2512/3189/2222
f 2502/3190/2212 2514/3203/2224 2513/3204/2223 2501/3191/2211
f 2503/3192/2213 2515/3205/2225 2514/3203/2224 2502/3190/2212
f 2504/3193/2214 2516/3206/2226 2515/3205/2225 2503/3192/2213
f 2505/3194/2215 2517/3207/2227 2516/3206/2226 2504/3193/2214
f 2506/3195/2216 2518/3208/2228 2517/3207/2227 2505/3194/2215
f 2507/3196/2217 2519/3209/2229 2518/3208/2228 2506/3195/2216
f 2508/3197/2218 2520/3210/2230 2519/3209/2229 2507/3196/2217
f 2509/3198/2219 2521/3211/2231 2520/3210/2230 2508/3197/2218
f 2510/3199/2220 2522/3212/2232 2521/3211/2231 2509/3198/2219
f 2511/3200/2221 2523/3213/2233 2522/3212/2232 2510/3199/2220
f 2512/3189/2222 2524/3202/2234 2523/3213/2233 2511/3200/2221
f 2513/3201/2223 2525/3214/2235 2536/3215/2246 2524/3202/2234
f 2514/3203/2224 2526/3216/2236 2525/3217/2235 2513/3204/2223
f 2515/3205/2225 2527/3218/2237 2526/3216/2236 2514/3203/2224
f 2516/3206/2226 2528/3219/2238 2527/3218/2237 2515/3205/2225
f 2517/3207/2227 2529/3220/2239 2528/3219/2238 2516/3206/2226
f 2518/3208/2228 2530/3221/2240 2529/3220/2239 2517/3207/2227
f 2519/3209/2229 2531/3222/2241 2530/3221/2240 2518/3208/2228
f 2520/3210/2230 2532/3223/2242 2531/3222/2241 2519/3209/2229
f 2521/3211/2231 2533/3224/2243 2532/3223/2242 2520/3210/2230
f 2522/3212/2232 2534/3225/2244 2533/3224/2243 2521/3211/2231
f 2523/3213/2233 2535/3226/2245 2534/3225/2244 2522/3212/2232
f 2524/3202/2234 2536/3215/2246 2535/3226/2245 2523/3213/2233
f 2525/3214/2235 2537/3227/2247 2548/3228/2258 2536/3215/2246
f 2526/3216/2236 2538/3229/2248 2537/3230/2247 2525/3217/2235
f 2527/3218/2237 2539/3231/2249 2538/3229/2248 2526/3216/2236
f 2528/3219/2238 2540/3232/2250 2539/3231/2249 2527/3218/2237
f 2529/3220/2239 2541/3233/2251 2540/3232/2250 2528/3219/2238
f 2530/3221/2240 2542/3234/2252 2541/3233/2251 2529/3220/2239
f 2531/3222/2241 2543/3235/2253 2542/3234/2252 2530/3221/2240
f 2532/3223/2242 2544/3236/2254 2543/3235/2253 2531/3222/2241
f 2533/3224/2243 2545/3237/2255 2544/3236/2254 2532/3223/2242
f 2534/3225/2244 2546/3238/2256 2545/3237/2255 2533/3224/2243
f 2535/3226/2245 2547/3239/2257 2546/3238/2256 2534/3225/2244
f 2536/3215/2246 2548/3228/2258 2547/3239/2257 2535/3226/2245
f 2537/3227/2247 2549/3240/2259 2560/3241/2270 2548/3228/2258
f 2538/3229/2248 2550/3242/2260 2549/3243/2259 2537/3230/2247
f 2539/3231/2249 2551/3244/2261 2550/3242/2260 2538/3229/2248
f 2540/3232/2250 2552/3245/2262 2551/3244/2261 2539/3231/2249
f 2541/3233/2251 2553/3246/2263 2552/3245/2262 2540/3232/2250
f 2542/3234/2252 2554/3247/2264 2553/3246/2263 2541/3233/2251
f 2543/3235/2253 2555/3248/2265 2554/3247/2264 2542/3234/2252
f 2544/3236/2254 2556/3249/2266 2555/3248/2265 2543/3235/2253
f 2545/3237/2255 2557/3250/2267 2556/3249/2266 2544/3236/2254
f 2546/3238/2256 2558/3251/2268 2557/3250/2267 2545/3237/2255
f 2547/3239/2257 2559/3252/2269 2558/3251/2268 2546/3238/2256
f 2548/3228/2258 2560/3241/2270 2559/3252/2269 2547/3239/2257
f 2549/3240/2259 2561/3253/2271 2572/3254/2282 2560/3241/2270
f 2550/3242/2260 2562/3255/2272 2561/3256/2271 2549/3243/2259
f 2551/3244/2261 2563/3257/2273 2562/3255/2272 2550/3242/2260
f 2552/3245/2262 2564/3258/2274 2563/3257/2273 2551/3244/2261
f 2553/3246/2263 2565/3259/2275 2564/3258/2274 2552/3245/2262
f 2554/3247/2264 2566/3260/2276 2565/3259/2275 2553/3246/2263
f 2555/3248/2265 2567/3261/2277 2566/3260/2276 2554/3247/2264
f 2556/3249/2266 2568/3262/2278 2567/3261/2277 2555/3248/2265
f 2557/3250/2267 2569/3263/2279 2568/3262/2278 2556/3249/2266
f 2558/3251/2268 2570/3264/2280 2569/3263/2279 2557/3250/2267
f 2559/3252/2269 2571/3265/2281 2570/3264/2280 2558/3251/2268
f 2560/3241/2270 2572/3254/2282 2571/3265/2281 2559/3252/2269
f 2561/3253/2271 2573/3266/2283 2584/3267/2294 2572/3254/2282
f 2562/3255/2272 2574/3268/2284 2573/3269/2283 2561/3256/2271
f 2563/3257/2273 2575/3270/2285 2574/3268/2284 2562/3255/2272
f 2564/3258/2274 2576/3271/2286 2575/3270/2285 2563/3257/2273
f 2565/3259/2275 2577/3272/2287 2576/3271/2286 2564/3258/2274
f 2566/3260/2276 2578/3273/2288 2577/3272/2287 2565/3259/2275
f 2567/3261/2277 2579/3274/2289 2578/3273/2288 2566/3260/2276
f 2568/3262/2278 2580/3275/2290 2579/3274/2289 2567/3261/2277
f 2569/3263/2279 2581/3276/2291 2580/3275/2290 2568/3262/2278
f 2570/3264/2280 2582/3277/2292 2581/3276/2291 2569/3263/2279
f 2571/3265/2281 2583/3278/2293 2582/3277/2292 2570/3264/2280
f 2572/3254/2282 2584/3267/2294 2583/3278/2293 2571/3265/2281
f 2573/3266/2283 2585/3279/2295 2596/3280/2306 2584/3267/2294
f 2574/3268/2284 2586/3281/2296 2585/3282/2295 2573/3269/2283
f 2575/3270/2285 2587/3283/2297 2586/3281/2296 2574/3268/2284
f 2576/3271/2286 2588/3284/2298 2587/3283/2297 2575/3270/2285
f 2577/3272/2287 2589/3285/2299 2588/3284/2298 2576/3271/2286
f 2578/3273/2288 2590/3286/2300 2589/3285/2299 2577/3272/2287
f 2579/3274/2289 2591/3287/2301 2590/3286/2300 2578/3273/2288
f 2580/3275/2290 2592/3288/2302 2591/3287/2301 2579/3274/2289
f 2581/3276/2291 2593/3289/2303 2592/3288/2302 2580/3275/2290
f 2582/3277/2292 2594/3290/2304 2593/3289/2303 2581/3276/2291
f 2583/3278/2293 2595/3291/2305 2594/3290/2304 2582/3277/2292
f 2584/3267/2294 2596/3280/2306 2595/3291/2305 2583/3278/2293
f 2585/3279/2295 2597/3292/2307 2608/3293/2318 2596/3280/2306
f 2586/3281/2296 2598/3294/2308 2597/3295/2307 2585/3282/2295
f 2587/3283/2297 2599/3296/2309 2598/3294/2308 2586/3281/2296
f 2588/3284/2298 2600/3297/2310 2599/3296/2309 2587/3283/2297
f 2589/3285/2299 2601/3298/2311 2600/3297/2310 2588/3284/2298
f 2590/3286/2300 2602/3299/2312 2601/3298/2311 2589/3285/2299
f 2591/3287/2301 2603/3300/2313 2602/3299/2312 2590/3286/2300
f 2592/3288/2302 2604/3301/2314 2603/3300/2313 2591/3287/2301
f 2593/3289/2303 2605/3302/2315 2604/3301/2314 2592/3288/2302
f 2594/3290/2304 2606/3303/2316 2605/3302/2315 2593/3289/2303
f 2595/3291/2305 2607/3304/2317 2606/3303/2316 2594/3290/2304
f 2596/3280/2306 2608/3293/2318 2607/3304/2317 2595/3291/2305
f 2597/3292/2307 2609/3305/2319 2620/3306/2330 2608/3293/2318
f 2598/3294/2308 2610/3307/2320 2609/3308/2319 2597/3295/2307
f 2599/3296/2309 2611/3309/2321 2610/3307/2320 2598/3294/2308
f 2600/3297/2310 2612/3310/2322 2611/3309/2321 2599/3296/2309
f 2601/3298/2311 2613/3311/2323 2612/3310/2322 2600/3297/2310
f 2602/3299/2312 2614/3312/2324 2613/3311/2323 2601/3298/2311
f 2603/3300/2313 2615/3313/2325 2614/3312/2324 2602/3299/2312
f 2604/3301/2314 2616/3314/2326 2615/3313/2325 2603/3300/2313
f 2605/3302/2315 2617/3315/2327 2616/3314/2326 2604/3301/2314
f 2606/3303/2316 2618/3316/2328 2617/3315/2327 2605/3302/2315
f 2607/3304/2317 2619/3317/2329 2618/3316/2328 2606/3303/2316
f 2608/3293/2318 2620/3306/2330 2619/3317/2329 2607/3304/2317
f 2609/3305/2319 2621/3318/2331 2632/3319/2342 2620/3306/2330
f 2610/3307/2320 2622/3320/2332 2621/3321/2331 2609/3308/2319
f 2611/3309/2321 2623/3322/2333 2622/3320/2332 2610/3307/2320
f 2612/3310/2322 2624/3323/2334 2623/3322/2333 2611/3309/2321
f 2613/3311/2323 2625/3324/2335 2624/3323/2334 2612/3310/2322
f 2614/3312/2324 2626/3325/2336 2625/3324/2335 2613/3311/2323
f 2615/3313/2325 2627/3326/2337 2626/3325/2336 2614/3312/2324
f 2616/3314/2326 2628/3327/2338 2627/3326/2337 2615/3313/2325
f 2617/3315/2327 2629/3328/2339 2628/3327/2338 2616/3314/2326
f 2618/3316/2328 2630/3329/2340 2629/3328/2339 2617/3315/2327
f 2619/3317/2329 2631/3330/2341 2630/3329/2340 2618/3316/2328
f 2620/3306/2330 2632/3319/2342 2631/3330/2341 2619/3317/2329
f 2621/3318/2331 2633/3331/2343 2644/3332/2354 2632/3319/2342
f 2622/3320/2332 2634/3333/2344 2633/3334/2343 2621/3321/2331
f 2623/3322/2333 2635/3335/2345 2634/3333/2344 2622/3320/2332
f 2624/3323/2334 2636/3336/2346 2635/3335/2345 2623/3322/2333
f 2625/3324/2335 2637/3337/2347 2636/3336/2346 2624/3323/2334
f 2626/3325/2336 2638/3338/2348 2637/3337/2347 2625/3324/2335
f 2627/3326/2337 2639/3339/2349 2638/3338/2348 2626/3325/2336
f 2628/3327/2338 2640/3340/2350 2639/3339/2349 2627/3326/2337
f 2629/3328/2339 2641/3341/2351 2640/3340/2350 2628/3327/2338
f 2630/3329/2340 2642/3342/2352 2641/3341/2351 2629/3328/2339
f 2631/3330/2341 2643/3343/2353 2642/3342/2352 2630/3329/2340
f 2632/3319/2342 2644/3332/2354 2643/3343/2353 2631/3330/2341
f 2633/3331/2343 2645/3344/2355 2656/3345/2366 2644/3332/2354
f 2634/3333/2344 2646/3346/2356 2645/3347/2355 2633/3334/2343
f 2635/3335/2345 2647/3348/2357 2646/3346/2356 2634/3333/2344
f 2636/3336/2346 2648/3349/2358 2647/3348/2357 2635/3335/2345
f 2637/3337/2347 2649/3350/2359 2648/3349/2358 2636/3336/2346
f 2638/3338/2348 2650/3351/2360 2649/3350/2359 2637/3337/2347
f 2639/3339/2349 2651/3352/2361 2650/3351/2360 2638/3338/2348
f 2640/3340/2350 2652/3353/2362 2651/3352/2361 2639/3339/2349
f 2641/3341/2351 2653/3354/2363 2652/3353/2362 2640/3340/2350
f 2642/3342/2352 2654/3355/2364 2653/3354/2363 2641/3341/2351
f 2643/3343/2353 2655/3356/2365 2654/3355/2364 2642/3342/2352
f 2644/3332/2354 2656/3345/2366 2655/3356/2365 2643/3343/2353
f 2645/3344/2355 2657/3357/2367 2668/3358/2378 2656/3345/2366
f 2646/3346/2356 2658/3359/2368 2657/3360/2367 2645/3347/2355
f 2647/3348/2357 2659/3361/2369 2658/3359/2368 2646/3346/2356
f 2648/3349/2358 2660/3362/2370 2659/3361/2369 2647/3348/2357
f 2649/3350/2359 2661/3363/2371 2660/3362/2370 2648/3349/2358
f 2650/3351/2360 2662/3364/2372 2661/3363/2371 2649/3350/2359
f 2651/3352/2361 2663/3365/2373 2662/3364/2372 2650/3351/2360
f 2652/3353/2362 2664/3366/2374 2663/3365/2373 2651/3352/2361
f 2653/3354/2363 2665/3367/2375 2664/3366/2374 2652/3353/2362
f 2654/3355/2364 2666/3368/2376 2665/3367/2375 2653/3354/2363
f 2655/3356/2365 2667/3369/2377 2666/3368/2376 2654/3355/2364
f 2656/3345/2366 2668/3358/2378 2667/3369/2377 2655/3356/2365
f 2657/3357/2367 2669/3370/2379 2680/3371/2390 2668/3358/2378
f 2658/3359/2368 2670/3372/2380 2669/3373/2379 2657/3360/2367
f 2659/3361/2369 2671/3374/2381 2670/3372/2380 2658/3359/2368
f 2660/3362/2370 2672/3375/2382 2671/3374/2381 2659/3361/2369
f 2661/3363/2371 2673/3376/2383 2672/3375/2382 2660/3362/2370
f 2662/3364/2372 2674/3377/2384 2673/3376/2383 2661/3363/2371
f 2663/3365/2373 2675/3378/2385 2674/3377/2384 2662/3364/2372
f 2664/3366/2374 2676/3379/2386 2675/3378/2385 2663/3365/2373
f 2665/3367/2375 2677/3380/2387 2676/3379/2386 2664/3366/2374
f 2666/3368/2376 2678/3381/2388 2677/3380/2387 2665/3367/2375
f 2667/3369/2377 2679/3382/2389 2678/3381/2388 2666/3368/2376
f 2668/3358/2378 2680/3371/2390 2679/3382/2389 2667/3369/2377
f 2669/3370/2379 2681/3383/2391 2692/3384/2402 2680/3371/2390
f 2670/3372/2380 2682/3385/2392 2681/3386/2391 2669/3373/2379
f 2671/3374/2381 2683/3387/2393 2682/3385/2392 2670/3372/2380
f 2672/3375/2382 2684/3388/2394 2683/3387/2393 2671/3374/2381
f 2673/3376/2383 2685/3389/2395 2684/3388/2394 2672/3375/2382
f 2674/3377/2384 2686/3390/2396 2685/3389/2395 2673/3376/2383
f 2675/3378/2385 2687/3391/2397 2686/3390/2396 2674/3377/2384
f 2676/3379/2386 2688/3392/2398 2687/3391/2397 2675/3378/2385
f 2677/3380/2387 2689/3393/2399 2688/3392/2398 2676/3379/2386
f 2678/3381/2388 2690/3394/2400 2689/3393/2399 2677/3380/2387
f 2679/3382/2389 2691/3395/2401 2690/3394/2400 2678/3381/2388
f 2680/3371/2390 2692/3384/2402 2691/3395/2401 2679/3382/2389
f 2681/3383/2391 2693/3396/2403 2704/3397/2414 2692/3384/2402
f 2682/3385/2392 2694/3398/2404 2693/3399/2403 2681/3386/2391
f 2683/3387/2393 2695/3400/2405 2694/3398/2404 2682/3385/2392
f 2684/3388/2394 2696/3401/2406 2695/3400/2405 2683/3387/2393
f 2685/3389/2395 2697/3402/2407 2696/3401/2406 2684/3388/2394
f 2686/3390/2396 2698/3403/2408 2697/3402/2407 2685/3389/2395
f 2687/3391/2397 2699/3404/2409 2698/3403/2408 2686/3390/2396
f 2688/3392/2398 2700/3405/2410 2699/3404/2409 2687/3391/2397
f 2689/3393/2399 2701/3406/2411 2700/3405/2410 2688/3392/2398
f 2690/3394/2400 2702/3407/2412 2701/3406/2411 2689/3393/2399
f 2691/3395/2401 2703/3408/2413 2702/3407/2412 2690/3394/2400
f 2692/3384/2402 2704/3397/2414 2703/3408/2413 2691/3395/2401
f 2693/3396/2403 2705/3409/2415 2716/3410/2426 2704/3397/2414
f 2694/3398/2404 2706/3411/2416 2705/3412/2415 2693/3399/2403
f 2695/3400/2405 2707/3413/2417 2706/3411/2416 2694/3398/2404
f 2696/3401/2406 2708/3414/2418 2707/3413/2417 2695/3400/2405
f 2697/3402/2407 2709/3415/2419 2708/3414/2418 2696/3401/2406
f 2698/3403/2408 2710/3416/2420 2709/3415/2419 2697/3402/2407
f 2699/3404/2409 2711/3417/2421 2710/3416/2420 2698/3403/2408
f 2700/3405/2410 2712/3418/2422 2711/3417/2421 2699/3404/2409
f 2701/3406/2411 2713/3419/2423 2712/3418/2422 2700/3405/2410
f 2702/3407/2412 2714/3420/2424 2713/3419/2423 2701/3406/2411
f 2703/3408/2413 2715/3421/2425 2714/3420/2424 2702/3407/2412
f 2704/3397/2414 2716/3410/2426 2715/3421/2425 2703/3408/2413
f 2705/3409/2415 2717/3422/2427 2728/3423/2438 2716/3410/2426
f 2706/3411/2416 2718/3424/2428 2717/3425/2427 2705/3412/2415
f 2707/3413/2417 2719/3426/2429 2718/3424/2428 2706/3411/2416
f 2708/3414/2418 2720/3427/2430 2719/3426/2429 2707/3413/2417
f 2709/3415/2419 2721/3428/2431 2720/3427/2430 2708/3414/2418
f 2710/3416/2420 2722/3429/2432 2721/3428/2431 2709/3415/2419
f 2711/3417/2421 2723/3430/2433 2722/3429/2432 2710/3416/2420
f 2712/3418/2422 2724/3431/2434 2723/3430/2433 2711/3417/2421
f 2713/3419/2423 2725/3432/2435 2724/3431/2434 2712/3418/2422
f 2714/3420/2424 2726/3433/2436 2725/3432/2435 2713/3419/2423
f 2715/3421/2425 2727/3434/2437 2726/3433/2436 2714/3420/2424
f 2716/3410/2426 2728/3423/2438 2727/3434/2437 2715/3421/2425
f 2717/3422/2427 2729/3435/2439 2740/3436/2450 2728/3423/2438
f 2718/3424/2428 2730/3437/2440 2729/3438/2439 2717/3425/2427
f 2719/3426/2429 2731/3439/2441 2730/3437/2440 2718/3424/2428
f 2720/3427/2430 2732/3440/2442 2731/3439/2441 2719/3426/2429
f 2721/3428/2431 2733/3441/2443 2732/3440/2442 2720/3427/2430
f 2722/3429/2432 2734/3442/2444 2733/3441/2443 2721/3428/2431
f 2723/3430/2433 2735/3443/2445 2734/3442/2444 2722/3429/2432
f 2724/3431/2434 2736/3444/2446 2735/3443/2445 2723/3430/2433
f 2725/3432/2435 2737/3445/2447 2736/3444/2446 2724/3431/2434
f 2726/3433/2436 2738/3446/2448 2737/3445/2447 2725/3432/2435
f 2727/3434/2437 2739/3447/2449 2738/3446/2448 2726/3433/2436
f 2728/3423/2438 2740/3436/2450 2739/3447/2449 2727/3434/2437
o Cube.002
v -0.057589 -0.078772 0.194015
v 0.005888 -0.072811 0.199548
v 0.009379 -0.074087 0.200451
v 0.009470 -0.075226 0.197615
v -0.003550 -0.095311 0.196013
v -0.002413 -0.093607 0.193325
v -0.001052 -0.096408 0.194772
v -0.001726 -0.096707 0.198584
v 0.014223 -0.089109 0.196225
v 0.014122 -0.090205 0.202271
v 0.011893 -0.092192 0.201962
v 0.012489 -0.091306 0.195475
v -0.003731 -0.075701 0.207735
v -0.002070 -0.073795 0.203992
v -0.007235 -0.076255 0.206238
v -0.006695 -0.077574 0.208364
v 0.001762 -0.070866 0.197456
v -0.000505 -0.071205 0.199132
v 0.002048 -0.070657 0.199576
v -0.004578 -0.079735 0.192695
v -0.004452 -0.083352 0.192027
v -0.006561 -0.082288 0.194271
v -0.006534 -0.079604 0.194632
v -0.005731 -0.093061 0.208169
v -0.003204 -0.094475 0.209801
v -0.004028 -0.092422 0.210636
v 0.004000 -0.088935 0.189354
v 0.001534 -0.087793 0.189109
v 0.003866 -0.086208 0.188676
v -0.014192 -0.086264 0.189494
v -0.014274 -0.083339 0.188779
v -0.013484 -0.081077 0.190555
v -0.011967 -0.081408 0.194104
v -0.011728 -0.084631 0.192576
v -0.013522 -0.089896 0.193931
v -0.025742 -0.090447 0.189649
v -0.023294 -0.088367 0.188016
v -0.020485 -0.089749 0.189040
v -0.022365 -0.090800 0.189406
v -0.014476 -0.092178 0.195397
v -0.016860 -0.092973 0.194459
v -0.016326 -0.091378 0.192781
v -0.026083 -0.094962 0.194316
v -0.027412 -0.095740 0.196798
v -0.029789 -0.094298 0.196089
v -0.028683 -0.093682 0.193463
v -0.013970 -0.092898 0.197399
v -0.013116 -0.094235 0.203698
v -0.015402 -0.095904 0.203516
v -0.015375 -0.095101 0.200365
v -0.016905 -0.079079 0.212255
v -0.020510 -0.078587 0.213012
v -0.023546 -0.080131 0.213326
v -0.020728 -0.081936 0.214366
v -0.017743 -0.081627 0.213997
v -0.032057 -0.077065 0.206255
v -0.032056 -0.074408 0.203383
v -0.033302 -0.075697 0.201043
v -0.033953 -0.076775 0.203789
v -0.025493 -0.075220 0.193076
v -0.022577 -0.073825 0.193632
v -0.020321 -0.074834 0.192247
v -0.022507 -0.075754 0.190681
v -0.029061 -0.093669 0.206745
v -0.031191 -0.091350 0.206260
v -0.031041 -0.092967 0.203284
v -0.034198 -0.082141 0.195153
v -0.032748 -0.084011 0.193177
v -0.032558 -0.087329 0.193336
v -0.034010 -0.087465 0.195944
v -0.035019 -0.084323 0.196873
v 0.009178 -0.092408 0.211249
v 0.011726 -0.090401 0.210670
v 0.009700 -0.089107 0.214235
v 0.007098 -0.089993 0.214817
v 0.006752 -0.092310 0.213542
v 0.005508 -0.078765 0.214422
v 0.008249 -0.078903 0.213871
v 0.007019 -0.076742 0.213058
v 0.014348 -0.078405 0.206152
v 0.015224 -0.080499 0.207295
v 0.016012 -0.080558 0.204742
v 0.016473 -0.087499 0.206457
v 0.015690 -0.087476 0.209024
v 0.015160 -0.089457 0.207651
v -0.009575 -0.085333 0.205612
v -0.009249 -0.083677 0.207467
v -0.009920 -0.082734 0.205294
v 0.007553 -0.096159 0.204840
v 0.008883 -0.095116 0.207603
v 0.006333 -0.096475 0.207934
v -0.031576 -0.084915 0.209494
v -0.029479 -0.086061 0.210802
v -0.030187 -0.083284 0.210641
v -0.015220 -0.074661 0.199702
v -0.016216 -0.073609 0.203040
v -0.014279 -0.075968 0.205902
v -0.013514 -0.075549 0.202458
v -0.010909 -0.082427 0.208622
v -0.011214 -0.079868 0.205879
v -0.012303 -0.079651 0.208820
v -0.017026 -0.090608 0.210654
v -0.014658 -0.089003 0.210701
v -0.053031 -0.095596 0.198021
v -0.055414 -0.094144 0.197056
v -0.063174 -0.090601 0.199457
v -0.064264 -0.093030 0.198571
v -0.061855 -0.092763 0.196794
v -0.060705 -0.090344 0.197497
v -0.061020 -0.080064 0.181754
v -0.063363 -0.079006 0.180572
v -0.063677 -0.076634 0.182314
v -0.061051 -0.077551 0.183291
v -0.039662 -0.094121 0.190781
v -0.039088 -0.093087 0.188629
v -0.037039 -0.091500 0.190107
v -0.037659 -0.093426 0.192912
v -0.034780 -0.086990 0.197985
v -0.035111 -0.086404 0.200393
v -0.035498 -0.089183 0.200359
v -0.059311 -0.084796 0.202992
v -0.060180 -0.083478 0.200543
v -0.059692 -0.086493 0.201070
v -0.038337 -0.078063 0.187628
v -0.040442 -0.078323 0.185882
v -0.040261 -0.076090 0.187756
v -0.052364 -0.076735 0.186317
v -0.053880 -0.075504 0.188047
v -0.051627 -0.074585 0.188166
v -0.050747 -0.092897 0.207254
v -0.055672 -0.091140 0.206201
v -0.056256 -0.092559 0.204143
v -0.053758 -0.094014 0.205155
v -0.052453 -0.092248 0.187456
v -0.054080 -0.093503 0.189409
v -0.056156 -0.092338 0.191077
v -0.056031 -0.090263 0.188925
v -0.054245 -0.089973 0.187111
v -0.056849 -0.087168 0.187422
v -0.056735 -0.084696 0.188927
v -0.056789 -0.086575 0.190960
v -0.058168 -0.089270 0.190754
v -0.060117 -0.091214 0.188261
v -0.065359 -0.096044 0.184373
v -0.063074 -0.094369 0.184461
v -0.063661 -0.095319 0.186411
v -0.078361 -0.088920 0.179882
v -0.079194 -0.091138 0.182002
v -0.080453 -0.088884 0.182189
v -0.061987 -0.079722 0.197550
v -0.063103 -0.076338 0.196964
v -0.065521 -0.076431 0.198838
v -0.064470 -0.080041 0.199502
v -0.081565 -0.078356 0.195839
v -0.081555 -0.077309 0.193052
v -0.083477 -0.080158 0.193406
v -0.082610 -0.081599 0.195533
v -0.082714 -0.089294 0.189633
v -0.081196 -0.091537 0.188916
v -0.081941 -0.090434 0.191860
v -0.077107 -0.081265 0.179017
v -0.078688 -0.078364 0.181015
v -0.077630 -0.075769 0.182379
v -0.075098 -0.075681 0.180875
v -0.075337 -0.077996 0.179123
v -0.070977 -0.093344 0.177547
v -0.073204 -0.090312 0.177175
v -0.070461 -0.089458 0.176678
v -0.068861 -0.091601 0.177427
v -0.043323 -0.089903 0.209171
v -0.039638 -0.088241 0.208304
v -0.039219 -0.085459 0.208324
v -0.041361 -0.085379 0.209831
v -0.055207 -0.072453 0.201711
v -0.053761 -0.072838 0.204108
v -0.052775 -0.071469 0.202371
v -0.036588 -0.076933 0.195990
v -0.038256 -0.074760 0.197615
v -0.036836 -0.076926 0.198529
v -0.039360 -0.077590 0.205074
v -0.040886 -0.075431 0.204282
v -0.041499 -0.077139 0.206429
v -0.047509 -0.088411 0.185130
v -0.049281 -0.086158 0.184809
v -0.047760 -0.086539 0.184724
v -0.045407 -0.094074 0.207383
v -0.045845 -0.095768 0.205348
v -0.042856 -0.094686 0.205698
v -0.071267 -0.088149 0.201790
v -0.073958 -0.086432 0.201375
v -0.074612 -0.089597 0.201042
v -0.070411 -0.071612 0.188702
v -0.072883 -0.071730 0.190192
v -0.071219 -0.071716 0.192438
v -0.068738 -0.071650 0.190901
v -0.072426 -0.097433 0.191990
v -0.072446 -0.097852 0.189029
v -0.067467 -0.096406 0.188974
v -0.068254 -0.096213 0.191978
v -0.119977 -0.078372 0.122493
v -0.088251 -0.072621 0.175434
v -0.085944 -0.073908 0.178036
v -0.084213 -0.075051 0.175786
v -0.092873 -0.095090 0.166923
v -0.090286 -0.093395 0.165715
v -0.090418 -0.096200 0.167668
v -0.093428 -0.096488 0.170043
v -0.079755 -0.088953 0.177087
v -0.083131 -0.090041 0.182105
v -0.084815 -0.092019 0.180621
v -0.080673 -0.091145 0.175583
v -0.100973 -0.075455 0.175361
v -0.097215 -0.073565 0.173840
v -0.102505 -0.075997 0.171643
v -0.103617 -0.077314 0.173555
v -0.090254 -0.070664 0.171613
v -0.092863 -0.070991 0.171329
v -0.091395 -0.070452 0.173397
v -0.091150 -0.079517 0.163884
v -0.090619 -0.083136 0.163482
v -0.093540 -0.082059 0.163710
v -0.093768 -0.079374 0.163984
v -0.102833 -0.092805 0.174131
v -0.102070 -0.094228 0.177254
v -0.103255 -0.092169 0.177233
v -0.083457 -0.088754 0.166499
v -0.085038 -0.087605 0.165073
v -0.083116 -0.086028 0.165915
v -0.094583 -0.086016 0.155506
v -0.094046 -0.083092 0.154995
v -0.095055 -0.080830 0.156723
v -0.096913 -0.081157 0.160074
v -0.095623 -0.084385 0.159227
v -0.097736 -0.089639 0.158860
v -0.101138 -0.090158 0.147355
v -0.098359 -0.088091 0.148183
v -0.097584 -0.089480 0.150728
v -0.098968 -0.090523 0.149615
v -0.099360 -0.091913 0.159054
v -0.099816 -0.092701 0.156584
v -0.098214 -0.091113 0.155956
v -0.105208 -0.094656 0.149649
v -0.108067 -0.095422 0.149997
v -0.108636 -0.093974 0.147626
v -0.105888 -0.093370 0.147134
v -0.100662 -0.092630 0.160748
v -0.104969 -0.093956 0.165520
v -0.106180 -0.095614 0.163513
v -0.103710 -0.094820 0.161510
v -0.113754 -0.078761 0.167842
v -0.116641 -0.078250 0.165124
v -0.118928 -0.079780 0.162677
v -0.117869 -0.081595 0.165764
v -0.115627 -0.081300 0.168182
v -0.118289 -0.076700 0.151197
v -0.115831 -0.074052 0.149637
v -0.114435 -0.075344 0.147274
v -0.117106 -0.076410 0.148162
v -0.103742 -0.074921 0.149436
v -0.102446 -0.073535 0.151906
v -0.099999 -0.074557 0.152748
v -0.100017 -0.075473 0.150264
v -0.117282 -0.093314 0.154129
v -0.117938 -0.090988 0.151960
v -0.115346 -0.092615 0.150460
v -0.109823 -0.081804 0.143385
v -0.107457 -0.083686 0.143580
v -0.107522 -0.087005 0.143820
v -0.110444 -0.087127 0.143952
v -0.111703 -0.083978 0.143572
v -0.092523 -0.092212 0.186642
v -0.089892 -0.090216 0.187699
v -0.093780 -0.088909 0.189386
v -0.096529 -0.089783 0.188237
v -0.096089 -0.092101 0.187002
v -0.097709 -0.078549 0.186943
v -0.094859 -0.078699 0.188208
v -0.095489 -0.076534 0.186801
v -0.085003 -0.078237 0.185501
v -0.084859 -0.080333 0.186970
v -0.082824 -0.080398 0.185255
v -0.083349 -0.087339 0.186974
v -0.085389 -0.087309 0.188702
v -0.085140 -0.089290 0.187224
v -0.103797 -0.085065 0.169443
v -0.104896 -0.083407 0.170967
v -0.103803 -0.082466 0.168971
v -0.090164 -0.095966 0.180529
v -0.090653 -0.094924 0.183516
v -0.093088 -0.096272 0.182288
v -0.120838 -0.084542 0.153403
v -0.120848 -0.085692 0.156034
v -0.121108 -0.082912 0.155314
v -0.103013 -0.074382 0.161244
v -0.106149 -0.073318 0.162548
v -0.107306 -0.075678 0.166062
v -0.104232 -0.075271 0.164451
v -0.106960 -0.082146 0.170484
v -0.105157 -0.079592 0.168404
v -0.108132 -0.079363 0.169541
v -0.112634 -0.090293 0.166684
v -0.111268 -0.088699 0.168861
v -0.121408 -0.095193 0.128420
v -0.121685 -0.093738 0.125865
v -0.127284 -0.090168 0.120209
v -0.126920 -0.092599 0.118822
v -0.124364 -0.092343 0.120074
v -0.124540 -0.089924 0.121430
v -0.110589 -0.079705 0.113307
v -0.110886 -0.078649 0.110530
v -0.112518 -0.076270 0.111169
v -0.111896 -0.077187 0.114069
v -0.108610 -0.093780 0.136553
v -0.106453 -0.092755 0.135991
v -0.106800 -0.091170 0.138415
v -0.109542 -0.093085 0.139288
v -0.112562 -0.086642 0.144354
v -0.114792 -0.086046 0.145326
v -0.114961 -0.088824 0.144965
v -0.128709 -0.084358 0.125300
v -0.126965 -0.083047 0.123358
v -0.127209 -0.086061 0.124041
v -0.105161 -0.077737 0.136142
v -0.104629 -0.077997 0.133594
v -0.106144 -0.075758 0.134625
v -0.110724 -0.076377 0.123378
v -0.112958 -0.075136 0.122879
v -0.111990 -0.074222 0.124916
v -0.128421 -0.092464 0.134872
v -0.129828 -0.090699 0.130041
v -0.128303 -0.092124 0.128537
v -0.128012 -0.093582 0.131217
v -0.111836 -0.091885 0.123845
v -0.114330 -0.093128 0.123357
v -0.116776 -0.091952 0.122337
v -0.114816 -0.089886 0.121412
v -0.112374 -0.089607 0.122107
v -0.113870 -0.086795 0.119971
v -0.115127 -0.084317 0.120794
v -0.116948 -0.086188 0.121725
v -0.117432 -0.088880 0.120416
v -0.115940 -0.090831 0.117428
v -0.115257 -0.095669 0.110765
v -0.114072 -0.093997 0.112850
v -0.116049 -0.094938 0.113327
v -0.118302 -0.088551 0.096841
v -0.120481 -0.090759 0.097442
v -0.121448 -0.088504 0.096515
v -0.125040 -0.079299 0.120322
v -0.124931 -0.075916 0.119050
v -0.127580 -0.075997 0.117845
v -0.127785 -0.079606 0.119092
v -0.133466 -0.077917 0.103355
v -0.131043 -0.076882 0.101858
v -0.132303 -0.079728 0.100563
v -0.133725 -0.081160 0.102391
v -0.128700 -0.088881 0.099057
v -0.127345 -0.091127 0.099860
v -0.130254 -0.090012 0.100922
v -0.116780 -0.080900 0.097361
v -0.119347 -0.077990 0.097236
v -0.119874 -0.075390 0.098951
v -0.117334 -0.075309 0.100231
v -0.115941 -0.077631 0.098968
v -0.112511 -0.092988 0.101960
v -0.113264 -0.089957 0.099702
v -0.111490 -0.089107 0.101904
v -0.111308 -0.091247 0.103808
v -0.126408 -0.089485 0.142396
v -0.123828 -0.087840 0.145366
v -0.123625 -0.085060 0.145765
v -0.125989 -0.084966 0.144560
v -0.125579 -0.072030 0.128293
v -0.126999 -0.072410 0.130718
v -0.124998 -0.071049 0.130749
v -0.111641 -0.076585 0.141775
v -0.113828 -0.074401 0.141158
v -0.113959 -0.076569 0.142858
v -0.120846 -0.077202 0.143968
v -0.120892 -0.075040 0.142186
v -0.123065 -0.076737 0.142710
v -0.107432 -0.088069 0.127065
v -0.107980 -0.085813 0.125357
v -0.107186 -0.086199 0.126650
v -0.125985 -0.093654 0.139620
v -0.124432 -0.095355 0.138255
v -0.123175 -0.094281 0.141084
v -0.133183 -0.087695 0.114561
v -0.134246 -0.085977 0.112204
v -0.134323 -0.089143 0.111520
v -0.121554 -0.071213 0.108633
v -0.124143 -0.071322 0.107338
v -0.125146 -0.071301 0.109905
v -0.122511 -0.071244 0.111202
v -0.125520 -0.097018 0.108696
v -0.123032 -0.097448 0.107119
v -0.120295 -0.096009 0.111320
v -0.123264 -0.095803 0.112184
v -0.117732 -0.082149 0.022249
v -0.121358 -0.072268 0.085908
v -0.121834 -0.073545 0.089467
v -0.119004 -0.074698 0.089308
v -0.118873 -0.094781 0.076239
v -0.116078 -0.093091 0.077102
v -0.117399 -0.095886 0.078601
v -0.121260 -0.096165 0.078292
v -0.117104 -0.088596 0.093885
v -0.123144 -0.089661 0.094323
v -0.123121 -0.091645 0.092082
v -0.116580 -0.090793 0.092121
v -0.130468 -0.075113 0.077028
v -0.126570 -0.073227 0.078326
v -0.129323 -0.075674 0.073385
v -0.131392 -0.076983 0.074142
v -0.119672 -0.070332 0.081559
v -0.121566 -0.070662 0.079431
v -0.121753 -0.070112 0.082043
v -0.115599 -0.079221 0.074783
v -0.114938 -0.082842 0.074874
v -0.117374 -0.081766 0.072968
v -0.117719 -0.079080 0.073004
v -0.131175 -0.092470 0.075215
v -0.132559 -0.093877 0.077867
v -0.133461 -0.091819 0.077121
v -0.111475 -0.088442 0.083097
v -0.111467 -0.087300 0.080610
v -0.110799 -0.085718 0.082899
v -0.113223 -0.085820 0.065049
v -0.112496 -0.082903 0.064850
v -0.114244 -0.080608 0.065715
v -0.117734 -0.080882 0.067531
v -0.116204 -0.084113 0.067664
v -0.117662 -0.089404 0.066141
v -0.114674 -0.090301 0.054182
v -0.112723 -0.088170 0.056334
v -0.113373 -0.089473 0.059139
v -0.113988 -0.090569 0.057412
v -0.119165 -0.091701 0.065406
v -0.118293 -0.092566 0.063087
v -0.116592 -0.090968 0.063422
v -0.119355 -0.094795 0.054333
v -0.121988 -0.095595 0.053223
v -0.121250 -0.094350 0.050901
v -0.118612 -0.093677 0.051802
v -0.121157 -0.092394 0.066078
v -0.127442 -0.093666 0.067514
v -0.127333 -0.095398 0.065295
v -0.124175 -0.094615 0.065032
v -0.136052 -0.078561 0.064180
v -0.137104 -0.078170 0.060456
v -0.137794 -0.079801 0.057374
v -0.138489 -0.081515 0.060445
v -0.137832 -0.081121 0.063513
v -0.131341 -0.077225 0.047878
v -0.128430 -0.074608 0.047577
v -0.126059 -0.076027 0.046292
v -0.128820 -0.077127 0.045776
v -0.117951 -0.075071 0.053814
v -0.118122 -0.073592 0.056730
v -0.116464 -0.074546 0.058951
v -0.115198 -0.075535 0.056691
v -0.131981 -0.093540 0.052000
v -0.131454 -0.091406 0.049712
v -0.128470 -0.093040 0.049852
v -0.120178 -0.082586 0.045780
v -0.118224 -0.084353 0.047311
v -0.118412 -0.087645 0.047751
v -0.121020 -0.087870 0.046402
v -0.121914 -0.084811 0.045169
v -0.132706 -0.091811 0.090197
v -0.131808 -0.089811 0.092665
v -0.135599 -0.088496 0.090975
v -0.136499 -0.089375 0.088463
v -0.135283 -0.091698 0.088007
v -0.136236 -0.078147 0.086867
v -0.135361 -0.078292 0.089522
v -0.134691 -0.076133 0.088239
v -0.126921 -0.077842 0.094909
v -0.127962 -0.079931 0.095888
v -0.125322 -0.080005 0.096442
v -0.127008 -0.086937 0.097055
v -0.129661 -0.086900 0.096507
v -0.128370 -0.088887 0.095845
v -0.128970 -0.084754 0.071090
v -0.130777 -0.083090 0.071574
v -0.128675 -0.082157 0.070686
v -0.126542 -0.095591 0.088022
v -0.129125 -0.094537 0.089584
v -0.129774 -0.095890 0.087090
v -0.134664 -0.084978 0.049046
v -0.136020 -0.085930 0.051370
v -0.135831 -0.083219 0.050460
v -0.123419 -0.074180 0.064693
v -0.126785 -0.073135 0.063947
v -0.129602 -0.075419 0.066265
v -0.126132 -0.075002 0.066710
v -0.132083 -0.081833 0.070021
v -0.129372 -0.079288 0.069419
v -0.132404 -0.079056 0.068619
v -0.134503 -0.090101 0.064180
v -0.134471 -0.088429 0.066563
v -0.122724 -0.098014 0.028838
v -0.121664 -0.096899 0.026371
v -0.122635 -0.094697 0.018150
v -0.121631 -0.097291 0.017637
v -0.120255 -0.096636 0.020132
v -0.121085 -0.094044 0.020729
v -0.105010 -0.084187 0.020804
v -0.103707 -0.083598 0.018396
v -0.105285 -0.081295 0.017373
v -0.106366 -0.081702 0.020129
v -0.115911 -0.094969 0.041774
v -0.113755 -0.093908 0.042277
v -0.115202 -0.092170 0.043946
v -0.118023 -0.094116 0.043491
v -0.123057 -0.087440 0.045633
v -0.125466 -0.086858 0.045284
v -0.125452 -0.089660 0.045129
v -0.126758 -0.088231 0.020558
v -0.124052 -0.087131 0.019752
v -0.124777 -0.090009 0.020657
v -0.112569 -0.078913 0.041464
v -0.110708 -0.079395 0.039587
v -0.112583 -0.077126 0.039425
v -0.110758 -0.079376 0.027730
v -0.112221 -0.078388 0.025937
v -0.112553 -0.077135 0.027977
v -0.131884 -0.094933 0.030107
v -0.130570 -0.093882 0.024911
v -0.128547 -0.095386 0.024681
v -0.129694 -0.096474 0.027343
v -0.112310 -0.094704 0.029885
v -0.114097 -0.096171 0.028379
v -0.115419 -0.095338 0.026114
v -0.113195 -0.093302 0.026177
v -0.111637 -0.092749 0.027975
v -0.111443 -0.090407 0.025135
v -0.112902 -0.087928 0.024633
v -0.115014 -0.089760 0.024626
v -0.114661 -0.092652 0.023816
v -0.111898 -0.094924 0.022714
v -0.107958 -0.100633 0.019120
v -0.108122 -0.098570 0.020990
v -0.109988 -0.099584 0.020313
v -0.100932 -0.096420 0.006512
v -0.103003 -0.098708 0.005812
v -0.102858 -0.096800 0.004062
v -0.120534 -0.083802 0.017704
v -0.119598 -0.080680 0.016096
v -0.121020 -0.081181 0.013462
v -0.122044 -0.084531 0.015059
v -0.115638 -0.086438 -0.001779
v -0.112796 -0.085477 -0.001527
v -0.112917 -0.088664 -0.002830
v -0.115329 -0.089834 -0.002075
v -0.109783 -0.097495 0.000633
v -0.109593 -0.099366 0.002607
v -0.112357 -0.098387 0.001073
v -0.099779 -0.088694 0.006250
v -0.101290 -0.086173 0.003731
v -0.102753 -0.083366 0.003875
v -0.101799 -0.082770 0.006497
v -0.100137 -0.085112 0.007098
v -0.100262 -0.099229 0.014684
v -0.099381 -0.096718 0.012058
v -0.099264 -0.095344 0.014527
v -0.100361 -0.097106 0.016301
v -0.134153 -0.090965 0.037234
v -0.133347 -0.088996 0.040899
v -0.133347 -0.086190 0.041079
v -0.134807 -0.086285 0.038824
v -0.125679 -0.075386 0.022967
v -0.128161 -0.075527 0.024423
v -0.126465 -0.074053 0.025380
v -0.120938 -0.077586 0.042964
v -0.122515 -0.075550 0.041066
v -0.123480 -0.077578 0.042719
v -0.130000 -0.078398 0.040185
v -0.129142 -0.076392 0.038361
v -0.131296 -0.078128 0.037871
v -0.110005 -0.090311 0.034207
v -0.109614 -0.088304 0.032250
v -0.109561 -0.088493 0.033749
v -0.132248 -0.095383 0.035626
v -0.130226 -0.097154 0.035464
v -0.130757 -0.095704 0.038286
v -0.123956 -0.093717 0.009264
v -0.123013 -0.092599 0.006383
v -0.122718 -0.095845 0.006411
v -0.110233 -0.077633 0.008925
v -0.111270 -0.078238 0.006298
v -0.113836 -0.077815 0.007582
v -0.112753 -0.077261 0.010229
v -0.114474 -0.103265 0.011514
v -0.111566 -0.103736 0.012099
v -0.112214 -0.101318 0.016455
v -0.115064 -0.101225 0.015180
v -0.038734 -0.098945 -0.030907
v -0.093847 -0.083051 -0.006006
v -0.096959 -0.083664 -0.003966
v -0.095114 -0.084447 -0.001651
v -0.086439 -0.106374 -0.003973
v -0.085426 -0.104152 -0.001623
v -0.087513 -0.106791 -0.001303
v -0.089473 -0.107692 -0.004538
v -0.098035 -0.096872 0.005617
v -0.102476 -0.098554 0.001711
v -0.100948 -0.100918 0.000756
v -0.096604 -0.099270 0.005446
v -0.092016 -0.088884 -0.017564
v -0.090808 -0.086203 -0.014065
v -0.088282 -0.089969 -0.018412
v -0.090153 -0.091423 -0.019494
v -0.089253 -0.081758 -0.007416
v -0.088690 -0.082755 -0.009982
v -0.090839 -0.081750 -0.008868
v -0.082403 -0.091030 -0.005554
v -0.082378 -0.094428 -0.004137
v -0.082081 -0.094089 -0.007249
v -0.082100 -0.091528 -0.008133
v -0.092112 -0.106221 -0.015243
v -0.095248 -0.107252 -0.014540
v -0.094947 -0.105547 -0.016184
v -0.086877 -0.097911 0.003954
v -0.084970 -0.097232 0.002509
v -0.086126 -0.095207 0.003769
v -0.073729 -0.098653 -0.006147
v -0.073033 -0.095724 -0.006264
v -0.074435 -0.093648 -0.007861
v -0.077647 -0.094202 -0.009945
v -0.077225 -0.097069 -0.007855
v -0.077020 -0.102699 -0.008629
v -0.065062 -0.104815 -0.010950
v -0.066046 -0.102105 -0.008872
v -0.068931 -0.103110 -0.008094
v -0.067694 -0.104519 -0.009054
v -0.077272 -0.105301 -0.009777
v -0.074927 -0.106378 -0.010003
v -0.074307 -0.104483 -0.008717
v -0.067473 -0.109991 -0.014050
v -0.067666 -0.111380 -0.016629
v -0.065196 -0.110306 -0.017523
v -0.064786 -0.109089 -0.014885
v -0.078858 -0.106194 -0.010998
v -0.083253 -0.108227 -0.015377
v -0.081352 -0.110269 -0.016042
v -0.079550 -0.109028 -0.013633
v -0.083553 -0.095512 -0.027828
v -0.080781 -0.095906 -0.030638
v -0.078368 -0.098039 -0.032111
v -0.081594 -0.099400 -0.031111
v -0.083978 -0.098411 -0.029135
v -0.066970 -0.095592 -0.031169
v -0.065366 -0.092555 -0.029320
v -0.063228 -0.093641 -0.027576
v -0.064060 -0.095240 -0.029983
v -0.065819 -0.090518 -0.017167
v -0.068367 -0.088728 -0.016555
v -0.069549 -0.089095 -0.014090
v -0.067052 -0.090134 -0.013600
v -0.071095 -0.111232 -0.026339
v -0.068792 -0.109309 -0.027529
v -0.067567 -0.110383 -0.024564
v -0.060045 -0.099060 -0.021348
v -0.060500 -0.100336 -0.018647
v -0.060980 -0.103561 -0.017971
v -0.060964 -0.104341 -0.020780
v -0.060293 -0.101590 -0.022685
v -0.105708 -0.102690 -0.007695
v -0.106940 -0.100110 -0.005775
v -0.107936 -0.099681 -0.010118
v -0.106517 -0.101202 -0.012381
v -0.105553 -0.103391 -0.011210
v -0.104118 -0.090606 -0.015708
v -0.105884 -0.090050 -0.013257
v -0.104260 -0.088144 -0.014131
v -0.104681 -0.087389 -0.003270
v -0.106270 -0.089346 -0.002915
v -0.104915 -0.088990 -0.000615
v -0.106963 -0.095816 0.000081
v -0.108338 -0.096207 -0.002212
v -0.107081 -0.098125 -0.001285
v -0.086651 -0.099157 -0.017085
v -0.087901 -0.097739 -0.018765
v -0.085954 -0.096661 -0.017606
v -0.100424 -0.105991 -0.003531
v -0.103153 -0.104995 -0.004746
v -0.101690 -0.106903 -0.006518
v -0.069582 -0.103639 -0.031914
v -0.072204 -0.104554 -0.031694
v -0.071279 -0.101967 -0.032544
v -0.077633 -0.089070 -0.017668
v -0.078573 -0.088729 -0.021157
v -0.082021 -0.091048 -0.021941
v -0.080676 -0.089999 -0.018839
v -0.087042 -0.097019 -0.020863
v -0.084957 -0.094218 -0.019412
v -0.085714 -0.094635 -0.022407
v -0.083496 -0.106491 -0.023957
v -0.085492 -0.104454 -0.023072
v -0.045274 -0.115457 -0.028912
v -0.042597 -0.114191 -0.029374
v -0.036442 -0.112131 -0.035389
v -0.035107 -0.114426 -0.034423
v -0.036533 -0.113618 -0.032062
v -0.037831 -0.111267 -0.032793
v -0.030320 -0.098295 -0.020981
v -0.027636 -0.097324 -0.021323
v -0.028072 -0.095359 -0.023474
v -0.030904 -0.096123 -0.022853
v -0.053960 -0.110787 -0.016971
v -0.053420 -0.109329 -0.015078
v -0.055797 -0.107734 -0.015941
v -0.056679 -0.110174 -0.018222
v -0.061224 -0.104334 -0.022969
v -0.062047 -0.104214 -0.025333
v -0.061872 -0.106970 -0.024837
v -0.041350 -0.106632 -0.038249
v -0.039439 -0.105031 -0.036734
v -0.040212 -0.108001 -0.036348
v -0.052682 -0.094425 -0.017221
v -0.050131 -0.094692 -0.016456
v -0.050981 -0.092804 -0.018498
v -0.039909 -0.094912 -0.022389
v -0.039288 -0.094215 -0.024808
v -0.041276 -0.093043 -0.024183
v -0.051405 -0.114132 -0.036663
v -0.046339 -0.112900 -0.038186
v -0.044940 -0.114001 -0.036312
v -0.047749 -0.115262 -0.035839
v -0.040934 -0.110260 -0.020085
v -0.040374 -0.112044 -0.022216
v -0.039186 -0.111479 -0.024804
v -0.038275 -0.109059 -0.023299
v -0.039075 -0.108219 -0.021018
v -0.036775 -0.105883 -0.022978
v -0.037459 -0.103719 -0.024789
v -0.038367 -0.105918 -0.026202
v -0.037119 -0.108696 -0.026016
v -0.034298 -0.110317 -0.024029
v -0.027913 -0.114884 -0.021892
v -0.030001 -0.112996 -0.021231
v -0.030356 -0.114345 -0.022983
v -0.014167 -0.108501 -0.024873
v -0.014439 -0.111139 -0.026575
v -0.013311 -0.109141 -0.027871
v -0.036375 -0.101041 -0.035586
v -0.035001 -0.097718 -0.036142
v -0.033621 -0.098374 -0.038632
v -0.034974 -0.101938 -0.038118
v -0.018118 -0.101503 -0.042728
v -0.016822 -0.099951 -0.040400
v -0.015307 -0.102993 -0.040812
v -0.017107 -0.104716 -0.042136
v -0.014597 -0.111121 -0.035134
v -0.015706 -0.113024 -0.033451
v -0.016310 -0.112582 -0.036652
v -0.014656 -0.100709 -0.025135
v -0.014013 -0.098430 -0.028226
v -0.015510 -0.096026 -0.029533
v -0.017123 -0.095406 -0.027275
v -0.016191 -0.097354 -0.025252
v -0.019742 -0.111623 -0.019004
v -0.017581 -0.108803 -0.020086
v -0.019721 -0.107612 -0.018855
v -0.021471 -0.109696 -0.018533
v -0.058858 -0.110353 -0.035549
v -0.061804 -0.108015 -0.033655
v -0.062021 -0.105247 -0.034118
v -0.060731 -0.105754 -0.036327
v -0.043976 -0.093820 -0.038075
v -0.046323 -0.094427 -0.039509
v -0.046365 -0.092657 -0.037866
v -0.057985 -0.094487 -0.024164
v -0.057134 -0.092894 -0.026719
v -0.058963 -0.094944 -0.026488
v -0.059828 -0.097069 -0.033074
v -0.057928 -0.095067 -0.033465
v -0.058478 -0.097184 -0.035219
v -0.044187 -0.105451 -0.016811
v -0.042359 -0.103432 -0.017750
v -0.043695 -0.103588 -0.016963
v -0.056355 -0.114455 -0.033999
v -0.055144 -0.115847 -0.032106
v -0.057968 -0.114350 -0.031253
v -0.030118 -0.111016 -0.041350
v -0.027533 -0.109577 -0.042621
v -0.026881 -0.112683 -0.041964
v -0.024774 -0.092396 -0.033232
v -0.023256 -0.093068 -0.035654
v -0.025711 -0.093267 -0.036797
v -0.027222 -0.092636 -0.034319
v -0.024974 -0.118444 -0.031485
v -0.023632 -0.118320 -0.028867
v -0.028066 -0.116316 -0.026767
v -0.028686 -0.116763 -0.029761
v 0.052841 -0.100684 0.002240
v -0.002380 -0.093243 -0.028781
v -0.005781 -0.094593 -0.030011
v -0.006371 -0.095092 -0.027055
v 0.004049 -0.114689 -0.018818
v 0.002506 -0.112412 -0.016959
v 0.001460 -0.115421 -0.018164
v 0.002970 -0.116556 -0.021513
v -0.011650 -0.108250 -0.023320
v -0.010916 -0.110619 -0.028954
v -0.008854 -0.112533 -0.028106
v -0.010237 -0.110260 -0.022116
v 0.008950 -0.098096 -0.033757
v 0.006524 -0.095376 -0.031152
v 0.012002 -0.098420 -0.031059
v 0.011925 -0.100152 -0.032974
v 0.001426 -0.091000 -0.026446
v 0.004037 -0.091751 -0.027556
v 0.001615 -0.091245 -0.028555
v 0.005451 -0.098801 -0.018501
v 0.004835 -0.102182 -0.017189
v 0.007432 -0.101691 -0.018874
v 0.007762 -0.099149 -0.019751
v 0.009502 -0.115191 -0.030032
v 0.007347 -0.116847 -0.032112
v 0.008542 -0.115050 -0.033044
v -0.003634 -0.106834 -0.015385
v -0.001467 -0.105725 -0.015028
v -0.003474 -0.104029 -0.015281
v 0.012225 -0.104743 -0.011372
v 0.012372 -0.101735 -0.011236
v 0.012577 -0.099897 -0.013625
v 0.012348 -0.100950 -0.017263
v 0.011301 -0.103755 -0.015305
v 0.012766 -0.109236 -0.015014
v 0.021791 -0.109381 -0.006777
v 0.019263 -0.106875 -0.006499
v 0.017018 -0.108305 -0.008066
v 0.018673 -0.109503 -0.007592
v 0.013826 -0.111807 -0.015571
v 0.015408 -0.112443 -0.013554
v 0.014550 -0.110505 -0.012540
v 0.023344 -0.114814 -0.009973
v 0.025422 -0.116179 -0.011576
v 0.027371 -0.114728 -0.010184
v 0.025438 -0.113505 -0.008452
v 0.013991 -0.112933 -0.017480
v 0.015116 -0.115586 -0.023266
v 0.016975 -0.117240 -0.021957
v 0.015967 -0.115768 -0.019214
v 0.023218 -0.102784 -0.032545
v 0.027066 -0.102622 -0.031797
v 0.030007 -0.104353 -0.030607
v 0.027359 -0.106193 -0.032317
v 0.024328 -0.105675 -0.033273
v 0.035903 -0.100252 -0.021230
v 0.035089 -0.097035 -0.019129
v 0.035052 -0.097837 -0.016208
v 0.036634 -0.099517 -0.018145
v 0.024907 -0.095269 -0.012636
v 0.022601 -0.093881 -0.014409
v 0.019885 -0.094450 -0.013765
v 0.021182 -0.095118 -0.011438
v 0.031150 -0.116406 -0.020148
v 0.033177 -0.114139 -0.019136
v 0.031604 -0.115058 -0.016260
v 0.032428 -0.102870 -0.009444
v 0.030074 -0.104196 -0.008047
v 0.029514 -0.107457 -0.007697
v 0.031852 -0.108225 -0.009309
v 0.033569 -0.105410 -0.010199
v -0.004804 -0.114809 -0.036543
v -0.007421 -0.112659 -0.036875
v -0.004723 -0.112214 -0.040212
v -0.001908 -0.113273 -0.040088
v -0.001895 -0.115270 -0.038313
v 0.000398 -0.102268 -0.041731
v -0.002700 -0.102211 -0.041720
v -0.001378 -0.099959 -0.041146
v -0.010274 -0.099923 -0.035222
v -0.011156 -0.102199 -0.035911
v -0.012231 -0.101697 -0.033434
v -0.012786 -0.108836 -0.033641
v -0.011726 -0.109376 -0.036125
v -0.011369 -0.111025 -0.034357
v 0.013242 -0.107212 -0.027909
v 0.013630 -0.105990 -0.030071
v 0.013742 -0.104619 -0.028008
v -0.004430 -0.117135 -0.029295
v -0.005222 -0.116677 -0.032408
v -0.002707 -0.118140 -0.031986
v 0.035714 -0.108590 -0.022986
v 0.034149 -0.109893 -0.024945
v 0.035132 -0.107186 -0.024994
v 0.017896 -0.095684 -0.022559
v 0.020057 -0.095417 -0.025392
v 0.018931 -0.098284 -0.028421
v 0.017114 -0.097102 -0.025591
v 0.015743 -0.105072 -0.030831
v 0.015477 -0.101989 -0.028682
v 0.017485 -0.102451 -0.031080
v 0.021481 -0.113681 -0.028822
v 0.019432 -0.112055 -0.030206
v 0.048056 -0.117657 -0.000793
v 0.049911 -0.116187 0.000944
v 0.058083 -0.113689 0.002533
v 0.058089 -0.115916 0.004291
v 0.055313 -0.115144 0.004403
v 0.055166 -0.112883 0.002771
v 0.049187 -0.099470 0.014856
v 0.050964 -0.098398 0.016825
v 0.052471 -0.096473 0.015185
v 0.050364 -0.097342 0.013225
v 0.033383 -0.113832 -0.001101
v 0.032069 -0.112326 0.000323
v 0.031269 -0.111013 -0.002129
v 0.032768 -0.113533 -0.003960
v 0.033462 -0.108243 -0.010832
v 0.034867 -0.108213 -0.012903
v 0.034796 -0.110932 -0.012209
v 0.057693 -0.108604 -0.003605
v 0.057428 -0.106835 -0.001219
v 0.056809 -0.109864 -0.001501
v 0.033218 -0.097431 -0.001666
v 0.034173 -0.097403 0.000810
v 0.035203 -0.095623 -0.001234
v 0.044954 -0.096716 0.005838
v 0.047307 -0.095985 0.004918
v 0.045536 -0.094971 0.003585
v 0.050805 -0.116870 -0.010211
v 0.054950 -0.115245 -0.007159
v 0.054268 -0.116222 -0.004896
v 0.052307 -0.117698 -0.006757
v 0.043059 -0.112083 0.007331
v 0.045198 -0.113830 0.006648
v 0.047990 -0.113187 0.006051
v 0.047140 -0.110687 0.007519
v 0.044811 -0.109907 0.008108
v 0.047510 -0.107381 0.008808
v 0.048603 -0.105297 0.007067
v 0.049376 -0.107578 0.005624
v 0.049899 -0.110227 0.006994
v 0.049802 -0.111670 0.010538
v 0.051647 -0.115958 0.017104
v 0.049910 -0.114148 0.015705
v 0.051204 -0.115527 0.014513
v 0.061492 -0.109039 0.026755
v 0.062796 -0.111700 0.025691
v 0.064469 -0.109674 0.025817
v 0.057974 -0.102608 0.001863
v 0.059131 -0.099237 0.002516
v 0.062015 -0.099862 0.002323
v 0.060905 -0.103473 0.001668
v 0.074011 -0.102358 0.013283
v 0.072751 -0.100738 0.015545
v 0.073976 -0.103725 0.016671
v 0.074122 -0.105525 0.014560
v 0.069799 -0.111766 0.020770
v 0.067818 -0.113693 0.020877
v 0.070133 -0.113303 0.018582
v 0.061285 -0.101276 0.025843
v 0.064164 -0.099003 0.024542
v 0.064367 -0.096669 0.022467
v 0.061576 -0.096087 0.022362
v 0.060453 -0.097981 0.024344
v 0.053462 -0.112310 0.025407
v 0.055571 -0.109423 0.026544
v 0.053282 -0.108300 0.025339
v 0.052025 -0.110443 0.024097
v 0.045526 -0.113920 -0.015997
v 0.042051 -0.111941 -0.017358
v 0.042083 -0.109215 -0.018058
v 0.044702 -0.109565 -0.018321
v 0.055434 -0.096038 -0.006493
v 0.055195 -0.096838 -0.009213
v 0.053721 -0.095066 -0.008440
v 0.035611 -0.098085 -0.009951
v 0.038106 -0.096399 -0.010947
v 0.036938 -0.098646 -0.012064
v 0.041947 -0.100841 -0.016467
v 0.043300 -0.098633 -0.015376
v 0.044551 -0.100796 -0.016660
v 0.038318 -0.107526 0.006389
v 0.040044 -0.105376 0.007127
v 0.038637 -0.105631 0.006552
v 0.045974 -0.117705 -0.012742
v 0.045168 -0.118946 -0.010496
v 0.042836 -0.117798 -0.012409
v 0.066578 -0.112372 0.004374
v 0.069071 -0.110839 0.005748
v 0.068950 -0.113910 0.006789
v 0.062463 -0.093474 0.012436
v 0.065286 -0.094091 0.012480
v 0.064925 -0.094416 0.009734
v 0.061966 -0.093824 0.009793
v 0.061350 -0.119489 0.014349
v 0.059803 -0.119271 0.016928
v 0.055661 -0.117442 0.014355
v 0.057827 -0.117942 0.012220
v 0.080729 -0.093432 0.095682
v 0.071105 -0.093205 0.033362
v 0.070222 -0.094796 0.030030
v 0.067480 -0.095294 0.031282
v 0.067783 -0.113994 0.045900
v 0.065176 -0.111806 0.045625
v 0.065440 -0.114902 0.044314
v 0.069125 -0.115979 0.043593
v 0.061639 -0.108682 0.029749
v 0.066744 -0.111072 0.027275
v 0.067301 -0.112887 0.029555
v 0.061495 -0.110627 0.031736
v 0.082073 -0.097349 0.039558
v 0.078295 -0.094769 0.039068
v 0.081674 -0.097332 0.043570
v 0.083241 -0.099109 0.042503
v 0.071289 -0.090680 0.037591
v 0.073686 -0.091273 0.039043
v 0.073117 -0.090943 0.036516
v 0.067800 -0.098023 0.045981
v 0.066501 -0.101418 0.046549
v 0.069326 -0.100720 0.047582
v 0.070136 -0.098180 0.047103
v 0.079991 -0.114245 0.043568
v 0.080353 -0.116128 0.040731
v 0.081840 -0.114264 0.040963
v 0.059873 -0.106651 0.041082
v 0.060821 -0.105389 0.043067
v 0.059802 -0.103840 0.041096
v 0.066188 -0.103104 0.056340
v 0.066066 -0.100095 0.056246
v 0.067933 -0.098309 0.054781
v 0.070790 -0.099472 0.052448
v 0.068714 -0.102312 0.053075
v 0.069519 -0.107617 0.054961
v 0.068671 -0.106506 0.067226
v 0.066938 -0.104311 0.065097
v 0.067038 -0.106065 0.062464
v 0.067615 -0.107035 0.064222
v 0.070743 -0.110088 0.055704
v 0.070371 -0.110514 0.058233
v 0.068933 -0.108643 0.057992
v 0.072386 -0.111841 0.067059
v 0.074921 -0.113012 0.067864
v 0.075055 -0.111287 0.070108
v 0.072401 -0.110232 0.069536
v 0.072353 -0.111242 0.054770
v 0.077771 -0.113926 0.052323
v 0.077952 -0.115358 0.054783
v 0.075132 -0.113918 0.055531
v 0.089636 -0.100659 0.051776
v 0.091683 -0.100110 0.055133
v 0.092582 -0.101468 0.058299
v 0.092424 -0.103645 0.055406
v 0.091061 -0.103447 0.052464
v 0.088426 -0.096357 0.068142
v 0.086163 -0.093179 0.068429
v 0.083982 -0.093869 0.070287
v 0.086566 -0.095426 0.070505
v 0.074647 -0.092360 0.064416
v 0.074765 -0.091321 0.061383
v 0.072753 -0.092182 0.059731
v 0.071587 -0.092602 0.062244
v 0.085178 -0.112898 0.067026
v 0.085637 -0.110370 0.068975
v 0.082465 -0.111354 0.069653
v 0.077388 -0.098907 0.073062
v 0.074821 -0.100441 0.072279
v 0.074326 -0.103727 0.072461
v 0.077135 -0.104278 0.073360
v 0.078829 -0.101322 0.073784
v 0.076598 -0.114998 0.028161
v 0.075317 -0.113032 0.025723
v 0.079584 -0.112452 0.025974
v 0.081114 -0.113321 0.028370
v 0.079724 -0.115287 0.029527
v 0.083474 -0.102210 0.028593
v 0.081725 -0.102355 0.026169
v 0.081941 -0.100014 0.027406
v 0.072058 -0.100421 0.023740
v 0.072184 -0.102732 0.022741
v 0.069531 -0.102248 0.023235
v 0.069530 -0.109402 0.022993
v 0.072185 -0.109924 0.022491
v 0.070955 -0.111543 0.023858
v 0.080141 -0.105891 0.047200
v 0.082067 -0.104692 0.046088
v 0.080413 -0.103264 0.047312
v 0.070963 -0.117191 0.032811
v 0.073026 -0.116833 0.030313
v 0.074180 -0.118115 0.032729
v 0.089984 -0.104717 0.067898
v 0.090527 -0.106269 0.065627
v 0.091045 -0.103469 0.066047
v 0.078159 -0.093844 0.053055
v 0.081769 -0.093446 0.052963
v 0.083468 -0.096483 0.050560
v 0.080099 -0.095405 0.050755
v 0.083854 -0.103598 0.047217
v 0.081851 -0.100501 0.048039
v 0.084952 -0.100831 0.048199
v 0.086084 -0.111565 0.053756
v 0.085718 -0.110181 0.051162
v 0.081063 -0.111049 0.092541
v 0.080898 -0.109256 0.094874
v 0.084074 -0.105506 0.101955
v 0.082732 -0.107606 0.103337
v 0.081005 -0.107244 0.101040
v 0.082159 -0.105124 0.099621
v 0.068331 -0.092095 0.099755
v 0.067762 -0.090688 0.102037
v 0.069867 -0.088645 0.102079
v 0.070239 -0.089903 0.099486
v 0.071770 -0.109256 0.080358
v 0.069788 -0.107867 0.080030
v 0.071364 -0.106809 0.077735
v 0.073828 -0.109199 0.078074
v 0.079353 -0.104168 0.073658
v 0.081841 -0.104054 0.073451
v 0.081395 -0.106731 0.074164
v 0.088743 -0.100901 0.097160
v 0.086484 -0.099046 0.098149
v 0.086483 -0.102147 0.097914
v 0.071462 -0.093064 0.077757
v 0.069907 -0.092777 0.079970
v 0.072105 -0.090981 0.079281
v 0.073194 -0.090430 0.091167
v 0.075292 -0.089432 0.092320
v 0.075180 -0.088734 0.090025
v 0.089922 -0.110381 0.088744
v 0.090220 -0.108050 0.093731
v 0.088112 -0.108993 0.094734
v 0.088316 -0.110817 0.092218
v 0.071490 -0.105808 0.092784
v 0.073432 -0.107279 0.094288
v 0.075324 -0.106273 0.095948
v 0.073516 -0.103843 0.095773
v 0.071737 -0.103371 0.094242
v 0.072548 -0.100454 0.096306
v 0.074514 -0.098331 0.095858
v 0.076237 -0.100554 0.095957
v 0.075539 -0.103024 0.097540
v 0.072667 -0.104277 0.099684
v 0.068647 -0.107922 0.105369
v 0.068677 -0.106452 0.102967
v 0.070443 -0.107685 0.103556
v 0.066282 -0.099279 0.117069
v 0.067965 -0.101734 0.118176
v 0.068467 -0.099473 0.119267
v 0.084097 -0.094608 0.099844
v 0.084090 -0.091069 0.100681
v 0.085931 -0.091268 0.103026
v 0.085981 -0.095040 0.102248
v 0.084468 -0.091315 0.120342
v 0.081681 -0.089791 0.120248
v 0.081165 -0.092482 0.122342
v 0.083473 -0.094354 0.121640
v 0.075700 -0.100890 0.121985
v 0.074863 -0.103101 0.120665
v 0.078103 -0.102458 0.121480
v 0.066719 -0.091678 0.115331
v 0.069097 -0.089036 0.116817
v 0.071080 -0.086771 0.115813
v 0.069938 -0.086619 0.113478
v 0.067627 -0.088592 0.113631
v 0.063664 -0.103709 0.110819
v 0.063839 -0.100526 0.112525
v 0.063454 -0.099779 0.110018
v 0.063514 -0.102123 0.108590
v 0.090968 -0.108482 0.080528
v 0.090081 -0.107074 0.076689
v 0.090559 -0.104405 0.075929
v 0.092258 -0.104408 0.077853
v 0.089215 -0.088954 0.091811
v 0.091147 -0.089914 0.090065
v 0.089535 -0.088322 0.089132
v 0.079691 -0.093815 0.074590
v 0.081891 -0.091869 0.075664
v 0.082180 -0.094297 0.074369
v 0.088811 -0.096042 0.075759
v 0.088560 -0.093612 0.077199
v 0.090419 -0.095652 0.077648
v 0.068894 -0.101978 0.087886
v 0.069385 -0.099586 0.089364
v 0.068901 -0.100053 0.087966
v 0.088739 -0.111993 0.083432
v 0.086567 -0.113214 0.084376
v 0.086640 -0.112498 0.081180
v 0.087354 -0.102824 0.109925
v 0.087558 -0.100849 0.112639
v 0.086759 -0.103841 0.113613
v 0.077689 -0.084338 0.108303
v 0.079372 -0.084521 0.110842
v 0.081306 -0.085038 0.108985
v 0.079559 -0.084896 0.106453
v 0.076559 -0.110104 0.112364
v 0.073710 -0.109997 0.112502
v 0.073227 -0.108933 0.107350
v 0.076211 -0.109215 0.108012
v 0.003863 -0.083060 0.133464
v 0.063950 -0.081945 0.125663
v 0.066430 -0.083748 0.123615
v 0.064266 -0.084669 0.121651
v 0.051982 -0.103006 0.128418
v 0.051601 -0.101310 0.125645
v 0.053005 -0.104274 0.126448
v 0.054581 -0.104680 0.129900
v 0.063557 -0.098834 0.118109
v 0.068069 -0.100445 0.121959
v 0.066236 -0.102077 0.123597
v 0.061779 -0.100735 0.118916
v 0.060413 -0.084017 0.137957
v 0.060202 -0.082173 0.133891
v 0.056146 -0.084059 0.138517
v 0.057549 -0.085513 0.140131
v 0.060122 -0.079380 0.126673
v 0.059173 -0.079558 0.129039
v 0.061696 -0.079321 0.128219
v 0.051441 -0.087326 0.125538
v 0.050765 -0.090903 0.125003
v 0.050444 -0.089727 0.127774
v 0.050941 -0.087076 0.128019
v 0.056577 -0.101004 0.139840
v 0.059715 -0.102797 0.139949
v 0.059604 -0.100689 0.141040
v 0.054100 -0.097020 0.120016
v 0.052624 -0.095676 0.120663
v 0.054000 -0.094268 0.119477
v 0.042762 -0.092889 0.126190
v 0.042753 -0.089964 0.125456
v 0.044183 -0.087785 0.127068
v 0.046467 -0.088314 0.129864
v 0.045769 -0.091513 0.128408
v 0.044408 -0.096607 0.130467
v 0.033078 -0.096314 0.128502
v 0.034954 -0.094404 0.126338
v 0.037294 -0.095965 0.126772
v 0.035771 -0.096892 0.127533
v 0.043836 -0.098833 0.132007
v 0.041391 -0.099451 0.131350
v 0.041511 -0.097882 0.129641
v 0.033187 -0.100787 0.133203
v 0.032328 -0.101463 0.135942
v 0.030150 -0.099847 0.135772
v 0.030864 -0.099324 0.132944
v 0.044876 -0.099614 0.133891
v 0.047645 -0.101147 0.139487
v 0.045254 -0.102585 0.139988
v 0.044335 -0.101745 0.136939
v 0.048122 -0.085831 0.148341
v 0.044351 -0.085012 0.149856
v 0.040894 -0.086270 0.150947
v 0.044198 -0.088340 0.151267
v 0.047492 -0.088311 0.150205
v 0.030333 -0.082439 0.145988
v 0.030134 -0.079796 0.143146
v 0.028522 -0.081030 0.140806
v 0.028083 -0.082046 0.143591
v 0.034978 -0.081146 0.131592
v 0.037818 -0.079969 0.131468
v 0.039423 -0.081131 0.129645
v 0.037113 -0.081890 0.128599
v 0.032456 -0.099258 0.146016
v 0.030304 -0.096765 0.145991
v 0.029941 -0.098398 0.143070
v 0.026690 -0.087472 0.134884
v 0.027773 -0.089429 0.132947
v 0.027757 -0.092748 0.133161
v 0.026608 -0.092787 0.135768
v 0.025908 -0.089591 0.136637
v 0.071320 -0.102627 0.132112
v 0.072959 -0.101005 0.129331
v 0.074352 -0.099681 0.133515
v 0.072690 -0.100161 0.136420
v 0.071211 -0.102304 0.135933
v 0.072827 -0.088764 0.137156
v 0.074536 -0.089332 0.134150
v 0.073352 -0.086929 0.134645
v 0.073130 -0.089198 0.123458
v 0.074274 -0.091499 0.123507
v 0.072720 -0.091436 0.121327
v 0.073275 -0.098504 0.122367
v 0.074844 -0.098607 0.124543
v 0.073077 -0.100348 0.124321
v 0.052597 -0.092766 0.139344
v 0.053899 -0.091216 0.140810
v 0.052417 -0.090132 0.139174
v 0.065161 -0.105617 0.129187
v 0.068100 -0.104981 0.129981
v 0.066476 -0.105968 0.132435
v 0.030796 -0.090307 0.149153
v 0.033251 -0.091634 0.149976
v 0.032634 -0.088801 0.149942
v 0.046216 -0.081404 0.135941
v 0.046395 -0.080321 0.139273
v 0.049137 -0.082877 0.141776
v 0.048710 -0.082485 0.138201
v 0.052872 -0.089793 0.142680
v 0.051726 -0.087139 0.140294
v 0.051824 -0.086856 0.143528
v 0.046383 -0.097273 0.147009
v 0.049143 -0.095893 0.146639
v 0.007499 -0.099935 0.138305
v 0.005266 -0.098425 0.137064
v -0.002328 -0.094573 0.138676
v -0.003454 -0.096983 0.137713
v -0.000979 -0.096836 0.136140
v 0.000211 -0.094443 0.136923
v 0.001023 -0.084500 0.120916
v -0.001366 -0.083378 0.119877
v -0.001670 -0.080960 0.121511
v 0.001027 -0.081957 0.122343
v 0.020641 -0.099221 0.130472
v 0.021168 -0.098246 0.128292
v 0.023164 -0.096737 0.129814
v 0.022611 -0.098595 0.132669
v 0.026068 -0.092254 0.137811
v 0.025988 -0.091626 0.140240
v 0.025432 -0.094381 0.140232
v 0.001603 -0.088829 0.142562
v 0.000871 -0.087535 0.139950
v 0.001221 -0.090552 0.140594
v 0.022647 -0.083295 0.127075
v 0.020681 -0.083481 0.125309
v 0.020999 -0.081233 0.127132
v 0.009308 -0.081362 0.126089
v 0.007836 -0.080046 0.127684
v 0.010035 -0.079198 0.128009
v 0.009888 -0.097184 0.147465
v 0.004894 -0.095226 0.146321
v 0.004300 -0.096665 0.144186
v 0.006695 -0.098184 0.145491
v 0.008545 -0.096832 0.127523
v 0.006865 -0.097991 0.129384
v 0.004849 -0.096724 0.130866
v 0.005149 -0.094702 0.128647
v 0.006950 -0.094509 0.126963
v 0.004557 -0.091616 0.126982
v 0.004686 -0.089117 0.128476
v 0.004468 -0.090948 0.130577
v 0.003042 -0.093600 0.130286
v 0.001222 -0.095533 0.127605
v -0.004109 -0.100251 0.123975
v -0.001689 -0.098661 0.123910
v -0.002398 -0.099548 0.125829
v -0.016374 -0.092928 0.118193
v -0.017325 -0.095071 0.120292
v -0.018605 -0.092777 0.120467
v -0.000664 -0.083785 0.136642
v -0.001624 -0.080379 0.135863
v -0.004133 -0.080348 0.137520
v -0.003240 -0.083977 0.138379
v -0.020085 -0.081874 0.133882
v -0.019874 -0.080902 0.130999
v -0.021837 -0.083695 0.131245
v -0.021169 -0.085098 0.133545
v -0.021104 -0.092944 0.127667
v -0.019652 -0.095240 0.127133
v -0.020531 -0.094041 0.130057
v -0.014828 -0.085335 0.117136
v -0.016451 -0.082342 0.119024
v -0.015364 -0.079741 0.120375
v -0.012813 -0.079752 0.119092
v -0.012999 -0.082107 0.117313
v -0.009107 -0.097587 0.116532
v -0.011147 -0.094517 0.115833
v -0.008444 -0.093740 0.115601
v -0.007009 -0.095896 0.116600
v 0.017968 -0.094580 0.148926
v 0.021902 -0.093135 0.148157
v 0.022506 -0.090381 0.148151
v 0.020349 -0.090164 0.149604
v 0.006236 -0.076666 0.141447
v 0.007621 -0.077052 0.144051
v 0.008694 -0.075753 0.142352
v 0.024765 -0.082147 0.135588
v 0.023360 -0.079874 0.137155
v 0.024700 -0.082098 0.138159
v 0.022568 -0.082554 0.144733
v 0.021051 -0.080325 0.143843
v 0.020443 -0.081971 0.146025
v 0.013447 -0.093205 0.125530
v 0.011892 -0.090905 0.125015
v 0.013304 -0.091334 0.125079
v 0.015469 -0.098652 0.147197
v 0.014858 -0.100348 0.145251
v 0.018026 -0.099424 0.145492
v -0.010583 -0.091784 0.140786
v -0.013291 -0.089980 0.140436
v -0.014014 -0.093133 0.140131
v -0.008623 -0.075584 0.127550
v -0.011120 -0.075606 0.128817
v -0.009639 -0.075571 0.131291
v -0.007069 -0.075615 0.129858
v -0.011562 -0.101253 0.131288
v -0.011401 -0.101750 0.128269
v -0.006461 -0.100440 0.128489
v -0.007376 -0.100156 0.131400
v -0.039923 -0.082937 0.062325
v -0.025952 -0.076519 0.113238
v -0.023922 -0.077769 0.116175
v -0.022175 -0.079011 0.114000
v -0.031197 -0.099111 0.105378
v -0.028478 -0.097511 0.104073
v -0.028562 -0.100260 0.106002
v -0.031648 -0.100415 0.108389
v -0.017886 -0.092987 0.115594
v -0.021460 -0.093861 0.120530
v -0.023279 -0.095825 0.119245
v -0.018942 -0.095186 0.114253
v -0.038902 -0.079078 0.113174
v -0.034981 -0.077317 0.111516
v -0.040675 -0.079680 0.109748
v -0.041774 -0.080920 0.111643
v -0.027622 -0.074643 0.109028
v -0.030432 -0.074914 0.108880
v -0.028793 -0.074355 0.110797
v -0.029226 -0.083666 0.101993
v -0.028763 -0.087306 0.101690
v -0.031833 -0.086154 0.102004
v -0.032001 -0.083459 0.102198
v -0.041261 -0.096406 0.112583
v -0.040379 -0.097764 0.115531
v -0.041570 -0.095679 0.115509
v -0.021246 -0.093004 0.104674
v -0.022730 -0.091867 0.103077
v -0.020825 -0.090304 0.104011
v -0.032134 -0.090345 0.093923
v -0.031518 -0.087448 0.093375
v -0.032505 -0.085118 0.094880
v -0.034555 -0.085308 0.098112
v -0.033329 -0.088585 0.097396
v -0.035446 -0.093806 0.097134
v -0.037812 -0.094566 0.086998
v -0.035678 -0.092529 0.087774
v -0.035361 -0.093864 0.089934
v -0.036822 -0.094905 0.089003
v -0.037177 -0.096037 0.097401
v -0.037710 -0.096881 0.095167
v -0.036009 -0.095345 0.094549
v -0.042372 -0.098917 0.088637
v -0.045112 -0.099620 0.088533
v -0.045187 -0.098225 0.086247
v -0.042331 -0.097689 0.086314
v -0.038516 -0.096679 0.099006
v -0.042996 -0.097776 0.103653
v -0.044287 -0.099466 0.101674
v -0.041733 -0.098780 0.099776
v -0.051772 -0.082340 0.105185
v -0.054955 -0.081844 0.102272
v -0.057519 -0.083392 0.099683
v -0.056313 -0.085143 0.102911
v -0.053806 -0.084829 0.105491
v -0.055083 -0.080681 0.086867
v -0.052294 -0.078123 0.085924
v -0.050556 -0.079504 0.084036
v -0.053435 -0.080497 0.084067
v -0.040493 -0.079227 0.088148
v -0.040126 -0.077791 0.090445
v -0.037552 -0.078844 0.091266
v -0.037582 -0.079825 0.089142
v -0.054863 -0.097220 0.090745
v -0.055177 -0.094946 0.088119
v -0.052373 -0.096662 0.087308
v -0.045445 -0.086145 0.082093
v -0.043109 -0.088066 0.082942
v -0.043294 -0.091376 0.083175
v -0.046291 -0.091440 0.082476
v -0.047439 -0.088279 0.081695
v -0.031104 -0.095678 0.125110
v -0.028499 -0.093715 0.126151
v -0.032374 -0.092272 0.127771
v -0.034959 -0.093127 0.126426
v -0.034526 -0.095489 0.125240
v -0.035756 -0.081917 0.124706
v -0.033100 -0.082084 0.126208
v -0.033577 -0.079950 0.124651
v -0.023135 -0.081931 0.123538
v -0.023048 -0.083994 0.124978
v -0.020906 -0.084158 0.123266
v -0.021650 -0.091037 0.125090
v -0.023796 -0.090910 0.126816
v -0.023568 -0.092932 0.125454
v -0.042025 -0.088785 0.107667
v -0.043139 -0.087059 0.109179
v -0.041937 -0.086203 0.107087
v -0.028606 -0.099658 0.119040
v -0.029213 -0.098518 0.122077
v -0.031498 -0.099857 0.120668
v -0.058167 -0.088408 0.088688
v -0.058550 -0.089479 0.091768
v -0.058619 -0.086719 0.090779
v -0.040568 -0.078378 0.098971
v -0.043804 -0.077210 0.100135
v -0.044951 -0.079448 0.103577
v -0.041777 -0.079152 0.102049
v -0.045043 -0.085777 0.108468
v -0.043111 -0.083325 0.106301
v -0.046035 -0.083005 0.107282
v -0.050882 -0.093921 0.104404
v -0.049294 -0.092298 0.106592
v -0.046607 -0.099661 0.064107
v -0.044285 -0.098235 0.062531
v -0.041628 -0.094648 0.054642
v -0.040169 -0.097097 0.054099
v -0.040171 -0.096867 0.057173
v -0.041463 -0.094432 0.057837
v -0.028481 -0.084498 0.066524
v -0.026717 -0.083463 0.065041
v -0.027828 -0.081054 0.063840
v -0.029505 -0.081953 0.065652
v -0.041648 -0.098295 0.077839
v -0.039492 -0.097319 0.078384
v -0.041255 -0.095678 0.079595
v -0.044130 -0.097523 0.079231
v -0.048495 -0.090906 0.082144
v -0.050892 -0.090245 0.082265
v -0.051078 -0.093029 0.081914
v -0.047319 -0.088759 0.056525
v -0.044432 -0.087499 0.056876
v -0.045297 -0.090500 0.057037
v -0.038111 -0.082327 0.078779
v -0.036209 -0.082646 0.077877
v -0.037988 -0.080362 0.077670
v -0.035457 -0.081072 0.070001
v -0.036334 -0.079802 0.068131
v -0.037416 -0.078881 0.069593
v -0.056341 -0.096714 0.063991
v -0.052983 -0.095019 0.058603
v -0.050597 -0.096488 0.058829
v -0.053227 -0.097913 0.060790
v -0.036798 -0.096555 0.069252
v -0.037858 -0.097765 0.067150
v -0.038317 -0.096564 0.064789
v -0.036427 -0.094538 0.066012
v -0.035643 -0.094288 0.068227
v -0.034684 -0.091477 0.066257
v -0.035982 -0.088972 0.065553
v -0.037775 -0.090806 0.064425
v -0.036944 -0.093505 0.063446
v -0.033901 -0.095505 0.063309
v -0.028666 -0.100414 0.060744
v -0.029813 -0.098740 0.062926
v -0.030961 -0.099647 0.061269
v -0.018231 -0.093370 0.050239
v -0.019619 -0.095541 0.048515
v -0.019245 -0.093278 0.047110
v -0.040517 -0.083812 0.056820
v -0.039252 -0.080444 0.056206
v -0.039287 -0.080497 0.053054
v -0.040620 -0.084091 0.053586
v -0.029428 -0.082460 0.039803
v -0.027272 -0.081473 0.041267
v -0.026786 -0.084309 0.039331
v -0.028806 -0.085706 0.038988
v -0.024224 -0.093526 0.041754
v -0.024333 -0.095787 0.043446
v -0.026336 -0.094620 0.041323
v -0.017968 -0.085740 0.052061
v -0.018879 -0.082792 0.049620
v -0.020452 -0.080171 0.050140
v -0.020468 -0.080120 0.053262
v -0.018906 -0.082472 0.053816
v -0.020126 -0.097856 0.058595
v -0.018548 -0.094831 0.056607
v -0.019641 -0.093991 0.059576
v -0.021198 -0.096118 0.060800
v -0.059827 -0.093573 0.073805
v -0.059698 -0.091885 0.078532
v -0.059715 -0.089098 0.079034
v -0.060853 -0.089001 0.076440
v -0.048392 -0.076441 0.060888
v -0.051645 -0.076768 0.061259
v -0.050464 -0.075438 0.062783
v -0.046937 -0.080936 0.080073
v -0.048366 -0.078729 0.078726
v -0.049440 -0.080851 0.080141
v -0.056045 -0.081338 0.078295
v -0.054845 -0.079224 0.076438
v -0.057010 -0.080873 0.075864
v -0.036583 -0.092777 0.073425
v -0.035546 -0.090529 0.072555
v -0.036082 -0.090915 0.073459
v -0.057631 -0.097824 0.071076
v -0.055568 -0.099581 0.070626
v -0.056461 -0.098452 0.074331
v -0.038250 -0.092142 0.045542
v -0.036776 -0.090430 0.043405
v -0.036298 -0.093601 0.042963
v -0.028979 -0.075888 0.053891
v -0.028899 -0.075971 0.050764
v -0.031375 -0.075912 0.051119
v -0.031452 -0.075882 0.054300
v -0.030778 -0.101631 0.049832
v -0.028542 -0.102112 0.051381
v -0.030973 -0.100675 0.056185
v -0.032772 -0.100417 0.053780
vn -0.9108 0.2959 -0.2877
vn 0.3867 0.9044 0.1802
vn 0.4714 0.8819 -0.0026
vn 0.5883 0.5957 -0.5468
vn -0.7299 -0.6079 -0.3126
vn -0.5254 -0.4473 -0.7237
vn -0.1127 -0.8642 -0.4904
vn -0.2864 -0.9577 -0.0297
vn 0.8456 -0.1942 -0.4972
vn 0.7286 -0.6848 -0.0101
vn 0.6948 -0.7185 0.0301
vn 0.6030 -0.6155 -0.5076
vn -0.2030 0.8375 0.5074
vn -0.0517 0.8756 0.4802
vn -0.7067 0.6796 0.1967
vn -0.5813 0.4500 0.6779
vn 0.0294 0.8548 -0.5181
vn -0.4672 0.8792 -0.0933
vn 0.1912 0.9385 0.2875
vn -0.4309 0.4084 -0.8047
vn -0.5995 -0.0256 -0.7999
vn -0.8693 -0.1041 -0.4832
vn -0.8038 0.3559 -0.4766
vn -0.8196 -0.5291 0.2198
vn -0.3917 -0.7620 0.5157
vn -0.5296 -0.2810 0.8004
vn 0.2275 -0.4224 -0.8774
vn -0.2896 -0.1857 -0.9390
vn 0.2049 0.1383 -0.9690
vn 0.5957 -0.2933 -0.7478
vn 0.4953 0.0803 -0.8650
vn 0.6940 0.3824 -0.6101
vn 0.9297 0.2731 -0.2471
vn 0.9501 -0.1119 -0.2911
vn 0.7811 -0.4613 -0.4207
vn -0.3400 -0.4271 -0.8378
vn -0.1547 -0.1382 -0.9782
vn 0.2272 -0.5226 -0.8218
vn 0.0670 -0.6856 -0.7249
vn 0.5774 -0.6793 -0.4528
vn 0.2040 -0.8670 -0.4547
vn 0.4171 -0.6695 -0.6147
vn -0.0227 -0.8772 -0.4797
vn -0.2287 -0.9665 -0.1162
vn -0.6461 -0.7306 -0.2210
vn -0.4733 -0.6467 -0.5982
vn 0.7103 -0.6305 -0.3129
vn 0.7882 -0.5903 0.1742
vn 0.3102 -0.9297 0.1984
vn 0.3826 -0.8775 -0.2891
vn 0.3797 0.5788 0.7217
vn 0.0182 0.6830 0.7302
vn -0.2965 0.3781 0.8770
vn -0.0301 -0.0190 0.9994
vn 0.3179 0.0782 0.9449
vn -0.5815 0.4979 0.6434
vn -0.4199 0.8784 0.2282
vn -0.7366 0.6452 -0.2030
vn -0.9041 0.3235 0.2792
vn -0.4345 0.7015 -0.5649
vn -0.0549 0.9505 -0.3059
vn 0.2735 0.8004 -0.5334
vn -0.1341 0.5538 -0.8218
vn -0.3878 -0.7548 0.5290
vn -0.8211 -0.3914 0.4156
vn -0.7638 -0.6354 0.1136
vn -0.8146 0.2837 -0.5059
vn -0.6482 0.1076 -0.7538
vn -0.7091 -0.2426 -0.6620
vn -0.9105 -0.3380 -0.2384
vn -0.9900 -0.0754 -0.1192
vn 0.5783 -0.6663 0.4707
vn 0.6046 -0.6794 0.4159
vn 0.5080 -0.2372 0.8280
vn 0.0818 -0.2904 0.9534
vn 0.1612 -0.6528 0.7402
vn -0.1380 0.3220 0.9366
vn 0.4634 0.3277 0.8233
vn 0.1900 0.7824 0.5931
vn 0.6957 0.6890 0.2032
vn 0.8155 0.3460 0.4640
vn 0.9356 0.3405 -0.0932
vn 0.9756 -0.2126 0.0543
vn 0.8269 -0.1528 0.5412
vn 0.6599 -0.7210 0.2117
vn -0.9680 -0.2378 0.0805
vn -0.7816 0.0182 0.6235
vn -0.9881 0.1511 0.0285
vn 0.3997 -0.9134 -0.0769
vn 0.6668 -0.7005 0.2541
vn 0.1783 -0.9333 0.3116
vn -0.8171 -0.1185 0.5642
vn -0.4106 -0.3003 0.8609
vn -0.5656 0.1418 0.8124
vn 0.5534 0.8025 -0.2231
vn 0.2762 0.9462 0.1685
vn 0.5302 0.7603 0.3754
vn 0.7612 0.6484 -0.0094
vn 0.9052 0.0434 0.4228
vn 0.9289 0.3619 0.0786
vn 0.6946 0.4963 0.5208
vn 0.1386 -0.6009 0.7872
vn 0.5501 -0.3959 0.7353
vn -0.2744 -0.9612 -0.0273
vn -0.6998 -0.7134 -0.0364
vn 0.4292 -0.2494 0.8681
vn 0.2385 -0.7232 0.6482
vn 0.6109 -0.7322 0.3011
vn 0.7784 -0.2373 0.5811
vn 0.7018 0.1545 -0.6954
vn 0.3567 0.3548 -0.8642
vn 0.3308 0.7448 -0.5795
vn 0.7105 0.6120 -0.3473
vn 0.2915 -0.9193 -0.2645
vn 0.4220 -0.5898 -0.6885
vn 0.8443 -0.3090 -0.4378
vn 0.6834 -0.7291 -0.0357
vn 0.9966 -0.0648 -0.0502
vn 0.9545 0.0422 0.2952
vn 0.8761 -0.4103 0.2532
vn -0.7961 0.0408 0.6038
vn -0.9887 0.1281 0.0781
vn -0.9553 -0.2788 0.0979
vn 0.7856 0.3184 -0.5305
vn 0.3377 0.2658 -0.9029
vn 0.3545 0.8000 -0.4841
vn -0.3329 0.3473 -0.8767
vn -0.6323 0.5619 -0.5334
vn -0.0845 0.8716 -0.4828
vn -0.2370 -0.4316 0.8704
vn -0.5566 -0.2219 0.8006
vn -0.7347 -0.5898 0.3352
vn -0.4005 -0.7891 0.4658
vn -0.2258 -0.6278 -0.7449
vn -0.3632 -0.8195 -0.4433
vn -0.7831 -0.5474 -0.2952
vn -0.8094 -0.2070 -0.5495
vn -0.5395 -0.2177 -0.8133
vn 0.8892 -0.2786 -0.3629
vn 0.9815 0.1894 -0.0296
vn 0.9563 -0.1477 0.2523
vn 0.8162 -0.5715 0.0850
vn 0.7183 -0.6918 0.0735
vn 0.3397 -0.8807 -0.3302
vn 0.6942 -0.5670 -0.4434
vn 0.5765 -0.8057 0.1363
vn -0.6159 -0.1966 -0.7629
vn -0.6493 -0.6062 -0.4592
vn -0.8656 -0.1699 -0.4711
vn 0.7564 0.2437 0.6071
vn 0.6401 0.6363 0.4306
vn 0.1812 0.5847 0.7907
vn 0.3710 0.1901 0.9089
vn -0.5839 0.5042 0.6363
vn -0.7123 0.6964 0.0877
vn -0.9700 0.2355 0.0609
vn -0.8197 -0.0070 0.5727
vn -0.9615 -0.2626 -0.0812
vn -0.7234 -0.6839 -0.0947
vn -0.7877 -0.5228 0.3259
vn -0.4934 0.1463 -0.8574
vn -0.7423 0.3569 -0.5671
vn -0.5747 0.7074 -0.4114
vn -0.1480 0.7346 -0.6621
vn -0.1684 0.4308 -0.8866
vn -0.0638 -0.6577 -0.7506
vn -0.3335 -0.2033 -0.9206
vn 0.1138 0.0121 -0.9934
vn 0.4190 -0.3087 -0.8539
vn 0.1096 -0.2979 0.9483
vn 0.6436 -0.3299 0.6906
vn 0.7195 0.0537 0.6924
vn 0.1869 0.0871 0.9785
vn -0.6991 0.7038 0.1266
vn -0.3726 0.5609 0.7393
vn -0.0815 0.9722 0.2194
vn 0.8969 0.4278 -0.1118
vn 0.5404 0.8407 0.0351
vn 0.8792 0.4177 0.2292
vn 0.7259 0.4245 0.5412
vn 0.4230 0.7837 0.4549
vn 0.2724 0.5201 0.8095
vn 0.0635 -0.3239 -0.9439
vn -0.2007 -0.0459 -0.9786
vn 0.0745 -0.0749 -0.9944
vn 0.0730 -0.6023 0.7949
vn 0.0384 -0.9479 0.3161
vn 0.4685 -0.7733 0.4272
vn 0.0684 -0.1253 0.9898
vn -0.2678 0.1590 0.9503
vn -0.3782 -0.4163 0.8268
vn 0.0717 0.9606 -0.2684
vn -0.3249 0.9458 -0.0019
vn -0.1027 0.9153 0.3894
vn 0.3273 0.9424 0.0685
vn -0.1815 -0.9273 0.3273
vn -0.1909 -0.9798 -0.0588
vn 0.4018 -0.9023 0.1561
vn 0.3776 -0.9096 0.1736
vn -0.1841 0.2969 -0.9370
vn 0.1907 0.8909 0.4121
vn 0.3814 0.8841 0.2702
vn 0.7965 0.5950 -0.1077
vn -0.3238 -0.6010 -0.7307
vn 0.0818 -0.4310 -0.8987
vn 0.2244 -0.8631 -0.4524
vn -0.1973 -0.9567 -0.2141
vn 0.9779 -0.1954 0.0740
vn 0.6038 -0.6965 0.3878
vn 0.5485 -0.7254 0.4160
vn 0.7871 -0.6146 -0.0519
vn -0.4901 0.8325 0.2583
vn -0.3545 0.8657 0.3534
vn -0.6354 0.6858 -0.3550
vn -0.8869 0.4474 0.1154
vn 0.3517 0.8601 -0.3695
vn -0.2794 0.8779 -0.3888
vn -0.0492 0.9199 0.3890
vn 0.2316 0.4082 -0.8830
vn 0.0752 -0.0362 -0.9965
vn -0.2920 -0.0995 -0.9512
vn -0.2431 0.3558 -0.9024
vn -0.7442 -0.5304 -0.4060
vn -0.6378 -0.7564 0.1452
vn -0.9284 -0.2683 0.2572
vn 0.7112 -0.4148 -0.5676
vn 0.3636 -0.1972 -0.9104
vn 0.7569 0.1300 -0.6405
vn 0.9595 -0.2789 0.0395
vn 0.9889 0.0811 -0.1246
vn 0.9097 0.3647 0.1987
vn 0.7850 0.2640 0.5604
vn 0.8234 -0.1078 0.5571
vn 0.8177 -0.4308 0.3817
vn 0.4728 -0.4430 -0.7617
vn 0.6911 -0.1456 -0.7080
vn 0.7971 -0.5156 -0.3142
vn 0.6096 -0.6869 -0.3957
vn 0.7272 -0.6492 0.2231
vn 0.4827 -0.8698 -0.1024
vn 0.7587 -0.6515 -0.0041
vn 0.3681 -0.8779 -0.3063
vn -0.0434 -0.9652 -0.2578
vn -0.1692 -0.7251 -0.6675
vn 0.2251 -0.6452 -0.7301
vn 0.7008 -0.6053 0.3775
vn 0.3516 -0.6067 0.7130
vn 0.0310 -0.9342 0.3555
vn 0.4685 -0.8745 0.1255
vn -0.3590 0.5788 0.7322
vn -0.5721 0.6889 0.4451
vn -0.8695 0.3950 0.2967
vn -0.8193 -0.0136 0.5732
vn -0.5800 0.0772 0.8109
vn -0.8470 0.5166 -0.1253
vn -0.4200 0.8794 -0.2241
vn -0.2187 0.6393 -0.7372
vn -0.7122 0.3226 -0.6235
vn 0.2125 0.7024 -0.6793
vn 0.2201 0.9482 -0.2291
vn 0.6054 0.7902 -0.0955
vn 0.5875 0.5493 -0.5943
vn -0.6627 -0.7488 -0.0125
vn -0.7908 -0.3851 -0.4758
vn -0.5121 -0.6263 -0.5878
vn -0.0121 0.2882 -0.9575
vn 0.2688 0.1018 -0.9578
vn 0.1664 -0.2561 -0.9522
vn -0.2817 -0.3320 -0.9002
vn -0.4157 -0.0715 -0.9067
vn 0.1770 -0.6726 0.7185
vn 0.2378 -0.6937 0.6799
vn -0.0781 -0.2428 0.9669
vn -0.5116 -0.2892 0.8091
vn -0.3366 -0.6500 0.6813
vn -0.6844 0.3215 0.6544
vn -0.1037 0.3331 0.9372
vn -0.2080 0.7819 0.5877
vn 0.4476 0.6962 0.5612
vn 0.4092 0.3571 0.8396
vn 0.8340 0.3399 0.4346
vn 0.7903 -0.2210 0.5714
vn 0.3723 -0.1578 0.9146
vn 0.4148 -0.7359 0.5352
vn -0.7432 -0.2375 -0.6255
vn -0.9960 0.0260 -0.0854
vn -0.7112 0.1611 -0.6843
vn 0.3607 -0.9161 0.1752
vn 0.3848 -0.7080 0.5922
vn -0.0613 -0.9324 0.3562
vn -0.9125 -0.1142 -0.3929
vn -0.9417 -0.2932 0.1650
vn -0.9872 0.1596 0.0051
vn 0.5367 0.7854 0.3083
vn 0.0398 0.9482 0.3150
vn 0.0307 0.7753 0.6308
vn 0.4988 0.6489 0.5746
vn 0.2590 0.0443 0.9649
vn 0.5551 0.3711 0.7444
vn 0.0216 0.4976 0.8672
vn -0.5540 -0.6054 0.5714
vn -0.2637 -0.4026 0.8766
vn -0.1128 -0.9604 -0.2547
vn -0.3075 -0.7113 -0.6321
vn -0.5551 -0.2469 0.7943
vn -0.4413 -0.7226 0.5321
vn 0.0303 -0.7329 0.6797
vn -0.1490 -0.2380 0.9598
vn 0.9583 0.1458 0.2457
vn 0.9243 0.3495 -0.1535
vn 0.6654 0.7459 -0.0288
vn 0.6656 0.6106 0.4292
vn 0.3735 -0.9180 0.1332
vn 0.8061 -0.5902 0.0425
vn 0.7908 -0.3065 0.5299
vn 0.3676 -0.7284 0.5782
vn 0.5462 -0.0678 0.8349
vn 0.2319 0.0392 0.9719
vn 0.2200 -0.4169 0.8819
vn -0.9105 0.0449 -0.4110
vn -0.5422 0.1302 -0.8301
vn -0.5455 -0.2759 -0.7914
vn 0.8447 0.3061 0.4392
vn 0.9571 0.2582 -0.1313
vn 0.6034 0.7931 0.0837
vn 0.6113 0.3435 -0.7130
vn 0.1675 0.5619 -0.8101
vn 0.3866 0.8701 -0.3058
vn -0.8812 -0.4231 0.2108
vn -0.9706 -0.2166 -0.1045
vn -0.6490 -0.5858 -0.4854
vn -0.6049 -0.7856 -0.1302
vn 0.5426 -0.6294 -0.5563
vn 0.2102 -0.8206 -0.5314
vn -0.1197 -0.5467 -0.8287
vn 0.0926 -0.2077 -0.9738
vn 0.4552 -0.2201 -0.8628
vn 0.7370 -0.2799 0.6152
vn 0.4976 0.1851 0.8474
vn 0.2356 -0.1470 0.9607
vn 0.3146 -0.5736 0.7563
vn 0.2995 -0.6915 0.6574
vn 0.4557 -0.8833 0.1104
vn 0.7418 -0.5681 0.3564
vn 0.1816 -0.8113 0.5557
vn 0.2781 -0.2156 -0.9361
vn 0.0060 -0.6152 -0.7883
vn -0.1298 -0.1734 -0.9763
vn -0.1787 0.2490 0.9519
vn -0.0628 0.6377 0.7677
vn -0.5866 0.5889 0.5560
vn -0.6110 0.1990 0.7662
vn -0.8478 0.5019 -0.1715
vn -0.4654 0.6856 -0.5598
vn -0.5759 0.2265 -0.7855
vn -0.9131 -0.0045 -0.4077
vn -0.4716 -0.2566 -0.8437
vn -0.3375 -0.6728 -0.6584
vn -0.6960 -0.5080 -0.5075
vn 0.4521 0.1514 -0.8790
vn 0.0427 0.3645 -0.9302
vn 0.0216 0.7104 -0.7034
vn 0.4783 0.7431 -0.4680
vn 0.6630 0.4407 -0.6052
vn 0.5980 -0.6687 -0.4419
vn 0.6120 -0.2264 -0.7577
vn 0.9130 0.0043 -0.4078
vn 0.9451 -0.3142 -0.0896
vn -0.7830 -0.2938 0.5483
vn -0.2937 -0.3401 0.8933
vn -0.2560 0.0554 0.9651
vn -0.7697 0.0912 0.6319
vn -0.4431 0.7058 -0.5527
vn -0.8253 0.5640 0.0280
vn -0.2276 0.9732 0.0344
vn 0.5464 0.4172 0.7263
vn 0.2428 0.8382 0.4884
vn 0.2496 0.4187 0.8732
vn -0.1145 0.4335 0.8938
vn -0.1862 0.7888 0.5858
vn -0.5773 0.5273 0.6235
vn 0.8573 -0.3251 -0.3991
vn 0.7631 -0.0502 -0.6443
vn 0.9075 -0.0798 -0.4125
vn -0.6690 -0.5957 0.4445
vn -0.2658 -0.9457 0.1870
vn -0.1465 -0.7784 0.6104
vn -0.8110 -0.1165 0.5734
vn -0.9482 0.1627 0.2728
vn -0.9043 -0.4131 0.1072
vn 0.2659 0.9604 -0.0830
vn -0.1755 0.9440 -0.2795
vn -0.3853 0.9154 0.1161
vn 0.1097 0.9436 0.3125
vn -0.3826 -0.9238 0.0151
vn -0.0656 -0.9794 -0.1911
vn 0.0664 -0.9039 0.4226
vn 0.0373 -0.9078 0.4178
vn 0.3846 0.1493 -0.9109
vn -0.1432 0.9053 0.4000
vn 0.0515 0.8821 0.4682
vn 0.6044 0.5972 0.5273
vn 0.2380 -0.6107 -0.7552
vn 0.6672 -0.4527 -0.5915
vn 0.4718 -0.8668 -0.1614
vn -0.0022 -0.9575 -0.2885
vn 0.5795 -0.1962 0.7910
vn 0.0720 -0.6864 0.7237
vn 0.0261 -0.7184 0.6951
vn 0.5607 -0.6212 0.5475
vn -0.5204 0.8404 -0.1512
vn -0.4807 0.8769 -0.0028
vn -0.2607 0.6784 -0.6869
vn -0.7295 0.4515 -0.5138
vn 0.5219 0.8527 -0.0225
vn 0.0543 0.8794 -0.4729
vn -0.2640 0.9400 0.2163
vn 0.7631 0.4019 -0.5062
vn 0.7395 -0.0338 -0.6723
vn 0.3981 -0.1134 -0.9103
vn 0.4013 0.3493 -0.8467
vn -0.2976 -0.5306 -0.7936
vn -0.5543 -0.7593 -0.3408
vn -0.8479 -0.2794 -0.4505
vn 0.8947 -0.4261 0.1339
vn 0.9055 -0.1914 -0.3787
vn 0.9854 0.1338 0.1053
vn 0.7930 -0.2751 0.5435
vn 0.9055 0.0895 0.4148
vn 0.6651 0.3930 0.6350
vn 0.3276 0.2854 0.9007
vn 0.3642 -0.0944 0.9265
vn 0.4682 -0.4287 0.7727
vn 0.7981 -0.4609 -0.3882
vn 0.9568 -0.1573 -0.2445
vn 0.8428 -0.5165 0.1514
vn 0.7235 -0.6903 -0.0000
vn 0.4822 -0.6484 0.5891
vn 0.4622 -0.8655 0.1933
vn 0.6427 -0.6532 0.4004
vn 0.4682 -0.8830 -0.0330
vn 0.0899 -0.9765 -0.1956
vn 0.1905 -0.7685 -0.6108
vn 0.5645 -0.6766 -0.4728
vn 0.3624 -0.5993 0.7138
vn -0.1162 -0.5745 0.8102
vn -0.1685 -0.9202 0.3534
vn 0.3153 -0.8656 0.3890
vn -0.6952 0.5909 0.4093
vn -0.7202 0.6913 0.0583
vn -0.8958 0.3874 -0.2181
vn -0.9978 -0.0118 0.0649
vn -0.9207 0.0887 0.3802
vn -0.6683 0.4851 -0.5640
vn -0.2447 0.8590 -0.4497
vn 0.1860 0.5920 -0.7842
vn -0.3036 0.2597 -0.9167
vn 0.5400 0.6760 -0.5014
vn 0.3045 0.9453 -0.1175
vn 0.5627 0.8027 0.1975
vn 0.8114 0.5383 -0.2278
vn -0.5638 -0.7640 -0.3138
vn -0.4412 -0.4395 -0.7825
vn -0.1432 -0.6785 -0.7205
vn 0.4847 0.2201 -0.8465
vn 0.7250 0.0520 -0.6867
vn 0.6266 -0.3049 -0.7172
vn 0.2117 -0.4004 -0.8915
vn 0.1002 -0.1507 -0.9835
vn -0.4164 -0.6571 0.6284
vn -0.3584 -0.6738 0.6462
vn -0.7677 -0.2311 0.5977
vn -0.9415 -0.2833 0.1826
vn -0.7247 -0.6465 0.2385
vn -0.9444 0.3267 -0.0367
vn -0.7661 0.3268 0.5535
vn -0.5672 0.7838 0.2530
vn -0.1343 0.6868 0.7143
vn -0.3807 0.3446 0.8581
vn 0.1835 0.3408 0.9220
vn 0.0355 -0.2155 0.9759
vn -0.4574 -0.1521 0.8761
vn -0.1533 -0.7218 0.6750
vn -0.1732 -0.2451 -0.9539
vn -0.6958 0.0148 -0.7181
vn -0.1233 0.1425 -0.9821
vn 0.1062 -0.9145 0.3903
vn -0.1937 -0.6959 0.6916
vn -0.2996 -0.9305 0.2109
vn -0.5954 -0.1644 -0.7865
vn -0.8925 -0.3072 -0.3303
vn -0.8494 0.1317 -0.5110
vn 0.2761 0.8142 0.5108
vn -0.1400 0.9576 0.2518
vn -0.3275 0.7817 0.5307
vn 0.0822 0.6680 0.7396
vn -0.3471 0.0586 0.9360
vn 0.0132 0.3768 0.9262
vn -0.4686 0.5115 0.7202
vn -0.7743 -0.5931 0.2205
vn -0.6969 -0.3830 0.6063
vn 0.0292 -0.9895 -0.1418
vn 0.0823 -0.8068 -0.5851
vn -0.9250 -0.1685 0.3405
vn -0.6949 -0.6631 0.2782
vn -0.3995 -0.6072 0.6868
vn -0.6878 -0.0936 0.7198
vn 0.6098 0.2718 0.7445
vn 0.8261 0.4122 0.3843
vn 0.5618 0.7897 0.2466
vn 0.2995 0.7253 0.6199
vn 0.2450 -0.8761 0.4152
vn 0.6618 -0.5418 0.5181
vn 0.4042 -0.2191 0.8880
vn 0.0128 -0.6521 0.7580
vn 0.0454 0.0261 0.9986
vn -0.2932 0.1278 0.9475
vn -0.2615 -0.3279 0.9078
vn -0.5294 -0.0710 -0.8454
vn 0.0234 -0.0289 -0.9993
vn -0.0103 -0.4253 -0.9050
vn 0.4985 0.3871 0.7756
vn 0.8907 0.2927 0.3480
vn 0.4810 0.8297 0.2834
vn 0.9071 0.2799 -0.3145
vn 0.6095 0.4552 -0.6491
vn 0.5037 0.8467 -0.1713
vn -0.8691 -0.4455 -0.2150
vn -0.7733 -0.2863 -0.5658
vn -0.2969 -0.6882 -0.6620
vn -0.4590 -0.8325 -0.3101
vn 0.7420 -0.6638 -0.0942
vn 0.4521 -0.8688 -0.2021
vn 0.3579 -0.6637 -0.6569
vn 0.6240 -0.3437 -0.7018
vn 0.8505 -0.3104 -0.4246
vn 0.2254 -0.1137 0.9676
vn -0.0939 0.3537 0.9306
vn -0.3719 0.0347 0.9276
vn -0.2088 -0.4105 0.8876
vn -0.1949 -0.5329 0.8235
vn 0.2161 -0.8062 0.5507
vn 0.3091 -0.4315 0.8475
vn -0.2482 -0.6703 0.6993
vn 0.8462 -0.3422 -0.4085
vn 0.5311 -0.7387 -0.4151
vn 0.6001 -0.3700 -0.7092
vn -0.6941 0.3877 0.6065
vn -0.4888 0.7518 0.4425
vn -0.7779 0.6256 -0.0580
vn -0.9417 0.2788 0.1883
vn -0.5035 0.3855 -0.7732
vn 0.0715 0.5300 -0.8450
vn 0.1277 0.0179 -0.9916
vn -0.4156 -0.1698 -0.8936
vn 0.2455 -0.4661 -0.8500
vn 0.1821 -0.8204 -0.5420
vn -0.2065 -0.6662 -0.7166
vn 0.9422 0.0163 -0.3346
vn 0.7133 0.1777 -0.6779
vn 0.5428 0.5644 -0.6219
vn 0.7125 0.6816 -0.1669
vn 0.9227 0.3772 -0.0800
vn 0.7090 -0.6758 0.2018
vn 0.9523 -0.2862 -0.1059
vn 0.9620 0.0232 0.2722
vn 0.7643 -0.2374 0.5996
vn -0.9561 -0.2777 0.0935
vn -0.7066 -0.2691 0.6545
vn -0.7063 0.1275 0.6963
vn -0.9831 0.1161 0.1414
vn -0.0641 0.5994 -0.7979
vn -0.7049 0.5156 -0.4870
vn -0.1934 0.9572 -0.2152
vn 0.1077 0.5036 0.8572
vn -0.0347 0.8956 0.4435
vn -0.2275 0.5042 0.8331
vn -0.5496 0.5046 0.6658
vn -0.4503 0.8397 0.3035
vn -0.8118 0.5589 0.1693
vn 0.9324 -0.3306 0.1461
vn 0.9845 -0.0922 -0.1491
vn 0.9893 -0.0856 0.1178
vn -0.8029 -0.5865 0.1066
vn -0.3330 -0.9321 0.1424
vn -0.4553 -0.7160 0.5291
vn -0.9941 -0.0959 -0.0508
vn -0.8844 0.1328 -0.4474
vn -0.7756 -0.4732 -0.4177
vn 0.3052 0.9491 -0.0777
vn 0.1038 0.8588 -0.5017
vn -0.3362 0.8756 -0.3468
vn -0.0726 0.9908 0.1143
vn -0.3414 -0.9388 -0.0460
vn 0.0371 -0.9990 0.0243
vn -0.2587 -0.7946 0.5493
vn -0.2678 -0.8130 0.5170
vn 0.9553 0.2219 -0.1954
vn -0.3537 0.9297 -0.1024
vn -0.2581 0.9592 0.1157
vn 0.0049 0.7627 0.6467
vn 0.7184 -0.6922 -0.0686
vn 0.8388 -0.4469 0.3109
vn 0.3438 -0.8040 0.4853
vn 0.1633 -0.9844 0.0650
vn -0.2479 0.0403 0.9679
vn -0.5333 -0.5229 0.6649
vn -0.5557 -0.5601 0.6144
vn -0.1314 -0.4210 0.8975
vn -0.1121 0.7077 -0.6975
vn -0.2161 0.7772 -0.5909
vn 0.4900 0.4945 -0.7179
vn 0.0475 0.2159 -0.9753
vn 0.3888 0.8966 0.2119
vn 0.4915 0.7669 -0.4127
vn -0.2582 0.9163 -0.3063
vn 0.8807 0.4018 0.2509
vn 0.9731 -0.0510 0.2247
vn 0.9705 -0.2130 -0.1131
vn 0.9538 0.2384 -0.1827
vn 0.4518 -0.7101 -0.5400
vn -0.1051 -0.8852 -0.4532
vn -0.1420 -0.4733 -0.8694
vn 0.3941 -0.2633 0.8805
vn 0.8277 -0.1341 0.5450
vn 0.5136 0.2863 0.8089
vn -0.1264 -0.0565 0.9904
vn 0.0558 0.3024 0.9515
vn -0.2259 0.5932 0.7727
vn -0.6065 0.4802 0.6338
vn -0.6362 0.1232 0.7616
vn -0.4656 -0.2194 0.8574
vn 0.6922 -0.3516 0.6303
vn 0.6373 -0.0184 0.7704
vn 0.2033 -0.3422 0.9174
vn 0.2729 -0.5406 0.7958
vn -0.3035 -0.4670 0.8305
vn 0.0031 -0.7348 0.6783
vn -0.0819 -0.4677 0.8801
vn 0.2050 -0.7806 0.5905
vn 0.1802 -0.9615 0.2076
vn 0.6149 -0.7873 0.0461
vn 0.6652 -0.6160 0.4219
vn -0.4740 -0.4151 0.7765
vn -0.7926 -0.4515 0.4098
vn -0.4386 -0.8741 0.2088
vn -0.2318 -0.7328 0.6398
vn -0.6567 0.5299 -0.5366
vn -0.3571 0.5577 -0.7493
vn -0.1861 0.1810 -0.9657
vn -0.5199 -0.1759 -0.8359
vn -0.7705 -0.0051 -0.6374
vn 0.2063 0.2820 -0.9370
vn 0.3133 0.7402 -0.5950
vn 0.7901 0.5251 -0.3162
vn 0.6736 0.1108 -0.7308
vn 0.7197 0.6861 0.1067
vn 0.2849 0.9585 0.0148
vn 0.1154 0.9088 0.4009
vn 0.5907 0.6371 0.4951
vn -0.0124 -0.8882 -0.4593
vn 0.4609 -0.5977 -0.6560
vn 0.5545 -0.7706 -0.3142
vn 0.9766 0.2151 -0.0090
vn 0.9456 0.1037 0.3084
vn 0.9249 -0.2563 0.2809
vn 0.8854 -0.4427 -0.1414
vn 0.9183 -0.2210 -0.3285
vn -0.7902 -0.5782 0.2029
vn -0.7626 -0.5862 0.2736
vn -0.9608 -0.2134 -0.1771
vn -0.7366 -0.3684 -0.5672
vn -0.6680 -0.6869 -0.2863
vn -0.5072 0.1728 -0.8443
vn -0.8842 0.3257 -0.3349
vn -0.4888 0.7268 -0.4825
vn -0.5761 0.7974 0.1799
vn -0.8693 0.4633 0.1724
vn -0.5381 0.5366 0.6500
vn -0.7091 -0.0191 0.7049
vn -0.9700 -0.0368 0.2404
vn -0.6482 -0.5996 0.4694
vn 0.6969 -0.4366 -0.5690
vn 0.2262 -0.2222 -0.9484
vn 0.7854 -0.0546 -0.6166
vn -0.3063 -0.7957 0.5225
vn -0.7016 -0.5698 0.4278
vn -0.4151 -0.9049 0.0941
vn 0.4011 -0.3518 -0.8458
vn -0.1350 -0.5013 -0.8547
vn 0.0655 -0.0874 -0.9940
vn -0.2780 0.9135 0.2970
vn -0.2419 0.9471 -0.2108
vn -0.5739 0.7926 -0.2060
vn -0.5639 0.7814 0.2673
vn -0.9800 0.1584 0.1208
vn -0.7677 0.5332 0.3555
vn -0.8141 0.5499 -0.1868
vn -0.5885 -0.6771 -0.4418
vn -0.8904 -0.3929 -0.2297
vn 0.2092 -0.9709 0.1161
vn 0.6087 -0.7857 -0.1103
vn -0.7597 -0.3564 -0.5439
vn -0.5104 -0.8016 -0.3114
vn -0.6930 -0.7058 0.1470
vn -0.9566 -0.2515 -0.1471
vn -0.3132 0.3495 0.8830
vn 0.0801 0.5397 0.8380
vn -0.0137 0.8747 0.4844
vn -0.4618 0.7427 0.4849
vn -0.1982 -0.8016 0.5640
vn -0.1042 -0.3873 0.9160
vn -0.5839 -0.0902 0.8068
vn -0.6377 -0.5936 0.4908
vn -0.8611 0.1059 0.4973
vn -0.9765 0.1464 0.1581
vn -0.9165 -0.3066 0.2569
vn 0.4515 -0.1704 -0.8758
vn 0.8588 -0.0149 -0.5121
vn 0.8017 -0.4127 -0.4324
vn -0.4589 0.5125 0.7258
vn 0.1140 0.4596 0.8808
vn -0.0585 0.9118 0.4065
vn 0.7080 0.4446 0.5488
vn 0.8263 0.5577 0.0788
vn 0.3374 0.9215 0.1924
vn -0.2144 -0.6042 -0.7675
vn 0.1291 -0.4313 -0.8929
vn 0.4826 -0.7329 -0.4795
vn 0.1098 -0.9066 -0.4075
vn 0.5028 -0.5103 0.6977
vn 0.4830 -0.7706 0.4159
vn 0.8088 -0.5861 0.0481
vn 0.9599 -0.2084 0.1873
vn 0.8317 -0.1385 0.5377
vn -0.6612 -0.1029 0.7431
vn -0.8689 0.3008 0.3932
vn -0.9747 -0.0720 0.2118
vn -0.7855 -0.4791 0.3917
vn -0.6925 -0.6033 0.3954
vn -0.1616 -0.7616 0.6276
vn -0.4221 -0.3861 0.8202
vn -0.5842 -0.7498 0.3106
vn 0.8845 -0.1326 0.4474
vn 0.7711 -0.5823 0.2577
vn 0.9790 -0.1896 0.0754
vn -0.9328 0.2202 -0.2853
vn -0.7484 0.6144 -0.2499
vn -0.4989 0.4493 -0.7411
vn -0.7176 0.0703 -0.6929
vn 0.2578 0.3072 -0.9161
vn 0.6198 0.5770 -0.5319
vn 0.8576 0.1018 -0.5042
vn 0.4998 -0.2043 -0.8417
vn 0.8950 -0.3530 -0.2726
vn 0.6805 -0.7284 -0.0797
vn 0.5662 -0.6519 -0.5044
vn 0.8157 0.2409 0.5259
vn 0.9246 0.3656 0.1070
vn 0.7101 0.7033 -0.0335
vn 0.4316 0.8280 0.3579
vn 0.5379 0.5679 0.6230
vn 0.3674 -0.5146 0.7747
vn 0.6803 -0.0714 0.7295
vn 0.3116 0.1995 0.9290
vn 0.0006 -0.0965 0.9953
vn -0.5388 -0.4375 -0.7199
vn -0.8987 -0.3508 -0.2633
vn -0.9464 0.0479 -0.3194
vn -0.5939 -0.0526 -0.8028
vn 0.6051 0.5693 -0.5565
vn 0.0313 0.3661 -0.9301
vn 0.0232 0.8971 -0.4413
vn -0.7213 0.5688 0.3953
vn -0.4462 0.8946 0.0236
vn -0.8538 0.5112 0.0983
vn -0.8576 0.4438 -0.2599
vn -0.5337 0.7526 -0.3856
vn -0.5716 0.4144 -0.7082
vn 0.3570 -0.1409 0.9234
vn 0.6143 0.0957 0.7832
vn 0.3843 0.1021 0.9175
vn -0.4628 -0.7137 -0.5258
vn -0.2336 -0.9710 -0.0511
vn -0.6509 -0.7591 -0.0007
vn -0.5114 -0.2893 -0.8092
vn -0.1878 -0.0430 -0.9813
vn -0.0373 -0.5993 -0.7996
vn 0.0752 0.9956 0.0551
vn 0.3082 0.8850 -0.3488
vn -0.0736 0.8053 -0.5883
vn -0.3062 0.9441 -0.1220
vn 0.0045 -0.9850 -0.1724
vn 0.1869 -0.9673 0.1715
vn -0.4409 -0.8683 0.2271
vn -0.4294 -0.8802 0.2023
vn 0.6937 0.2948 0.6571
vn -0.2845 0.8463 -0.4504
vn -0.4037 0.8768 -0.2612
vn -0.6313 0.7137 0.3037
vn 0.5707 -0.5452 0.6141
vn 0.3122 -0.2908 0.9044
vn -0.0631 -0.7435 0.6657
vn 0.1965 -0.9350 0.2951
vn -0.9143 -0.0702 0.3988
vn -0.7443 -0.6643 0.0688
vn -0.7216 -0.6920 0.0181
vn -0.7157 -0.4930 0.4947
vn 0.3865 0.6875 -0.6148
vn 0.2202 0.7388 -0.6369
vn 0.7918 0.5998 -0.1150
vn 0.7669 0.2600 -0.5867
vn -0.0751 0.9463 0.3144
vn 0.5002 0.8658 0.0135
vn -0.0646 0.8537 -0.5168
vn 0.2562 0.5584 0.7890
vn 0.3963 0.1157 0.9108
vn 0.6929 -0.0241 0.7206
vn 0.6739 0.4253 0.6041
vn 0.7969 -0.5901 0.1297
vn 0.4379 -0.8632 -0.2512
vn 0.6798 -0.4526 -0.5771
vn -0.4097 -0.2318 0.8823
vn 0.0926 -0.0031 0.9957
vn -0.3755 0.3350 0.8642
vn -0.8613 -0.0881 0.5004
vn -0.7589 0.2884 0.5839
vn -0.8220 0.5251 0.2205
vn -0.9241 0.3524 -0.1475
vn -0.9987 -0.0081 -0.0507
vn -0.9368 -0.3098 0.1623
vn -0.0498 -0.2645 0.9631
vn -0.2276 0.0660 0.9715
vn -0.5718 -0.3119 0.7588
vn -0.3958 -0.5085 0.7647
vn -0.8042 -0.5184 0.2908
vn -0.4667 -0.7388 0.4862
vn -0.7138 -0.4866 0.5036
vn -0.2630 -0.7521 0.6042
vn 0.0438 -0.9273 0.3717
vn 0.3996 -0.6916 0.6016
vn 0.1165 -0.5227 0.8445
vn -0.8568 -0.4982 0.1332
vn -0.7405 -0.5909 -0.3201
vn -0.3267 -0.9377 -0.1184
vn -0.5684 -0.7720 0.2846
vn -0.0088 0.4184 -0.9082
vn 0.3371 0.5107 -0.7909
vn 0.6288 0.1745 -0.7577
vn 0.3876 -0.2363 -0.8910
vn 0.0730 -0.1217 -0.9899
vn 0.8433 0.3303 -0.4241
vn 0.5879 0.7870 -0.1870
vn 0.6684 0.6347 0.3879
vn 0.9738 0.2070 0.0940
vn 0.2726 0.7867 0.5540
vn 0.0591 0.9902 0.1263
vn -0.3542 0.9048 0.2362
vn -0.1095 0.7102 0.6954
vn 0.4602 -0.8677 -0.1880
vn 0.8581 -0.5104 0.0571
vn 0.6526 -0.6768 0.3408
vn 0.5644 0.3469 0.7491
vn 0.3013 0.2309 0.9252
vn 0.3395 -0.1392 0.9303
vn 0.6726 -0.3198 0.6673
vn 0.8253 -0.0959 0.5565
vn -0.5201 -0.7489 -0.4107
vn -0.5640 -0.7443 -0.3577
vn -0.3711 -0.4011 -0.8375
vn 0.0823 -0.4897 -0.8680
vn -0.0528 -0.7948 -0.6046
vn 0.3473 0.1024 -0.9321
vn -0.2960 0.1551 -0.9425
vn -0.0233 0.6345 -0.7726
vn -0.6169 0.6452 -0.4507
vn -0.7319 0.2535 -0.6325
vn -0.9253 0.3698 -0.0841
vn -0.9708 -0.2144 -0.1073
vn -0.7589 -0.2500 -0.6014
vn -0.6471 -0.7504 -0.1352
vn 0.9244 -0.2827 0.2560
vn 0.9154 -0.1427 -0.3763
vn 0.9649 0.1116 0.2377
vn -0.4702 -0.8617 0.1908
vn -0.6555 -0.7255 -0.2097
vn -0.1752 -0.9745 -0.1400
vn 0.9520 -0.2787 -0.1265
vn 0.6603 -0.4985 -0.5617
vn 0.8430 -0.0573 -0.5348
vn -0.5051 0.8506 -0.1459
vn -0.0753 0.9009 -0.4273
vn -0.2613 0.6913 -0.6737
vn -0.6402 0.6702 -0.3755
vn -0.7017 -0.0177 -0.7123
vn -0.8080 0.3802 -0.4501
vn -0.4069 0.3948 -0.8237
vn 0.0866 -0.7543 -0.6508
vn -0.2830 -0.5338 -0.7969
vn 0.0730 -0.9469 0.3130
vn 0.4713 -0.7306 0.4941
vn 0.0324 -0.4031 -0.9146
vn -0.0149 -0.8262 -0.5632
vn -0.4961 -0.7374 -0.4584
vn -0.4036 -0.3099 -0.8608
vn -0.9150 0.3444 0.2101
vn -0.6600 0.5564 0.5049
vn -0.4233 0.8787 0.2208
vn -0.6743 0.7243 -0.1437
vn -0.5232 -0.8187 0.2368
vn -0.7776 -0.3995 0.4855
vn -0.9873 -0.1572 0.0247
vn -0.7288 -0.6635 -0.1691
vn -0.9154 -0.0003 -0.4026
vn -0.7144 0.0252 -0.6993
vn -0.7247 -0.4122 -0.5522
vn 0.9815 -0.1394 -0.1309
vn 0.9088 0.0480 0.4144
vn 0.8249 -0.3554 0.4396
vn -0.8875 0.4600 0.0265
vn -0.6712 0.4731 0.5706
vn -0.4140 0.9029 0.1154
vn -0.0643 0.5029 0.8619
vn 0.3827 0.6223 0.6828
vn -0.0128 0.9474 0.3199
vn 0.5389 -0.6218 -0.5683
vn 0.8190 -0.4266 -0.3838
vn 0.6969 -0.6973 0.1678
vn 0.4372 -0.8958 -0.0802
vn -0.2432 -0.4627 0.8525
vn -0.0216 -0.7229 0.6907
vn 0.4476 -0.5160 0.7304
vn 0.4011 -0.1340 0.9062
vn 0.0556 -0.0704 0.9960
vn -0.9821 -0.1289 -0.1374
vn -0.8167 0.2497 -0.5202
vn -0.7133 -0.1255 -0.6895
vn -0.7514 -0.5158 -0.4116
vn -0.7023 -0.6293 -0.3328
vn -0.5960 -0.7688 0.2319
vn -0.9090 -0.4027 0.1077
vn -0.5703 -0.7701 -0.2859
vn 0.1182 -0.0900 0.9889
vn 0.2202 -0.5498 0.8057
vn 0.4877 -0.1444 0.8610
vn -0.2879 0.1629 -0.9437
vn -0.2193 0.5739 -0.7890
vn 0.3351 0.4166 -0.8451
vn 0.1743 0.0220 -0.9844
vn 0.9044 0.3107 -0.2924
vn 0.7770 0.5951 0.2053
vn 0.8922 0.1354 0.4310
vn 0.9821 -0.1860 -0.0305
vn 0.7310 -0.3152 0.6053
vn 0.4552 -0.6986 0.5520
vn 0.7445 -0.6279 0.2270
vn 0.0112 0.2852 0.9584
vn 0.4203 0.4078 0.8106
vn 0.4091 0.7321 0.5447
vn -0.0772 0.8500 0.5211
vn -0.2333 0.5983 0.7665
vn -0.4412 -0.4952 0.7484
vn -0.2345 -0.0370 0.9714
vn -0.6068 0.2277 0.7615
vn -0.8350 -0.0907 0.5427
vn 0.2992 -0.4921 -0.8175
vn -0.3002 -0.4478 -0.8422
vn -0.3106 -0.0627 -0.9485
vn 0.3001 -0.1184 -0.9465
vn 0.7766 0.6175 0.1252
vn 0.7561 0.3659 -0.5426
vn 0.3238 0.8956 -0.3049
vn -0.7831 0.4829 -0.3919
vn -0.3338 0.8424 -0.4231
vn -0.6173 0.4071 -0.6732
vn -0.3288 0.3400 -0.8811
vn -0.0397 0.6947 -0.7182
vn 0.2187 0.3492 -0.9112
vn -0.5364 -0.1049 0.8374
vn -0.2768 0.1527 0.9487
vn -0.5315 0.1455 0.8345
vn 0.2117 -0.7552 -0.6204
vn -0.0352 -0.9898 -0.1384
vn -0.3309 -0.8246 -0.4588
vn 0.3876 -0.3226 -0.8635
vn 0.7185 -0.0561 -0.6932
vn 0.6598 -0.6049 -0.4458
vn -0.0163 0.9986 0.0508
vn 0.4495 0.8926 0.0346
vn 0.4462 0.7909 -0.4188
vn -0.0801 0.9298 -0.3592
vn 0.1660 -0.9848 -0.0506
vn -0.0288 -0.9583 0.2843
vn -0.4220 -0.8820 -0.2100
vn -0.3935 -0.8947 -0.2115
vn -0.1234 0.4235 0.8975
vn 0.1630 0.8211 -0.5470
vn -0.0444 0.8431 -0.5359
vn -0.6297 0.6751 -0.3843
vn -0.1184 -0.4784 0.8701
vn -0.5160 -0.2461 0.8204
vn -0.5459 -0.7297 0.4118
vn -0.0902 -0.9108 0.4028
vn -0.8503 -0.1145 -0.5136
vn -0.4658 -0.6996 -0.5419
vn -0.4094 -0.7370 -0.5377
vn -0.8066 -0.5301 -0.2616
vn 0.6996 0.7068 -0.1045
vn 0.6065 0.7565 -0.2446
vn 0.5453 0.6618 0.5145
vn 0.9193 0.3077 0.2454
vn -0.3284 0.9425 0.0629
vn 0.2502 0.9007 0.3551
vn 0.3475 0.8439 -0.4088
vn -0.4945 0.5892 0.6390
vn -0.4893 0.1710 0.8552
vn -0.1628 0.0522 0.9853
vn -0.0949 0.4907 0.8661
vn 0.3959 -0.5189 0.7576
vn 0.4798 -0.8386 0.2580
vn 0.8816 -0.4136 0.2276
vn -0.9481 -0.2427 0.2056
vn -0.7403 0.0291 0.6716
vn -0.9262 0.3281 0.1860
vn -0.9225 -0.1776 -0.3427
vn -0.9393 0.2231 -0.2606
vn -0.6962 0.4546 -0.5556
vn -0.4599 0.2561 -0.8502
vn -0.5699 -0.1074 -0.8147
vn -0.7014 -0.4041 -0.5872
vn -0.7904 -0.2237 0.5703
vn -0.9129 0.0720 0.4017
vn -0.9310 -0.3611 0.0531
vn -0.8335 -0.5204 0.1856
vn -0.7134 -0.5994 -0.3631
vn -0.6442 -0.7643 0.0304
vn -0.8231 -0.5435 -0.1648
vn -0.6116 -0.7537 0.2405
vn -0.2297 -0.9023 0.3649
vn -0.1933 -0.6158 0.7638
vn -0.5742 -0.4709 0.6698
vn -0.6166 -0.5878 -0.5238
vn -0.1779 -0.6689 -0.7217
vn -0.0705 -0.9701 -0.2322
vn -0.5438 -0.8190 -0.1833
vn 0.6755 0.3916 -0.6247
vn 0.8033 0.5150 -0.2993
vn 0.9781 0.2068 0.0233
vn 0.9431 -0.2306 -0.2395
vn 0.8108 -0.1426 -0.5677
vn 0.8434 0.4047 0.3534
vn 0.4754 0.8444 0.2470
vn 0.0888 0.7251 0.6829
vn 0.5325 0.3296 0.7797
vn -0.3073 0.8300 0.4654
vn -0.1053 0.9944 0.0106
vn -0.4279 0.8744 -0.2287
vn -0.6420 0.7220 0.2579
vn 0.4618 -0.8205 0.3370
vn 0.5179 -0.4109 0.7503
vn 0.1695 -0.5857 0.7926
vn -0.2481 0.4376 0.8642
vn -0.5450 0.3055 0.7808
vn -0.5063 -0.0467 0.8611
vn -0.0832 -0.2081 0.9746
vn 0.0916 0.0259 0.9955
vn 0.0568 -0.7861 -0.6155
vn -0.0136 -0.7753 -0.6314
vn 0.4790 -0.4334 -0.7634
vn 0.7621 -0.4957 -0.4166
vn 0.4748 -0.8069 -0.3514
vn 0.9543 0.1099 -0.2779
vn 0.5921 0.1242 -0.7962
vn 0.5941 0.6197 -0.5129
vn -0.0022 0.6015 -0.7989
vn 0.0923 0.2070 -0.9740
vn -0.4620 0.3203 -0.8270
vn -0.4557 -0.2606 -0.8511
vn 0.0642 -0.2928 -0.9540
vn -0.2431 -0.7787 -0.5784
vn 0.3599 -0.1928 0.9128
vn 0.8519 -0.0676 0.5193
vn 0.3839 0.2012 0.9012
vn -0.4023 -0.8909 -0.2107
vn -0.1854 -0.7726 -0.6072
vn 0.0376 -0.9863 -0.1605
vn 0.7139 -0.1724 0.6787
vn 0.8647 -0.4483 0.2265
vn 0.9403 0.0098 0.3401
vn -0.2306 0.7884 -0.5704
vn 0.2493 0.8718 -0.4217
vn 0.3340 0.6359 -0.6958
vn -0.1224 0.5886 -0.7991
vn 0.1386 -0.1043 -0.9848
vn -0.1484 0.2886 -0.9459
vn 0.3832 0.3403 -0.8587
vn 0.5915 -0.7619 -0.2639
vn 0.4602 -0.5801 -0.6720
vn -0.1635 -0.9097 0.3817
vn -0.0744 -0.6313 0.7719
vn 0.7845 -0.4438 -0.4331
vn 0.4865 -0.8492 -0.2056
vn 0.1137 -0.8259 -0.5522
vn 0.4760 -0.4104 -0.7778
vn -0.7214 0.2217 -0.6561
vn -0.8265 0.4842 -0.2872
vn -0.4590 0.8240 -0.3322
vn -0.2980 0.6075 -0.7363
vn -0.4804 -0.8633 -0.1550
vn -0.8446 -0.4694 -0.2577
vn -0.5991 -0.2842 -0.7485
vn -0.2871 -0.7586 -0.5849
vn -0.2549 -0.1339 -0.9577
vn 0.0969 -0.0950 -0.9907
vn -0.0027 -0.5265 -0.8502
vn 0.7041 -0.0080 0.7101
vn 0.2086 0.1961 0.9582
vn 0.1565 -0.2123 0.9646
vn -0.5633 0.3274 -0.7586
vn -0.8839 0.4026 -0.2381
vn -0.3910 0.8401 -0.3760
vn -0.7332 0.5322 0.4233
vn -0.3372 0.7033 0.6258
vn -0.2981 0.9522 0.0666
vn 0.7952 -0.5933 0.1252
vn 0.8280 -0.3383 0.4473
vn 0.3310 -0.5911 0.7355
vn 0.3741 -0.8384 0.3965
vn -0.7954 -0.4483 0.4079
vn -0.5284 -0.6842 0.5027
vn -0.2983 -0.4082 0.8628
vn -0.4833 -0.0330 0.8748
vn -0.7548 -0.0107 0.6559
vn -0.4468 -0.2735 -0.8518
vn -0.0591 0.0992 -0.9933
vn 0.1426 -0.2565 -0.9560
vn -0.0842 -0.6357 -0.7674
vn -0.0980 -0.7355 -0.6704
vn -0.5146 -0.8314 -0.2098
vn -0.6010 -0.5258 -0.6019
vn -0.0515 -0.8563 -0.5140
vn -0.8035 -0.0116 0.5952
vn -0.5766 -0.4565 0.6776
vn -0.5265 -0.0269 0.8497
vn 0.5927 0.0743 -0.8020
vn 0.4953 0.4954 -0.7137
vn 0.8651 0.4156 -0.2809
vn 0.9073 -0.0017 -0.4204
vn 0.7426 0.4227 0.5194
vn 0.2059 0.7256 0.6566
vn 0.0424 0.2862 0.9572
vn 0.5701 -0.0523 0.8199
vn -0.1778 -0.1629 0.9705
vn -0.2247 -0.5969 0.7702
vn 0.2337 -0.5088 0.8285
vn -0.8435 0.3134 0.4363
vn -0.5311 0.4993 0.6846
vn -0.2961 0.8054 0.5135
vn -0.5125 0.8517 0.1092
vn -0.7961 0.5901 0.1342
vn -0.8514 -0.4962 0.1702
vn -0.9425 -0.0084 0.3342
vn -0.9839 0.1726 -0.0470
vn -0.9412 -0.1733 -0.2899
vn 0.8370 -0.5113 -0.1947
vn 0.5084 -0.5314 -0.6776
vn 0.5721 -0.1448 -0.8073
vn 0.9399 -0.1260 -0.3172
vn 0.3535 0.7216 0.5953
vn 0.8775 0.4380 0.1953
vn 0.3979 0.9150 -0.0664
vn -0.1940 0.3543 -0.9148
vn 0.0883 0.7684 -0.6339
vn 0.1252 0.2957 -0.9470
vn 0.4848 0.2617 -0.8346
vn 0.5075 0.6507 -0.5648
vn 0.8369 0.3382 -0.4304
vn -0.9798 -0.1380 0.1445
vn -0.9116 0.1647 0.3767
vn -0.9851 0.1151 0.1275
vn 0.6415 -0.7586 -0.1141
vn 0.1241 -0.9921 0.0195
vn 0.1942 -0.8870 -0.4190
vn 0.9437 -0.3077 -0.1210
vn 0.9852 -0.0071 0.1712
vn 0.7654 -0.5381 0.3530
vn -0.1019 0.9861 -0.1313
vn 0.1734 0.9561 0.2362
vn 0.5553 0.8315 -0.0158
vn 0.2140 0.8874 -0.4083
vn 0.1717 -0.9541 0.2454
vn -0.2314 -0.9317 0.2800
vn -0.0273 -0.9436 -0.3301
vn -0.0135 -0.9535 -0.3013
vn -0.8880 0.3266 -0.3237
vn 0.6020 0.7918 -0.1034
vn 0.4317 0.8220 -0.3714
vn 0.0782 0.5540 -0.8288
vn -0.8605 -0.4875 0.1482
vn -0.8909 -0.3365 -0.3049
vn -0.4996 -0.8123 -0.3010
vn -0.3753 -0.9114 0.1688
vn 0.1416 -0.2644 -0.9540
vn 0.3217 -0.7876 -0.5255
vn 0.3556 -0.8114 -0.4640
vn -0.0357 -0.6412 -0.7665
vn 0.2495 0.8198 0.5154
vn 0.3995 0.8122 0.4252
vn -0.4287 0.7561 0.4945
vn -0.0482 0.4767 0.8777
vn -0.1652 0.8772 -0.4507
vn -0.3407 0.9279 0.1514
vn 0.5044 0.8544 0.1245
vn -0.7305 0.4929 -0.4726
vn -0.9428 0.0889 -0.3213
vn -0.9992 0.0184 0.0347
vn -0.8875 0.4605 -0.0165
vn -0.6440 -0.4466 0.6212
vn -0.0964 -0.7263 0.6806
vn 0.0004 -0.2387 0.9711
vn -0.4448 -0.3687 -0.8162
vn -0.7810 -0.1131 -0.6143
vn -0.4295 0.1679 -0.8873
vn 0.4104 -0.3149 -0.8558
vn 0.2939 0.0453 -0.9548
vn 0.5726 0.2942 -0.7652
vn 0.8189 0.1789 -0.5454
vn 0.8002 -0.1881 -0.5695
vn 0.6367 -0.4755 -0.6070
vn -0.5607 -0.4076 -0.7208
vn -0.3760 -0.1261 -0.9180
vn 0.0304 -0.5216 -0.8526
vn -0.1543 -0.6827 -0.7142
vn 0.4632 -0.6699 -0.5803
vn 0.0493 -0.8779 -0.4764
vn 0.2863 -0.6636 -0.6911
vn -0.2046 -0.8656 -0.4570
vn -0.3289 -0.9419 -0.0680
vn -0.7367 -0.6673 -0.1097
vn -0.6416 -0.5929 -0.4866
vn 0.5713 -0.6425 -0.5107
vn 0.7278 -0.6814 -0.0781
vn 0.2593 -0.9581 0.1220
vn 0.2327 -0.8936 -0.3838
vn 0.5819 0.5331 0.6141
vn 0.2248 0.6800 0.6979
vn -0.0465 0.3973 0.9165
vn 0.1801 -0.0179 0.9835
vn 0.5175 0.0424 0.8546
vn -0.4087 0.5437 0.7331
vn -0.3178 0.9029 0.2894
vn -0.7222 0.6809 -0.1216
vn -0.8476 0.3737 0.3767
vn -0.4903 0.7239 -0.4853
vn -0.0462 0.9513 -0.3049
vn 0.2297 0.7595 -0.6086
vn -0.2555 0.5572 -0.7901
vn -0.3183 -0.7317 0.6028
vn -0.7568 -0.3512 0.5513
vn -0.7861 -0.5756 0.2252
vn -0.8535 0.3276 -0.4053
vn -0.7574 0.1367 -0.6385
vn -0.8223 -0.2008 -0.5324
vn -0.9542 -0.2688 -0.1311
vn -0.9995 -0.0131 -0.0297
vn 0.6291 -0.7759 -0.0466
vn 0.5847 -0.8024 -0.1196
vn 0.9052 -0.3732 0.2034
vn 0.6682 -0.3658 0.6478
vn 0.5109 -0.7099 0.4847
vn 0.5641 0.2761 0.7782
vn 0.9589 0.2037 0.1973
vn 0.6530 0.7082 0.2684
vn 0.7017 0.5847 -0.4071
vn 0.9190 0.2071 -0.3353
vn 0.5441 0.2189 -0.8100
vn 0.5829 -0.3628 -0.7270
vn 0.9095 -0.3177 -0.2682
vn 0.4428 -0.8393 -0.3155
vn -0.8283 -0.1374 0.5432
vn -0.3363 0.0842 0.9380
vn -0.8338 0.2701 0.4814
vn 0.0986 -0.9510 -0.2931
vn 0.5241 -0.8057 -0.2759
vn 0.2114 -0.9631 0.1669
vn -0.7046 -0.0691 0.7063
vn -0.2139 -0.2740 0.9376
vn -0.3521 0.1839 0.9177
vn 0.5542 0.7297 -0.4004
vn 0.3758 0.9239 0.0715
vn 0.6532 0.7310 0.1973
vn 0.7641 0.5825 -0.2773
vn 0.9955 -0.0508 0.0795
vn 0.9153 0.2866 -0.2829
vn 0.8658 0.4131 0.2824
vn 0.2484 -0.6254 0.7397
vn 0.6730 -0.4581 0.5807
vn -0.3232 -0.9463 -0.0106
vn -0.7298 -0.6819 -0.0485
vn 0.3789 -0.2464 0.8920
vn 0.1953 -0.7177 0.6684
vn 0.5686 -0.7493 0.3394
vn 0.7353 -0.2545 0.6282
vn 0.7238 0.1169 -0.6801
vn 0.3904 0.3340 -0.8579
vn 0.3634 0.7302 -0.5785
vn 0.7301 0.5844 -0.3542
vn 0.2597 -0.9291 -0.2632
vn 0.3880 -0.6057 -0.6946
vn 0.8307 -0.3471 -0.4353
vn 0.6492 -0.7588 -0.0526
vn 0.9867 -0.1223 -0.1070
vn 0.9731 -0.0134 0.2299
vn 0.8616 -0.4634 0.2072
vn -0.8312 0.0830 0.5497
vn -0.9859 0.1646 0.0301
vn -0.9695 -0.2368 0.0635
vn 0.8101 0.2521 -0.5293
vn 0.3457 0.2258 -0.9108
vn 0.3971 0.7687 -0.5015
vn -0.3031 0.3406 -0.8900
vn -0.5820 0.5803 -0.5697
vn -0.0433 0.8746 -0.4829
vn -0.2178 -0.4042 0.8883
vn -0.5752 -0.1737 0.7993
vn -0.7740 -0.5455 0.3216
vn -0.4371 -0.7533 0.4914
vn -0.2334 -0.6204 -0.7488
vn -0.3840 -0.8136 -0.4365
vn -0.7927 -0.5230 -0.3131
vn -0.7946 -0.1903 -0.5765
vn -0.5004 -0.2175 -0.8380
vn 0.8981 -0.3125 -0.3093
vn 0.9885 0.1505 0.0171
vn 0.9392 -0.1688 0.2990
vn 0.7921 -0.5955 0.1339
vn 0.6972 -0.7078 0.1138
vn 0.3182 -0.9065 -0.2775
vn 0.6880 -0.6021 -0.4052
vn 0.5447 -0.8218 0.1671
vn -0.5836 -0.2046 -0.7858
vn -0.6399 -0.6022 -0.4774
vn -0.8511 -0.1613 -0.4996
vn 0.7281 0.2367 0.6433
vn 0.6386 0.6243 0.4500
vn 0.1684 0.5956 0.7854
vn 0.3410 0.2010 0.9183
vn -0.6186 0.5358 0.5747
vn -0.7059 0.7079 0.0240
vn -0.9664 0.2570 -0.0091
vn -0.8686 0.0315 0.4944
vn -0.9624 -0.2387 -0.1298
vn -0.7410 -0.6609 -0.1192
vn -0.8320 -0.4841 0.2710
vn -0.4328 0.1389 -0.8907
vn -0.7034 0.3647 -0.6101
vn -0.5289 0.7143 -0.4584
vn -0.0760 0.7280 -0.6814
vn -0.0863 0.4174 -0.9046
vn -0.0285 -0.6843 -0.7286
vn -0.2642 -0.2253 -0.9378
vn 0.1907 -0.0102 -0.9816
vn 0.4597 -0.3450 -0.8183
vn 0.1033 -0.2963 0.9495
vn 0.6263 -0.3751 0.6834
vn 0.7322 0.0250 0.6807
vn 0.1986 0.0927 0.9757
vn -0.6775 0.7309 0.0823
vn -0.3640 0.5834 0.7261
vn -0.0423 0.9757 0.2151
vn 0.9193 0.3597 -0.1598
vn 0.5847 0.8112 -0.0044
vn 0.9115 0.3763 0.1663
vn 0.7544 0.4100 0.5127
vn 0.4653 0.7765 0.4249
vn 0.3041 0.5258 0.7944
vn 0.0414 -0.3171 -0.9475
vn -0.1676 -0.0734 -0.9831
vn 0.0618 -0.1167 -0.9912
vn 0.0682 -0.6050 0.7933
vn 0.0079 -0.9448 0.3275
vn 0.4259 -0.8004 0.4219
vn 0.0601 -0.1084 0.9923
vn -0.3023 0.1996 0.9321
vn -0.4329 -0.3862 0.8145
vn 0.1113 0.9533 -0.2809
vn -0.3031 0.9519 -0.0451
vn -0.1075 0.9168 0.3845
vn 0.3429 0.9368 0.0698
vn -0.2337 -0.9115 0.3384
vn -0.2186 -0.9749 -0.0431
vn 0.3690 -0.9085 0.1962
vn 0.3384 -0.9162 0.2145
vn 0.6764 0.2990 -0.6731
vn 0.2102 0.9049 0.3700
vn 0.3889 0.8831 0.2624
vn 0.8151 0.5740 -0.0781
vn -0.3451 -0.6045 -0.7180
vn 0.0478 -0.4561 -0.8887
vn 0.2045 -0.8795 -0.4296
vn -0.2155 -0.9574 -0.1921
vn 0.9710 -0.2158 0.1029
vn 0.5786 -0.6972 0.4234
vn 0.5198 -0.7244 0.4528
vn 0.7613 -0.6484 0.0006
vn -0.4563 0.8575 0.2376
vn -0.3205 0.8932 0.3153
vn -0.6182 0.6980 -0.3615
vn -0.8776 0.4654 0.1148
vn 0.3803 0.8318 -0.4044
vn -0.2665 0.8723 -0.4100
vn -0.0117 0.9463 0.3230
vn 0.1942 0.3684 -0.9091
vn 0.0419 -0.0478 -0.9980
vn -0.3080 -0.1209 -0.9437
vn -0.2537 0.3270 -0.9103
vn -0.7586 -0.5263 -0.3840
vn -0.6430 -0.7488 0.1607
vn -0.9291 -0.2503 0.2723
vn 0.7114 -0.4655 -0.5266
vn 0.3501 -0.2198 -0.9106
vn 0.7711 0.0966 -0.6294
vn 0.9467 -0.3153 0.0658
vn 0.9903 0.0532 -0.1286
vn 0.9108 0.3631 0.1963
vn 0.7691 0.2647 0.5817
vn 0.7960 -0.1046 0.5962
vn 0.7941 -0.4401 0.4192
vn 0.5676 -0.4739 -0.6733
vn 0.7286 -0.1890 -0.6584
vn 0.7705 -0.5700 -0.2853
vn 0.6276 -0.7198 -0.2967
vn 0.7007 -0.6668 0.2538
vn 0.4438 -0.8909 -0.0968
vn 0.7318 -0.6815 0.0061
vn 0.4029 -0.8851 -0.2330
vn -0.0190 -0.9701 -0.2420
vn -0.0307 -0.7221 -0.6911
vn 0.3511 -0.6481 -0.6758
vn 0.6720 -0.6137 0.4144
vn 0.3209 -0.5941 0.7376
vn -0.0128 -0.9242 0.3818
vn 0.4457 -0.8804 0.1623
vn -0.3598 0.6118 0.7045
vn -0.5583 0.7195 0.4130
vn -0.8914 0.4001 0.2131
vn -0.8325 0.0014 0.5541
vn -0.5886 0.1110 0.8008
vn -0.7878 0.5605 -0.2555
vn -0.3304 0.8955 -0.2982
vn -0.0084 0.6099 -0.7924
vn -0.5312 0.3376 -0.7771
vn 0.3487 0.6485 -0.6767
vn 0.2540 0.9386 -0.2337
vn 0.6160 0.7793 -0.1150
vn 0.6242 0.5152 -0.5874
vn -0.6596 -0.7490 -0.0628
vn -0.6899 -0.4165 -0.5921
vn -0.3768 -0.6400 -0.6697
vn 0.2342 0.2285 -0.9449
vn 0.4409 0.0695 -0.8949
vn 0.3321 -0.2472 -0.9103
vn -0.0511 -0.3255 -0.9442
vn -0.1544 -0.0919 -0.9837
vn 0.1305 -0.6643 0.7360
vn 0.2203 -0.6633 0.7152
vn -0.1215 -0.2075 0.9707
vn -0.5493 -0.2603 0.7941
vn -0.3657 -0.6322 0.6831
vn -0.6981 0.3590 0.6195
vn -0.1384 0.3637 0.9212
vn -0.2013 0.8036 0.5601
vn 0.4544 0.6949 0.5573
vn 0.4085 0.3605 0.8386
vn 0.8340 0.3314 0.4411
vn 0.7694 -0.2260 0.5975
vn 0.3666 -0.1323 0.9209
vn 0.3943 -0.7212 0.5696
vn -0.7463 -0.2388 -0.6213
vn -0.9956 0.0414 -0.0836
vn -0.6981 0.1547 -0.6991
vn 0.3382 -0.9173 0.2103
vn 0.3441 -0.7038 0.6215
vn -0.0904 -0.9240 0.3715
vn -0.8446 -0.1110 -0.5238
vn -0.9511 -0.2998 0.0739
vn -0.9790 0.1643 -0.1206
vn 0.5366 0.7875 0.3030
vn 0.0429 0.9568 0.2875
vn 0.0306 0.7937 0.6076
vn 0.4954 0.6551 0.5705
vn 0.2118 0.0677 0.9750
vn 0.5375 0.3923 0.7464
vn -0.0068 0.5439 0.8392
vn -0.5887 -0.5791 0.5639
vn -0.2907 -0.3783 0.8789
vn 0.0935 -0.9604 -0.2623
vn 0.3197 -0.7205 -0.6154
vn -0.9644 -0.2197 -0.1474
vn -0.6970 -0.6985 -0.1620
vn -0.5839 -0.7382 0.3377
vn -0.9147 -0.2314 0.3312
vn 0.2398 0.1312 0.9619
vn 0.6259 0.3364 0.7036
vn 0.3740 0.7463 0.5506
vn -0.0606 0.6064 0.7928
vn 0.2161 -0.8844 0.4137
vn 0.6076 -0.5530 0.5700
vn 0.3026 -0.2571 0.9178
vn 0.0178 -0.7088 0.7052
vn 0.1451 -0.0531 0.9880
vn -0.1506 0.0548 0.9871
vn -0.1772 -0.4130 0.8933
vn -0.1666 0.0451 -0.9850
vn 0.3957 0.1305 -0.9091
vn 0.3296 -0.2883 -0.8990
vn 0.3509 0.2498 0.9025
vn 0.8069 0.2148 0.5503
vn 0.4249 0.7588 0.4936
vn 0.9492 0.3132 -0.0292
vn 0.7691 0.5561 -0.3150
vn 0.4590 0.8859 0.0679
vn -0.8461 -0.3472 -0.4045
vn -0.5993 -0.1674 -0.7828
vn -0.0356 -0.5791 -0.8145
vn -0.3752 -0.7575 -0.5342
vn 0.7932 -0.6069 0.0501
vn 0.5364 -0.8278 -0.1644
vn 0.6090 -0.5540 -0.5677
vn 0.8507 -0.2188 -0.4779
vn 0.9640 -0.2400 -0.1142
vn -0.2010 -0.2759 0.9399
vn -0.5235 0.1764 0.8336
vn -0.7128 -0.1196 0.6911
vn -0.5183 -0.5594 0.6469
vn -0.5061 -0.6623 0.5525
vn 0.1050 -0.8991 0.4249
vn 0.0110 -0.5867 0.8098
vn -0.4802 -0.7917 0.3776
vn 0.9658 -0.2121 -0.1490
vn 0.7227 -0.6102 -0.3245
vn 0.8379 -0.1773 -0.5162
vn -0.9140 0.2743 0.2988
vn -0.7084 0.6428 0.2915
vn -0.7671 0.5877 -0.2573
vn -0.9575 0.2052 -0.2027
vn -0.2737 0.5217 -0.8081
vn 0.3015 0.7142 -0.6317
vn 0.4518 0.2494 -0.8565
vn -0.1025 0.0070 -0.9947
vn 0.5567 -0.2631 -0.7880
vn 0.4402 -0.6895 -0.5752
vn 0.1078 -0.5231 -0.8454
vn 0.9913 0.1318 0.0034
vn 0.8711 0.3453 -0.3493
vn 0.6709 0.6938 -0.2620
vn 0.6774 0.7061 0.2063
vn 0.8717 0.3952 0.2899
vn 0.6886 -0.6575 0.3059
vn 0.9602 -0.2217 0.1701
vn 0.8288 -0.0058 0.5595
vn 0.5720 -0.3298 0.7511
vn -0.9680 -0.2335 -0.0916
vn -0.7176 -0.3723 0.5885
vn -0.7162 0.0916 0.6919
vn -0.9902 0.1375 0.0261
vn 0.2046 0.7068 -0.6772
vn -0.5658 0.5620 -0.6033
vn -0.1853 0.9710 -0.1513
vn 0.1325 0.3752 0.9174
vn -0.0043 0.8351 0.5500
vn -0.1234 0.4402 0.8894
vn -0.5283 0.4984 0.6874
vn -0.4371 0.8338 0.3372
vn -0.8133 0.5728 0.1027
vn 0.9110 -0.2742 0.3082
vn 0.9828 -0.1065 0.1506
vn 0.9296 -0.1653 0.3295
vn -0.7993 -0.5970 -0.0683
vn -0.3315 -0.9434 -0.0080
vn -0.4667 -0.7929 0.3919
vn -0.8838 -0.0893 -0.4592
vn -0.7201 0.1652 -0.6739
vn -0.5522 -0.3967 -0.7333
vn 0.2304 0.9526 0.1988
vn 0.1917 0.9479 -0.2543
vn -0.2831 0.9204 -0.2697
vn -0.2223 0.9476 0.2295
vn -0.2203 -0.9136 -0.3417
vn 0.1333 -0.9816 -0.1366
vn -0.3958 -0.8913 0.2210
vn -0.3770 -0.9059 0.1930
vt 0.427486 0.801167
vt 0.464490 0.834819
vt 0.402814 0.837513
vt 0.855170 0.760083
vt 0.762697 0.715289
vt 0.788498 0.622850
vt 0.256470 0.076251
vt 0.215029 0.058687
vt 0.288748 0.004175
vt 0.725864 0.597146
vt 0.599919 0.568372
vt 0.675820 0.446070
vt 0.726890 0.516628
vt 0.732619 0.814821
vt 0.635501 0.807876
vt 0.714729 0.759361
vt 0.004175 0.809149
vt 0.021584 0.682786
vt 0.108409 0.784421
vt 0.665334 0.766986
vt 0.714992 0.702783
vt 0.714555 0.736834
vt 0.329611 0.320989
vt 0.333082 0.214735
vt 0.376404 0.294218
vt 0.941753 0.761607
vt 0.918924 0.787017
vt 0.866885 0.758013
vt 0.118618 0.675284
vt 0.167316 0.710259
vt 0.343429 0.663785
vt 0.289080 0.626901
vt 0.337332 0.626901
vt 0.042663 0.469683
vt 0.028026 0.430253
vt 0.111608 0.454279
vt 0.213710 0.447718
vt 0.278367 0.435418
vt 0.226832 0.487609
vt 0.613051 0.342394
vt 0.747329 0.288956
vt 0.712659 0.393827
vt 0.427026 0.641339
vt 0.533075 0.665436
vt 0.422261 0.697648
vt 0.421814 0.727182
vt 0.518142 0.776751
vt 0.482721 0.828913
vt 0.236915 0.956811
vt 0.300434 0.927100
vt 0.346882 0.982180
vt 0.026070 0.551225
vt 0.133901 0.467741
vt 0.137443 0.561280
vt 0.035368 0.580101
vt 0.122522 0.587943
vt 0.070659 0.632105
vt 0.237373 0.881801
vt 0.528992 0.752585
vt 0.306842 0.444301
vt 0.343927 0.559070
vt 0.234827 0.517263
vt 0.737181 0.455073
vt 0.418119 0.031526
vt 0.495393 0.104541
vt 0.418119 0.197505
vt 0.592702 0.863381
vt 0.715643 0.905483
vt 0.697466 0.992575
vt 0.588498 0.077898
vt 0.518340 0.081229
vt 0.517890 0.018364
vt 0.512291 0.544442
vt 0.462158 0.590768
vt 0.400485 0.493463
vt 0.912061 0.383826
vt 0.838184 0.343665
vt 0.836604 0.327130
vt 0.907464 0.253238
vt 0.775362 0.504860
vt 0.866615 0.495034
vt 0.775173 0.584406
vt 0.584888 0.545798
vt 0.571919 0.479287
vt 0.650099 0.440341
vt 0.592577 0.984495
vt 0.554034 0.462766
vt 0.563568 0.624413
vt 0.532796 0.528301
vt 0.490972 0.020370
vt 0.491298 0.061064
vt 0.451156 0.023126
vt 0.636788 0.079729
vt 0.729039 0.105151
vt 0.682543 0.163520
vt 0.416154 0.621642
vt 0.886665 0.004175
vt 0.837614 0.072669
vt 0.782368 0.017943
vt 0.913137 0.007721
vt 0.910500 0.140569
vt 0.854769 0.089373
vt 0.083961 0.231896
vt 0.128659 0.287039
vt 0.029288 0.272961
vt 0.013458 0.068638
vt 0.102799 0.004175
vt 0.088683 0.079801
vt 0.174013 0.063606
vt 0.536395 0.355371
vt 0.434791 0.288094
vt 0.539092 0.241544
vt 0.790245 0.374873
vt 0.596848 0.184617
vt 0.613998 0.092900
vt 0.660022 0.177183
vt 0.765095 0.036859
vt 0.820756 0.091996
vt 0.765095 0.143500
vt 0.004175 0.093930
vt 0.072394 0.104546
vt 0.060267 0.168325
vt 0.440399 0.220581
vt 0.508849 0.226982
vt 0.426534 0.263720
vt 0.737005 0.082121
vt 0.623162 0.050771
vt 0.733943 0.004175
vt 0.085259 0.346006
vt 0.159770 0.320053
vt 0.116799 0.421902
vt 0.401908 0.367593
vt 0.529112 0.379518
vt 0.473005 0.421215
vt 0.082726 0.169034
vt 0.183896 0.084824
vt 0.169663 0.201900
vt 0.190410 0.398595
vt 0.975009 0.640673
vt 0.889933 0.709632
vt 0.887997 0.647706
vt 0.708417 0.671262
vt 0.589274 0.680393
vt 0.655237 0.622850
vt 0.342430 0.339212
vt 0.392135 0.310867
vt 0.378658 0.414232
vt 0.858534 0.648274
vt 0.355837 0.422917
vt 0.233404 0.427067
vt 0.239671 0.325446
vt 0.318593 0.340994
vt 0.219721 0.153240
vt 0.213710 0.111461
vt 0.263785 0.172275
vt 0.627000 0.776513
vt 0.238245 0.298952
vt 0.230223 0.768192
vt 0.347833 0.698275
vt 0.348354 0.797527
vt 0.320931 0.193743
vt 0.390698 0.089075
vt 0.409768 0.167029
vt 0.365140 0.065041
vt 0.231463 0.230671
vt 0.273696 0.101111
vt 0.533363 0.453642
vt 0.512873 0.516354
vt 0.468424 0.447364
vt 0.292576 0.824449
vt 0.361553 0.856168
vt 0.317898 0.913846
vt 0.243788 0.860249
vt 0.260854 0.639230
vt 0.329747 0.435846
vt 0.390904 0.456016
vt 0.360835 0.532038
vt 0.400485 0.792117
vt 0.407514 0.756694
vt 0.411493 0.775901
vt 0.252968 0.608339
vt 0.570399 0.237965
vt 0.648512 0.233647
vt 0.585518 0.312711
vt 0.433729 0.783899
vt 0.678661 0.239066
vt 0.720373 0.273108
vt 0.621146 0.311253
vt 0.959613 0.730718
vt 0.043834 0.488075
vt 0.040695 0.300431
vt 0.115021 0.310961
vt 0.073611 0.324722
vt 0.692416 0.845381
vt 0.541985 0.632989
vt 0.822420 0.323279
vt 0.795871 0.235941
vt 0.774757 0.354308
vt 0.523198 0.176482
vt 0.517555 0.106747
vt 0.587510 0.103376
vt 0.775355 0.429565
vt 0.861462 0.473586
vt 0.775482 0.482673
vt 0.893612 0.574644
vt 0.416802 0.472404
vt 0.108410 0.224036
vt 0.190410 0.224382
vt 0.165481 0.294467
vt 0.004175 0.831201
vt 0.082079 0.836655
vt 0.004175 0.934269
vt 0.416963 0.305280
vt 0.095217 0.950722
vt 0.836575 0.778123
vt 0.800510 0.834712
vt 0.771142 0.747637
vt 0.501245 0.177545
vt 0.095640 0.101683
vt 0.004175 0.653519
vt 0.031255 0.657448
vt 0.394219 0.067001
vt 0.409769 0.091517
vt 0.308124 0.206385
vt 0.275878 0.154214
vt 0.614882 0.800365
vt 0.732619 0.741356
vt 0.745850 0.740653
vt 0.740969 0.716508
vt 0.219913 0.308148
vt 0.858534 0.783802
vt 0.580195 0.356768
vt 0.570399 0.333663
vt 0.624221 0.378819
vt 0.216587 0.535482
vt 0.213710 0.515593
vt 0.548330 0.759560
vt 0.540029 0.784657
vt 0.400485 0.697817
vt 0.213768 0.894640
vt 0.213710 0.866147
vt 0.231278 0.845301
vt 0.145592 0.453499
vt 0.156316 0.476788
vt 0.327384 0.813642
vt 0.371395 0.795247
vt 0.361346 0.816098
vt 0.004175 0.563460
vt 0.159245 0.556558
vt 0.157362 0.580729
vt 0.136451 0.602284
vt 0.923574 0.740568
vt 0.978889 0.741695
vt 0.971337 0.763212
vt 0.995825 0.642603
vt 0.979600 0.622850
vt 0.107948 0.651693
vt 0.129340 0.658558
vt 0.868800 0.709314
vt 0.883204 0.728362
vt 0.247440 0.098394
vt 0.023720 0.487424
vt 0.671836 0.214735
vt 0.705363 0.232781
vt 0.740925 0.261804
vt 0.699491 0.180050
vt 0.677879 0.192812
vt 0.559507 0.352389
vt 0.553362 0.378686
vt 0.590065 0.587520
vt 0.571919 0.571471
vt 0.883497 0.477704
vt 0.769084 0.604343
vt 0.751978 0.584863
vt 0.781778 0.222694
vt 0.802378 0.214736
vt 0.563568 0.438682
vt 0.541645 0.435804
vt 0.774405 0.383826
vt 0.755679 0.371124
vt 0.758081 0.354660
vt 0.099030 0.975706
vt 0.119050 0.949408
vt 0.128915 0.965468
vt 0.117618 0.990600
vt 0.061840 0.340362
vt 0.074705 0.191821
vt 0.602241 0.065096
vt 0.201469 0.067693
vt 0.205359 0.094477
vt 0.536821 0.214735
vt 0.562048 0.225105
vt 0.562048 0.245131
vt 0.400485 0.286352
vt 0.571919 0.865403
vt 0.585138 0.844693
vt 0.752196 0.491000
vt 0.514061 0.193394
vt 0.499645 0.004175
vt 0.756744 0.103833
vt 0.837673 0.108987
vt 0.108438 0.802968
vt 0.023237 0.822850
vt 0.220503 0.086963
vt 0.571919 0.691269
vt 0.888339 0.630148
vt 0.731585 0.672358
vt 0.765562 0.628943
vt 0.512573 0.825239
vt 0.551343 0.696195
vt 0.213710 0.944154
vt 0.213710 0.742541
vt 0.236186 0.647936
vt 0.866885 0.647709
vt 0.223063 0.172499
vt 0.786283 0.850475
vt 0.812162 0.856550
vt 0.213710 0.403427
vt 0.004175 0.435526
vt 0.370965 0.715564
vt 0.230794 0.789649
vt 0.655290 0.394910
vt 0.364901 0.970002
vt 0.229148 0.598624
vt 0.088232 0.643343
vt 0.708168 0.614499
vt 0.743627 0.528564
vt 0.742931 0.585023
vt 0.908880 0.552875
vt 0.907640 0.231123
vt 0.672265 0.429566
vt 0.713411 0.435563
vt 0.476585 0.429566
vt 0.008420 0.959417
vt 0.094415 0.418432
vt 0.049195 0.215686
vt 0.019865 0.206053
vt 0.571919 0.982330
vt 0.751978 0.436845
vt 0.899157 0.593714
vt 0.756744 0.024704
vt 0.772124 0.169510
vt 0.108226 0.855930
vt 0.193021 0.195436
vt 0.213710 0.246987
vt 0.936241 0.802295
vt 0.348012 0.577980
vt 0.273124 0.618551
vt 0.686751 0.823171
vt 0.893057 0.159955
vt 0.619328 0.199703
vt 0.004175 0.297873
vt 0.137974 0.215686
s 1
usemtl Material.004
f 2782/3448/2492 2778/3449/2488 2770/3450/2480
f 2769/3451/2479 2760/3452/2470 2757/3453/2467
f 2831/3454/2541 2816/3455/2526 2765/3456/2475
f 2875/3457/2585 2854/3458/2564 2927/3459/2637 2844/3460/2554
f 2763/3461/2473 2755/3462/2465 2758/3463/2468
f 2769/3464/2479 2744/3465/2454 2749/3466/2459
f 2754/3467/2464 2742/3468/2452 2759/3469/2469
f 2827/3470/2537 2817/3471/2527 2756/3472/2466
f 2812/3473/2522 2830/3474/2540 2751/3475/2461
f 2749/3466/2459 2822/3476/2532 2823/3477/2533
f 2837/3478/2547 2791/3479/2501 2841/3480/2551
f 2834/3481/2544 2793/3482/2503 2796/3483/2506
f 2786/3484/2496 2809/3485/2519 2776/3486/2486
f 2774/3487/2484 2839/3488/2549 2788/3489/2498
f 2842/3490/2552 2804/3491/2514 2789/3492/2499
f 2790/3493/2500 2783/3494/2493 2779/3495/2489
f 2839/3496/2549 2843/3497/2553 2788/3498/2498
f 2805/3499/2515 2799/3500/2509 2811/3501/2521
f 2806/3502/2516 2810/3503/2520 2785/3504/2495
f 2795/3505/2505 2843/3497/2553 2839/3496/2549
f 2789/3492/2499 2804/3491/2514 2784/3506/2494
f 2808/3507/2518 2803/3508/2513 2777/3509/2487
f 2844/3460/2554 2927/3459/2637 2873/3510/2583
f 2871/3511/2581 2913/3512/2623 2915/3513/2625
f 2916/3514/2626 2918/3515/2628 2866/3516/2576
f 2860/3517/2570 2911/3518/2621 2928/3519/2638
f 2862/3520/2572 2741/3521/2451 2877/3522/2587
f 2855/3523/2565 2923/3524/2633 2925/3525/2635 2865/3526/2575
f 2917/3527/2627 2858/3528/2568 2864/3529/2574
f 2857/3530/2567 2860/3531/2570 2928/3532/2638
f 2869/3533/2579 2916/3514/2626 2866/3516/2576
f 2871/3534/2581 2915/3535/2625 2861/3536/2571
f 2926/3537/2636 2910/3538/2620 2870/3539/2580
f 2893/3540/2603 2929/3541/2639 2846/3542/2556
f 2877/3522/2587 2741/3521/2451 2868/3543/2578
f 2895/3544/2605 2933/3545/2643 2903/3546/2613
f 2894/3547/2604 2892/3548/2602 2934/3549/2644
f 2848/3550/2558 2939/3551/2649 2882/3552/2592
f 2936/3553/2646 2931/3554/2641 2900/3555/2610
f 2900/3555/2610 2931/3554/2641 2897/3556/2607
f 2851/3557/2561 2908/3558/2618 2905/3559/2615
f 2874/3560/2584 2923/3524/2633 2855/3523/2565
f 2881/3561/2591 2890/3562/2600 2849/3563/2559
f 2904/3564/2614 2932/3565/2642 2852/3566/2562
f 2937/3567/2647 2899/3568/2609 2888/3569/2598
f 2887/3570/2597 2901/3571/2611 2907/3572/2617
f 2930/3573/2640 2892/3574/2602 2894/3575/2604
f 2884/3576/2594 2937/3577/2647 2906/3578/2616
f 2885/3579/2595 2850/3580/2560 2879/3581/2589
f 2889/3582/2599 2896/3583/2606 2902/3584/2612
f 2937/3577/2647 2888/3585/2598 2906/3578/2616
f 2818/3586/2528 2824/3587/2534 2821/3588/2531
f 2743/3589/2453 2819/3590/2529 2820/3591/2530
f 2828/3592/2538 2755/3593/2465 2763/3594/2473
f 2769/3451/2479 2757/3453/2467 2744/3595/2454
f 2762/3596/2472 2745/3597/2455 2764/3598/2474 2826/3599/2536
f 2825/3600/2535 2813/3601/2523 2750/3602/2460
f 2753/3603/2463 2819/3590/2529 2743/3589/2453
f 2766/3604/2476 2817/3471/2527 2827/3470/2537
f 2797/3605/2507 2836/3606/2546 2801/3607/2511
f 2752/3608/2462 2747/3609/2457 2767/3610/2477
f 2831/3454/2541 2765/3456/2475 2748/3611/2458
f 2815/3612/2525 2817/3471/2527 2766/3604/2476
f 2752/3608/2462 2829/3613/2539 2747/3609/2457
f 2872/3614/2582 2863/3615/2573 2845/3616/2555
f 2833/3617/2543 2804/3618/2514 2842/3619/2552 2794/3620/2504
f 2797/3605/2507 2792/3621/2502 2836/3606/2546
f 2807/3622/2517 2798/3623/2508 2800/3624/2510
f 2775/3625/2485 2787/3626/2497 2780/3627/2490
f 2771/3628/2481 2777/3509/2487 2803/3508/2513
f 2802/3629/2512 2835/3630/2545 2772/3631/2482
f 2781/3632/2491 2790/3493/2500 2779/3495/2489
f 2838/3633/2548 2840/3634/2550 2773/3635/2483
f 2814/3636/2524 2824/3587/2534 2818/3586/2528
f 2805/3499/2515 2832/3637/2542 2799/3500/2509
f 2883/3638/2593 2938/3639/2648 2886/3640/2596
f 2916/3514/2626 2921/3641/2631 2918/3515/2628
f 2862/3520/2572 2914/3642/2624 2741/3521/2451
f 2741/3521/2451 2914/3642/2624 2868/3543/2578
f 2925/3525/2635 2924/3643/2634 2867/3644/2577 2865/3526/2575
f 2878/3645/2588 2867/3644/2577 2924/3643/2634
f 2920/3646/2630 2912/3647/2622 2859/3648/2569
f 2920/3649/2630 2859/3650/2569 2919/3651/2629
f 2858/3528/2568 2856/3652/2566 2864/3529/2574
f 2845/3616/2555 2863/3615/2573 2876/3653/2586
f 2847/3654/2557 2931/3655/2641 2936/3656/2646
f 2935/3657/2645 2891/3658/2601 2853/3659/2563
f 2885/3579/2595 2909/3660/2619 2850/3580/2560
f 2853/3659/2563 2891/3658/2601 2880/3661/2590
f 2768/3662/2478 2746/3663/2456 2761/3664/2471
f 2915/3513/2625 2913/3512/2623 2922/3665/2632
f 2898/3666/2608 2896/3583/2606 2889/3582/2599
f 2742/3667/2452 2743/3668/2453 2744/3465/2454
f 2745/3669/2455 2746/3670/2456 2747/3609/2457 2748/3611/2458
f 2749/3671/2459 2750/3602/2460 2751/3672/2461 2752/3608/2462
f 2753/3603/2463 2754/3467/2464 2755/3462/2465 2756/3673/2466
f 2757/3674/2467 2758/3463/2468 2759/3469/2469
f 2760/3452/2470 2761/3664/2471 2762/3675/2472 2763/3676/2473
f 2764/3598/2474 2765/3677/2475 2766/3604/2476
f 2767/3678/2477 2768/3662/2478 2769/3451/2479
f 2770/3679/2480 2771/3680/2481 2772/3631/2482 2773/3635/2483 2774/3487/2484 2775/3681/2485
f 2776/3486/2486 2777/3509/2487 2778/3682/2488 2779/3683/2489
f 2780/3627/2490 2781/3632/2491 2782/3448/2492
f 2783/3494/2493 2784/3506/2494 2785/3684/2495 2786/3685/2496
f 2787/3626/2497 2788/3686/2498 2789/3492/2499 2790/3493/2500
f 2791/3687/2501 2792/3688/2502 2793/3689/2503 2794/3620/2504 2795/3505/2505
f 2796/3483/2506 2797/3690/2507 2798/3691/2508 2799/3500/2509
f 2800/3692/2510 2801/3607/2511 2802/3693/2512 2803/3694/2513
f 2804/3695/2514 2805/3499/2515 2806/3502/2516
f 2807/3696/2517 2808/3697/2518 2809/3698/2519 2810/3503/2520 2811/3501/2521
f 2812/3473/2522 2813/3699/2523 2814/3636/2524 2815/3700/2525 2816/3701/2526
f 2817/3702/2527 2818/3586/2528 2819/3703/2529
f 2820/3704/2530 2821/3705/2531 2822/3476/2532
f 2823/3706/2533 2824/3587/2534 2825/3707/2535
f 2826/3599/2536 2827/3470/2537 2828/3592/2538
f 2829/3613/2539 2830/3708/2540 2831/3454/2541
f 2832/3637/2542 2833/3709/2543 2834/3481/2544
f 2835/3630/2545 2836/3710/2546 2837/3711/2547 2838/3633/2548
f 2839/3488/2549 2840/3634/2550 2841/3712/2551
f 2846/3542/2556 2847/3713/2557 2848/3714/2558 2849/3563/2559
f 2850/3580/2560 2851/3557/2561 2852/3715/2562 2853/3716/2563
f 2854/3458/2564 2855/3717/2565 2856/3718/2566 2857/3530/2567
f 2858/3528/2568 2859/3650/2569 2860/3719/2570
f 2861/3536/2571 2862/3520/2572 2863/3615/2573
f 2864/3529/2574 2865/3720/2575 2866/3721/2576
f 2867/3644/2577 2868/3722/2578 2869/3723/2579
f 2870/3724/2580 2871/3534/2581 2872/3614/2582 2873/3725/2583
f 2874/3560/2584 2875/3726/2585 2876/3727/2586 2877/3728/2587 2878/3645/2588
f 2879/3729/2589 2880/3661/2590 2881/3730/2591 2882/3731/2592 2883/3732/2593
f 2884/3576/2594 2885/3733/2595 2886/3640/2596
f 2887/3734/2597 2888/3569/2598 2889/3582/2599
f 2890/3562/2600 2891/3735/2601 2892/3574/2602 2893/3540/2603
f 2894/3736/2604 2895/3737/2605 2896/3583/2606 2897/3556/2607
f 2898/3666/2608 2899/3568/2609 2900/3555/2610
f 2901/3571/2611 2902/3738/2612 2903/3739/2613 2904/3740/2614 2905/3559/2615
f 2906/3741/2616 2907/3572/2617 2908/3558/2618 2909/3660/2619
f 2910/3538/2620 2911/3518/2621 2912/3647/2622 2913/3512/2623
f 2914/3742/2624 2915/3743/2625 2916/3514/2626
f 2917/3527/2627 2918/3744/2628 2919/3651/2629
f 2920/3646/2630 2921/3745/2631 2922/3665/2632
f 2923/3524/2633 2924/3643/2634 2925/3525/2635
f 2926/3537/2636 2927/3746/2637 2928/3519/2638
f 2929/3541/2639 2930/3573/2640 2931/3747/2641
f 2932/3565/2642 2933/3545/2643 2934/3549/2644 2935/3748/2645
f 2936/3656/2646 2937/3577/2647 2938/3639/2648 2939/3551/2649
f 2769/3464/2479 2749/3466/2459 2752/3749/2462 2767/3750/2477
f 2812/3751/2522 2751/3672/2461 2750/3602/2460 2813/3601/2523
f 2756/3673/2466 2817/3752/2527 2819/3590/2529 2753/3603/2463
f 2818/3586/2528 2821/3588/2531 2820/3753/2530 2819/3703/2529
f 2766/3604/2476 2827/3470/2537 2826/3599/2536 2764/3598/2474
f 2744/3754/2454 2757/3674/2467 2759/3469/2469 2742/3468/2452
f 2757/3453/2467 2760/3452/2470 2763/3676/2473 2758/3755/2468
f 2760/3452/2470 2769/3451/2479 2768/3662/2478 2761/3664/2471
f 2782/3448/2492 2770/3450/2480 2775/3625/2485 2780/3627/2490
f 2786/3685/2496 2776/3756/2486 2779/3495/2489 2783/3494/2493
f 2778/3449/2488 2782/3448/2492 2781/3632/2491 2779/3495/2489
f 2806/3757/2516 2785/3684/2495 2784/3506/2494 2804/3491/2514
f 2841/3758/2551 2791/3687/2501 2795/3505/2505 2839/3496/2549
f 2790/3493/2500 2781/3632/2491 2780/3627/2490 2787/3626/2497
f 2796/3759/2506 2793/3760/2503 2792/3621/2502 2797/3605/2507
f 2803/3508/2513 2808/3507/2518 2807/3622/2517 2800/3624/2510
f 2821/3588/2531 2824/3587/2534 2823/3706/2533 2822/3761/2532
f 2813/3699/2523 2825/3707/2535 2824/3587/2534 2814/3636/2524
f 2749/3671/2459 2823/3762/2533 2825/3600/2535 2750/3602/2460
f 2743/3668/2453 2820/3704/2530 2822/3476/2532 2744/3465/2454
f 2745/3763/2455 2762/3675/2472 2761/3664/2471 2746/3663/2456
f 2762/3596/2472 2826/3599/2536 2828/3592/2538 2763/3594/2473
f 2755/3593/2465 2828/3592/2538 2827/3470/2537 2756/3472/2466
f 2767/3678/2477 2747/3764/2457 2746/3663/2456 2768/3662/2478
f 2747/3609/2457 2829/3613/2539 2831/3454/2541 2748/3611/2458
f 2751/3672/2461 2830/3708/2540 2829/3613/2539 2752/3608/2462
f 2748/3765/2458 2765/3677/2475 2764/3598/2474 2745/3597/2455
f 2804/3695/2514 2833/3709/2543 2832/3637/2542 2805/3499/2515
f 2833/3709/2543 2794/3766/2504 2793/3482/2503 2834/3481/2544
f 2843/3497/2553 2795/3505/2505 2794/3620/2504 2842/3619/2552
f 2801/3607/2511 2836/3606/2546 2835/3767/2545 2802/3693/2512
f 2797/3605/2507 2801/3607/2511 2800/3692/2510 2798/3768/2508
f 2791/3479/2501 2837/3478/2547 2836/3606/2546 2792/3621/2502
f 2840/3634/2550 2838/3633/2548 2837/3711/2547 2841/3712/2551
f 2838/3633/2548 2773/3635/2483 2772/3631/2482 2835/3630/2545
f 2773/3635/2483 2840/3634/2550 2839/3488/2549 2774/3487/2484
f 2774/3487/2484 2788/3489/2498 2787/3769/2497 2775/3681/2485
f 2788/3498/2498 2843/3497/2553 2842/3619/2552 2789/3770/2499
f 2770/3771/2480 2778/3682/2488 2777/3509/2487 2771/3628/2481
f 2808/3507/2518 2777/3509/2487 2776/3486/2486 2809/3485/2519
f 2811/3501/2521 2799/3500/2509 2798/3691/2508 2807/3696/2517
f 2785/3504/2495 2810/3503/2520 2809/3698/2519 2786/3772/2496
f 2874/3773/2584 2855/3717/2565 2854/3458/2564 2875/3457/2585
f 2845/3774/2555 2876/3775/2586 2875/3457/2585 2844/3460/2554
f 2860/3719/2570 2857/3776/2567 2856/3652/2566 2858/3528/2568
f 2917/3527/2627 2864/3529/2574 2866/3721/2576 2918/3744/2628
f 2865/3526/2575 2867/3644/2577 2869/3723/2579 2866/3777/2576
f 2926/3778/2636 2870/3779/2580 2873/3510/2583 2927/3459/2637
f 2872/3614/2582 2845/3616/2555 2844/3780/2554 2873/3725/2583
f 2879/3729/2589 2850/3781/2560 2853/3659/2563 2880/3661/2590
f 2909/3782/2619 2885/3733/2595 2884/3576/2594 2906/3578/2616
f 2887/3734/2597 2907/3783/2617 2906/3784/2616 2888/3569/2598
f 2931/3747/2641 2847/3713/2557 2846/3542/2556 2929/3541/2639
f 2847/3654/2557 2936/3656/2646 2939/3551/2649 2848/3550/2558
f 2905/3559/2615 2908/3558/2618 2907/3572/2617 2901/3571/2611
f 2870/3539/2580 2910/3538/2620 2913/3512/2623 2871/3511/2581
f 2922/3665/2632 2913/3512/2623 2912/3647/2622 2920/3646/2630
f 2863/3615/2573 2872/3614/2582 2871/3534/2581 2861/3536/2571
f 2868/3785/2578 2914/3742/2624 2916/3514/2626 2869/3533/2579
f 2918/3744/2628 2921/3786/2631 2920/3649/2630 2919/3651/2629
f 2919/3651/2629 2859/3650/2569 2858/3528/2568 2917/3527/2627
f 2859/3648/2569 2912/3647/2622 2911/3518/2621 2860/3517/2570
f 2855/3787/2565 2865/3720/2575 2864/3529/2574 2856/3652/2566
f 2876/3653/2586 2863/3615/2573 2862/3520/2572 2877/3522/2587
f 2857/3530/2567 2928/3532/2638 2927/3459/2637 2854/3458/2564
f 2930/3573/2640 2894/3575/2604 2897/3788/2607 2931/3747/2641
f 2900/3555/2610 2897/3556/2607 2896/3583/2606 2898/3666/2608
f 2852/3566/2562 2932/3565/2642 2935/3748/2645 2853/3789/2563
f 2894/3547/2604 2934/3549/2644 2933/3545/2643 2895/3544/2605
f 2880/3661/2590 2891/3658/2601 2890/3790/2600 2881/3730/2591
f 2893/3540/2603 2846/3542/2556 2849/3563/2559 2890/3562/2600
f 2850/3580/2560 2909/3660/2619 2908/3558/2618 2851/3557/2561
f 2902/3584/2612 2896/3583/2606 2895/3737/2605 2903/3791/2613
f 2888/3569/2598 2899/3568/2609 2898/3666/2608 2889/3582/2599
f 2882/3552/2592 2939/3551/2649 2938/3639/2648 2883/3638/2593
f 2817/3702/2527 2815/3700/2525 2814/3636/2524 2818/3586/2528
f 2815/3612/2525 2766/3604/2476 2765/3677/2475 2816/3792/2526
f 2758/3463/2468 2755/3462/2465 2754/3467/2464 2759/3469/2469
f 2742/3468/2452 2754/3467/2464 2753/3603/2463 2743/3589/2453
f 2830/3474/2540 2812/3473/2522 2816/3701/2526 2831/3793/2541
f 2799/3500/2509 2832/3637/2542 2834/3481/2544 2796/3483/2506
f 2802/3794/2512 2772/3795/2482 2771/3628/2481 2803/3508/2513
f 2810/3503/2520 2806/3502/2516 2805/3499/2515 2811/3501/2521
f 2783/3494/2493 2790/3493/2500 2789/3492/2499 2784/3506/2494
f 2914/3642/2624 2862/3520/2572 2861/3536/2571 2915/3535/2625
f 2921/3641/2631 2916/3514/2626 2915/3743/2625 2922/3796/2632
f 2928/3519/2638 2911/3518/2621 2910/3538/2620 2926/3537/2636
f 2923/3524/2633 2874/3560/2584 2878/3645/2588 2924/3643/2634
f 2867/3644/2577 2878/3645/2588 2877/3728/2587 2868/3722/2578
f 2892/3574/2602 2930/3573/2640 2929/3541/2639 2893/3540/2603
f 2891/3797/2601 2935/3748/2645 2934/3549/2644 2892/3548/2602
f 2932/3565/2642 2904/3564/2614 2903/3546/2613 2933/3545/2643
f 2848/3714/2558 2882/3798/2592 2881/3561/2591 2849/3563/2559
f 2883/3638/2593 2886/3640/2596 2885/3733/2595 2879/3799/2589
f 2851/3557/2561 2905/3559/2615 2904/3740/2614 2852/3715/2562
f 2901/3800/2611 2887/3734/2597 2889/3582/2599 2902/3584/2612
f 2899/3568/2609 2937/3567/2647 2936/3553/2646 2900/3555/2610
f 2937/3577/2647 2884/3576/2594 2886/3640/2596 2938/3639/2648
f 2744/3465/2454 2822/3476/2532 2749/3466/2459
f 2981/3448/2691 2977/3449/2687 2969/3450/2679
f 2968/3451/2678 2959/3452/2669 2956/3453/2666
f 3030/3454/2740 3015/3455/2725 2964/3456/2674
f 3074/3457/2784 3053/3458/2763 3126/3459/2836 3043/3460/2753
f 2962/3461/2672 2954/3462/2664 2957/3463/2667
f 2968/3464/2678 2943/3465/2653 2948/3466/2658
f 2953/3467/2663 2941/3468/2651 2958/3469/2668
f 3026/3470/2736 3016/3471/2726 2955/3472/2665
f 3011/3473/2721 3029/3474/2739 2950/3475/2660
f 2948/3466/2658 3021/3476/2731 3022/3477/2732
f 3036/3478/2746 2990/3479/2700 3040/3480/2750
f 3033/3481/2743 2992/3482/2702 2995/3483/2705
f 2985/3484/2695 3008/3485/2718 2975/3486/2685
f 2973/3487/2683 3038/3488/2748 2987/3489/2697
f 3041/3490/2751 3003/3491/2713 2988/3492/2698
f 2989/3493/2699 2982/3494/2692 2978/3495/2688
f 3038/3496/2748 3042/3497/2752 2987/3498/2697
f 3004/3499/2714 2998/3500/2708 3010/3501/2720
f 3005/3502/2715 3009/3503/2719 2984/3504/2694
f 2994/3505/2704 3042/3497/2752 3038/3496/2748
f 2988/3492/2698 3003/3491/2713 2983/3506/2693
f 3007/3507/2717 3002/3508/2712 2976/3509/2686
f 3043/3460/2753 3126/3459/2836 3072/3510/2782
f 3070/3511/2780 3112/3512/2822 3114/3513/2824
f 3115/3514/2825 3117/3515/2827 3065/3516/2775
f 3059/3517/2769 3110/3518/2820 3127/3519/2837
f 3061/3520/2771 2940/3521/2650 3076/3522/2786
f 3054/3523/2764 3122/3524/2832 3124/3525/2834 3064/3526/2774
f 3116/3527/2826 3057/3528/2767 3063/3529/2773
f 3056/3530/2766 3059/3531/2769 3127/3532/2837
f 3068/3533/2778 3115/3514/2825 3065/3516/2775
f 3070/3534/2780 3114/3535/2824 3060/3536/2770
f 3125/3537/2835 3109/3538/2819 3069/3539/2779
f 3092/3540/2802 3128/3541/2838 3045/3542/2755
f 3076/3522/2786 2940/3521/2650 3067/3543/2777
f 3094/3544/2804 3132/3545/2842 3102/3546/2812
f 3093/3547/2803 3091/3548/2801 3133/3549/2843
f 3047/3550/2757 3138/3551/2848 3081/3552/2791
f 3135/3553/2845 3130/3554/2840 3099/3555/2809
f 3099/3555/2809 3130/3554/2840 3096/3556/2806
f 3050/3557/2760 3107/3558/2817 3104/3559/2814
f 3073/3560/2783 3122/3524/2832 3054/3523/2764
f 3080/3561/2790 3089/3562/2799 3048/3563/2758
f 3103/3564/2813 3131/3565/2841 3051/3566/2761
f 3136/3567/2846 3098/3568/2808 3087/3569/2797
f 3086/3570/2796 3100/3571/2810 3106/3572/2816
f 3129/3573/2839 3091/3574/2801 3093/3575/2803
f 3083/3576/2793 3136/3577/2846 3105/3578/2815
f 3084/3579/2794 3049/3580/2759 3078/3581/2788
f 3088/3582/2798 3095/3583/2805 3101/3584/2811
f 3136/3577/2846 3087/3585/2797 3105/3578/2815
f 3017/3586/2727 3023/3587/2733 3020/3588/2730
f 2942/3589/2652 3018/3590/2728 3019/3591/2729
f 3027/3592/2737 2954/3593/2664 2962/3594/2672
f 2968/3451/2678 2956/3453/2666 2943/3595/2653
f 2961/3596/2671 2944/3597/2654 2963/3598/2673 3025/3599/2735
f 3024/3600/2734 3012/3601/2722 2949/3602/2659
f 2952/3603/2662 3018/3590/2728 2942/3589/2652
f 2965/3604/2675 3016/3471/2726 3026/3470/2736
f 2996/3605/2706 3035/3606/2745 3000/3607/2710
f 2951/3608/2661 2946/3609/2656 2966/3610/2676
f 3030/3454/2740 2964/3456/2674 2947/3611/2657
f 3014/3612/2724 3016/3471/2726 2965/3604/2675
f 2951/3608/2661 3028/3613/2738 2946/3609/2656
f 3071/3614/2781 3062/3615/2772 3044/3616/2754
f 3032/3617/2742 3003/3618/2713 3041/3619/2751 2993/3620/2703
f 2996/3605/2706 2991/3621/2701 3035/3606/2745
f 3006/3622/2716 2997/3623/2707 2999/3624/2709
f 2974/3625/2684 2986/3626/2696 2979/3627/2689
f 2970/3628/2680 2976/3509/2686 3002/3508/2712
f 3001/3629/2711 3034/3630/2744 2971/3631/2681
f 2980/3632/2690 2989/3493/2699 2978/3495/2688
f 3037/3633/2747 3039/3634/2749 2972/3635/2682
f 3013/3636/2723 3023/3587/2733 3017/3586/2727
f 3004/3499/2714 3031/3637/2741 2998/3500/2708
f 3082/3638/2792 3137/3639/2847 3085/3640/2795
f 3115/3514/2825 3120/3641/2830 3117/3515/2827
f 3061/3520/2771 3113/3642/2823 2940/3521/2650
f 2940/3521/2650 3113/3642/2823 3067/3543/2777
f 3124/3525/2834 3123/3643/2833 3066/3644/2776 3064/3526/2774
f 3077/3645/2787 3066/3644/2776 3123/3643/2833
f 3119/3646/2829 3111/3647/2821 3058/3648/2768
f 3119/3649/2829 3058/3650/2768 3118/3651/2828
f 3057/3528/2767 3055/3652/2765 3063/3529/2773
f 3044/3616/2754 3062/3615/2772 3075/3653/2785
f 3046/3654/2756 3130/3655/2840 3135/3656/2845
f 3134/3657/2844 3090/3658/2800 3052/3659/2762
f 3084/3579/2794 3108/3660/2818 3049/3580/2759
f 3052/3659/2762 3090/3658/2800 3079/3661/2789
f 2967/3662/2677 2945/3663/2655 2960/3664/2670
f 3114/3513/2824 3112/3512/2822 3121/3665/2831
f 3097/3666/2807 3095/3583/2805 3088/3582/2798
f 2941/3667/2651 2942/3668/2652 2943/3465/2653
f 2944/3669/2654 2945/3670/2655 2946/3609/2656 2947/3611/2657
f 2948/3671/2658 2949/3602/2659 2950/3672/2660 2951/3608/2661
f 2952/3603/2662 2953/3467/2663 2954/3462/2664 2955/3673/2665
f 2956/3674/2666 2957/3463/2667 2958/3469/2668
f 2959/3452/2669 2960/3664/2670 2961/3675/2671 2962/3676/2672
f 2963/3598/2673 2964/3677/2674 2965/3604/2675
f 2966/3678/2676 2967/3662/2677 2968/3451/2678
f 2969/3679/2679 2970/3680/2680 2971/3631/2681 2972/3635/2682 2973/3487/2683 2974/3681/2684
f 2975/3486/2685 2976/3509/2686 2977/3682/2687 2978/3683/2688
f 2979/3627/2689 2980/3632/2690 2981/3448/2691
f 2982/3494/2692 2983/3506/2693 2984/3684/2694 2985/3685/2695
f 2986/3626/2696 2987/3686/2697 2988/3492/2698 2989/3493/2699
f 2990/3687/2700 2991/3688/2701 2992/3689/2702 2993/3620/2703 2994/3505/2704
f 2995/3483/2705 2996/3690/2706 2997/3691/2707 2998/3500/2708
f 2999/3692/2709 3000/3607/2710 3001/3693/2711 3002/3694/2712
f 3003/3695/2713 3004/3499/2714 3005/3502/2715
f 3006/3696/2716 3007/3697/2717 3008/3698/2718 3009/3503/2719 3010/3501/2720
f 3011/3473/2721 3012/3699/2722 3013/3636/2723 3014/3700/2724 3015/3701/2725
f 3016/3702/2726 3017/3586/2727 3018/3703/2728
f 3019/3704/2729 3020/3705/2730 3021/3476/2731
f 3022/3706/2732 3023/3587/2733 3024/3707/2734
f 3025/3599/2735 3026/3470/2736 3027/3592/2737
f 3028/3613/2738 3029/3708/2739 3030/3454/2740
f 3031/3637/2741 3032/3709/2742 3033/3481/2743
f 3034/3630/2744 3035/3710/2745 3036/3711/2746 3037/3633/2747
f 3038/3488/2748 3039/3634/2749 3040/3712/2750
f 3045/3542/2755 3046/3713/2756 3047/3714/2757 3048/3563/2758
f 3049/3580/2759 3050/3557/2760 3051/3715/2761 3052/3716/2762
f 3053/3458/2763 3054/3717/2764 3055/3718/2765 3056/3530/2766
f 3057/3528/2767 3058/3650/2768 3059/3719/2769
f 3060/3536/2770 3061/3520/2771 3062/3615/2772
f 3063/3529/2773 3064/3720/2774 3065/3721/2775
f 3066/3644/2776 3067/3722/2777 3068/3723/2778
f 3069/3724/2779 3070/3534/2780 3071/3614/2781 3072/3725/2782
f 3073/3560/2783 3074/3726/2784 3075/3727/2785 3076/3728/2786 3077/3645/2787
f 3078/3729/2788 3079/3661/2789 3080/3730/2790 3081/3731/2791 3082/3732/2792
f 3083/3576/2793 3084/3733/2794 3085/3640/2795
f 3086/3734/2796 3087/3569/2797 3088/3582/2798
f 3089/3562/2799 3090/3735/2800 3091/3574/2801 3092/3540/2802
f 3093/3736/2803 3094/3737/2804 3095/3583/2805 3096/3556/2806
f 3097/3666/2807 3098/3568/2808 3099/3555/2809
f 3100/3571/2810 3101/3738/2811 3102/3739/2812 3103/3740/2813 3104/3559/2814
f 3105/3741/2815 3106/3572/2816 3107/3558/2817 3108/3660/2818
f 3109/3538/2819 3110/3518/2820 3111/3647/2821 3112/3512/2822
f 3113/3742/2823 3114/3743/2824 3115/3514/2825
f 3116/3527/2826 3117/3744/2827 3118/3651/2828
f 3119/3646/2829 3120/3745/2830 3121/3665/2831
f 3122/3524/2832 3123/3643/2833 3124/3525/2834
f 3125/3537/2835 3126/3746/2836 3127/3519/2837
f 3128/3541/2838 3129/3573/2839 3130/3747/2840
f 3131/3565/2841 3132/3545/2842 3133/3549/2843 3134/3748/2844
f 3135/3656/2845 3136/3577/2846 3137/3639/2847 3138/3551/2848
f 2968/3464/2678 2948/3466/2658 2951/3749/2661 2966/3750/2676
f 3011/3751/2721 2950/3672/2660 2949/3602/2659 3012/3601/2722
f 2955/3673/2665 3016/3752/2726 3018/3590/2728 2952/3603/2662
f 3017/3586/2727 3020/3588/2730 3019/3753/2729 3018/3703/2728
f 2965/3604/2675 3026/3470/2736 3025/3599/2735 2963/3598/2673
f 2943/3754/2653 2956/3674/2666 2958/3469/2668 2941/3468/2651
f 2956/3453/2666 2959/3452/2669 2962/3676/2672 2957/3755/2667
f 2959/3452/2669 2968/3451/2678 2967/3662/2677 2960/3664/2670
f 2981/3448/2691 2969/3450/2679 2974/3625/2684 2979/3627/2689
f 2985/3685/2695 2975/3756/2685 2978/3495/2688 2982/3494/2692
f 2977/3449/2687 2981/3448/2691 2980/3632/2690 2978/3495/2688
f 3005/3757/2715 2984/3684/2694 2983/3506/2693 3003/3491/2713
f 3040/3758/2750 2990/3687/2700 2994/3505/2704 3038/3496/2748
f 2989/3493/2699 2980/3632/2690 2979/3627/2689 2986/3626/2696
f 2995/3759/2705 2992/3760/2702 2991/3621/2701 2996/3605/2706
f 3002/3508/2712 3007/3507/2717 3006/3622/2716 2999/3624/2709
f 3020/3588/2730 3023/3587/2733 3022/3706/2732 3021/3761/2731
f 3012/3699/2722 3024/3707/2734 3023/3587/2733 3013/3636/2723
f 2948/3671/2658 3022/3762/2732 3024/3600/2734 2949/3602/2659
f 2942/3668/2652 3019/3704/2729 3021/3476/2731 2943/3465/2653
f 2944/3763/2654 2961/3675/2671 2960/3664/2670 2945/3663/2655
f 2961/3596/2671 3025/3599/2735 3027/3592/2737 2962/3594/2672
f 2954/3593/2664 3027/3592/2737 3026/3470/2736 2955/3472/2665
f 2966/3678/2676 2946/3764/2656 2945/3663/2655 2967/3662/2677
f 2946/3609/2656 3028/3613/2738 3030/3454/2740 2947/3611/2657
f 2950/3672/2660 3029/3708/2739 3028/3613/2738 2951/3608/2661
f 2947/3765/2657 2964/3677/2674 2963/3598/2673 2944/3597/2654
f 3003/3695/2713 3032/3709/2742 3031/3637/2741 3004/3499/2714
f 3032/3709/2742 2993/3766/2703 2992/3482/2702 3033/3481/2743
f 3042/3497/2752 2994/3505/2704 2993/3620/2703 3041/3619/2751
f 3000/3607/2710 3035/3606/2745 3034/3767/2744 3001/3693/2711
f 2996/3605/2706 3000/3607/2710 2999/3692/2709 2997/3768/2707
f 2990/3479/2700 3036/3478/2746 3035/3606/2745 2991/3621/2701
f 3039/3634/2749 3037/3633/2747 3036/3711/2746 3040/3712/2750
f 3037/3633/2747 2972/3635/2682 2971/3631/2681 3034/3630/2744
f 2972/3635/2682 3039/3634/2749 3038/3488/2748 2973/3487/2683
f 2973/3487/2683 2987/3489/2697 2986/3769/2696 2974/3681/2684
f 2987/3498/2697 3042/3497/2752 3041/3619/2751 2988/3770/2698
f 2969/3771/2679 2977/3682/2687 2976/3509/2686 2970/3628/2680
f 3007/3507/2717 2976/3509/2686 2975/3486/2685 3008/3485/2718
f 3010/3501/2720 2998/3500/2708 2997/3691/2707 3006/3696/2716
f 2984/3504/2694 3009/3503/2719 3008/3698/2718 2985/3772/2695
f 3073/3773/2783 3054/3717/2764 3053/3458/2763 3074/3457/2784
f 3044/3774/2754 3075/3775/2785 3074/3457/2784 3043/3460/2753
f 3059/3719/2769 3056/3776/2766 3055/3652/2765 3057/3528/2767
f 3116/3527/2826 3063/3529/2773 3065/3721/2775 3117/3744/2827
f 3064/3526/2774 3066/3644/2776 3068/3723/2778 3065/3777/2775
f 3125/3778/2835 3069/3779/2779 3072/3510/2782 3126/3459/2836
f 3071/3614/2781 3044/3616/2754 3043/3780/2753 3072/3725/2782
f 3078/3729/2788 3049/3781/2759 3052/3659/2762 3079/3661/2789
f 3108/3782/2818 3084/3733/2794 3083/3576/2793 3105/3578/2815
f 3086/3734/2796 3106/3783/2816 3105/3784/2815 3087/3569/2797
f 3130/3747/2840 3046/3713/2756 3045/3542/2755 3128/3541/2838
f 3046/3654/2756 3135/3656/2845 3138/3551/2848 3047/3550/2757
f 3104/3559/2814 3107/3558/2817 3106/3572/2816 3100/3571/2810
f 3069/3539/2779 3109/3538/2819 3112/3512/2822 3070/3511/2780
f 3121/3665/2831 3112/3512/2822 3111/3647/2821 3119/3646/2829
f 3062/3615/2772 3071/3614/2781 3070/3534/2780 3060/3536/2770
f 3067/3785/2777 3113/3742/2823 3115/3514/2825 3068/3533/2778
f 3117/3744/2827 3120/3786/2830 3119/3649/2829 3118/3651/2828
f 3118/3651/2828 3058/3650/2768 3057/3528/2767 3116/3527/2826
f 3058/3648/2768 3111/3647/2821 3110/3518/2820 3059/3517/2769
f 3054/3787/2764 3064/3720/2774 3063/3529/2773 3055/3652/2765
f 3075/3653/2785 3062/3615/2772 3061/3520/2771 3076/3522/2786
f 3056/3530/2766 3127/3532/2837 3126/3459/2836 3053/3458/2763
f 3129/3573/2839 3093/3575/2803 3096/3788/2806 3130/3747/2840
f 3099/3555/2809 3096/3556/2806 3095/3583/2805 3097/3666/2807
f 3051/3566/2761 3131/3565/2841 3134/3748/2844 3052/3789/2762
f 3093/3547/2803 3133/3549/2843 3132/3545/2842 3094/3544/2804
f 3079/3661/2789 3090/3658/2800 3089/3790/2799 3080/3730/2790
f 3092/3540/2802 3045/3542/2755 3048/3563/2758 3089/3562/2799
f 3049/3580/2759 3108/3660/2818 3107/3558/2817 3050/3557/2760
f 3101/3584/2811 3095/3583/2805 3094/3737/2804 3102/3791/2812
f 3087/3569/2797 3098/3568/2808 3097/3666/2807 3088/3582/2798
f 3081/3552/2791 3138/3551/2848 3137/3639/2847 3082/3638/2792
f 3016/3702/2726 3014/3700/2724 3013/3636/2723 3017/3586/2727
f 3014/3612/2724 2965/3604/2675 2964/3677/2674 3015/3792/2725
f 2957/3463/2667 2954/3462/2664 2953/3467/2663 2958/3469/2668
f 2941/3468/2651 2953/3467/2663 2952/3603/2662 2942/3589/2652
f 3029/3474/2739 3011/3473/2721 3015/3701/2725 3030/3793/2740
f 2998/3500/2708 3031/3637/2741 3033/3481/2743 2995/3483/2705
f 3001/3794/2711 2971/3795/2681 2970/3628/2680 3002/3508/2712
f 3009/3503/2719 3005/3502/2715 3004/3499/2714 3010/3501/2720
f 2982/3494/2692 2989/3493/2699 2988/3492/2698 2983/3506/2693
f 3113/3642/2823 3061/3520/2771 3060/3536/2770 3114/3535/2824
f 3120/3641/2830 3115/3514/2825 3114/3743/2824 3121/3796/2831
f 3127/3519/2837 3110/3518/2820 3109/3538/2819 3125/3537/2835
f 3122/3524/2832 3073/3560/2783 3077/3645/2787 3123/3643/2833
f 3066/3644/2776 3077/3645/2787 3076/3728/2786 3067/3722/2777
f 3091/3574/2801 3129/3573/2839 3128/3541/2838 3092/3540/2802
f 3090/3797/2800 3134/3748/2844 3133/3549/2843 3091/3548/2801
f 3131/3565/2841 3103/3564/2813 3102/3546/2812 3132/3545/2842
f 3047/3714/2757 3081/3798/2791 3080/3561/2790 3048/3563/2758
f 3082/3638/2792 3085/3640/2795 3084/3733/2794 3078/3799/2788
f 3050/3557/2760 3104/3559/2814 3103/3740/2813 3051/3715/2761
f 3100/3800/2810 3086/3734/2796 3088/3582/2798 3101/3584/2811
f 3098/3568/2808 3136/3567/2846 3135/3553/2845 3099/3555/2809
f 3136/3577/2846 3083/3576/2793 3085/3640/2795 3137/3639/2847
f 2943/3465/2653 3021/3476/2731 2948/3466/2658
f 3180/3448/2890 3176/3449/2886 3168/3450/2878
f 3167/3451/2877 3158/3452/2868 3155/3453/2865
f 3229/3454/2939 3214/3455/2924 3163/3456/2873
f 3273/3457/2983 3252/3458/2962 3325/3459/3035 3242/3460/2952
f 3161/3461/2871 3153/3462/2863 3156/3463/2866
f 3167/3464/2877 3142/3465/2852 3147/3466/2857
f 3152/3467/2862 3140/3468/2850 3157/3469/2867
f 3225/3470/2935 3215/3471/2925 3154/3472/2864
f 3210/3473/2920 3228/3474/2938 3149/3475/2859
f 3147/3466/2857 3220/3476/2930 3221/3477/2931
f 3235/3478/2945 3189/3479/2899 3239/3480/2949
f 3232/3481/2942 3191/3482/2901 3194/3483/2904
f 3184/3484/2894 3207/3485/2917 3174/3486/2884
f 3172/3487/2882 3237/3488/2947 3186/3489/2896
f 3240/3490/2950 3202/3491/2912 3187/3492/2897
f 3188/3493/2898 3181/3494/2891 3177/3495/2887
f 3237/3496/2947 3241/3497/2951 3186/3498/2896
f 3203/3499/2913 3197/3500/2907 3209/3501/2919
f 3204/3502/2914 3208/3503/2918 3183/3504/2893
f 3193/3505/2903 3241/3497/2951 3237/3496/2947
f 3187/3492/2897 3202/3491/2912 3182/3506/2892
f 3206/3507/2916 3201/3508/2911 3175/3509/2885
f 3242/3460/2952 3325/3459/3035 3271/3510/2981
f 3269/3511/2979 3311/3512/3021 3313/3513/3023
f 3314/3514/3024 3316/3515/3026 3264/3516/2974
f 3258/3517/2968 3309/3518/3019 3326/3519/3036
f 3260/3520/2970 3139/3521/2849 3275/3522/2985
f 3253/3523/2963 3321/3524/3031 3323/3525/3033 3263/3526/2973
f 3315/3527/3025 3256/3528/2966 3262/3529/2972
f 3255/3530/2965 3258/3531/2968 3326/3532/3036
f 3267/3533/2977 3314/3514/3024 3264/3516/2974
f 3269/3534/2979 3313/3535/3023 3259/3536/2969
f 3324/3537/3034 3308/3538/3018 3268/3539/2978
f 3291/3540/3001 3327/3541/3037 3244/3542/2954
f 3275/3522/2985 3139/3521/2849 3266/3543/2976
f 3293/3544/3003 3331/3545/3041 3301/3546/3011
f 3292/3547/3002 3290/3548/3000 3332/3549/3042
f 3246/3550/2956 3337/3551/3047 3280/3552/2990
f 3334/3553/3044 3329/3554/3039 3298/3555/3008
f 3298/3555/3008 3329/3554/3039 3295/3556/3005
f 3249/3557/2959 3306/3558/3016 3303/3559/3013
f 3272/3560/2982 3321/3524/3031 3253/3523/2963
f 3279/3561/2989 3288/3562/2998 3247/3563/2957
f 3302/3564/3012 3330/3565/3040 3250/3566/2960
f 3335/3567/3045 3297/3568/3007 3286/3569/2996
f 3285/3570/2995 3299/3571/3009 3305/3572/3015
f 3328/3573/3038 3290/3574/3000 3292/3575/3002
f 3282/3576/2992 3335/3577/3045 3304/3578/3014
f 3283/3579/2993 3248/3580/2958 3277/3581/2987
f 3287/3582/2997 3294/3583/3004 3300/3584/3010
f 3335/3577/3045 3286/3585/2996 3304/3578/3014
f 3216/3586/2926 3222/3587/2932 3219/3588/2929
f 3141/3589/2851 3217/3590/2927 3218/3591/2928
f 3226/3592/2936 3153/3593/2863 3161/3594/2871
f 3167/3451/2877 3155/3453/2865 3142/3595/2852
f 3160/3596/2870 3143/3597/2853 3162/3598/2872 3224/3599/2934
f 3223/3600/2933 3211/3601/2921 3148/3602/2858
f 3151/3603/2861 3217/3590/2927 3141/3589/2851
f 3164/3604/2874 3215/3471/2925 3225/3470/2935
f 3195/3605/2905 3234/3606/2944 3199/3607/2909
f 3150/3608/2860 3145/3609/2855 3165/3610/2875
f 3229/3454/2939 3163/3456/2873 3146/3611/2856
f 3213/3612/2923 3215/3471/2925 3164/3604/2874
f 3150/3608/2860 3227/3613/2937 3145/3609/2855
f 3270/3614/2980 3261/3615/2971 3243/3616/2953
f 3231/3617/2941 3202/3618/2912 3240/3619/2950 3192/3620/2902
f 3195/3605/2905 3190/3621/2900 3234/3606/2944
f 3205/3622/2915 3196/3623/2906 3198/3624/2908
f 3173/3625/2883 3185/3626/2895 3178/3627/2888
f 3169/3628/2879 3175/3509/2885 3201/3508/2911
f 3200/3629/2910 3233/3630/2943 3170/3631/2880
f 3179/3632/2889 3188/3493/2898 3177/3495/2887
f 3236/3633/2946 3238/3634/2948 3171/3635/2881
f 3212/3636/2922 3222/3587/2932 3216/3586/2926
f 3203/3499/2913 3230/3637/2940 3197/3500/2907
f 3281/3638/2991 3336/3639/3046 3284/3640/2994
f 3314/3514/3024 3319/3641/3029 3316/3515/3026
f 3260/3520/2970 3312/3642/3022 3139/3521/2849
f 3139/3521/2849 3312/3642/3022 3266/3543/2976
f 3323/3525/3033 3322/3643/3032 3265/3644/2975 3263/3526/2973
f 3276/3645/2986 3265/3644/2975 3322/3643/3032
f 3318/3646/3028 3310/3647/3020 3257/3648/2967
f 3318/3649/3028 3257/3650/2967 3317/3651/3027
f 3256/3528/2966 3254/3652/2964 3262/3529/2972
f 3243/3616/2953 3261/3615/2971 3274/3653/2984
f 3245/3654/2955 3329/3655/3039 3334/3656/3044
f 3333/3657/3043 3289/3658/2999 3251/3659/2961
f 3283/3579/2993 3307/3660/3017 3248/3580/2958
f 3251/3659/2961 3289/3658/2999 3278/3661/2988
f 3166/3662/2876 3144/3663/2854 3159/3664/2869
f 3313/3513/3023 3311/3512/3021 3320/3665/3030
f 3296/3666/3006 3294/3583/3004 3287/3582/2997
f 3140/3667/2850 3141/3668/2851 3142/3465/2852
f 3143/3669/2853 3144/3670/2854 3145/3609/2855 3146/3611/2856
f 3147/3671/2857 3148/3602/2858 3149/3672/2859 3150/3608/2860
f 3151/3603/2861 3152/3467/2862 3153/3462/2863 3154/3673/2864
f 3155/3674/2865 3156/3463/2866 3157/3469/2867
f 3158/3452/2868 3159/3664/2869 3160/3675/2870 3161/3676/2871
f 3162/3598/2872 3163/3677/2873 3164/3604/2874
f 3165/3678/2875 3166/3662/2876 3167/3451/2877
f 3168/3679/2878 3169/3680/2879 3170/3631/2880 3171/3635/2881 3172/3487/2882 3173/3681/2883
f 3174/3486/2884 3175/3509/2885 3176/3682/2886 3177/3683/2887
f 3178/3627/2888 3179/3632/2889 3180/3448/2890
f 3181/3494/2891 3182/3506/2892 3183/3684/2893 3184/3685/2894
f 3185/3626/2895 3186/3686/2896 3187/3492/2897 3188/3493/2898
f 3189/3687/2899 3190/3688/2900 3191/3689/2901 3192/3620/2902 3193/3505/2903
f 3194/3483/2904 3195/3690/2905 3196/3691/2906 3197/3500/2907
f 3198/3692/2908 3199/3607/2909 3200/3693/2910 3201/3694/2911
f 3202/3695/2912 3203/3499/2913 3204/3502/2914
f 3205/3696/2915 3206/3697/2916 3207/3698/2917 3208/3503/2918 3209/3501/2919
f 3210/3473/2920 3211/3699/2921 3212/3636/2922 3213/3700/2923 3214/3701/2924
f 3215/3702/2925 3216/3586/2926 3217/3703/2927
f 3218/3704/2928 3219/3705/2929 3220/3476/2930
f 3221/3706/2931 3222/3587/2932 3223/3707/2933
f 3224/3599/2934 3225/3470/2935 3226/3592/2936
f 3227/3613/2937 3228/3708/2938 3229/3454/2939
f 3230/3637/2940 3231/3709/2941 3232/3481/2942
f 3233/3630/2943 3234/3710/2944 3235/3711/2945 3236/3633/2946
f 3237/3488/2947 3238/3634/2948 3239/3712/2949
f 3244/3542/2954 3245/3713/2955 3246/3714/2956 3247/3563/2957
f 3248/3580/2958 3249/3557/2959 3250/3715/2960 3251/3716/2961
f 3252/3458/2962 3253/3717/2963 3254/3718/2964 3255/3530/2965
f 3256/3528/2966 3257/3650/2967 3258/3719/2968
f 3259/3536/2969 3260/3520/2970 3261/3615/2971
f 3262/3529/2972 3263/3720/2973 3264/3721/2974
f 3265/3644/2975 3266/3722/2976 3267/3723/2977
f 3268/3724/2978 3269/3534/2979 3270/3614/2980 3271/3725/2981
f 3272/3560/2982 3273/3726/2983 3274/3727/2984 3275/3728/2985 3276/3645/2986
f 3277/3729/2987 3278/3661/2988 3279/3730/2989 3280/3731/2990 3281/3732/2991
f 3282/3576/2992 3283/3733/2993 3284/3640/2994
f 3285/3734/2995 3286/3569/2996 3287/3582/2997
f 3288/3562/2998 3289/3735/2999 3290/3574/3000 3291/3540/3001
f 3292/3736/3002 3293/3737/3003 3294/3583/3004 3295/3556/3005
f 3296/3666/3006 3297/3568/3007 3298/3555/3008
f 3299/3571/3009 3300/3738/3010 3301/3739/3011 3302/3740/3012 3303/3559/3013
f 3304/3741/3014 3305/3572/3015 3306/3558/3016 3307/3660/3017
f 3308/3538/3018 3309/3518/3019 3310/3647/3020 3311/3512/3021
f 3312/3742/3022 3313/3743/3023 3314/3514/3024
f 3315/3527/3025 3316/3744/3026 3317/3651/3027
f 3318/3646/3028 3319/3745/3029 3320/3665/3030
f 3321/3524/3031 3322/3643/3032 3323/3525/3033
f 3324/3537/3034 3325/3746/3035 3326/3519/3036
f 3327/3541/3037 3328/3573/3038 3329/3747/3039
f 3330/3565/3040 3331/3545/3041 3332/3549/3042 3333/3748/3043
f 3334/3656/3044 3335/3577/3045 3336/3639/3046 3337/3551/3047
f 3167/3464/2877 3147/3466/2857 3150/3749/2860 3165/3750/2875
f 3210/3751/2920 3149/3672/2859 3148/3602/2858 3211/3601/2921
f 3154/3673/2864 3215/3752/2925 3217/3590/2927 3151/3603/2861
f 3216/3586/2926 3219/3588/2929 3218/3753/2928 3217/3703/2927
f 3164/3604/2874 3225/3470/2935 3224/3599/2934 3162/3598/2872
f 3142/3754/2852 3155/3674/2865 3157/3469/2867 3140/3468/2850
f 3155/3453/2865 3158/3452/2868 3161/3676/2871 3156/3755/2866
f 3158/3452/2868 3167/3451/2877 3166/3662/2876 3159/3664/2869
f 3180/3448/2890 3168/3450/2878 3173/3625/2883 3178/3627/2888
f 3184/3685/2894 3174/3756/2884 3177/3495/2887 3181/3494/2891
f 3176/3449/2886 3180/3448/2890 3179/3632/2889 3177/3495/2887
f 3204/3757/2914 3183/3684/2893 3182/3506/2892 3202/3491/2912
f 3239/3758/2949 3189/3687/2899 3193/3505/2903 3237/3496/2947
f 3188/3493/2898 3179/3632/2889 3178/3627/2888 3185/3626/2895
f 3194/3759/2904 3191/3760/2901 3190/3621/2900 3195/3605/2905
f 3201/3508/2911 3206/3507/2916 3205/3622/2915 3198/3624/2908
f 3219/3588/2929 3222/3587/2932 3221/3706/2931 3220/3761/2930
f 3211/3699/2921 3223/3707/2933 3222/3587/2932 3212/3636/2922
f 3147/3671/2857 3221/3762/2931 3223/3600/2933 3148/3602/2858
f 3141/3668/2851 3218/3704/2928 3220/3476/2930 3142/3465/2852
f 3143/3763/2853 3160/3675/2870 3159/3664/2869 3144/3663/2854
f 3160/3596/2870 3224/3599/2934 3226/3592/2936 3161/3594/2871
f 3153/3593/2863 3226/3592/2936 3225/3470/2935 3154/3472/2864
f 3165/3678/2875 3145/3764/2855 3144/3663/2854 3166/3662/2876
f 3145/3609/2855 3227/3613/2937 3229/3454/2939 3146/3611/2856
f 3149/3672/2859 3228/3708/2938 3227/3613/2937 3150/3608/2860
f 3146/3765/2856 3163/3677/2873 3162/3598/2872 3143/3597/2853
f 3202/3695/2912 3231/3709/2941 3230/3637/2940 3203/3499/2913
f 3231/3709/2941 3192/3766/2902 3191/3482/2901 3232/3481/2942
f 3241/3497/2951 3193/3505/2903 3192/3620/2902 3240/3619/2950
f 3199/3607/2909 3234/3606/2944 3233/3767/2943 3200/3693/2910
f 3195/3605/2905 3199/3607/2909 3198/3692/2908 3196/3768/2906
f 3189/3479/2899 3235/3478/2945 3234/3606/2944 3190/3621/2900
f 3238/3634/2948 3236/3633/2946 3235/3711/2945 3239/3712/2949
f 3236/3633/2946 3171/3635/2881 3170/3631/2880 3233/3630/2943
f 3171/3635/2881 3238/3634/2948 3237/3488/2947 3172/3487/2882
f 3172/3487/2882 3186/3489/2896 3185/3769/2895 3173/3681/2883
f 3186/3498/2896 3241/3497/2951 3240/3619/2950 3187/3770/2897
f 3168/3771/2878 3176/3682/2886 3175/3509/2885 3169/3628/2879
f 3206/3507/2916 3175/3509/2885 3174/3486/2884 3207/3485/2917
f 3209/3501/2919 3197/3500/2907 3196/3691/2906 3205/3696/2915
f 3183/3504/2893 3208/3503/2918 3207/3698/2917 3184/3772/2894
f 3272/3773/2982 3253/3717/2963 3252/3458/2962 3273/3457/2983
f 3243/3774/2953 3274/3775/2984 3273/3457/2983 3242/3460/2952
f 3258/3719/2968 3255/3776/2965 3254/3652/2964 3256/3528/2966
f 3315/3527/3025 3262/3529/2972 3264/3721/2974 3316/3744/3026
f 3263/3526/2973 3265/3644/2975 3267/3723/2977 3264/3777/2974
f 3324/3778/3034 3268/3779/2978 3271/3510/2981 3325/3459/3035
f 3270/3614/2980 3243/3616/2953 3242/3780/2952 3271/3725/2981
f 3277/3729/2987 3248/3781/2958 3251/3659/2961 3278/3661/2988
f 3307/3782/3017 3283/3733/2993 3282/3576/2992 3304/3578/3014
f 3285/3734/2995 3305/3783/3015 3304/3784/3014 3286/3569/2996
f 3329/3747/3039 3245/3713/2955 3244/3542/2954 3327/3541/3037
f 3245/3654/2955 3334/3656/3044 3337/3551/3047 3246/3550/2956
f 3303/3559/3013 3306/3558/3016 3305/3572/3015 3299/3571/3009
f 3268/3539/2978 3308/3538/3018 3311/3512/3021 3269/3511/2979
f 3320/3665/3030 3311/3512/3021 3310/3647/3020 3318/3646/3028
f 3261/3615/2971 3270/3614/2980 3269/3534/2979 3259/3536/2969
f 3266/3785/2976 3312/3742/3022 3314/3514/3024 3267/3533/2977
f 3316/3744/3026 3319/3786/3029 3318/3649/3028 3317/3651/3027
f 3317/3651/3027 3257/3650/2967 3256/3528/2966 3315/3527/3025
f 3257/3648/2967 3310/3647/3020 3309/3518/3019 3258/3517/2968
f 3253/3787/2963 3263/3720/2973 3262/3529/2972 3254/3652/2964
f 3274/3653/2984 3261/3615/2971 3260/3520/2970 3275/3522/2985
f 3255/3530/2965 3326/3532/3036 3325/3459/3035 3252/3458/2962
f 3328/3573/3038 3292/3575/3002 3295/3788/3005 3329/3747/3039
f 3298/3555/3008 3295/3556/3005 3294/3583/3004 3296/3666/3006
f 3250/3566/2960 3330/3565/3040 3333/3748/3043 3251/3789/2961
f 3292/3547/3002 3332/3549/3042 3331/3545/3041 3293/3544/3003
f 3278/3661/2988 3289/3658/2999 3288/3790/2998 3279/3730/2989
f 3291/3540/3001 3244/3542/2954 3247/3563/2957 3288/3562/2998
f 3248/3580/2958 3307/3660/3017 3306/3558/3016 3249/3557/2959
f 3300/3584/3010 3294/3583/3004 3293/3737/3003 3301/3791/3011
f 3286/3569/2996 3297/3568/3007 3296/3666/3006 3287/3582/2997
f 3280/3552/2990 3337/3551/3047 3336/3639/3046 3281/3638/2991
f 3215/3702/2925 3213/3700/2923 3212/3636/2922 3216/3586/2926
f 3213/3612/2923 3164/3604/2874 3163/3677/2873 3214/3792/2924
f 3156/3463/2866 3153/3462/2863 3152/3467/2862 3157/3469/2867
f 3140/3468/2850 3152/3467/2862 3151/3603/2861 3141/3589/2851
f 3228/3474/2938 3210/3473/2920 3214/3701/2924 3229/3793/2939
f 3197/3500/2907 3230/3637/2940 3232/3481/2942 3194/3483/2904
f 3200/3794/2910 3170/3795/2880 3169/3628/2879 3201/3508/2911
f 3208/3503/2918 3204/3502/2914 3203/3499/2913 3209/3501/2919
f 3181/3494/2891 3188/3493/2898 3187/3492/2897 3182/3506/2892
f 3312/3642/3022 3260/3520/2970 3259/3536/2969 3313/3535/3023
f 3319/3641/3029 3314/3514/3024 3313/3743/3023 3320/3796/3030
f 3326/3519/3036 3309/3518/3019 3308/3538/3018 3324/3537/3034
f 3321/3524/3031 3272/3560/2982 3276/3645/2986 3322/3643/3032
f 3265/3644/2975 3276/3645/2986 3275/3728/2985 3266/3722/2976
f 3290/3574/3000 3328/3573/3038 3327/3541/3037 3291/3540/3001
f 3289/3797/2999 3333/3748/3043 3332/3549/3042 3290/3548/3000
f 3330/3565/3040 3302/3564/3012 3301/3546/3011 3331/3545/3041
f 3246/3714/2956 3280/3798/2990 3279/3561/2989 3247/3563/2957
f 3281/3638/2991 3284/3640/2994 3283/3733/2993 3277/3799/2987
f 3249/3557/2959 3303/3559/3013 3302/3740/3012 3250/3715/2960
f 3299/3800/3009 3285/3734/2995 3287/3582/2997 3300/3584/3010
f 3297/3568/3007 3335/3567/3045 3334/3553/3044 3298/3555/3008
f 3335/3577/3045 3282/3576/2992 3284/3640/2994 3336/3639/3046
f 3142/3465/2852 3220/3476/2930 3147/3466/2857
f 3379/3448/3089 3375/3449/3085 3367/3450/3077
f 3366/3451/3076 3357/3452/3067 3354/3453/3064
f 3428/3454/3138 3413/3455/3123 3362/3456/3072
f 3472/3457/3182 3451/3458/3161 3524/3459/3234 3441/3460/3151
f 3360/3461/3070 3352/3462/3062 3355/3463/3065
f 3366/3464/3076 3341/3465/3051 3346/3466/3056
f 3351/3467/3061 3339/3468/3049 3356/3469/3066
f 3424/3470/3134 3414/3471/3124 3353/3472/3063
f 3409/3473/3119 3427/3474/3137 3348/3475/3058
f 3346/3466/3056 3419/3476/3129 3420/3477/3130
f 3434/3478/3144 3388/3479/3098 3438/3480/3148
f 3431/3481/3141 3390/3482/3100 3393/3483/3103
f 3383/3484/3093 3406/3485/3116 3373/3486/3083
f 3371/3487/3081 3436/3488/3146 3385/3489/3095
f 3439/3490/3149 3401/3491/3111 3386/3492/3096
f 3387/3493/3097 3380/3494/3090 3376/3495/3086
f 3436/3496/3146 3440/3497/3150 3385/3498/3095
f 3402/3499/3112 3396/3500/3106 3408/3501/3118
f 3403/3502/3113 3407/3503/3117 3382/3504/3092
f 3392/3505/3102 3440/3497/3150 3436/3496/3146
f 3386/3492/3096 3401/3491/3111 3381/3506/3091
f 3405/3507/3115 3400/3508/3110 3374/3509/3084
f 3441/3460/3151 3524/3459/3234 3470/3510/3180
f 3468/3511/3178 3510/3512/3220 3512/3513/3222
f 3513/3514/3223 3515/3515/3225 3463/3516/3173
f 3457/3517/3167 3508/3518/3218 3525/3519/3235
f 3459/3520/3169 3338/3521/3048 3474/3522/3184
f 3452/3523/3162 3520/3524/3230 3522/3525/3232 3462/3526/3172
f 3514/3527/3224 3455/3528/3165 3461/3529/3171
f 3454/3530/3164 3457/3531/3167 3525/3532/3235
f 3466/3533/3176 3513/3514/3223 3463/3516/3173
f 3468/3534/3178 3512/3535/3222 3458/3536/3168
f 3523/3537/3233 3507/3538/3217 3467/3539/3177
f 3490/3540/3200 3526/3541/3236 3443/3542/3153
f 3474/3522/3184 3338/3521/3048 3465/3543/3175
f 3492/3544/3202 3530/3545/3240 3500/3546/3210
f 3491/3547/3201 3489/3548/3199 3531/3549/3241
f 3445/3550/3155 3536/3551/3246 3479/3552/3189
f 3533/3553/3243 3528/3554/3238 3497/3555/3207
f 3497/3555/3207 3528/3554/3238 3494/3556/3204
f 3448/3557/3158 3505/3558/3215 3502/3559/3212
f 3471/3560/3181 3520/3524/3230 3452/3523/3162
f 3478/3561/3188 3487/3562/3197 3446/3563/3156
f 3501/3564/3211 3529/3565/3239 3449/3566/3159
f 3534/3567/3244 3496/3568/3206 3485/3569/3195
f 3484/3570/3194 3498/3571/3208 3504/3572/3214
f 3527/3573/3237 3489/3574/3199 3491/3575/3201
f 3481/3576/3191 3534/3577/3244 3503/3578/3213
f 3482/3579/3192 3447/3580/3157 3476/3581/3186
f 3486/3582/3196 3493/3583/3203 3499/3584/3209
f 3534/3577/3244 3485/3585/3195 3503/3578/3213
f 3415/3586/3125 3421/3587/3131 3418/3588/3128
f 3340/3589/3050 3416/3590/3126 3417/3591/3127
f 3425/3592/3135 3352/3593/3062 3360/3594/3070
f 3366/3451/3076 3354/3453/3064 3341/3595/3051
f 3359/3596/3069 3342/3597/3052 3361/3598/3071 3423/3599/3133
f 3422/3600/3132 3410/3601/3120 3347/3602/3057
f 3350/3603/3060 3416/3590/3126 3340/3589/3050
f 3363/3604/3073 3414/3471/3124 3424/3470/3134
f 3394/3605/3104 3433/3606/3143 3398/3607/3108
f 3349/3608/3059 3344/3609/3054 3364/3610/3074
f 3428/3454/3138 3362/3456/3072 3345/3611/3055
f 3412/3612/3122 3414/3471/3124 3363/3604/3073
f 3349/3608/3059 3426/3613/3136 3344/3609/3054
f 3469/3614/3179 3460/3615/3170 3442/3616/3152
f 3430/3617/3140 3401/3618/3111 3439/3619/3149 3391/3620/3101
f 3394/3605/3104 3389/3621/3099 3433/3606/3143
f 3404/3622/3114 3395/3623/3105 3397/3624/3107
f 3372/3625/3082 3384/3626/3094 3377/3627/3087
f 3368/3628/3078 3374/3509/3084 3400/3508/3110
f 3399/3629/3109 3432/3630/3142 3369/3631/3079
f 3378/3632/3088 3387/3493/3097 3376/3495/3086
f 3435/3633/3145 3437/3634/3147 3370/3635/3080
f 3411/3636/3121 3421/3587/3131 3415/3586/3125
f 3402/3499/3112 3429/3637/3139 3396/3500/3106
f 3480/3638/3190 3535/3639/3245 3483/3640/3193
f 3513/3514/3223 3518/3641/3228 3515/3515/3225
f 3459/3520/3169 3511/3642/3221 3338/3521/3048
f 3338/3521/3048 3511/3642/3221 3465/3543/3175
f 3522/3525/3232 3521/3643/3231 3464/3644/3174 3462/3526/3172
f 3475/3645/3185 3464/3644/3174 3521/3643/3231
f 3517/3646/3227 3509/3647/3219 3456/3648/3166
f 3517/3649/3227 3456/3650/3166 3516/3651/3226
f 3455/3528/3165 3453/3652/3163 3461/3529/3171
f 3442/3616/3152 3460/3615/3170 3473/3653/3183
f 3444/3654/3154 3528/3655/3238 3533/3656/3243
f 3532/3657/3242 3488/3658/3198 3450/3659/3160
f 3482/3579/3192 3506/3660/3216 3447/3580/3157
f 3450/3659/3160 3488/3658/3198 3477/3661/3187
f 3365/3662/3075 3343/3663/3053 3358/3664/3068
f 3512/3513/3222 3510/3512/3220 3519/3665/3229
f 3495/3666/3205 3493/3583/3203 3486/3582/3196
f 3339/3667/3049 3340/3668/3050 3341/3465/3051
f 3342/3669/3052 3343/3670/3053 3344/3609/3054 3345/3611/3055
f 3346/3671/3056 3347/3602/3057 3348/3672/3058 3349/3608/3059
f 3350/3603/3060 3351/3467/3061 3352/3462/3062 3353/3673/3063
f 3354/3674/3064 3355/3463/3065 3356/3469/3066
f 3357/3452/3067 3358/3664/3068 3359/3675/3069 3360/3676/3070
f 3361/3598/3071 3362/3677/3072 3363/3604/3073
f 3364/3678/3074 3365/3662/3075 3366/3451/3076
f 3367/3679/3077 3368/3680/3078 3369/3631/3079 3370/3635/3080 3371/3487/3081 3372/3681/3082
f 3373/3486/3083 3374/3509/3084 3375/3682/3085 3376/3683/3086
f 3377/3627/3087 3378/3632/3088 3379/3448/3089
f 3380/3494/3090 3381/3506/3091 3382/3684/3092 3383/3685/3093
f 3384/3626/3094 3385/3686/3095 3386/3492/3096 3387/3493/3097
f 3388/3687/3098 3389/3688/3099 3390/3689/3100 3391/3620/3101 3392/3505/3102
f 3393/3483/3103 3394/3690/3104 3395/3691/3105 3396/3500/3106
f 3397/3692/3107 3398/3607/3108 3399/3693/3109 3400/3694/3110
f 3401/3695/3111 3402/3499/3112 3403/3502/3113
f 3404/3696/3114 3405/3697/3115 3406/3698/3116 3407/3503/3117 3408/3501/3118
f 3409/3473/3119 3410/3699/3120 3411/3636/3121 3412/3700/3122 3413/3701/3123
f 3414/3702/3124 3415/3586/3125 3416/3703/3126
f 3417/3704/3127 3418/3705/3128 3419/3476/3129
f 3420/3706/3130 3421/3587/3131 3422/3707/3132
f 3423/3599/3133 3424/3470/3134 3425/3592/3135
f 3426/3613/3136 3427/3708/3137 3428/3454/3138
f 3429/3637/3139 3430/3709/3140 3431/3481/3141
f 3432/3630/3142 3433/3710/3143 3434/3711/3144 3435/3633/3145
f 3436/3488/3146 3437/3634/3147 3438/3712/3148
f 3443/3542/3153 3444/3713/3154 3445/3714/3155 3446/3563/3156
f 3447/3580/3157 3448/3557/3158 3449/3715/3159 3450/3716/3160
f 3451/3458/3161 3452/3717/3162 3453/3718/3163 3454/3530/3164
f 3455/3528/3165 3456/3650/3166 3457/3719/3167
f 3458/3536/3168 3459/3520/3169 3460/3615/3170
f 3461/3529/3171 3462/3720/3172 3463/3721/3173
f 3464/3644/3174 3465/3722/3175 3466/3723/3176
f 3467/3724/3177 3468/3534/3178 3469/3614/3179 3470/3725/3180
f 3471/3560/3181 3472/3726/3182 3473/3727/3183 3474/3728/3184 3475/3645/3185
f 3476/3729/3186 3477/3661/3187 3478/3730/3188 3479/3731/3189 3480/3732/3190
f 3481/3576/3191 3482/3733/3192 3483/3640/3193
f 3484/3734/3194 3485/3569/3195 3486/3582/3196
f 3487/3562/3197 3488/3735/3198 3489/3574/3199 3490/3540/3200
f 3491/3736/3201 3492/3737/3202 3493/3583/3203 3494/3556/3204
f 3495/3666/3205 3496/3568/3206 3497/3555/3207
f 3498/3571/3208 3499/3738/3209 3500/3739/3210 3501/3740/3211 3502/3559/3212
f 3503/3741/3213 3504/3572/3214 3505/3558/3215 3506/3660/3216
f 3507/3538/3217 3508/3518/3218 3509/3647/3219 3510/3512/3220
f 3511/3742/3221 3512/3743/3222 3513/3514/3223
f 3514/3527/3224 3515/3744/3225 3516/3651/3226
f 3517/3646/3227 3518/3745/3228 3519/3665/3229
f 3520/3524/3230 3521/3643/3231 3522/3525/3232
f 3523/3537/3233 3524/3746/3234 3525/3519/3235
f 3526/3541/3236 3527/3573/3237 3528/3747/3238
f 3529/3565/3239 3530/3545/3240 3531/3549/3241 3532/3748/3242
f 3533/3656/3243 3534/3577/3244 3535/3639/3245 3536/3551/3246
f 3366/3464/3076 3346/3466/3056 3349/3749/3059 3364/3750/3074
f 3409/3751/3119 3348/3672/3058 3347/3602/3057 3410/3601/3120
f 3353/3673/3063 3414/3752/3124 3416/3590/3126 3350/3603/3060
f 3415/3586/3125 3418/3588/3128 3417/3753/3127 3416/3703/3126
f 3363/3604/3073 3424/3470/3134 3423/3599/3133 3361/3598/3071
f 3341/3754/3051 3354/3674/3064 3356/3469/3066 3339/3468/3049
f 3354/3453/3064 3357/3452/3067 3360/3676/3070 3355/3755/3065
f 3357/3452/3067 3366/3451/3076 3365/3662/3075 3358/3664/3068
f 3379/3448/3089 3367/3450/3077 3372/3625/3082 3377/3627/3087
f 3383/3685/3093 3373/3756/3083 3376/3495/3086 3380/3494/3090
f 3375/3449/3085 3379/3448/3089 3378/3632/3088 3376/3495/3086
f 3403/3757/3113 3382/3684/3092 3381/3506/3091 3401/3491/3111
f 3438/3758/3148 3388/3687/3098 3392/3505/3102 3436/3496/3146
f 3387/3493/3097 3378/3632/3088 3377/3627/3087 3384/3626/3094
f 3393/3759/3103 3390/3760/3100 3389/3621/3099 3394/3605/3104
f 3400/3508/3110 3405/3507/3115 3404/3622/3114 3397/3624/3107
f 3418/3588/3128 3421/3587/3131 3420/3706/3130 3419/3761/3129
f 3410/3699/3120 3422/3707/3132 3421/3587/3131 3411/3636/3121
f 3346/3671/3056 3420/3762/3130 3422/3600/3132 3347/3602/3057
f 3340/3668/3050 3417/3704/3127 3419/3476/3129 3341/3465/3051
f 3342/3763/3052 3359/3675/3069 3358/3664/3068 3343/3663/3053
f 3359/3596/3069 3423/3599/3133 3425/3592/3135 3360/3594/3070
f 3352/3593/3062 3425/3592/3135 3424/3470/3134 3353/3472/3063
f 3364/3678/3074 3344/3764/3054 3343/3663/3053 3365/3662/3075
f 3344/3609/3054 3426/3613/3136 3428/3454/3138 3345/3611/3055
f 3348/3672/3058 3427/3708/3137 3426/3613/3136 3349/3608/3059
f 3345/3765/3055 3362/3677/3072 3361/3598/3071 3342/3597/3052
f 3401/3695/3111 3430/3709/3140 3429/3637/3139 3402/3499/3112
f 3430/3709/3140 3391/3766/3101 3390/3482/3100 3431/3481/3141
f 3440/3497/3150 3392/3505/3102 3391/3620/3101 3439/3619/3149
f 3398/3607/3108 3433/3606/3143 3432/3767/3142 3399/3693/3109
f 3394/3605/3104 3398/3607/3108 3397/3692/3107 3395/3768/3105
f 3388/3479/3098 3434/3478/3144 3433/3606/3143 3389/3621/3099
f 3437/3634/3147 3435/3633/3145 3434/3711/3144 3438/3712/3148
f 3435/3633/3145 3370/3635/3080 3369/3631/3079 3432/3630/3142
f 3370/3635/3080 3437/3634/3147 3436/3488/3146 3371/3487/3081
f 3371/3487/3081 3385/3489/3095 3384/3769/3094 3372/3681/3082
f 3385/3498/3095 3440/3497/3150 3439/3619/3149 3386/3770/3096
f 3367/3771/3077 3375/3682/3085 3374/3509/3084 3368/3628/3078
f 3405/3507/3115 3374/3509/3084 3373/3486/3083 3406/3485/3116
f 3408/3501/3118 3396/3500/3106 3395/3691/3105 3404/3696/3114
f 3382/3504/3092 3407/3503/3117 3406/3698/3116 3383/3772/3093
f 3471/3773/3181 3452/3717/3162 3451/3458/3161 3472/3457/3182
f 3442/3774/3152 3473/3775/3183 3472/3457/3182 3441/3460/3151
f 3457/3719/3167 3454/3776/3164 3453/3652/3163 3455/3528/3165
f 3514/3527/3224 3461/3529/3171 3463/3721/3173 3515/3744/3225
f 3462/3526/3172 3464/3644/3174 3466/3723/3176 3463/3777/3173
f 3523/3778/3233 3467/3779/3177 3470/3510/3180 3524/3459/3234
f 3469/3614/3179 3442/3616/3152 3441/3780/3151 3470/3725/3180
f 3476/3729/3186 3447/3781/3157 3450/3659/3160 3477/3661/3187
f 3506/3782/3216 3482/3733/3192 3481/3576/3191 3503/3578/3213
f 3484/3734/3194 3504/3783/3214 3503/3784/3213 3485/3569/3195
f 3528/3747/3238 3444/3713/3154 3443/3542/3153 3526/3541/3236
f 3444/3654/3154 3533/3656/3243 3536/3551/3246 3445/3550/3155
f 3502/3559/3212 3505/3558/3215 3504/3572/3214 3498/3571/3208
f 3467/3539/3177 3507/3538/3217 3510/3512/3220 3468/3511/3178
f 3519/3665/3229 3510/3512/3220 3509/3647/3219 3517/3646/3227
f 3460/3615/3170 3469/3614/3179 3468/3534/3178 3458/3536/3168
f 3465/3785/3175 3511/3742/3221 3513/3514/3223 3466/3533/3176
f 3515/3744/3225 3518/3786/3228 3517/3649/3227 3516/3651/3226
f 3516/3651/3226 3456/3650/3166 3455/3528/3165 3514/3527/3224
f 3456/3648/3166 3509/3647/3219 3508/3518/3218 3457/3517/3167
f 3452/3787/3162 3462/3720/3172 3461/3529/3171 3453/3652/3163
f 3473/3653/3183 3460/3615/3170 3459/3520/3169 3474/3522/3184
f 3454/3530/3164 3525/3532/3235 3524/3459/3234 3451/3458/3161
f 3527/3573/3237 3491/3575/3201 3494/3788/3204 3528/3747/3238
f 3497/3555/3207 3494/3556/3204 3493/3583/3203 3495/3666/3205
f 3449/3566/3159 3529/3565/3239 3532/3748/3242 3450/3789/3160
f 3491/3547/3201 3531/3549/3241 3530/3545/3240 3492/3544/3202
f 3477/3661/3187 3488/3658/3198 3487/3790/3197 3478/3730/3188
f 3490/3540/3200 3443/3542/3153 3446/3563/3156 3487/3562/3197
f 3447/3580/3157 3506/3660/3216 3505/3558/3215 3448/3557/3158
f 3499/3584/3209 3493/3583/3203 3492/3737/3202 3500/3791/3210
f 3485/3569/3195 3496/3568/3206 3495/3666/3205 3486/3582/3196
f 3479/3552/3189 3536/3551/3246 3535/3639/3245 3480/3638/3190
f 3414/3702/3124 3412/3700/3122 3411/3636/3121 3415/3586/3125
f 3412/3612/3122 3363/3604/3073 3362/3677/3072 3413/3792/3123
f 3355/3463/3065 3352/3462/3062 3351/3467/3061 3356/3469/3066
f 3339/3468/3049 3351/3467/3061 3350/3603/3060 3340/3589/3050
f 3427/3474/3137 3409/3473/3119 3413/3701/3123 3428/3793/3138
f 3396/3500/3106 3429/3637/3139 3431/3481/3141 3393/3483/3103
f 3399/3794/3109 3369/3795/3079 3368/3628/3078 3400/3508/3110
f 3407/3503/3117 3403/3502/3113 3402/3499/3112 3408/3501/3118
f 3380/3494/3090 3387/3493/3097 3386/3492/3096 3381/3506/3091
f 3511/3642/3221 3459/3520/3169 3458/3536/3168 3512/3535/3222
f 3518/3641/3228 3513/3514/3223 3512/3743/3222 3519/3796/3229
f 3525/3519/3235 3508/3518/3218 3507/3538/3217 3523/3537/3233
f 3520/3524/3230 3471/3560/3181 3475/3645/3185 3521/3643/3231
f 3464/3644/3174 3475/3645/3185 3474/3728/3184 3465/3722/3175
f 3489/3574/3199 3527/3573/3237 3526/3541/3236 3490/3540/3200
f 3488/3797/3198 3532/3748/3242 3531/3549/3241 3489/3548/3199
f 3529/3565/3239 3501/3564/3211 3500/3546/3210 3530/3545/3240
f 3445/3714/3155 3479/3798/3189 3478/3561/3188 3446/3563/3156
f 3480/3638/3190 3483/3640/3193 3482/3733/3192 3476/3799/3186
f 3448/3557/3158 3502/3559/3212 3501/3740/3211 3449/3715/3159
f 3498/3800/3208 3484/3734/3194 3486/3582/3196 3499/3584/3209
f 3496/3568/3206 3534/3567/3244 3533/3553/3243 3497/3555/3207
f 3534/3577/3244 3481/3576/3191 3483/3640/3193 3535/3639/3245
f 3341/3465/3051 3419/3476/3129 3346/3466/3056
f 3578/3448/3288 3574/3449/3284 3566/3450/3276
f 3565/3451/3275 3556/3452/3266 3553/3453/3263
f 3627/3454/3337 3612/3455/3322 3561/3456/3271
f 3671/3457/3381 3650/3458/3360 3723/3459/3433 3640/3460/3350
f 3559/3461/3269 3551/3462/3261 3554/3463/3264
f 3565/3464/3275 3540/3465/3250 3545/3466/3255
f 3550/3467/3260 3538/3468/3248 3555/3469/3265
f 3623/3470/3333 3613/3471/3323 3552/3472/3262
f 3608/3473/3318 3626/3474/3336 3547/3475/3257
f 3545/3466/3255 3618/3476/3328 3619/3477/3329
f 3633/3478/3343 3587/3479/3297 3637/3480/3347
f 3630/3481/3340 3589/3482/3299 3592/3483/3302
f 3582/3484/3292 3605/3485/3315 3572/3486/3282
f 3570/3487/3280 3635/3488/3345 3584/3489/3294
f 3638/3490/3348 3600/3491/3310 3585/3492/3295
f 3586/3493/3296 3579/3494/3289 3575/3495/3285
f 3635/3496/3345 3639/3497/3349 3584/3498/3294
f 3601/3499/3311 3595/3500/3305 3607/3501/3317
f 3602/3502/3312 3606/3503/3316 3581/3504/3291
f 3591/3505/3301 3639/3497/3349 3635/3496/3345
f 3585/3492/3295 3600/3491/3310 3580/3506/3290
f 3604/3507/3314 3599/3508/3309 3573/3509/3283
f 3640/3460/3350 3723/3459/3433 3669/3510/3379
f 3667/3511/3377 3709/3512/3419 3711/3513/3421
f 3712/3514/3422 3714/3515/3424 3662/3516/3372
f 3656/3517/3366 3707/3518/3417 3724/3519/3434
f 3658/3520/3368 3537/3521/3247 3673/3522/3383
f 3651/3523/3361 3719/3524/3429 3721/3525/3431 3661/3526/3371
f 3713/3527/3423 3654/3528/3364 3660/3529/3370
f 3653/3530/3363 3656/3531/3366 3724/3532/3434
f 3665/3533/3375 3712/3514/3422 3662/3516/3372
f 3667/3534/3377 3711/3535/3421 3657/3536/3367
f 3722/3537/3432 3706/3538/3416 3666/3539/3376
f 3689/3540/3399 3725/3541/3435 3642/3542/3352
f 3673/3522/3383 3537/3521/3247 3664/3543/3374
f 3691/3544/3401 3729/3545/3439 3699/3546/3409
f 3690/3547/3400 3688/3548/3398 3730/3549/3440
f 3644/3550/3354 3735/3551/3445 3678/3552/3388
f 3732/3553/3442 3727/3554/3437 3696/3555/3406
f 3696/3555/3406 3727/3554/3437 3693/3556/3403
f 3647/3557/3357 3704/3558/3414 3701/3559/3411
f 3670/3560/3380 3719/3524/3429 3651/3523/3361
f 3677/3561/3387 3686/3562/3396 3645/3563/3355
f 3700/3564/3410 3728/3565/3438 3648/3566/3358
f 3733/3567/3443 3695/3568/3405 3684/3569/3394
f 3683/3570/3393 3697/3571/3407 3703/3572/3413
f 3726/3573/3436 3688/3574/3398 3690/3575/3400
f 3680/3576/3390 3733/3577/3443 3702/3578/3412
f 3681/3579/3391 3646/3580/3356 3675/3581/3385
f 3685/3582/3395 3692/3583/3402 3698/3584/3408
f 3733/3577/3443 3684/3585/3394 3702/3578/3412
f 3614/3586/3324 3620/3587/3330 3617/3588/3327
f 3539/3589/3249 3615/3590/3325 3616/3591/3326
f 3624/3592/3334 3551/3593/3261 3559/3594/3269
f 3565/3451/3275 3553/3453/3263 3540/3595/3250
f 3558/3596/3268 3541/3597/3251 3560/3598/3270 3622/3599/3332
f 3621/3600/3331 3609/3601/3319 3546/3602/3256
f 3549/3603/3259 3615/3590/3325 3539/3589/3249
f 3562/3604/3272 3613/3471/3323 3623/3470/3333
f 3593/3605/3303 3632/3606/3342 3597/3607/3307
f 3548/3608/3258 3543/3609/3253 3563/3610/3273
f 3627/3454/3337 3561/3456/3271 3544/3611/3254
f 3611/3612/3321 3613/3471/3323 3562/3604/3272
f 3548/3608/3258 3625/3613/3335 3543/3609/3253
f 3668/3614/3378 3659/3615/3369 3641/3616/3351
f 3629/3617/3339 3600/3618/3310 3638/3619/3348 3590/3620/3300
f 3593/3605/3303 3588/3621/3298 3632/3606/3342
f 3603/3622/3313 3594/3623/3304 3596/3624/3306
f 3571/3625/3281 3583/3626/3293 3576/3627/3286
f 3567/3628/3277 3573/3509/3283 3599/3508/3309
f 3598/3629/3308 3631/3630/3341 3568/3631/3278
f 3577/3632/3287 3586/3493/3296 3575/3495/3285
f 3634/3633/3344 3636/3634/3346 3569/3635/3279
f 3610/3636/3320 3620/3587/3330 3614/3586/3324
f 3601/3499/3311 3628/3637/3338 3595/3500/3305
f 3679/3638/3389 3734/3639/3444 3682/3640/3392
f 3712/3514/3422 3717/3641/3427 3714/3515/3424
f 3658/3520/3368 3710/3642/3420 3537/3521/3247
f 3537/3521/3247 3710/3642/3420 3664/3543/3374
f 3721/3525/3431 3720/3643/3430 3663/3644/3373 3661/3526/3371
f 3674/3645/3384 3663/3644/3373 3720/3643/3430
f 3716/3646/3426 3708/3647/3418 3655/3648/3365
f 3716/3649/3426 3655/3650/3365 3715/3651/3425
f 3654/3528/3364 3652/3652/3362 3660/3529/3370
f 3641/3616/3351 3659/3615/3369 3672/3653/3382
f 3643/3654/3353 3727/3655/3437 3732/3656/3442
f 3731/3657/3441 3687/3658/3397 3649/3659/3359
f 3681/3579/3391 3705/3660/3415 3646/3580/3356
f 3649/3659/3359 3687/3658/3397 3676/3661/3386
f 3564/3662/3274 3542/3663/3252 3557/3664/3267
f 3711/3513/3421 3709/3512/3419 3718/3665/3428
f 3694/3666/3404 3692/3583/3402 3685/3582/3395
f 3538/3667/3248 3539/3668/3249 3540/3465/3250
f 3541/3669/3251 3542/3670/3252 3543/3609/3253 3544/3611/3254
f 3545/3671/3255 3546/3602/3256 3547/3672/3257 3548/3608/3258
f 3549/3603/3259 3550/3467/3260 3551/3462/3261 3552/3673/3262
f 3553/3674/3263 3554/3463/3264 3555/3469/3265
f 3556/3452/3266 3557/3664/3267 3558/3675/3268 3559/3676/3269
f 3560/3598/3270 3561/3677/3271 3562/3604/3272
f 3563/3678/3273 3564/3662/3274 3565/3451/3275
f 3566/3679/3276 3567/3680/3277 3568/3631/3278 3569/3635/3279 3570/3487/3280 3571/3681/3281
f 3572/3486/3282 3573/3509/3283 3574/3682/3284 3575/3683/3285
f 3576/3627/3286 3577/3632/3287 3578/3448/3288
f 3579/3494/3289 3580/3506/3290 3581/3684/3291 3582/3685/3292
f 3583/3626/3293 3584/3686/3294 3585/3492/3295 3586/3493/3296
f 3587/3687/3297 3588/3688/3298 3589/3689/3299 3590/3620/3300 3591/3505/3301
f 3592/3483/3302 3593/3690/3303 3594/3691/3304 3595/3500/3305
f 3596/3692/3306 3597/3607/3307 3598/3693/3308 3599/3694/3309
f 3600/3695/3310 3601/3499/3311 3602/3502/3312
f 3603/3696/3313 3604/3697/3314 3605/3698/3315 3606/3503/3316 3607/3501/3317
f 3608/3473/3318 3609/3699/3319 3610/3636/3320 3611/3700/3321 3612/3701/3322
f 3613/3702/3323 3614/3586/3324 3615/3703/3325
f 3616/3704/3326 3617/3705/3327 3618/3476/3328
f 3619/3706/3329 3620/3587/3330 3621/3707/3331
f 3622/3599/3332 3623/3470/3333 3624/3592/3334
f 3625/3613/3335 3626/3708/3336 3627/3454/3337
f 3628/3637/3338 3629/3709/3339 3630/3481/3340
f 3631/3630/3341 3632/3710/3342 3633/3711/3343 3634/3633/3344
f 3635/3488/3345 3636/3634/3346 3637/3712/3347
f 3642/3542/3352 3643/3713/3353 3644/3714/3354 3645/3563/3355
f 3646/3580/3356 3647/3557/3357 3648/3715/3358 3649/3716/3359
f 3650/3458/3360 3651/3717/3361 3652/3718/3362 3653/3530/3363
f 3654/3528/3364 3655/3650/3365 3656/3719/3366
f 3657/3536/3367 3658/3520/3368 3659/3615/3369
f 3660/3529/3370 3661/3720/3371 3662/3721/3372
f 3663/3644/3373 3664/3722/3374 3665/3723/3375
f 3666/3724/3376 3667/3534/3377 3668/3614/3378 3669/3725/3379
f 3670/3560/3380 3671/3726/3381 3672/3727/3382 3673/3728/3383 3674/3645/3384
f 3675/3729/3385 3676/3661/3386 3677/3730/3387 3678/3731/3388 3679/3732/3389
f 3680/3576/3390 3681/3733/3391 3682/3640/3392
f 3683/3734/3393 3684/3569/3394 3685/3582/3395
f 3686/3562/3396 3687/3735/3397 3688/3574/3398 3689/3540/3399
f 3690/3736/3400 3691/3737/3401 3692/3583/3402 3693/3556/3403
f 3694/3666/3404 3695/3568/3405 3696/3555/3406
f 3697/3571/3407 3698/3738/3408 3699/3739/3409 3700/3740/3410 3701/3559/3411
f 3702/3741/3412 3703/3572/3413 3704/3558/3414 3705/3660/3415
f 3706/3538/3416 3707/3518/3417 3708/3647/3418 3709/3512/3419
f 3710/3742/3420 3711/3743/3421 3712/3514/3422
f 3713/3527/3423 3714/3744/3424 3715/3651/3425
f 3716/3646/3426 3717/3745/3427 3718/3665/3428
f 3719/3524/3429 3720/3643/3430 3721/3525/3431
f 3722/3537/3432 3723/3746/3433 3724/3519/3434
f 3725/3541/3435 3726/3573/3436 3727/3747/3437
f 3728/3565/3438 3729/3545/3439 3730/3549/3440 3731/3748/3441
f 3732/3656/3442 3733/3577/3443 3734/3639/3444 3735/3551/3445
f 3565/3464/3275 3545/3466/3255 3548/3749/3258 3563/3750/3273
f 3608/3751/3318 3547/3672/3257 3546/3602/3256 3609/3601/3319
f 3552/3673/3262 3613/3752/3323 3615/3590/3325 3549/3603/3259
f 3614/3586/3324 3617/3588/3327 3616/3753/3326 3615/3703/3325
f 3562/3604/3272 3623/3470/3333 3622/3599/3332 3560/3598/3270
f 3540/3754/3250 3553/3674/3263 3555/3469/3265 3538/3468/3248
f 3553/3453/3263 3556/3452/3266 3559/3676/3269 3554/3755/3264
f 3556/3452/3266 3565/3451/3275 3564/3662/3274 3557/3664/3267
f 3578/3448/3288 3566/3450/3276 3571/3625/3281 3576/3627/3286
f 3582/3685/3292 3572/3756/3282 3575/3495/3285 3579/3494/3289
f 3574/3449/3284 3578/3448/3288 3577/3632/3287 3575/3495/3285
f 3602/3757/3312 3581/3684/3291 3580/3506/3290 3600/3491/3310
f 3637/3758/3347 3587/3687/3297 3591/3505/3301 3635/3496/3345
f 3586/3493/3296 3577/3632/3287 3576/3627/3286 3583/3626/3293
f 3592/3759/3302 3589/3760/3299 3588/3621/3298 3593/3605/3303
f 3599/3508/3309 3604/3507/3314 3603/3622/3313 3596/3624/3306
f 3617/3588/3327 3620/3587/3330 3619/3706/3329 3618/3761/3328
f 3609/3699/3319 3621/3707/3331 3620/3587/3330 3610/3636/3320
f 3545/3671/3255 3619/3762/3329 3621/3600/3331 3546/3602/3256
f 3539/3668/3249 3616/3704/3326 3618/3476/3328 3540/3465/3250
f 3541/3763/3251 3558/3675/3268 3557/3664/3267 3542/3663/3252
f 3558/3596/3268 3622/3599/3332 3624/3592/3334 3559/3594/3269
f 3551/3593/3261 3624/3592/3334 3623/3470/3333 3552/3472/3262
f 3563/3678/3273 3543/3764/3253 3542/3663/3252 3564/3662/3274
f 3543/3609/3253 3625/3613/3335 3627/3454/3337 3544/3611/3254
f 3547/3672/3257 3626/3708/3336 3625/3613/3335 3548/3608/3258
f 3544/3765/3254 3561/3677/3271 3560/3598/3270 3541/3597/3251
f 3600/3695/3310 3629/3709/3339 3628/3637/3338 3601/3499/3311
f 3629/3709/3339 3590/3766/3300 3589/3482/3299 3630/3481/3340
f 3639/3497/3349 3591/3505/3301 3590/3620/3300 3638/3619/3348
f 3597/3607/3307 3632/3606/3342 3631/3767/3341 3598/3693/3308
f 3593/3605/3303 3597/3607/3307 3596/3692/3306 3594/3768/3304
f 3587/3479/3297 3633/3478/3343 3632/3606/3342 3588/3621/3298
f 3636/3634/3346 3634/3633/3344 3633/3711/3343 3637/3712/3347
f 3634/3633/3344 3569/3635/3279 3568/3631/3278 3631/3630/3341
f 3569/3635/3279 3636/3634/3346 3635/3488/3345 3570/3487/3280
f 3570/3487/3280 3584/3489/3294 3583/3769/3293 3571/3681/3281
f 3584/3498/3294 3639/3497/3349 3638/3619/3348 3585/3770/3295
f 3566/3771/3276 3574/3682/3284 3573/3509/3283 3567/3628/3277
f 3604/3507/3314 3573/3509/3283 3572/3486/3282 3605/3485/3315
f 3607/3501/3317 3595/3500/3305 3594/3691/3304 3603/3696/3313
f 3581/3504/3291 3606/3503/3316 3605/3698/3315 3582/3772/3292
f 3670/3773/3380 3651/3717/3361 3650/3458/3360 3671/3457/3381
f 3641/3774/3351 3672/3775/3382 3671/3457/3381 3640/3460/3350
f 3656/3719/3366 3653/3776/3363 3652/3652/3362 3654/3528/3364
f 3713/3527/3423 3660/3529/3370 3662/3721/3372 3714/3744/3424
f 3661/3526/3371 3663/3644/3373 3665/3723/3375 3662/3777/3372
f 3722/3778/3432 3666/3779/3376 3669/3510/3379 3723/3459/3433
f 3668/3614/3378 3641/3616/3351 3640/3780/3350 3669/3725/3379
f 3675/3729/3385 3646/3781/3356 3649/3659/3359 3676/3661/3386
f 3705/3782/3415 3681/3733/3391 3680/3576/3390 3702/3578/3412
f 3683/3734/3393 3703/3783/3413 3702/3784/3412 3684/3569/3394
f 3727/3747/3437 3643/3713/3353 3642/3542/3352 3725/3541/3435
f 3643/3654/3353 3732/3656/3442 3735/3551/3445 3644/3550/3354
f 3701/3559/3411 3704/3558/3414 3703/3572/3413 3697/3571/3407
f 3666/3539/3376 3706/3538/3416 3709/3512/3419 3667/3511/3377
f 3718/3665/3428 3709/3512/3419 3708/3647/3418 3716/3646/3426
f 3659/3615/3369 3668/3614/3378 3667/3534/3377 3657/3536/3367
f 3664/3785/3374 3710/3742/3420 3712/3514/3422 3665/3533/3375
f 3714/3744/3424 3717/3786/3427 3716/3649/3426 3715/3651/3425
f 3715/3651/3425 3655/3650/3365 3654/3528/3364 3713/3527/3423
f 3655/3648/3365 3708/3647/3418 3707/3518/3417 3656/3517/3366
f 3651/3787/3361 3661/3720/3371 3660/3529/3370 3652/3652/3362
f 3672/3653/3382 3659/3615/3369 3658/3520/3368 3673/3522/3383
f 3653/3530/3363 3724/3532/3434 3723/3459/3433 3650/3458/3360
f 3726/3573/3436 3690/3575/3400 3693/3788/3403 3727/3747/3437
f 3696/3555/3406 3693/3556/3403 3692/3583/3402 3694/3666/3404
f 3648/3566/3358 3728/3565/3438 3731/3748/3441 3649/3789/3359
f 3690/3547/3400 3730/3549/3440 3729/3545/3439 3691/3544/3401
f 3676/3661/3386 3687/3658/3397 3686/3790/3396 3677/3730/3387
f 3689/3540/3399 3642/3542/3352 3645/3563/3355 3686/3562/3396
f 3646/3580/3356 3705/3660/3415 3704/3558/3414 3647/3557/3357
f 3698/3584/3408 3692/3583/3402 3691/3737/3401 3699/3791/3409
f 3684/3569/3394 3695/3568/3405 3694/3666/3404 3685/3582/3395
f 3678/3552/3388 3735/3551/3445 3734/3639/3444 3679/3638/3389
f 3613/3702/3323 3611/3700/3321 3610/3636/3320 3614/3586/3324
f 3611/3612/3321 3562/3604/3272 3561/3677/3271 3612/3792/3322
f 3554/3463/3264 3551/3462/3261 3550/3467/3260 3555/3469/3265
f 3538/3468/3248 3550/3467/3260 3549/3603/3259 3539/3589/3249
f 3626/3474/3336 3608/3473/3318 3612/3701/3322 3627/3793/3337
f 3595/3500/3305 3628/3637/3338 3630/3481/3340 3592/3483/3302
f 3598/3794/3308 3568/3795/3278 3567/3628/3277 3599/3508/3309
f 3606/3503/3316 3602/3502/3312 3601/3499/3311 3607/3501/3317
f 3579/3494/3289 3586/3493/3296 3585/3492/3295 3580/3506/3290
f 3710/3642/3420 3658/3520/3368 3657/3536/3367 3711/3535/3421
f 3717/3641/3427 3712/3514/3422 3711/3743/3421 3718/3796/3428
f 3724/3519/3434 3707/3518/3417 3706/3538/3416 3722/3537/3432
f 3719/3524/3429 3670/3560/3380 3674/3645/3384 3720/3643/3430
f 3663/3644/3373 3674/3645/3384 3673/3728/3383 3664/3722/3374
f 3688/3574/3398 3726/3573/3436 3725/3541/3435 3689/3540/3399
f 3687/3797/3397 3731/3748/3441 3730/3549/3440 3688/3548/3398
f 3728/3565/3438 3700/3564/3410 3699/3546/3409 3729/3545/3439
f 3644/3714/3354 3678/3798/3388 3677/3561/3387 3645/3563/3355
f 3679/3638/3389 3682/3640/3392 3681/3733/3391 3675/3799/3385
f 3647/3557/3357 3701/3559/3411 3700/3740/3410 3648/3715/3358
f 3697/3800/3407 3683/3734/3393 3685/3582/3395 3698/3584/3408
f 3695/3568/3405 3733/3567/3443 3732/3553/3442 3696/3555/3406
f 3733/3577/3443 3680/3576/3390 3682/3640/3392 3734/3639/3444
f 3540/3465/3250 3618/3476/3328 3545/3466/3255
f 3777/3448/3487 3773/3449/3483 3765/3450/3475
f 3764/3451/3474 3755/3452/3465 3752/3453/3462
f 3826/3454/3536 3811/3455/3521 3760/3456/3470
f 3870/3457/3580 3849/3458/3559 3922/3459/3632 3839/3460/3549
f 3758/3461/3468 3750/3462/3460 3753/3463/3463
f 3764/3464/3474 3739/3465/3449 3744/3466/3454
f 3749/3467/3459 3737/3468/3447 3754/3469/3464
f 3822/3470/3532 3812/3471/3522 3751/3472/3461
f 3807/3473/3517 3825/3474/3535 3746/3475/3456
f 3744/3466/3454 3817/3476/3527 3818/3477/3528
f 3832/3478/3542 3786/3479/3496 3836/3480/3546
f 3829/3481/3539 3788/3482/3498 3791/3483/3501
f 3781/3484/3491 3804/3485/3514 3771/3486/3481
f 3769/3487/3479 3834/3488/3544 3783/3489/3493
f 3837/3490/3547 3799/3491/3509 3784/3492/3494
f 3785/3493/3495 3778/3494/3488 3774/3495/3484
f 3834/3496/3544 3838/3497/3548 3783/3498/3493
f 3800/3499/3510 3794/3500/3504 3806/3501/3516
f 3801/3502/3511 3805/3503/3515 3780/3504/3490
f 3790/3505/3500 3838/3497/3548 3834/3496/3544
f 3784/3492/3494 3799/3491/3509 3779/3506/3489
f 3803/3507/3513 3798/3508/3508 3772/3509/3482
f 3839/3460/3549 3922/3459/3632 3868/3510/3578
f 3866/3511/3576 3908/3512/3618 3910/3513/3620
f 3911/3514/3621 3913/3515/3623 3861/3516/3571
f 3855/3517/3565 3906/3518/3616 3923/3519/3633
f 3857/3520/3567 3736/3521/3446 3872/3522/3582
f 3850/3523/3560 3918/3524/3628 3920/3525/3630 3860/3526/3570
f 3912/3527/3622 3853/3528/3563 3859/3529/3569
f 3852/3530/3562 3855/3531/3565 3923/3532/3633
f 3864/3533/3574 3911/3514/3621 3861/3516/3571
f 3866/3534/3576 3910/3535/3620 3856/3536/3566
f 3921/3537/3631 3905/3538/3615 3865/3539/3575
f 3888/3540/3598 3924/3541/3634 3841/3542/3551
f 3872/3522/3582 3736/3521/3446 3863/3543/3573
f 3890/3544/3600 3928/3545/3638 3898/3546/3608
f 3889/3547/3599 3887/3548/3597 3929/3549/3639
f 3843/3550/3553 3934/3551/3644 3877/3552/3587
f 3931/3553/3641 3926/3554/3636 3895/3555/3605
f 3895/3555/3605 3926/3554/3636 3892/3556/3602
f 3846/3557/3556 3903/3558/3613 3900/3559/3610
f 3869/3560/3579 3918/3524/3628 3850/3523/3560
f 3876/3561/3586 3885/3562/3595 3844/3563/3554
f 3899/3564/3609 3927/3565/3637 3847/3566/3557
f 3932/3567/3642 3894/3568/3604 3883/3569/3593
f 3882/3570/3592 3896/3571/3606 3902/3572/3612
f 3925/3573/3635 3887/3574/3597 3889/3575/3599
f 3879/3576/3589 3932/3577/3642 3901/3578/3611
f 3880/3579/3590 3845/3580/3555 3874/3581/3584
f 3884/3582/3594 3891/3583/3601 3897/3584/3607
f 3932/3577/3642 3883/3585/3593 3901/3578/3611
f 3813/3586/3523 3819/3587/3529 3816/3588/3526
f 3738/3589/3448 3814/3590/3524 3815/3591/3525
f 3823/3592/3533 3750/3593/3460 3758/3594/3468
f 3764/3451/3474 3752/3453/3462 3739/3595/3449
f 3757/3596/3467 3740/3597/3450 3759/3598/3469 3821/3599/3531
f 3820/3600/3530 3808/3601/3518 3745/3602/3455
f 3748/3603/3458 3814/3590/3524 3738/3589/3448
f 3761/3604/3471 3812/3471/3522 3822/3470/3532
f 3792/3605/3502 3831/3606/3541 3796/3607/3506
f 3747/3608/3457 3742/3609/3452 3762/3610/3472
f 3826/3454/3536 3760/3456/3470 3743/3611/3453
f 3810/3612/3520 3812/3471/3522 3761/3604/3471
f 3747/3608/3457 3824/3613/3534 3742/3609/3452
f 3867/3614/3577 3858/3615/3568 3840/3616/3550
f 3828/3617/3538 3799/3618/3509 3837/3619/3547 3789/3620/3499
f 3792/3605/3502 3787/3621/3497 3831/3606/3541
f 3802/3622/3512 3793/3623/3503 3795/3624/3505
f 3770/3625/3480 3782/3626/3492 3775/3627/3485
f 3766/3628/3476 3772/3509/3482 3798/3508/3508
f 3797/3629/3507 3830/3630/3540 3767/3631/3477
f 3776/3632/3486 3785/3493/3495 3774/3495/3484
f 3833/3633/3543 3835/3634/3545 3768/3635/3478
f 3809/3636/3519 3819/3587/3529 3813/3586/3523
f 3800/3499/3510 3827/3637/3537 3794/3500/3504
f 3878/3638/3588 3933/3639/3643 3881/3640/3591
f 3911/3514/3621 3916/3641/3626 3913/3515/3623
f 3857/3520/3567 3909/3642/3619 3736/3521/3446
f 3736/3521/3446 3909/3642/3619 3863/3543/3573
f 3920/3525/3630 3919/3643/3629 3862/3644/3572 3860/3526/3570
f 3873/3645/3583 3862/3644/3572 3919/3643/3629
f 3915/3646/3625 3907/3647/3617 3854/3648/3564
f 3915/3649/3625 3854/3650/3564 3914/3651/3624
f 3853/3528/3563 3851/3652/3561 3859/3529/3569
f 3840/3616/3550 3858/3615/3568 3871/3653/3581
f 3842/3654/3552 3926/3655/3636 3931/3656/3641
f 3930/3657/3640 3886/3658/3596 3848/3659/3558
f 3880/3579/3590 3904/3660/3614 3845/3580/3555
f 3848/3659/3558 3886/3658/3596 3875/3661/3585
f 3763/3662/3473 3741/3663/3451 3756/3664/3466
f 3910/3513/3620 3908/3512/3618 3917/3665/3627
f 3893/3666/3603 3891/3583/3601 3884/3582/3594
f 3737/3667/3447 3738/3668/3448 3739/3465/3449
f 3740/3669/3450 3741/3670/3451 3742/3609/3452 3743/3611/3453
f 3744/3671/3454 3745/3602/3455 3746/3672/3456 3747/3608/3457
f 3748/3603/3458 3749/3467/3459 3750/3462/3460 3751/3673/3461
f 3752/3674/3462 3753/3463/3463 3754/3469/3464
f 3755/3452/3465 3756/3664/3466 3757/3675/3467 3758/3676/3468
f 3759/3598/3469 3760/3677/3470 3761/3604/3471
f 3762/3678/3472 3763/3662/3473 3764/3451/3474
f 3765/3679/3475 3766/3680/3476 3767/3631/3477 3768/3635/3478 3769/3487/3479 3770/3681/3480
f 3771/3486/3481 3772/3509/3482 3773/3682/3483 3774/3683/3484
f 3775/3627/3485 3776/3632/3486 3777/3448/3487
f 3778/3494/3488 3779/3506/3489 3780/3684/3490 3781/3685/3491
f 3782/3626/3492 3783/3686/3493 3784/3492/3494 3785/3493/3495
f 3786/3687/3496 3787/3688/3497 3788/3689/3498 3789/3620/3499 3790/3505/3500
f 3791/3483/3501 3792/3690/3502 3793/3691/3503 3794/3500/3504
f 3795/3692/3505 3796/3607/3506 3797/3693/3507 3798/3694/3508
f 3799/3695/3509 3800/3499/3510 3801/3502/3511
f 3802/3696/3512 3803/3697/3513 3804/3698/3514 3805/3503/3515 3806/3501/3516
f 3807/3473/3517 3808/3699/3518 3809/3636/3519 3810/3700/3520 3811/3701/3521
f 3812/3702/3522 3813/3586/3523 3814/3703/3524
f 3815/3704/3525 3816/3705/3526 3817/3476/3527
f 3818/3706/3528 3819/3587/3529 3820/3707/3530
f 3821/3599/3531 3822/3470/3532 3823/3592/3533
f 3824/3613/3534 3825/3708/3535 3826/3454/3536
f 3827/3637/3537 3828/3709/3538 3829/3481/3539
f 3830/3630/3540 3831/3710/3541 3832/3711/3542 3833/3633/3543
f 3834/3488/3544 3835/3634/3545 3836/3712/3546
f 3841/3542/3551 3842/3713/3552 3843/3714/3553 3844/3563/3554
f 3845/3580/3555 3846/3557/3556 3847/3715/3557 3848/3716/3558
f 3849/3458/3559 3850/3717/3560 3851/3718/3561 3852/3530/3562
f 3853/3528/3563 3854/3650/3564 3855/3719/3565
f 3856/3536/3566 3857/3520/3567 3858/3615/3568
f 3859/3529/3569 3860/3720/3570 3861/3721/3571
f 3862/3644/3572 3863/3722/3573 3864/3723/3574
f 3865/3724/3575 3866/3534/3576 3867/3614/3577 3868/3725/3578
f 3869/3560/3579 3870/3726/3580 3871/3727/3581 3872/3728/3582 3873/3645/3583
f 3874/3729/3584 3875/3661/3585 3876/3730/3586 3877/3731/3587 3878/3732/3588
f 3879/3576/3589 3880/3733/3590 3881/3640/3591
f 3882/3734/3592 3883/3569/3593 3884/3582/3594
f 3885/3562/3595 3886/3735/3596 3887/3574/3597 3888/3540/3598
f 3889/3736/3599 3890/3737/3600 3891/3583/3601 3892/3556/3602
f 3893/3666/3603 3894/3568/3604 3895/3555/3605
f 3896/3571/3606 3897/3738/3607 3898/3739/3608 3899/3740/3609 3900/3559/3610
f 3901/3741/3611 3902/3572/3612 3903/3558/3613 3904/3660/3614
f 3905/3538/3615 3906/3518/3616 3907/3647/3617 3908/3512/3618
f 3909/3742/3619 3910/3743/3620 3911/3514/3621
f 3912/3527/3622 3913/3744/3623 3914/3651/3624
f 3915/3646/3625 3916/3745/3626 3917/3665/3627
f 3918/3524/3628 3919/3643/3629 3920/3525/3630
f 3921/3537/3631 3922/3746/3632 3923/3519/3633
f 3924/3541/3634 3925/3573/3635 3926/3747/3636
f 3927/3565/3637 3928/3545/3638 3929/3549/3639 3930/3748/3640
f 3931/3656/3641 3932/3577/3642 3933/3639/3643 3934/3551/3644
f 3764/3464/3474 3744/3466/3454 3747/3749/3457 3762/3750/3472
f 3807/3751/3517 3746/3672/3456 3745/3602/3455 3808/3601/3518
f 3751/3673/3461 3812/3752/3522 3814/3590/3524 3748/3603/3458
f 3813/3586/3523 3816/3588/3526 3815/3753/3525 3814/3703/3524
f 3761/3604/3471 3822/3470/3532 3821/3599/3531 3759/3598/3469
f 3739/3754/3449 3752/3674/3462 3754/3469/3464 3737/3468/3447
f 3752/3453/3462 3755/3452/3465 3758/3676/3468 3753/3755/3463
f 3755/3452/3465 3764/3451/3474 3763/3662/3473 3756/3664/3466
f 3777/3448/3487 3765/3450/3475 3770/3625/3480 3775/3627/3485
f 3781/3685/3491 3771/3756/3481 3774/3495/3484 3778/3494/3488
f 3773/3449/3483 3777/3448/3487 3776/3632/3486 3774/3495/3484
f 3801/3757/3511 3780/3684/3490 3779/3506/3489 3799/3491/3509
f 3836/3758/3546 3786/3687/3496 3790/3505/3500 3834/3496/3544
f 3785/3493/3495 3776/3632/3486 3775/3627/3485 3782/3626/3492
f 3791/3759/3501 3788/3760/3498 3787/3621/3497 3792/3605/3502
f 3798/3508/3508 3803/3507/3513 3802/3622/3512 3795/3624/3505
f 3816/3588/3526 3819/3587/3529 3818/3706/3528 3817/3761/3527
f 3808/3699/3518 3820/3707/3530 3819/3587/3529 3809/3636/3519
f 3744/3671/3454 3818/3762/3528 3820/3600/3530 3745/3602/3455
f 3738/3668/3448 3815/3704/3525 3817/3476/3527 3739/3465/3449
f 3740/3763/3450 3757/3675/3467 3756/3664/3466 3741/3663/3451
f 3757/3596/3467 3821/3599/3531 3823/3592/3533 3758/3594/3468
f 3750/3593/3460 3823/3592/3533 3822/3470/3532 3751/3472/3461
f 3762/3678/3472 3742/3764/3452 3741/3663/3451 3763/3662/3473
f 3742/3609/3452 3824/3613/3534 3826/3454/3536 3743/3611/3453
f 3746/3672/3456 3825/3708/3535 3824/3613/3534 3747/3608/3457
f 3743/3765/3453 3760/3677/3470 3759/3598/3469 3740/3597/3450
f 3799/3695/3509 3828/3709/3538 3827/3637/3537 3800/3499/3510
f 3828/3709/3538 3789/3766/3499 3788/3482/3498 3829/3481/3539
f 3838/3497/3548 3790/3505/3500 3789/3620/3499 3837/3619/3547
f 3796/3607/3506 3831/3606/3541 3830/3767/3540 3797/3693/3507
f 3792/3605/3502 3796/3607/3506 3795/3692/3505 3793/3768/3503
f 3786/3479/3496 3832/3478/3542 3831/3606/3541 3787/3621/3497
f 3835/3634/3545 3833/3633/3543 3832/3711/3542 3836/3712/3546
f 3833/3633/3543 3768/3635/3478 3767/3631/3477 3830/3630/3540
f 3768/3635/3478 3835/3634/3545 3834/3488/3544 3769/3487/3479
f 3769/3487/3479 3783/3489/3493 3782/3769/3492 3770/3681/3480
f 3783/3498/3493 3838/3497/3548 3837/3619/3547 3784/3770/3494
f 3765/3771/3475 3773/3682/3483 3772/3509/3482 3766/3628/3476
f 3803/3507/3513 3772/3509/3482 3771/3486/3481 3804/3485/3514
f 3806/3501/3516 3794/3500/3504 3793/3691/3503 3802/3696/3512
f 3780/3504/3490 3805/3503/3515 3804/3698/3514 3781/3772/3491
f 3869/3773/3579 3850/3717/3560 3849/3458/3559 3870/3457/3580
f 3840/3774/3550 3871/3775/3581 3870/3457/3580 3839/3460/3549
f 3855/3719/3565 3852/3776/3562 3851/3652/3561 3853/3528/3563
f 3912/3527/3622 3859/3529/3569 3861/3721/3571 3913/3744/3623
f 3860/3526/3570 3862/3644/3572 3864/3723/3574 3861/3777/3571
f 3921/3778/3631 3865/3779/3575 3868/3510/3578 3922/3459/3632
f 3867/3614/3577 3840/3616/3550 3839/3780/3549 3868/3725/3578
f 3874/3729/3584 3845/3781/3555 3848/3659/3558 3875/3661/3585
f 3904/3782/3614 3880/3733/3590 3879/3576/3589 3901/3578/3611
f 3882/3734/3592 3902/3783/3612 3901/3784/3611 3883/3569/3593
f 3926/3747/3636 3842/3713/3552 3841/3542/3551 3924/3541/3634
f 3842/3654/3552 3931/3656/3641 3934/3551/3644 3843/3550/3553
f 3900/3559/3610 3903/3558/3613 3902/3572/3612 3896/3571/3606
f 3865/3539/3575 3905/3538/3615 3908/3512/3618 3866/3511/3576
f 3917/3665/3627 3908/3512/3618 3907/3647/3617 3915/3646/3625
f 3858/3615/3568 3867/3614/3577 3866/3534/3576 3856/3536/3566
f 3863/3785/3573 3909/3742/3619 3911/3514/3621 3864/3533/3574
f 3913/3744/3623 3916/3786/3626 3915/3649/3625 3914/3651/3624
f 3914/3651/3624 3854/3650/3564 3853/3528/3563 3912/3527/3622
f 3854/3648/3564 3907/3647/3617 3906/3518/3616 3855/3517/3565
f 3850/3787/3560 3860/3720/3570 3859/3529/3569 3851/3652/3561
f 3871/3653/3581 3858/3615/3568 3857/3520/3567 3872/3522/3582
f 3852/3530/3562 3923/3532/3633 3922/3459/3632 3849/3458/3559
f 3925/3573/3635 3889/3575/3599 3892/3788/3602 3926/3747/3636
f 3895/3555/3605 3892/3556/3602 3891/3583/3601 3893/3666/3603
f 3847/3566/3557 3927/3565/3637 3930/3748/3640 3848/3789/3558
f 3889/3547/3599 3929/3549/3639 3928/3545/3638 3890/3544/3600
f 3875/3661/3585 3886/3658/3596 3885/3790/3595 3876/3730/3586
f 3888/3540/3598 3841/3542/3551 3844/3563/3554 3885/3562/3595
f 3845/3580/3555 3904/3660/3614 3903/3558/3613 3846/3557/3556
f 3897/3584/3607 3891/3583/3601 3890/3737/3600 3898/3791/3608
f 3883/3569/3593 3894/3568/3604 3893/3666/3603 3884/3582/3594
f 3877/3552/3587 3934/3551/3644 3933/3639/3643 3878/3638/3588
f 3812/3702/3522 3810/3700/3520 3809/3636/3519 3813/3586/3523
f 3810/3612/3520 3761/3604/3471 3760/3677/3470 3811/3792/3521
f 3753/3463/3463 3750/3462/3460 3749/3467/3459 3754/3469/3464
f 3737/3468/3447 3749/3467/3459 3748/3603/3458 3738/3589/3448
f 3825/3474/3535 3807/3473/3517 3811/3701/3521 3826/3793/3536
f 3794/3500/3504 3827/3637/3537 3829/3481/3539 3791/3483/3501
f 3797/3794/3507 3767/3795/3477 3766/3628/3476 3798/3508/3508
f 3805/3503/3515 3801/3502/3511 3800/3499/3510 3806/3501/3516
f 3778/3494/3488 3785/3493/3495 3784/3492/3494 3779/3506/3489
f 3909/3642/3619 3857/3520/3567 3856/3536/3566 3910/3535/3620
f 3916/3641/3626 3911/3514/3621 3910/3743/3620 3917/3796/3627
f 3923/3519/3633 3906/3518/3616 3905/3538/3615 3921/3537/3631
f 3918/3524/3628 3869/3560/3579 3873/3645/3583 3919/3643/3629
f 3862/3644/3572 3873/3645/3583 3872/3728/3582 3863/3722/3573
f 3887/3574/3597 3925/3573/3635 3924/3541/3634 3888/3540/3598
f 3886/3797/3596 3930/3748/3640 3929/3549/3639 3887/3548/3597
f 3927/3565/3637 3899/3564/3609 3898/3546/3608 3928/3545/3638
f 3843/3714/3553 3877/3798/3587 3876/3561/3586 3844/3563/3554
f 3878/3638/3588 3881/3640/3591 3880/3733/3590 3874/3799/3584
f 3846/3557/3556 3900/3559/3610 3899/3740/3609 3847/3715/3557
f 3896/3800/3606 3882/3734/3592 3884/3582/3594 3897/3584/3607
f 3894/3568/3604 3932/3567/3642 3931/3553/3641 3895/3555/3605
f 3932/3577/3642 3879/3576/3589 3881/3640/3591 3933/3639/3643
f 3739/3465/3449 3817/3476/3527 3744/3466/3454
f 3976/3448/3686 3972/3449/3682 3964/3450/3674
f 3963/3451/3673 3954/3452/3664 3951/3453/3661
f 4025/3454/3735 4010/3455/3720 3959/3456/3669
f 4069/3457/3779 4048/3458/3758 4121/3459/3831 4038/3460/3748
f 3957/3461/3667 3949/3462/3659 3952/3463/3662
f 3963/3464/3673 3938/3465/3648 3943/3466/3653
f 3948/3467/3658 3936/3468/3646 3953/3469/3663
f 4021/3470/3731 4011/3471/3721 3950/3472/3660
f 4006/3473/3716 4024/3474/3734 3945/3475/3655
f 3943/3466/3653 4016/3476/3726 4017/3477/3727
f 4031/3478/3741 3985/3479/3695 4035/3480/3745
f 4028/3481/3738 3987/3482/3697 3990/3483/3700
f 3980/3484/3690 4003/3485/3713 3970/3486/3680
f 3968/3487/3678 4033/3488/3743 3982/3489/3692
f 4036/3490/3746 3998/3491/3708 3983/3492/3693
f 3984/3493/3694 3977/3494/3687 3973/3495/3683
f 4033/3496/3743 4037/3497/3747 3982/3498/3692
f 3999/3499/3709 3993/3500/3703 4005/3501/3715
f 4000/3502/3710 4004/3503/3714 3979/3504/3689
f 3989/3505/3699 4037/3497/3747 4033/3496/3743
f 3983/3492/3693 3998/3491/3708 3978/3506/3688
f 4002/3507/3712 3997/3508/3707 3971/3509/3681
f 4038/3460/3748 4121/3459/3831 4067/3510/3777
f 4065/3511/3775 4107/3512/3817 4109/3513/3819
f 4110/3514/3820 4112/3515/3822 4060/3516/3770
f 4054/3517/3764 4105/3518/3815 4122/3519/3832
f 4056/3520/3766 3935/3521/3645 4071/3522/3781
f 4049/3523/3759 4117/3524/3827 4119/3525/3829 4059/3526/3769
f 4111/3527/3821 4052/3528/3762 4058/3529/3768
f 4051/3530/3761 4054/3531/3764 4122/3532/3832
f 4063/3533/3773 4110/3514/3820 4060/3516/3770
f 4065/3534/3775 4109/3535/3819 4055/3536/3765
f 4120/3537/3830 4104/3538/3814 4064/3539/3774
f 4087/3540/3797 4123/3541/3833 4040/3542/3750
f 4071/3522/3781 3935/3521/3645 4062/3543/3772
f 4089/3544/3799 4127/3545/3837 4097/3546/3807
f 4088/3547/3798 4086/3548/3796 4128/3549/3838
f 4042/3550/3752 4133/3551/3843 4076/3552/3786
f 4130/3553/3840 4125/3554/3835 4094/3555/3804
f 4094/3555/3804 4125/3554/3835 4091/3556/3801
f 4045/3557/3755 4102/3558/3812 4099/3559/3809
f 4068/3560/3778 4117/3524/3827 4049/3523/3759
f 4075/3561/3785 4084/3562/3794 4043/3563/3753
f 4098/3564/3808 4126/3565/3836 4046/3566/3756
f 4131/3567/3841 4093/3568/3803 4082/3569/3792
f 4081/3570/3791 4095/3571/3805 4101/3572/3811
f 4124/3573/3834 4086/3574/3796 4088/3575/3798
f 4078/3576/3788 4131/3577/3841 4100/3578/3810
f 4079/3579/3789 4044/3580/3754 4073/3581/3783
f 4083/3582/3793 4090/3583/3800 4096/3584/3806
f 4131/3577/3841 4082/3585/3792 4100/3578/3810
f 4012/3586/3722 4018/3587/3728 4015/3588/3725
f 3937/3589/3647 4013/3590/3723 4014/3591/3724
f 4022/3592/3732 3949/3593/3659 3957/3594/3667
f 3963/3451/3673 3951/3453/3661 3938/3595/3648
f 3956/3596/3666 3939/3597/3649 3958/3598/3668 4020/3599/3730
f 4019/3600/3729 4007/3601/3717 3944/3602/3654
f 3947/3603/3657 4013/3590/3723 3937/3589/3647
f 3960/3604/3670 4011/3471/3721 4021/3470/3731
f 3991/3605/3701 4030/3606/3740 3995/3607/3705
f 3946/3608/3656 3941/3609/3651 3961/3610/3671
f 4025/3454/3735 3959/3456/3669 3942/3611/3652
f 4009/3612/3719 4011/3471/3721 3960/3604/3670
f 3946/3608/3656 4023/3613/3733 3941/3609/3651
f 4066/3614/3776 4057/3615/3767 4039/3616/3749
f 4027/3617/3737 3998/3618/3708 4036/3619/3746 3988/3620/3698
f 3991/3605/3701 3986/3621/3696 4030/3606/3740
f 4001/3622/3711 3992/3623/3702 3994/3624/3704
f 3969/3625/3679 3981/3626/3691 3974/3627/3684
f 3965/3628/3675 3971/3509/3681 3997/3508/3707
f 3996/3629/3706 4029/3630/3739 3966/3631/3676
f 3975/3632/3685 3984/3493/3694 3973/3495/3683
f 4032/3633/3742 4034/3634/3744 3967/3635/3677
f 4008/3636/3718 4018/3587/3728 4012/3586/3722
f 3999/3499/3709 4026/3637/3736 3993/3500/3703
f 4077/3638/3787 4132/3639/3842 4080/3640/3790
f 4110/3514/3820 4115/3641/3825 4112/3515/3822
f 4056/3520/3766 4108/3642/3818 3935/3521/3645
f 3935/3521/3645 4108/3642/3818 4062/3543/3772
f 4119/3525/3829 4118/3643/3828 4061/3644/3771 4059/3526/3769
f 4072/3645/3782 4061/3644/3771 4118/3643/3828
f 4114/3646/3824 4106/3647/3816 4053/3648/3763
f 4114/3649/3824 4053/3650/3763 4113/3651/3823
f 4052/3528/3762 4050/3652/3760 4058/3529/3768
f 4039/3616/3749 4057/3615/3767 4070/3653/3780
f 4041/3654/3751 4125/3655/3835 4130/3656/3840
f 4129/3657/3839 4085/3658/3795 4047/3659/3757
f 4079/3579/3789 4103/3660/3813 4044/3580/3754
f 4047/3659/3757 4085/3658/3795 4074/3661/3784
f 3962/3662/3672 3940/3663/3650 3955/3664/3665
f 4109/3513/3819 4107/3512/3817 4116/3665/3826
f 4092/3666/3802 4090/3583/3800 4083/3582/3793
f 3936/3667/3646 3937/3668/3647 3938/3465/3648
f 3939/3669/3649 3940/3670/3650 3941/3609/3651 3942/3611/3652
f 3943/3671/3653 3944/3602/3654 3945/3672/3655 3946/3608/3656
f 3947/3603/3657 3948/3467/3658 3949/3462/3659 3950/3673/3660
f 3951/3674/3661 3952/3463/3662 3953/3469/3663
f 3954/3452/3664 3955/3664/3665 3956/3675/3666 3957/3676/3667
f 3958/3598/3668 3959/3677/3669 3960/3604/3670
f 3961/3678/3671 3962/3662/3672 3963/3451/3673
f 3964/3679/3674 3965/3680/3675 3966/3631/3676 3967/3635/3677 3968/3487/3678 3969/3681/3679
f 3970/3486/3680 3971/3509/3681 3972/3682/3682 3973/3683/3683
f 3974/3627/3684 3975/3632/3685 3976/3448/3686
f 3977/3494/3687 3978/3506/3688 3979/3684/3689 3980/3685/3690
f 3981/3626/3691 3982/3686/3692 3983/3492/3693 3984/3493/3694
f 3985/3687/3695 3986/3688/3696 3987/3689/3697 3988/3620/3698 3989/3505/3699
f 3990/3483/3700 3991/3690/3701 3992/3691/3702 3993/3500/3703
f 3994/3692/3704 3995/3607/3705 3996/3693/3706 3997/3694/3707
f 3998/3695/3708 3999/3499/3709 4000/3502/3710
f 4001/3696/3711 4002/3697/3712 4003/3698/3713 4004/3503/3714 4005/3501/3715
f 4006/3473/3716 4007/3699/3717 4008/3636/3718 4009/3700/3719 4010/3701/3720
f 4011/3702/3721 4012/3586/3722 4013/3703/3723
f 4014/3704/3724 4015/3705/3725 4016/3476/3726
f 4017/3706/3727 4018/3587/3728 4019/3707/3729
f 4020/3599/3730 4021/3470/3731 4022/3592/3732
f 4023/3613/3733 4024/3708/3734 4025/3454/3735
f 4026/3637/3736 4027/3709/3737 4028/3481/3738
f 4029/3630/3739 4030/3710/3740 4031/3711/3741 4032/3633/3742
f 4033/3488/3743 4034/3634/3744 4035/3712/3745
f 4040/3542/3750 4041/3713/3751 4042/3714/3752 4043/3563/3753
f 4044/3580/3754 4045/3557/3755 4046/3715/3756 4047/3716/3757
f 4048/3458/3758 4049/3717/3759 4050/3718/3760 4051/3530/3761
f 4052/3528/3762 4053/3650/3763 4054/3719/3764
f 4055/3536/3765 4056/3520/3766 4057/3615/3767
f 4058/3529/3768 4059/3720/3769 4060/3721/3770
f 4061/3644/3771 4062/3722/3772 4063/3723/3773
f 4064/3724/3774 4065/3534/3775 4066/3614/3776 4067/3725/3777
f 4068/3560/3778 4069/3726/3779 4070/3727/3780 4071/3728/3781 4072/3645/3782
f 4073/3729/3783 4074/3661/3784 4075/3730/3785 4076/3731/3786 4077/3732/3787
f 4078/3576/3788 4079/3733/3789 4080/3640/3790
f 4081/3734/3791 4082/3569/3792 4083/3582/3793
f 4084/3562/3794 4085/3735/3795 4086/3574/3796 4087/3540/3797
f 4088/3736/3798 4089/3737/3799 4090/3583/3800 4091/3556/3801
f 4092/3666/3802 4093/3568/3803 4094/3555/3804
f 4095/3571/3805 4096/3738/3806 4097/3739/3807 4098/3740/3808 4099/3559/3809
f 4100/3741/3810 4101/3572/3811 4102/3558/3812 4103/3660/3813
f 4104/3538/3814 4105/3518/3815 4106/3647/3816 4107/3512/3817
f 4108/3742/3818 4109/3743/3819 4110/3514/3820
f 4111/3527/3821 4112/3744/3822 4113/3651/3823
f 4114/3646/3824 4115/3745/3825 4116/3665/3826
f 4117/3524/3827 4118/3643/3828 4119/3525/3829
f 4120/3537/3830 4121/3746/3831 4122/3519/3832
f 4123/3541/3833 4124/3573/3834 4125/3747/3835
f 4126/3565/3836 4127/3545/3837 4128/3549/3838 4129/3748/3839
f 4130/3656/3840 4131/3577/3841 4132/3639/3842 4133/3551/3843
f 3963/3464/3673 3943/3466/3653 3946/3749/3656 3961/3750/3671
f 4006/3751/3716 3945/3672/3655 3944/3602/3654 4007/3601/3717
f 3950/3673/3660 4011/3752/3721 4013/3590/3723 3947/3603/3657
f 4012/3586/3722 4015/3588/3725 4014/3753/3724 4013/3703/3723
f 3960/3604/3670 4021/3470/3731 4020/3599/3730 3958/3598/3668
f 3938/3754/3648 3951/3674/3661 3953/3469/3663 3936/3468/3646
f 3951/3453/3661 3954/3452/3664 3957/3676/3667 3952/3755/3662
f 3954/3452/3664 3963/3451/3673 3962/3662/3672 3955/3664/3665
f 3976/3448/3686 3964/3450/3674 3969/3625/3679 3974/3627/3684
f 3980/3685/3690 3970/3756/3680 3973/3495/3683 3977/3494/3687
f 3972/3449/3682 3976/3448/3686 3975/3632/3685 3973/3495/3683
f 4000/3757/3710 3979/3684/3689 3978/3506/3688 3998/3491/3708
f 4035/3758/3745 3985/3687/3695 3989/3505/3699 4033/3496/3743
f 3984/3493/3694 3975/3632/3685 3974/3627/3684 3981/3626/3691
f 3990/3759/3700 3987/3760/3697 3986/3621/3696 3991/3605/3701
f 3997/3508/3707 4002/3507/3712 4001/3622/3711 3994/3624/3704
f 4015/3588/3725 4018/3587/3728 4017/3706/3727 4016/3761/3726
f 4007/3699/3717 4019/3707/3729 4018/3587/3728 4008/3636/3718
f 3943/3671/3653 4017/3762/3727 4019/3600/3729 3944/3602/3654
f 3937/3668/3647 4014/3704/3724 4016/3476/3726 3938/3465/3648
f 3939/3763/3649 3956/3675/3666 3955/3664/3665 3940/3663/3650
f 3956/3596/3666 4020/3599/3730 4022/3592/3732 3957/3594/3667
f 3949/3593/3659 4022/3592/3732 4021/3470/3731 3950/3472/3660
f 3961/3678/3671 3941/3764/3651 3940/3663/3650 3962/3662/3672
f 3941/3609/3651 4023/3613/3733 4025/3454/3735 3942/3611/3652
f 3945/3672/3655 4024/3708/3734 4023/3613/3733 3946/3608/3656
f 3942/3765/3652 3959/3677/3669 3958/3598/3668 3939/3597/3649
f 3998/3695/3708 4027/3709/3737 4026/3637/3736 3999/3499/3709
f 4027/3709/3737 3988/3766/3698 3987/3482/3697 4028/3481/3738
f 4037/3497/3747 3989/3505/3699 3988/3620/3698 4036/3619/3746
f 3995/3607/3705 4030/3606/3740 4029/3767/3739 3996/3693/3706
f 3991/3605/3701 3995/3607/3705 3994/3692/3704 3992/3768/3702
f 3985/3479/3695 4031/3478/3741 4030/3606/3740 3986/3621/3696
f 4034/3634/3744 4032/3633/3742 4031/3711/3741 4035/3712/3745
f 4032/3633/3742 3967/3635/3677 3966/3631/3676 4029/3630/3739
f 3967/3635/3677 4034/3634/3744 4033/3488/3743 3968/3487/3678
f 3968/3487/3678 3982/3489/3692 3981/3769/3691 3969/3681/3679
f 3982/3498/3692 4037/3497/3747 4036/3619/3746 3983/3770/3693
f 3964/3771/3674 3972/3682/3682 3971/3509/3681 3965/3628/3675
f 4002/3507/3712 3971/3509/3681 3970/3486/3680 4003/3485/3713
f 4005/3501/3715 3993/3500/3703 3992/3691/3702 4001/3696/3711
f 3979/3504/3689 4004/3503/3714 4003/3698/3713 3980/3772/3690
f 4068/3773/3778 4049/3717/3759 4048/3458/3758 4069/3457/3779
f 4039/3774/3749 4070/3775/3780 4069/3457/3779 4038/3460/3748
f 4054/3719/3764 4051/3776/3761 4050/3652/3760 4052/3528/3762
f 4111/3527/3821 4058/3529/3768 4060/3721/3770 4112/3744/3822
f 4059/3526/3769 4061/3644/3771 4063/3723/3773 4060/3777/3770
f 4120/3778/3830 4064/3779/3774 4067/3510/3777 4121/3459/3831
f 4066/3614/3776 4039/3616/3749 4038/3780/3748 4067/3725/3777
f 4073/3729/3783 4044/3781/3754 4047/3659/3757 4074/3661/3784
f 4103/3782/3813 4079/3733/3789 4078/3576/3788 4100/3578/3810
f 4081/3734/3791 4101/3783/3811 4100/3784/3810 4082/3569/3792
f 4125/3747/3835 4041/3713/3751 4040/3542/3750 4123/3541/3833
f 4041/3654/3751 4130/3656/3840 4133/3551/3843 4042/3550/3752
f 4099/3559/3809 4102/3558/3812 4101/3572/3811 4095/3571/3805
f 4064/3539/3774 4104/3538/3814 4107/3512/3817 4065/3511/3775
f 4116/3665/3826 4107/3512/3817 4106/3647/3816 4114/3646/3824
f 4057/3615/3767 4066/3614/3776 4065/3534/3775 4055/3536/3765
f 4062/3785/3772 4108/3742/3818 4110/3514/3820 4063/3533/3773
f 4112/3744/3822 4115/3786/3825 4114/3649/3824 4113/3651/3823
f 4113/3651/3823 4053/3650/3763 4052/3528/3762 4111/3527/3821
f 4053/3648/3763 4106/3647/3816 4105/3518/3815 4054/3517/3764
f 4049/3787/3759 4059/3720/3769 4058/3529/3768 4050/3652/3760
f 4070/3653/3780 4057/3615/3767 4056/3520/3766 4071/3522/3781
f 4051/3530/3761 4122/3532/3832 4121/3459/3831 4048/3458/3758
f 4124/3573/3834 4088/3575/3798 4091/3788/3801 4125/3747/3835
f 4094/3555/3804 4091/3556/3801 4090/3583/3800 4092/3666/3802
f 4046/3566/3756 4126/3565/3836 4129/3748/3839 4047/3789/3757
f 4088/3547/3798 4128/3549/3838 4127/3545/3837 4089/3544/3799
f 4074/3661/3784 4085/3658/3795 4084/3790/3794 4075/3730/3785
f 4087/3540/3797 4040/3542/3750 4043/3563/3753 4084/3562/3794
f 4044/3580/3754 4103/3660/3813 4102/3558/3812 4045/3557/3755
f 4096/3584/3806 4090/3583/3800 4089/3737/3799 4097/3791/3807
f 4082/3569/3792 4093/3568/3803 4092/3666/3802 4083/3582/3793
f 4076/3552/3786 4133/3551/3843 4132/3639/3842 4077/3638/3787
f 4011/3702/3721 4009/3700/3719 4008/3636/3718 4012/3586/3722
f 4009/3612/3719 3960/3604/3670 3959/3677/3669 4010/3792/3720
f 3952/3463/3662 3949/3462/3659 3948/3467/3658 3953/3469/3663
f 3936/3468/3646 3948/3467/3658 3947/3603/3657 3937/3589/3647
f 4024/3474/3734 4006/3473/3716 4010/3701/3720 4025/3793/3735
f 3993/3500/3703 4026/3637/3736 4028/3481/3738 3990/3483/3700
f 3996/3794/3706 3966/3795/3676 3965/3628/3675 3997/3508/3707
f 4004/3503/3714 4000/3502/3710 3999/3499/3709 4005/3501/3715
f 3977/3494/3687 3984/3493/3694 3983/3492/3693 3978/3506/3688
f 4108/3642/3818 4056/3520/3766 4055/3536/3765 4109/3535/3819
f 4115/3641/3825 4110/3514/3820 4109/3743/3819 4116/3796/3826
f 4122/3519/3832 4105/3518/3815 4104/3538/3814 4120/3537/3830
f 4117/3524/3827 4068/3560/3778 4072/3645/3782 4118/3643/3828
f 4061/3644/3771 4072/3645/3782 4071/3728/3781 4062/3722/3772
f 4086/3574/3796 4124/3573/3834 4123/3541/3833 4087/3540/3797
f 4085/3797/3795 4129/3748/3839 4128/3549/3838 4086/3548/3796
f 4126/3565/3836 4098/3564/3808 4097/3546/3807 4127/3545/3837
f 4042/3714/3752 4076/3798/3786 4075/3561/3785 4043/3563/3753
f 4077/3638/3787 4080/3640/3790 4079/3733/3789 4073/3799/3783
f 4045/3557/3755 4099/3559/3809 4098/3740/3808 4046/3715/3756
f 4095/3800/3805 4081/3734/3791 4083/3582/3793 4096/3584/3806
f 4093/3568/3803 4131/3567/3841 4130/3553/3840 4094/3555/3804
f 4131/3577/3841 4078/3576/3788 4080/3640/3790 4132/3639/3842
f 3938/3465/3648 4016/3476/3726 3943/3466/3653
f 4175/3448/3885 4171/3449/3881 4163/3450/3873
f 4162/3451/3872 4153/3452/3863 4150/3453/3860
f 4224/3454/3934 4209/3455/3919 4158/3456/3868
f 4268/3457/3978 4247/3458/3957 4320/3459/4030 4237/3460/3947
f 4156/3461/3866 4148/3462/3858 4151/3463/3861
f 4162/3464/3872 4137/3465/3847 4142/3466/3852
f 4147/3467/3857 4135/3468/3845 4152/3469/3862
f 4220/3470/3930 4210/3471/3920 4149/3472/3859
f 4205/3473/3915 4223/3474/3933 4144/3475/3854
f 4142/3466/3852 4215/3476/3925 4216/3477/3926
f 4230/3478/3940 4184/3479/3894 4234/3480/3944
f 4227/3481/3937 4186/3482/3896 4189/3483/3899
f 4179/3484/3889 4202/3485/3912 4169/3486/3879
f 4167/3487/3877 4232/3488/3942 4181/3489/3891
f 4235/3490/3945 4197/3491/3907 4182/3492/3892
f 4183/3493/3893 4176/3494/3886 4172/3495/3882
f 4232/3496/3942 4236/3497/3946 4181/3498/3891
f 4198/3499/3908 4192/3500/3902 4204/3501/3914
f 4199/3502/3909 4203/3503/3913 4178/3504/3888
f 4188/3505/3898 4236/3497/3946 4232/3496/3942
f 4182/3492/3892 4197/3491/3907 4177/3506/3887
f 4201/3507/3911 4196/3508/3906 4170/3509/3880
f 4237/3460/3947 4320/3459/4030 4266/3510/3976
f 4264/3511/3974 4306/3512/4016 4308/3513/4018
f 4309/3514/4019 4311/3515/4021 4259/3516/3969
f 4253/3517/3963 4304/3518/4014 4321/3519/4031
f 4255/3520/3965 4134/3521/3844 4270/3522/3980
f 4248/3523/3958 4316/3524/4026 4318/3525/4028 4258/3526/3968
f 4310/3527/4020 4251/3528/3961 4257/3529/3967
f 4250/3530/3960 4253/3531/3963 4321/3532/4031
f 4262/3533/3972 4309/3514/4019 4259/3516/3969
f 4264/3534/3974 4308/3535/4018 4254/3536/3964
f 4319/3537/4029 4303/3538/4013 4263/3539/3973
f 4286/3540/3996 4322/3541/4032 4239/3542/3949
f 4270/3522/3980 4134/3521/3844 4261/3543/3971
f 4288/3544/3998 4326/3545/4036 4296/3546/4006
f 4287/3547/3997 4285/3548/3995 4327/3549/4037
f 4241/3550/3951 4332/3551/4042 4275/3552/3985
f 4329/3553/4039 4324/3554/4034 4293/3555/4003
f 4293/3555/4003 4324/3554/4034 4290/3556/4000
f 4244/3557/3954 4301/3558/4011 4298/3559/4008
f 4267/3560/3977 4316/3524/4026 4248/3523/3958
f 4274/3561/3984 4283/3562/3993 4242/3563/3952
f 4297/3564/4007 4325/3565/4035 4245/3566/3955
f 4330/3567/4040 4292/3568/4002 4281/3569/3991
f 4280/3570/3990 4294/3571/4004 4300/3572/4010
f 4323/3573/4033 4285/3574/3995 4287/3575/3997
f 4277/3576/3987 4330/3577/4040 4299/3578/4009
f 4278/3579/3988 4243/3580/3953 4272/3581/3982
f 4282/3582/3992 4289/3583/3999 4295/3584/4005
f 4330/3577/4040 4281/3585/3991 4299/3578/4009
f 4211/3586/3921 4217/3587/3927 4214/3588/3924
f 4136/3589/3846 4212/3590/3922 4213/3591/3923
f 4221/3592/3931 4148/3593/3858 4156/3594/3866
f 4162/3451/3872 4150/3453/3860 4137/3595/3847
f 4155/3596/3865 4138/3597/3848 4157/3598/3867 4219/3599/3929
f 4218/3600/3928 4206/3601/3916 4143/3602/3853
f 4146/3603/3856 4212/3590/3922 4136/3589/3846
f 4159/3604/3869 4210/3471/3920 4220/3470/3930
f 4190/3605/3900 4229/3606/3939 4194/3607/3904
f 4145/3608/3855 4140/3609/3850 4160/3610/3870
f 4224/3454/3934 4158/3456/3868 4141/3611/3851
f 4208/3612/3918 4210/3471/3920 4159/3604/3869
f 4145/3608/3855 4222/3613/3932 4140/3609/3850
f 4265/3614/3975 4256/3615/3966 4238/3616/3948
f 4226/3617/3936 4197/3618/3907 4235/3619/3945 4187/3620/3897
f 4190/3605/3900 4185/3621/3895 4229/3606/3939
f 4200/3622/3910 4191/3623/3901 4193/3624/3903
f 4168/3625/3878 4180/3626/3890 4173/3627/3883
f 4164/3628/3874 4170/3509/3880 4196/3508/3906
f 4195/3629/3905 4228/3630/3938 4165/3631/3875
f 4174/3632/3884 4183/3493/3893 4172/3495/3882
f 4231/3633/3941 4233/3634/3943 4166/3635/3876
f 4207/3636/3917 4217/3587/3927 4211/3586/3921
f 4198/3499/3908 4225/3637/3935 4192/3500/3902
f 4276/3638/3986 4331/3639/4041 4279/3640/3989
f 4309/3514/4019 4314/3641/4024 4311/3515/4021
f 4255/3520/3965 4307/3642/4017 4134/3521/3844
f 4134/3521/3844 4307/3642/4017 4261/3543/3971
f 4318/3525/4028 4317/3643/4027 4260/3644/3970 4258/3526/3968
f 4271/3645/3981 4260/3644/3970 4317/3643/4027
f 4313/3646/4023 4305/3647/4015 4252/3648/3962
f 4313/3649/4023 4252/3650/3962 4312/3651/4022
f 4251/3528/3961 4249/3652/3959 4257/3529/3967
f 4238/3616/3948 4256/3615/3966 4269/3653/3979
f 4240/3654/3950 4324/3655/4034 4329/3656/4039
f 4328/3657/4038 4284/3658/3994 4246/3659/3956
f 4278/3579/3988 4302/3660/4012 4243/3580/3953
f 4246/3659/3956 4284/3658/3994 4273/3661/3983
f 4161/3662/3871 4139/3663/3849 4154/3664/3864
f 4308/3513/4018 4306/3512/4016 4315/3665/4025
f 4291/3666/4001 4289/3583/3999 4282/3582/3992
f 4135/3667/3845 4136/3668/3846 4137/3465/3847
f 4138/3669/3848 4139/3670/3849 4140/3609/3850 4141/3611/3851
f 4142/3671/3852 4143/3602/3853 4144/3672/3854 4145/3608/3855
f 4146/3603/3856 4147/3467/3857 4148/3462/3858 4149/3673/3859
f 4150/3674/3860 4151/3463/3861 4152/3469/3862
f 4153/3452/3863 4154/3664/3864 4155/3675/3865 4156/3676/3866
f 4157/3598/3867 4158/3677/3868 4159/3604/3869
f 4160/3678/3870 4161/3662/3871 4162/3451/3872
f 4163/3679/3873 4164/3680/3874 4165/3631/3875 4166/3635/3876 4167/3487/3877 4168/3681/3878
f 4169/3486/3879 4170/3509/3880 4171/3682/3881 4172/3683/3882
f 4173/3627/3883 4174/3632/3884 4175/3448/3885
f 4176/3494/3886 4177/3506/3887 4178/3684/3888 4179/3685/3889
f 4180/3626/3890 4181/3686/3891 4182/3492/3892 4183/3493/3893
f 4184/3687/3894 4185/3688/3895 4186/3689/3896 4187/3620/3897 4188/3505/3898
f 4189/3483/3899 4190/3690/3900 4191/3691/3901 4192/3500/3902
f 4193/3692/3903 4194/3607/3904 4195/3693/3905 4196/3694/3906
f 4197/3695/3907 4198/3499/3908 4199/3502/3909
f 4200/3696/3910 4201/3697/3911 4202/3698/3912 4203/3503/3913 4204/3501/3914
f 4205/3473/3915 4206/3699/3916 4207/3636/3917 4208/3700/3918 4209/3701/3919
f 4210/3702/3920 4211/3586/3921 4212/3703/3922
f 4213/3704/3923 4214/3705/3924 4215/3476/3925
f 4216/3706/3926 4217/3587/3927 4218/3707/3928
f 4219/3599/3929 4220/3470/3930 4221/3592/3931
f 4222/3613/3932 4223/3708/3933 4224/3454/3934
f 4225/3637/3935 4226/3709/3936 4227/3481/3937
f 4228/3630/3938 4229/3710/3939 4230/3711/3940 4231/3633/3941
f 4232/3488/3942 4233/3634/3943 4234/3712/3944
f 4239/3542/3949 4240/3713/3950 4241/3714/3951 4242/3563/3952
f 4243/3580/3953 4244/3557/3954 4245/3715/3955 4246/3716/3956
f 4247/3458/3957 4248/3717/3958 4249/3718/3959 4250/3530/3960
f 4251/3528/3961 4252/3650/3962 4253/3719/3963
f 4254/3536/3964 4255/3520/3965 4256/3615/3966
f 4257/3529/3967 4258/3720/3968 4259/3721/3969
f 4260/3644/3970 4261/3722/3971 4262/3723/3972
f 4263/3724/3973 4264/3534/3974 4265/3614/3975 4266/3725/3976
f 4267/3560/3977 4268/3726/3978 4269/3727/3979 4270/3728/3980 4271/3645/3981
f 4272/3729/3982 4273/3661/3983 4274/3730/3984 4275/3731/3985 4276/3732/3986
f 4277/3576/3987 4278/3733/3988 4279/3640/3989
f 4280/3734/3990 4281/3569/3991 4282/3582/3992
f 4283/3562/3993 4284/3735/3994 4285/3574/3995 4286/3540/3996
f 4287/3736/3997 4288/3737/3998 4289/3583/3999 4290/3556/4000
f 4291/3666/4001 4292/3568/4002 4293/3555/4003
f 4294/3571/4004 4295/3738/4005 4296/3739/4006 4297/3740/4007 4298/3559/4008
f 4299/3741/4009 4300/3572/4010 4301/3558/4011 4302/3660/4012
f 4303/3538/4013 4304/3518/4014 4305/3647/4015 4306/3512/4016
f 4307/3742/4017 4308/3743/4018 4309/3514/4019
f 4310/3527/4020 4311/3744/4021 4312/3651/4022
f 4313/3646/4023 4314/3745/4024 4315/3665/4025
f 4316/3524/4026 4317/3643/4027 4318/3525/4028
f 4319/3537/4029 4320/3746/4030 4321/3519/4031
f 4322/3541/4032 4323/3573/4033 4324/3747/4034
f 4325/3565/4035 4326/3545/4036 4327/3549/4037 4328/3748/4038
f 4329/3656/4039 4330/3577/4040 4331/3639/4041 4332/3551/4042
f 4162/3464/3872 4142/3466/3852 4145/3749/3855 4160/3750/3870
f 4205/3751/3915 4144/3672/3854 4143/3602/3853 4206/3601/3916
f 4149/3673/3859 4210/3752/3920 4212/3590/3922 4146/3603/3856
f 4211/3586/3921 4214/3588/3924 4213/3753/3923 4212/3703/3922
f 4159/3604/3869 4220/3470/3930 4219/3599/3929 4157/3598/3867
f 4137/3754/3847 4150/3674/3860 4152/3469/3862 4135/3468/3845
f 4150/3453/3860 4153/3452/3863 4156/3676/3866 4151/3755/3861
f 4153/3452/3863 4162/3451/3872 4161/3662/3871 4154/3664/3864
f 4175/3448/3885 4163/3450/3873 4168/3625/3878 4173/3627/3883
f 4179/3685/3889 4169/3756/3879 4172/3495/3882 4176/3494/3886
f 4171/3449/3881 4175/3448/3885 4174/3632/3884 4172/3495/3882
f 4199/3757/3909 4178/3684/3888 4177/3506/3887 4197/3491/3907
f 4234/3758/3944 4184/3687/3894 4188/3505/3898 4232/3496/3942
f 4183/3493/3893 4174/3632/3884 4173/3627/3883 4180/3626/3890
f 4189/3759/3899 4186/3760/3896 4185/3621/3895 4190/3605/3900
f 4196/3508/3906 4201/3507/3911 4200/3622/3910 4193/3624/3903
f 4214/3588/3924 4217/3587/3927 4216/3706/3926 4215/3761/3925
f 4206/3699/3916 4218/3707/3928 4217/3587/3927 4207/3636/3917
f 4142/3671/3852 4216/3762/3926 4218/3600/3928 4143/3602/3853
f 4136/3668/3846 4213/3704/3923 4215/3476/3925 4137/3465/3847
f 4138/3763/3848 4155/3675/3865 4154/3664/3864 4139/3663/3849
f 4155/3596/3865 4219/3599/3929 4221/3592/3931 4156/3594/3866
f 4148/3593/3858 4221/3592/3931 4220/3470/3930 4149/3472/3859
f 4160/3678/3870 4140/3764/3850 4139/3663/3849 4161/3662/3871
f 4140/3609/3850 4222/3613/3932 4224/3454/3934 4141/3611/3851
f 4144/3672/3854 4223/3708/3933 4222/3613/3932 4145/3608/3855
f 4141/3765/3851 4158/3677/3868 4157/3598/3867 4138/3597/3848
f 4197/3695/3907 4226/3709/3936 4225/3637/3935 4198/3499/3908
f 4226/3709/3936 4187/3766/3897 4186/3482/3896 4227/3481/3937
f 4236/3497/3946 4188/3505/3898 4187/3620/3897 4235/3619/3945
f 4194/3607/3904 4229/3606/3939 4228/3767/3938 4195/3693/3905
f 4190/3605/3900 4194/3607/3904 4193/3692/3903 4191/3768/3901
f 4184/3479/3894 4230/3478/3940 4229/3606/3939 4185/3621/3895
f 4233/3634/3943 4231/3633/3941 4230/3711/3940 4234/3712/3944
f 4231/3633/3941 4166/3635/3876 4165/3631/3875 4228/3630/3938
f 4166/3635/3876 4233/3634/3943 4232/3488/3942 4167/3487/3877
f 4167/3487/3877 4181/3489/3891 4180/3769/3890 4168/3681/3878
f 4181/3498/3891 4236/3497/3946 4235/3619/3945 4182/3770/3892
f 4163/3771/3873 4171/3682/3881 4170/3509/3880 4164/3628/3874
f 4201/3507/3911 4170/3509/3880 4169/3486/3879 4202/3485/3912
f 4204/3501/3914 4192/3500/3902 4191/3691/3901 4200/3696/3910
f 4178/3504/3888 4203/3503/3913 4202/3698/3912 4179/3772/3889
f 4267/3773/3977 4248/3717/3958 4247/3458/3957 4268/3457/3978
f 4238/3774/3948 4269/3775/3979 4268/3457/3978 4237/3460/3947
f 4253/3719/3963 4250/3776/3960 4249/3652/3959 4251/3528/3961
f 4310/3527/4020 4257/3529/3967 4259/3721/3969 4311/3744/4021
f 4258/3526/3968 4260/3644/3970 4262/3723/3972 4259/3777/3969
f 4319/3778/4029 4263/3779/3973 4266/3510/3976 4320/3459/4030
f 4265/3614/3975 4238/3616/3948 4237/3780/3947 4266/3725/3976
f 4272/3729/3982 4243/3781/3953 4246/3659/3956 4273/3661/3983
f 4302/3782/4012 4278/3733/3988 4277/3576/3987 4299/3578/4009
f 4280/3734/3990 4300/3783/4010 4299/3784/4009 4281/3569/3991
f 4324/3747/4034 4240/3713/3950 4239/3542/3949 4322/3541/4032
f 4240/3654/3950 4329/3656/4039 4332/3551/4042 4241/3550/3951
f 4298/3559/4008 4301/3558/4011 4300/3572/4010 4294/3571/4004
f 4263/3539/3973 4303/3538/4013 4306/3512/4016 4264/3511/3974
f 4315/3665/4025 4306/3512/4016 4305/3647/4015 4313/3646/4023
f 4256/3615/3966 4265/3614/3975 4264/3534/3974 4254/3536/3964
f 4261/3785/3971 4307/3742/4017 4309/3514/4019 4262/3533/3972
f 4311/3744/4021 4314/3786/4024 4313/3649/4023 4312/3651/4022
f 4312/3651/4022 4252/3650/3962 4251/3528/3961 4310/3527/4020
f 4252/3648/3962 4305/3647/4015 4304/3518/4014 4253/3517/3963
f 4248/3787/3958 4258/3720/3968 4257/3529/3967 4249/3652/3959
f 4269/3653/3979 4256/3615/3966 4255/3520/3965 4270/3522/3980
f 4250/3530/3960 4321/3532/4031 4320/3459/4030 4247/3458/3957
f 4323/3573/4033 4287/3575/3997 4290/3788/4000 4324/3747/4034
f 4293/3555/4003 4290/3556/4000 4289/3583/3999 4291/3666/4001
f 4245/3566/3955 4325/3565/4035 4328/3748/4038 4246/3789/3956
f 4287/3547/3997 4327/3549/4037 4326/3545/4036 4288/3544/3998
f 4273/3661/3983 4284/3658/3994 4283/3790/3993 4274/3730/3984
f 4286/3540/3996 4239/3542/3949 4242/3563/3952 4283/3562/3993
f 4243/3580/3953 4302/3660/4012 4301/3558/4011 4244/3557/3954
f 4295/3584/4005 4289/3583/3999 4288/3737/3998 4296/3791/4006
f 4281/3569/3991 4292/3568/4002 4291/3666/4001 4282/3582/3992
f 4275/3552/3985 4332/3551/4042 4331/3639/4041 4276/3638/3986
f 4210/3702/3920 4208/3700/3918 4207/3636/3917 4211/3586/3921
f 4208/3612/3918 4159/3604/3869 4158/3677/3868 4209/3792/3919
f 4151/3463/3861 4148/3462/3858 4147/3467/3857 4152/3469/3862
f 4135/3468/3845 4147/3467/3857 4146/3603/3856 4136/3589/3846
f 4223/3474/3933 4205/3473/3915 4209/3701/3919 4224/3793/3934
f 4192/3500/3902 4225/3637/3935 4227/3481/3937 4189/3483/3899
f 4195/3794/3905 4165/3795/3875 4164/3628/3874 4196/3508/3906
f 4203/3503/3913 4199/3502/3909 4198/3499/3908 4204/3501/3914
f 4176/3494/3886 4183/3493/3893 4182/3492/3892 4177/3506/3887
f 4307/3642/4017 4255/3520/3965 4254/3536/3964 4308/3535/4018
f 4314/3641/4024 4309/3514/4019 4308/3743/4018 4315/3796/4025
f 4321/3519/4031 4304/3518/4014 4303/3538/4013 4319/3537/4029
f 4316/3524/4026 4267/3560/3977 4271/3645/3981 4317/3643/4027
f 4260/3644/3970 4271/3645/3981 4270/3728/3980 4261/3722/3971
f 4285/3574/3995 4323/3573/4033 4322/3541/4032 4286/3540/3996
f 4284/3797/3994 4328/3748/4038 4327/3549/4037 4285/3548/3995
f 4325/3565/4035 4297/3564/4007 4296/3546/4006 4326/3545/4036
f 4241/3714/3951 4275/3798/3985 4274/3561/3984 4242/3563/3952
f 4276/3638/3986 4279/3640/3989 4278/3733/3988 4272/3799/3982
f 4244/3557/3954 4298/3559/4008 4297/3740/4007 4245/3715/3955
f 4294/3800/4004 4280/3734/3990 4282/3582/3992 4295/3584/4005
f 4292/3568/4002 4330/3567/4040 4329/3553/4039 4293/3555/4003
f 4330/3577/4040 4277/3576/3987 4279/3640/3989 4331/3639/4041
f 4137/3465/3847 4215/3476/3925 4142/3466/3852
o Plane
v -0.130487 -0.033821 0.423572
v -0.037119 -0.028530 0.409375
v -0.138116 -0.033060 0.330290
v -0.025352 -0.034621 0.321976
v -0.146897 -0.035785 0.375367
v -0.086995 -0.004100 0.415160
v -0.029684 -0.027803 0.364152
v -0.071086 -0.034246 0.320627
v -0.081455 -0.012274 0.371996
v -0.083969 -0.015872 0.387226
v -0.083867 -0.011526 0.387294
v -0.083955 -0.015952 0.384443
v -0.083851 -0.011604 0.384494
v -0.081219 -0.015702 0.386823
v -0.081099 -0.011363 0.386907
v -0.081203 -0.015783 0.384050
v -0.081081 -0.011443 0.384115
v -0.085740 -0.016784 0.382909
v -0.085767 -0.016605 0.389281
v -0.085650 -0.010907 0.389373
v -0.085615 -0.011081 0.382949
v -0.079446 -0.016401 0.382019
v -0.079268 -0.010721 0.382101
v -0.079483 -0.016210 0.388343
v -0.079314 -0.010535 0.388482
v -0.116142 -0.026067 0.386245
v -0.118003 -0.022407 0.385176
v -0.114134 -0.025550 0.384191
v -0.115997 -0.021889 0.383138
v -0.114550 -0.024375 0.388042
v -0.116401 -0.020718 0.386981
v -0.112536 -0.023860 0.385969
v -0.114388 -0.020202 0.384924
v -0.113586 -0.026868 0.381886
v -0.118172 -0.028052 0.386558
v -0.120613 -0.023258 0.385138
v -0.116037 -0.022069 0.380513
v -0.109927 -0.023005 0.385920
v -0.112341 -0.018218 0.384574
v -0.114539 -0.024183 0.390697
v -0.116957 -0.019394 0.389300
v -0.109667 -0.018836 0.405233
v -0.111490 -0.015198 0.404204
v -0.107631 -0.018309 0.403048
v -0.109436 -0.014676 0.402033
v -0.108099 -0.017150 0.407110
v -0.109919 -0.013514 0.406090
v -0.106061 -0.016621 0.404904
v -0.107861 -0.012991 0.403899
v -0.107071 -0.019620 0.400619
v -0.111720 -0.020821 0.405593
v -0.114128 -0.016049 0.404223
v -0.109425 -0.014862 0.399295
v -0.103480 -0.015753 0.404832
v -0.105815 -0.011006 0.403539
v -0.108139 -0.016970 0.409914
v -0.110535 -0.012204 0.408572
v -0.128303 -0.033589 0.369525
v -0.126278 -0.029959 0.370829
v -0.130066 -0.031823 0.367737
v -0.128035 -0.028193 0.369042
v -0.126447 -0.033850 0.367588
v -0.124383 -0.030234 0.368876
v -0.128237 -0.032077 0.365818
v -0.126160 -0.028464 0.367108
v -0.132678 -0.031084 0.367596
v -0.128686 -0.035110 0.371706
v -0.126071 -0.030342 0.373425
v -0.130055 -0.026312 0.369308
v -0.128545 -0.031649 0.363234
v -0.125777 -0.026931 0.364908
v -0.124415 -0.035714 0.367251
v -0.121699 -0.030983 0.368923
v -0.086949 -0.016763 0.386242
v -0.086049 -0.013766 0.389713
v -0.086838 -0.011058 0.386301
v -0.086016 -0.013960 0.382638
v -0.082566 -0.016632 0.381296
v -0.082414 -0.010940 0.381346
v -0.079028 -0.013550 0.381679
v -0.078307 -0.016227 0.384986
v -0.078122 -0.010554 0.385106
v -0.079075 -0.013340 0.388697
v -0.082611 -0.016378 0.390026
v -0.082471 -0.010692 0.390150
v -0.084481 -0.015943 0.385904
v -0.084381 -0.011594 0.385962
v -0.082573 -0.015884 0.383730
v -0.082459 -0.011539 0.383784
v -0.080699 -0.015710 0.385357
v -0.080575 -0.011372 0.385435
v -0.082593 -0.015773 0.387550
v -0.082483 -0.011430 0.387629
v -0.084865 -0.017311 0.383669
v -0.084885 -0.017181 0.388239
v -0.084734 -0.010276 0.388349
v -0.084707 -0.010402 0.383733
v -0.080348 -0.017032 0.383021
v -0.080143 -0.010143 0.383123
v -0.080373 -0.016896 0.387567
v -0.080176 -0.010011 0.387717
v -0.083585 -0.013688 0.386872
v -0.081492 -0.013561 0.386573
v -0.081480 -0.013623 0.384461
v -0.083574 -0.013748 0.384756
v -0.116574 -0.028181 0.383460
v -0.119820 -0.025926 0.385880
v -0.119026 -0.023384 0.382059
v -0.114758 -0.024614 0.380748
v -0.110879 -0.024720 0.383013
v -0.113313 -0.019926 0.381661
v -0.110692 -0.020349 0.385216
v -0.111560 -0.022866 0.389080
v -0.113970 -0.018080 0.387715
v -0.115794 -0.021650 0.390474
v -0.117210 -0.026341 0.389509
v -0.119640 -0.021549 0.388091
v -0.115439 -0.026124 0.384884
v -0.117303 -0.022464 0.383821
v -0.112956 -0.024609 0.384692
v -0.114813 -0.020949 0.383646
v -0.113246 -0.023800 0.387341
v -0.115096 -0.020143 0.386291
v -0.115721 -0.025318 0.387529
v -0.117577 -0.021660 0.386461
v -0.113459 -0.026999 0.383260
v -0.116758 -0.027849 0.386631
v -0.119717 -0.022036 0.384921
v -0.116424 -0.021184 0.381590
v -0.110835 -0.024222 0.386167
v -0.113769 -0.018415 0.384521
v -0.114147 -0.025069 0.389593
v -0.117083 -0.019262 0.387904
v -0.116634 -0.023973 0.385686
v -0.115422 -0.022691 0.387051
v -0.113895 -0.022299 0.385486
v -0.115111 -0.023581 0.384132
v -0.110046 -0.020948 0.402309
v -0.113360 -0.018703 0.404947
v -0.112429 -0.016183 0.400956
v -0.108192 -0.017384 0.399480
v -0.104420 -0.017457 0.401777
v -0.106756 -0.012706 0.400478
v -0.104211 -0.013114 0.404148
v -0.105114 -0.015643 0.408175
v -0.107478 -0.010888 0.406864
v -0.109396 -0.014450 0.409744
v -0.110823 -0.019117 0.408693
v -0.113236 -0.014344 0.407329
v -0.108939 -0.018890 0.403791
v -0.110754 -0.015254 0.402767
v -0.106468 -0.017365 0.403563
v -0.108266 -0.013735 0.402557
v -0.106782 -0.016570 0.406357
v -0.108590 -0.012938 0.405347
v -0.109269 -0.018091 0.406583
v -0.111094 -0.014453 0.405555
v -0.106962 -0.019749 0.402048
v -0.110299 -0.020616 0.405636
v -0.113207 -0.014833 0.403988
v -0.109822 -0.013981 0.400438
v -0.104383 -0.016971 0.405083
v -0.107228 -0.011211 0.403501
v -0.107725 -0.017846 0.408728
v -0.110622 -0.012070 0.407104
v -0.110138 -0.016752 0.404684
v -0.108947 -0.015474 0.406109
v -0.107394 -0.015074 0.404443
v -0.108587 -0.016354 0.403029
v -0.131428 -0.033007 0.370491
v -0.127391 -0.032909 0.373027
v -0.128839 -0.028226 0.372218
v -0.131793 -0.028458 0.368472
v -0.131415 -0.030589 0.364640
v -0.128710 -0.025846 0.366329
v -0.127151 -0.029111 0.363635
v -0.125651 -0.033810 0.364432
v -0.122890 -0.029093 0.366097
v -0.122607 -0.033599 0.368070
v -0.125827 -0.036154 0.370229
v -0.123161 -0.031406 0.371924
v -0.129522 -0.032662 0.368996
v -0.127503 -0.029028 0.370303
v -0.129492 -0.031615 0.366442
v -0.127436 -0.027993 0.367738
v -0.126989 -0.033015 0.366345
v -0.124911 -0.029404 0.367631
v -0.127050 -0.034048 0.368887
v -0.125006 -0.030425 0.370183
v -0.131816 -0.032237 0.367379
v -0.128932 -0.035134 0.370324
v -0.125739 -0.029362 0.372402
v -0.128612 -0.026462 0.369454
v -0.128845 -0.032642 0.364239
v -0.125518 -0.026913 0.366278
v -0.125886 -0.035561 0.367136
v -0.122599 -0.029822 0.369173
v -0.127274 -0.031597 0.369736
v -0.125852 -0.031800 0.368262
v -0.127204 -0.030456 0.366918
v -0.128611 -0.030256 0.368381
v -0.087361 -0.013936 0.386331
v -0.082489 -0.013799 0.380863
v -0.077769 -0.013360 0.384975
v -0.082546 -0.013522 0.390554
v -0.081096 -0.013568 0.385459
v -0.082539 -0.013614 0.387121
v -0.085731 -0.017296 0.386065
v -0.085584 -0.010385 0.386146
v -0.082592 -0.017199 0.382502
v -0.082409 -0.010299 0.382575
v -0.079525 -0.016909 0.385158
v -0.079315 -0.010025 0.385292
v -0.082623 -0.017016 0.388769
v -0.082451 -0.010122 0.388908
v -0.082522 -0.013697 0.384215
v -0.083974 -0.013741 0.385867
v -0.118062 -0.026066 0.382470
v -0.111754 -0.022242 0.382002
v -0.112497 -0.020195 0.388702
v -0.118751 -0.024035 0.389146
v -0.114432 -0.022254 0.386524
v -0.116313 -0.023406 0.386660
v -0.115605 -0.027943 0.384398
v -0.118572 -0.022128 0.382704
v -0.111520 -0.025454 0.384074
v -0.114470 -0.019642 0.382424
v -0.112006 -0.024122 0.388433
v -0.114936 -0.018317 0.386770
v -0.116068 -0.026619 0.388748
v -0.119015 -0.020809 0.387039
v -0.114216 -0.022867 0.384516
v -0.116101 -0.024017 0.384655
v -0.111493 -0.018848 0.401329
v -0.105253 -0.014996 0.400770
v -0.106031 -0.012989 0.407838
v -0.112374 -0.016819 0.408379
v -0.107944 -0.015035 0.405543
v -0.109836 -0.016187 0.405707
v -0.109102 -0.020705 0.403269
v -0.111988 -0.014928 0.401635
v -0.105056 -0.018195 0.402884
v -0.107899 -0.012433 0.401297
v -0.105559 -0.016891 0.407481
v -0.108428 -0.011124 0.405883
v -0.109649 -0.019392 0.407859
v -0.112561 -0.013609 0.406215
v -0.107701 -0.015639 0.403425
v -0.109583 -0.016793 0.403591
v -0.130428 -0.030580 0.371686
v -0.130360 -0.027924 0.365193
v -0.123946 -0.031504 0.364955
v -0.124202 -0.034074 0.371377
v -0.126259 -0.031168 0.367317
v -0.126315 -0.031948 0.369251
v -0.130916 -0.033617 0.369451
v -0.127743 -0.027835 0.371537
v -0.130900 -0.031884 0.365255
v -0.127628 -0.026134 0.367310
v -0.126780 -0.034189 0.365102
v -0.123455 -0.028462 0.367134
v -0.126882 -0.035883 0.369271
v -0.123643 -0.030129 0.371329
v -0.128164 -0.030102 0.367395
v -0.128203 -0.030891 0.369336
vn -0.4426 0.8955 -0.0467
vn 0.3628 0.9315 -0.0252
vn -0.1835 0.9564 -0.2273
vn 0.1373 0.9526 -0.2716
vn -0.3160 0.9384 -0.1396
vn -0.1097 0.9931 -0.0410
vn 0.2323 0.9570 -0.1736
vn 0.0028 0.9666 -0.2563
vn -0.0193 0.9902 -0.1384
vn 0.5797 -0.5390 -0.6111
vn 0.5265 0.5468 -0.6510
vn 0.6644 -0.4819 0.5713
vn 0.6524 0.4772 0.5888
vn -0.6605 -0.4727 -0.5834
vn -0.6631 0.4942 -0.5622
vn -0.5241 -0.5393 0.6592
vn -0.5797 0.5415 0.6088
vn -0.6193 -0.5523 -0.5581
vn -0.5260 -0.5654 0.6354
vn -0.5636 0.5515 0.6150
vn -0.6374 0.5296 -0.5597
vn 0.5639 -0.5510 -0.6152
vn 0.5337 0.5567 -0.6366
vn 0.6498 -0.5310 0.5439
vn 0.6298 0.5449 0.5536
vn 0.9894 -0.0697 0.1271
vn 0.4922 0.8459 -0.2053
vn 0.2071 -0.2179 0.9537
vn -0.3436 0.6453 0.6823
vn 0.3471 -0.6487 -0.6773
vn -0.1975 0.2155 -0.9563
vn -0.4868 -0.8488 0.2061
vn -0.9896 0.0687 -0.1265
vn 0.3483 -0.6808 -0.6443
vn -0.4555 -0.8666 0.2036
vn -0.9896 0.0774 -0.1210
vn -0.2040 0.2459 -0.9476
vn 0.9894 -0.0812 0.1202
vn 0.4563 0.8659 -0.2049
vn 0.2051 -0.2483 0.9467
vn -0.3542 0.6792 0.6428
vn 0.9878 -0.0733 0.1375
vn 0.4879 0.8526 -0.1871
vn 0.2325 -0.2379 0.9431
vn -0.3485 0.6587 0.6668
vn 0.3483 -0.6637 -0.6619
vn -0.2222 0.2421 -0.9445
vn -0.4870 -0.8524 0.1905
vn -0.9883 0.0753 -0.1329
vn 0.3476 -0.6839 -0.6414
vn -0.4492 -0.8732 0.1888
vn -0.9868 0.0842 -0.1382
vn -0.2165 0.2574 -0.9417
vn 0.9891 -0.0874 0.1181
vn 0.4527 0.8705 -0.1933
vn 0.2206 -0.2640 0.9390
vn -0.3480 0.6871 0.6378
vn -0.1458 -0.1660 -0.9753
vn 0.3359 0.6739 -0.6581
vn 0.5073 -0.8033 -0.3119
vn 0.9967 0.0563 0.0585
vn -0.9973 -0.0474 -0.0557
vn -0.4944 0.8169 0.2971
vn -0.3393 -0.6731 0.6571
vn 0.1510 0.1779 0.9724
vn -0.9943 -0.0875 -0.0611
vn -0.3478 -0.7101 0.6122
vn 0.1726 0.2010 0.9643
vn -0.4760 0.8282 0.2958
vn -0.1752 -0.2020 -0.9636
vn 0.3493 0.7060 -0.6161
vn 0.4657 -0.8349 -0.2932
vn 0.9939 0.0772 0.0791
vn -0.8252 -0.5644 0.0223
vn -0.6579 -0.0013 0.7531
vn -0.8407 0.5416 -0.0011
vn -0.7477 0.0169 -0.6638
vn -0.0743 -0.5556 -0.8281
vn -0.1165 0.5421 -0.8322
vn 0.6583 -0.0083 -0.7527
vn 0.8426 -0.5385 -0.0024
vn 0.8306 0.5563 -0.0229
vn 0.7587 -0.0316 0.6507
vn 0.1305 -0.5493 0.8254
vn 0.0808 0.5515 0.8303
vn 0.8693 -0.4942 0.0124
vn 0.8699 0.4931 -0.0151
vn 0.1452 -0.4909 0.8591
vn 0.0823 0.4887 0.8686
vn -0.8732 -0.4869 0.0184
vn -0.8655 0.5007 -0.0122
vn -0.0888 -0.4897 -0.8674
vn -0.1426 0.5062 -0.8506
vn 0.0657 -0.9974 0.0280
vn 0.0571 -0.9978 0.0335
vn -0.0572 0.9979 -0.0296
vn -0.0120 0.9999 0.0102
vn 0.0644 -0.9974 0.0313
vn -0.0540 0.9978 -0.0385
vn 0.0193 -0.9997 -0.0167
vn -0.0590 0.9979 -0.0273
vn 0.6586 -0.0036 -0.7525
vn -0.7554 0.0340 -0.6544
vn -0.6577 0.0081 0.7533
vn 0.7510 -0.0268 0.6597
vn -0.1793 -0.9025 -0.3916
vn -0.8920 -0.4503 0.0406
vn -0.7184 0.0444 -0.6942
vn 0.0759 -0.2440 -0.9668
vn 0.8303 -0.3485 -0.4350
vn 0.2753 0.5792 -0.7672
vn 0.8932 0.4476 -0.0424
vn 0.7237 -0.0478 0.6884
vn 0.1810 0.9031 0.3895
vn -0.0811 0.2439 0.9664
vn -0.2793 -0.5839 0.7622
vn -0.8360 0.3430 0.4284
vn 0.7184 -0.0133 0.6955
vn 0.2221 0.8718 0.4366
vn -0.3020 -0.5416 0.7846
vn -0.8344 0.3045 0.4594
vn -0.2256 -0.8722 -0.4340
vn -0.7172 0.0096 -0.6968
vn 0.8387 -0.3032 -0.4524
vn 0.3176 0.5370 -0.7815
vn 0.5116 -0.8030 0.3056
vn 0.5026 -0.8107 0.3005
vn -0.4812 0.8248 -0.2969
vn -0.5125 0.8181 -0.2608
vn 0.4826 -0.8206 0.3063
vn -0.5014 0.8113 -0.3006
vn 0.5195 -0.8127 0.2639
vn -0.5122 0.8026 -0.3057
vn 0.8962 0.4420 -0.0391
vn 0.0774 -0.2411 -0.9674
vn -0.8961 -0.4423 0.0385
vn -0.0743 0.2397 0.9680
vn -0.1817 -0.9049 -0.3849
vn -0.8921 -0.4512 0.0232
vn -0.7270 0.0539 -0.6845
vn 0.0691 -0.2418 -0.9679
vn 0.8371 -0.3433 -0.4259
vn 0.2743 0.5985 -0.7527
vn 0.8962 0.4423 -0.0352
vn 0.7390 -0.0605 0.6710
vn 0.1890 0.9037 0.3842
vn -0.0707 0.2404 0.9681
vn -0.2780 -0.6047 0.7464
vn -0.8434 0.3460 0.4111
vn 0.7340 -0.0226 0.6788
vn 0.2296 0.8741 0.4281
vn -0.2980 -0.5651 0.7693
vn -0.8462 0.3090 0.4342
vn -0.2322 -0.8749 -0.4250
vn -0.7322 0.0246 -0.6807
vn 0.8489 -0.3106 -0.4277
vn 0.3071 0.5681 -0.7635
vn 0.5210 -0.8019 0.2924
vn 0.5109 -0.8097 0.2887
vn -0.4721 0.8280 -0.3025
vn -0.5216 0.8127 -0.2599
vn 0.4823 -0.8266 0.2901
vn -0.5096 0.8113 -0.2864
vn 0.5236 -0.8120 0.2578
vn -0.5052 0.8101 -0.2973
vn 0.8970 0.4415 -0.0218
vn 0.0650 -0.2387 -0.9689
vn -0.8986 -0.4380 0.0258
vn -0.0639 0.2381 0.9691
vn -0.8180 -0.3698 0.4407
vn -0.0952 -0.2950 0.9507
vn -0.3005 0.5258 0.7958
vn -0.8867 0.4417 0.1362
vn -0.7325 -0.0057 -0.6807
vn -0.2046 0.9240 -0.3231
vn 0.0924 0.2871 -0.9534
vn 0.2835 -0.5239 -0.8032
vn 0.8142 0.3697 -0.4477
vn 0.8792 -0.4598 -0.1251
vn 0.2012 -0.9256 0.3206
vn 0.7241 0.0072 0.6896
vn 0.3523 -0.4688 -0.8100
vn 0.8132 0.3086 -0.4933
vn 0.2336 -0.9117 0.3379
vn 0.7193 -0.0167 0.6945
vn -0.8075 -0.3073 0.5035
vn -0.3317 0.4815 0.8112
vn -0.7202 0.0339 -0.6930
vn -0.2380 0.9039 -0.3554
vn -0.4599 -0.8289 -0.3185
vn -0.4864 -0.8031 -0.3443
vn 0.4639 0.8296 0.3107
vn 0.4759 0.8038 0.3569
vn -0.4547 -0.8348 -0.3104
vn 0.4825 0.8045 0.3462
vn -0.4790 -0.8030 -0.3546
vn 0.4634 0.8209 0.3336
vn 0.1015 0.2859 -0.9529
vn -0.8804 0.4534 0.1390
vn -0.1014 -0.2812 0.9543
vn 0.8845 -0.4434 -0.1454
vn -0.9998 0.0146 0.0144
vn -0.1135 0.0088 -0.9935
vn 0.9995 -0.0261 -0.0181
vn 0.1231 -0.0208 0.9922
vn -0.9996 0.0294 0.0058
vn -0.1315 0.0223 -0.9911
vn 0.0743 -0.9972 0.0105
vn 0.0057 0.9990 -0.0453
vn 0.0510 -0.9972 0.0544
vn -0.0708 0.9971 0.0280
vn -0.0005 -0.9988 0.0497
vn -0.0706 0.9974 -0.0119
vn 0.0784 -0.9965 -0.0293
vn -0.0467 0.9978 -0.0469
vn 0.1283 -0.0166 0.9916
vn 0.9997 -0.0235 -0.0042
vn -0.5628 -0.4887 -0.6666
vn 0.6735 0.1357 -0.7266
vn 0.5681 0.4851 0.6648
vn -0.6821 -0.1374 0.7182
vn -0.5671 -0.4801 -0.6693
vn 0.6785 0.1334 -0.7224
vn 0.5214 -0.7985 0.3008
vn -0.4701 0.8440 -0.2581
vn 0.4812 -0.8118 0.3307
vn -0.5368 0.7964 -0.2786
vn 0.4731 -0.8433 0.2551
vn -0.5211 0.7977 -0.3036
vn 0.5389 -0.7952 0.2778
vn -0.4753 0.8148 -0.3319
vn -0.6737 -0.1347 0.7266
vn 0.5654 0.4810 0.6701
vn -0.5743 -0.4834 -0.6607
vn 0.6842 0.1432 -0.7151
vn 0.5838 0.4792 0.6554
vn -0.6918 -0.1504 0.7063
vn -0.5842 -0.4748 -0.6582
vn 0.6909 0.1463 -0.7080
vn 0.5271 -0.7958 0.2982
vn -0.4714 0.8464 -0.2477
vn 0.4922 -0.8086 0.3224
vn -0.5377 0.7988 -0.2697
vn 0.4798 -0.8454 0.2348
vn -0.5205 0.7994 -0.2999
vn 0.5349 -0.8007 0.2697
vn -0.4770 0.8152 -0.3284
vn -0.6880 -0.1437 0.7113
vn 0.5814 0.4755 0.6602
vn -0.6656 0.0957 0.7401
vn -0.5747 0.5445 -0.6109
vn 0.6492 -0.1080 -0.7529
vn 0.5683 -0.5449 0.6165
vn -0.6503 0.1054 0.7523
vn -0.5684 0.5427 -0.6184
vn -0.4383 -0.8176 -0.3734
vn 0.5126 0.8054 0.2975
vn -0.4514 -0.8309 -0.3253
vn 0.4788 0.8076 0.3443
vn -0.5161 -0.8038 -0.2960
vn 0.4408 0.8193 0.3667
vn -0.4853 -0.8017 -0.3489
vn 0.4441 0.8367 0.3206
vn 0.5710 -0.5428 0.6158
vn 0.6585 -0.0984 -0.7461
vt 0.132139 0.429909
vt 0.133317 0.316832
vt 0.232726 0.301930
vt 0.242270 0.459927
vt 0.132139 0.186132
vt 0.247904 0.159788
vt 0.362437 0.180068
vt 0.380343 0.274117
vt 0.347480 0.415011
vt 0.512482 0.190143
vt 0.512482 0.142607
vt 0.560018 0.142607
vt 0.560018 0.190143
vt 0.512482 0.095071
vt 0.560018 0.095071
vt 0.607553 0.095071
vt 0.607553 0.142607
vt 0.607553 0.190143
vt 0.655089 0.142607
vt 0.655089 0.190143
vt 0.655089 0.095071
vt 0.702624 0.095071
vt 0.702624 0.142607
vt 0.702624 0.190143
vt 0.750160 0.142607
vt 0.750160 0.181044
vt 0.750160 0.104169
vt 0.797696 0.095071
vt 0.797696 0.142607
vt 0.797696 0.190143
vt 0.845231 0.142607
vt 0.845231 0.190143
vt 0.845231 0.095071
vt 0.892767 0.095071
vt 0.892767 0.142607
vt 0.892767 0.190143
vt 0.771579 0.068954
vt 0.750160 0.068954
vt 0.750160 0.142607
vt 0.771579 0.142607
vt 0.728742 0.068954
vt 0.728742 0.142607
vt 0.728742 0.216260
vt 0.750160 0.216260
vt 0.771579 0.216260
vt 0.767341 0.066805
vt 0.774255 0.077354
vt 0.771548 0.142607
vt 0.765164 0.142607
vt 0.774255 0.207859
vt 0.767341 0.218409
vt 0.732979 0.218409
vt 0.750160 0.223067
vt 0.750160 0.265662
vt 0.725492 0.257790
vt 0.774828 0.257790
vt 0.797696 0.285214
vt 0.750160 0.285214
vt 0.702624 0.285214
vt 0.750160 0.062147
vt 0.750160 0.019552
vt 0.774828 0.027424
vt 0.732979 0.066805
vt 0.725492 0.027424
vt 0.702624 0.000000
vt 0.750160 0.000000
vt 0.797696 0.000000
vt 0.726065 0.207860
vt 0.717316 0.234185
vt 0.725169 0.211878
vt 0.702624 0.237678
vt 0.726065 0.077354
vt 0.717316 0.051029
vt 0.725169 0.073335
vt 0.702624 0.047536
vt 0.750160 0.204159
vt 0.775151 0.211878
vt 0.750160 0.081055
vt 0.775151 0.073335
vt 0.783004 0.234185
vt 0.797696 0.237678
vt 0.783004 0.051029
vt 0.797696 0.047536
vt 0.728773 0.142607
vt 0.735156 0.142607
vt 0.512482 0.475356
vt 0.512482 0.427821
vt 0.560018 0.427821
vt 0.560018 0.475356
vt 0.512482 0.380285
vt 0.560018 0.380285
vt 0.607553 0.380285
vt 0.607553 0.427821
vt 0.607553 0.475356
vt 0.655089 0.427821
vt 0.655089 0.475356
vt 0.655089 0.380285
vt 0.702624 0.380285
vt 0.702624 0.427821
vt 0.702624 0.475356
vt 0.750160 0.427821
vt 0.750160 0.466258
vt 0.750160 0.389383
vt 0.797696 0.380285
vt 0.797696 0.427821
vt 0.797696 0.475356
vt 0.845231 0.427821
vt 0.845231 0.475356
vt 0.845231 0.380285
vt 0.892767 0.380285
vt 0.892767 0.427821
vt 0.892767 0.475356
vt 0.771579 0.354168
vt 0.750160 0.354168
vt 0.750160 0.427821
vt 0.771579 0.427821
vt 0.728742 0.354168
vt 0.728742 0.427821
vt 0.728742 0.501474
vt 0.750160 0.501474
vt 0.771579 0.501474
vt 0.767341 0.352019
vt 0.774255 0.362568
vt 0.771548 0.427821
vt 0.765164 0.427821
vt 0.774255 0.493073
vt 0.767341 0.503623
vt 0.732979 0.503623
vt 0.750160 0.508281
vt 0.750160 0.550876
vt 0.725492 0.543004
vt 0.774828 0.543004
vt 0.797696 0.570428
vt 0.750160 0.570428
vt 0.702624 0.570428
vt 0.750160 0.347361
vt 0.750160 0.304766
vt 0.774828 0.312638
vt 0.732979 0.352019
vt 0.725492 0.312638
vt 0.702624 0.285214
vt 0.750160 0.285214
vt 0.797696 0.285214
vt 0.726065 0.493073
vt 0.717316 0.519399
vt 0.725169 0.497092
vt 0.702624 0.522892
vt 0.726065 0.362568
vt 0.717316 0.336243
vt 0.725169 0.358549
vt 0.702624 0.332749
vt 0.750160 0.489373
vt 0.775151 0.497092
vt 0.750160 0.366269
vt 0.775151 0.358549
vt 0.783004 0.519399
vt 0.797696 0.522892
vt 0.783004 0.336243
vt 0.797696 0.332749
vt 0.728773 0.427821
vt 0.735156 0.427821
vt 0.095071 0.619715
vt 0.142607 0.619715
vt 0.142607 0.667251
vt 0.095071 0.667251
vt 0.190143 0.619715
vt 0.190143 0.667251
vt 0.190142 0.714786
vt 0.142607 0.714786
vt 0.095071 0.714786
vt 0.142607 0.762322
vt 0.095071 0.762322
vt 0.190143 0.762322
vt 0.190142 0.809857
vt 0.142607 0.809857
vt 0.095071 0.809857
vt 0.142607 0.857393
vt 0.104169 0.857393
vt 0.181044 0.857393
vt 0.190142 0.904929
vt 0.142607 0.904929
vt 0.095071 0.904929
vt 0.142607 0.952464
vt 0.095071 0.952464
vt 0.190143 0.952464
vt 0.190143 1.000000
vt 0.142607 1.000000
vt 0.095071 1.000000
vt 0.216260 0.878811
vt 0.216260 0.857393
vt 0.142607 0.857393
vt 0.142607 0.878811
vt 0.216260 0.835975
vt 0.142607 0.835975
vt 0.068954 0.835975
vt 0.068954 0.857393
vt 0.068954 0.878811
vt 0.218409 0.874574
vt 0.207859 0.881488
vt 0.142607 0.878781
vt 0.142607 0.872397
vt 0.077354 0.881488
vt 0.066805 0.874574
vt 0.066805 0.840212
vt 0.062147 0.857393
vt 0.019552 0.857393
vt 0.027424 0.832725
vt 0.027424 0.882061
vt 0.000000 0.904929
vt 0.000000 0.857393
vt 0.000000 0.809857
vt 0.223067 0.857393
vt 0.265662 0.857393
vt 0.257790 0.882061
vt 0.218409 0.840212
vt 0.257790 0.832725
vt 0.285214 0.809857
vt 0.285214 0.857393
vt 0.285214 0.904929
vt 0.077354 0.833298
vt 0.051029 0.824549
vt 0.073335 0.832402
vt 0.047536 0.809857
vt 0.207859 0.833298
vt 0.234185 0.824549
vt 0.211878 0.832402
vt 0.237678 0.809857
vt 0.081055 0.857393
vt 0.073335 0.882384
vt 0.204159 0.857393
vt 0.211878 0.882384
vt 0.051029 0.890237
vt 0.047536 0.904929
vt 0.234185 0.890237
vt 0.237678 0.904929
vt 0.142607 0.836006
vt 0.142607 0.842389
vt 0.380285 0.619715
vt 0.427821 0.619715
vt 0.427821 0.667251
vt 0.380285 0.667251
vt 0.475356 0.619715
vt 0.475356 0.667251
vt 0.475356 0.714786
vt 0.427821 0.714786
vt 0.380285 0.714786
vt 0.427821 0.762322
vt 0.380285 0.762322
vt 0.475356 0.762322
vt 0.475356 0.809857
vt 0.427821 0.809857
vt 0.380285 0.809857
vt 0.427821 0.857393
vt 0.389383 0.857393
vt 0.466258 0.857393
vt 0.475356 0.904929
vt 0.427821 0.904929
vt 0.380285 0.904929
vt 0.427821 0.952464
vt 0.380285 0.952464
vt 0.475356 0.952464
vt 0.475356 1.000000
vt 0.427821 1.000000
vt 0.380285 1.000000
vt 0.501473 0.878811
vt 0.501473 0.857393
vt 0.427821 0.857393
vt 0.427821 0.878811
vt 0.501473 0.835975
vt 0.427821 0.835975
vt 0.354168 0.835975
vt 0.354168 0.857393
vt 0.354168 0.878811
vt 0.503623 0.874574
vt 0.493073 0.881488
vt 0.427821 0.878781
vt 0.427821 0.872397
vt 0.362568 0.881488
vt 0.352019 0.874574
vt 0.352019 0.840212
vt 0.347361 0.857393
vt 0.304766 0.857393
vt 0.312638 0.832725
vt 0.312638 0.882061
vt 0.285214 0.904929
vt 0.285214 0.857393
vt 0.285214 0.809857
vt 0.508281 0.857393
vt 0.550875 0.857393
vt 0.543004 0.882061
vt 0.503623 0.840212
vt 0.543004 0.832725
vt 0.570428 0.809857
vt 0.570428 0.857393
vt 0.570428 0.904929
vt 0.362568 0.833298
vt 0.336243 0.824549
vt 0.358549 0.832402
vt 0.332749 0.809857
vt 0.493073 0.833298
vt 0.519399 0.824549
vt 0.497092 0.832402
vt 0.522892 0.809857
vt 0.366269 0.857393
vt 0.358549 0.882384
vt 0.489373 0.857393
vt 0.497092 0.882384
vt 0.336243 0.890237
vt 0.332749 0.904929
vt 0.519399 0.890237
vt 0.522892 0.904929
vt 0.427821 0.836006
vt 0.427821 0.842389
s 1
usemtl Material.005
f 4333/3801/4043 4338/3802/4048 4341/3803/4051 4337/3804/4047
f 4338/3802/4048 4334/3805/4044 4339/3806/4049 4341/3803/4051
f 4341/3803/4051 4339/3806/4049 4336/3807/4046 4340/3808/4050
f 4337/3804/4047 4341/3803/4051 4340/3808/4050 4335/3809/4045
usemtl Material.007
f 4351/3810/4061 4407/3811/4117 4534/3812/4244 4406/3813/4116
f 4407/3811/4117 4352/3814/4062 4408/3815/4118 4534/3812/4244
f 4534/3812/4244 4408/3815/4118 4353/3816/4063 4409/3817/4119
f 4406/3813/4116 4534/3812/4244 4409/3817/4119 4350/3818/4060
f 4350/3818/4060 4409/3817/4119 4535/3819/4245 4410/3820/4120
f 4409/3817/4119 4353/3816/4063 4411/3821/4121 4535/3819/4245
f 4535/3819/4245 4411/3821/4121 4355/3822/4065 4412/3823/4122
f 4410/3820/4120 4535/3819/4245 4412/3823/4122 4354/3824/4064
f 4354/3824/4064 4412/3823/4122 4536/3825/4246 4413/3826/4123
f 4412/3823/4122 4355/3822/4065 4414/3827/4124 4536/3825/4246
f 4536/3825/4246 4414/3827/4124 4357/3828/4067 4415/3829/4125
f 4413/3826/4123 4536/3825/4246 4415/3829/4125 4356/3830/4066
f 4356/3830/4066 4415/3829/4125 4537/3831/4247 4416/3832/4126
f 4415/3829/4125 4357/3828/4067 4417/3833/4127 4537/3831/4247
f 4537/3831/4247 4417/3833/4127 4352/3834/4062 4407/3835/4117
f 4416/3832/4126 4537/3831/4247 4407/3835/4117 4351/3836/4061
f 4347/3837/4057 4423/3838/4133 4538/3839/4248 4435/3840/4145
f 4423/3838/4133 4349/3841/4059 4436/3842/4146 4538/3839/4248
f 4538/3839/4248 4436/3842/4146 4348/3843/4058 4422/3844/4132
f 4435/3840/4145 4538/3839/4248 4422/3844/4132 4346/3845/4056
f 4343/3846/4053 4425/3847/4135 4539/3848/4249 4434/3849/4144
f 4425/3847/4135 4347/3837/4057 4435/3840/4145 4539/3848/4249
f 4539/3848/4249 4435/3840/4145 4346/3845/4056 4424/3850/4134
f 4434/3849/4144 4539/3848/4249 4424/3850/4134 4342/3851/4052
f 4344/3852/4054 4418/3853/4128 4540/3854/4250 4426/3855/4136
f 4418/3853/4128 4342/3851/4052 4427/3856/4137 4540/3854/4250
f 4540/3854/4250 4427/3856/4137 4351/3857/4061 4406/3858/4116
f 4426/3855/4136 4540/3854/4250 4406/3858/4116 4350/3859/4060
f 4343/3846/4053 4419/3860/4129 4541/3861/4251 4428/3862/4138
f 4419/3860/4129 4345/3863/4055 4429/3864/4139 4541/3861/4251
f 4541/3861/4251 4429/3864/4139 4353/3865/4063 4408/3866/4118
f 4428/3862/4138 4541/3861/4251 4408/3866/4118 4352/3867/4062
f 4348/3843/4058 4420/3868/4130 4542/3869/4252 4430/3870/4140
f 4420/3868/4130 4344/3852/4054 4426/3855/4136 4542/3869/4252
f 4542/3869/4252 4426/3855/4136 4350/3859/4060 4410/3871/4120
f 4430/3870/4140 4542/3869/4252 4410/3871/4120 4354/3824/4064
f 4345/3863/4055 4421/3872/4131 4543/3873/4253 4429/3864/4139
f 4421/3872/4131 4349/3841/4059 4431/3874/4141 4543/3873/4253
f 4543/3873/4253 4431/3874/4141 4355/3822/4065 4411/3875/4121
f 4429/3864/4139 4543/3873/4253 4411/3875/4121 4353/3865/4063
f 4346/3845/4056 4422/3844/4132 4544/3876/4254 4432/3877/4142
f 4422/3844/4132 4348/3843/4058 4430/3870/4140 4544/3876/4254
f 4544/3876/4254 4430/3870/4140 4354/3824/4064 4413/3826/4123
f 4432/3877/4142 4544/3876/4254 4413/3826/4123 4356/3830/4066
f 4349/3841/4059 4423/3838/4133 4545/3878/4255 4431/3874/4141
f 4423/3838/4133 4347/3837/4057 4433/3879/4143 4545/3878/4255
f 4545/3878/4255 4433/3879/4143 4357/3828/4067 4414/3827/4124
f 4431/3874/4141 4545/3878/4255 4414/3827/4124 4355/3822/4065
f 4342/3851/4052 4424/3850/4134 4546/3880/4256 4427/3856/4137
f 4424/3850/4134 4346/3845/4056 4432/3877/4142 4546/3880/4256
f 4546/3880/4256 4432/3877/4142 4356/3830/4066 4416/3881/4126
f 4427/3856/4137 4546/3880/4256 4416/3881/4126 4351/3857/4061
f 4347/3837/4057 4425/3847/4135 4547/3882/4257 4433/3879/4143
f 4425/3847/4135 4343/3846/4053 4428/3862/4138 4547/3882/4257
f 4547/3882/4257 4428/3862/4138 4352/3867/4062 4417/3883/4127
f 4433/3879/4143 4547/3882/4257 4417/3883/4127 4357/3828/4067
f 4349/3841/4059 4421/3872/4131 4548/3884/4258 4436/3842/4146
f 4421/3872/4131 4345/3863/4055 4437/3885/4147 4548/3884/4258
f 4548/3884/4258 4437/3885/4147 4344/3852/4054 4420/3868/4130
f 4436/3842/4146 4548/3884/4258 4420/3868/4130 4348/3843/4058
f 4345/3863/4055 4419/3860/4129 4549/3825/4259 4437/3885/4147
f 4419/3860/4129 4343/3846/4053 4434/3849/4144 4549/3825/4259
f 4549/3825/4259 4434/3849/4144 4342/3851/4052 4418/3853/4128
f 4437/3885/4147 4549/3825/4259 4418/3853/4128 4344/3852/4054
f 4367/3886/4077 4439/3887/4149 4550/3888/4260 4438/3889/4148
f 4439/3887/4149 4368/3890/4078 4440/3891/4150 4550/3888/4260
f 4550/3888/4260 4440/3891/4150 4369/3892/4079 4441/3893/4151
f 4438/3889/4148 4550/3888/4260 4441/3893/4151 4366/3894/4076
f 4366/3894/4076 4441/3893/4151 4551/3895/4261 4442/3896/4152
f 4441/3893/4151 4369/3892/4079 4443/3897/4153 4551/3895/4261
f 4551/3895/4261 4443/3897/4153 4371/3898/4081 4444/3899/4154
f 4442/3896/4152 4551/3895/4261 4444/3899/4154 4370/3900/4080
f 4370/3900/4080 4444/3899/4154 4552/3901/4262 4445/3902/4155
f 4444/3899/4154 4371/3898/4081 4446/3903/4156 4552/3901/4262
f 4552/3901/4262 4446/3903/4156 4373/3904/4083 4447/3905/4157
f 4445/3902/4155 4552/3901/4262 4447/3905/4157 4372/3906/4082
f 4372/3906/4082 4447/3905/4157 4553/3907/4263 4448/3908/4158
f 4447/3905/4157 4373/3904/4083 4449/3909/4159 4553/3907/4263
f 4553/3907/4263 4449/3909/4159 4368/3910/4078 4439/3911/4149
f 4448/3908/4158 4553/3907/4263 4439/3911/4149 4367/3912/4077
f 4363/3913/4073 4455/3914/4165 4554/3915/4264 4467/3916/4177
f 4455/3914/4165 4365/3917/4075 4468/3918/4178 4554/3915/4264
f 4554/3915/4264 4468/3918/4178 4364/3919/4074 4454/3920/4164
f 4467/3916/4177 4554/3915/4264 4454/3920/4164 4362/3921/4072
f 4359/3922/4069 4457/3923/4167 4555/3924/4265 4466/3925/4176
f 4457/3923/4167 4363/3913/4073 4467/3916/4177 4555/3924/4265
f 4555/3924/4265 4467/3916/4177 4362/3921/4072 4456/3926/4166
f 4466/3925/4176 4555/3924/4265 4456/3926/4166 4358/3927/4068
f 4360/3928/4070 4450/3929/4160 4556/3930/4266 4458/3931/4168
f 4450/3929/4160 4358/3927/4068 4459/3932/4169 4556/3930/4266
f 4556/3930/4266 4459/3932/4169 4367/3933/4077 4438/3934/4148
f 4458/3931/4168 4556/3930/4266 4438/3934/4148 4366/3935/4076
f 4359/3922/4069 4451/3936/4161 4557/3937/4267 4460/3938/4170
f 4451/3936/4161 4361/3939/4071 4461/3940/4171 4557/3937/4267
f 4557/3937/4267 4461/3940/4171 4369/3941/4079 4440/3942/4150
f 4460/3938/4170 4557/3937/4267 4440/3942/4150 4368/3943/4078
f 4364/3919/4074 4452/3944/4162 4558/3945/4268 4462/3946/4172
f 4452/3944/4162 4360/3928/4070 4458/3931/4168 4558/3945/4268
f 4558/3945/4268 4458/3931/4168 4366/3935/4076 4442/3947/4152
f 4462/3946/4172 4558/3945/4268 4442/3947/4152 4370/3900/4080
f 4361/3939/4071 4453/3948/4163 4559/3949/4269 4461/3940/4171
f 4453/3948/4163 4365/3917/4075 4463/3950/4173 4559/3949/4269
f 4559/3949/4269 4463/3950/4173 4371/3898/4081 4443/3951/4153
f 4461/3940/4171 4559/3949/4269 4443/3951/4153 4369/3941/4079
f 4362/3921/4072 4454/3920/4164 4560/3952/4270 4464/3953/4174
f 4454/3920/4164 4364/3919/4074 4462/3946/4172 4560/3952/4270
f 4560/3952/4270 4462/3946/4172 4370/3900/4080 4445/3902/4155
f 4464/3953/4174 4560/3952/4270 4445/3902/4155 4372/3906/4082
f 4365/3917/4075 4455/3914/4165 4561/3954/4271 4463/3950/4173
f 4455/3914/4165 4363/3913/4073 4465/3955/4175 4561/3954/4271
f 4561/3954/4271 4465/3955/4175 4373/3904/4083 4446/3903/4156
f 4463/3950/4173 4561/3954/4271 4446/3903/4156 4371/3898/4081
f 4358/3927/4068 4456/3926/4166 4562/3956/4272 4459/3932/4169
f 4456/3926/4166 4362/3921/4072 4464/3953/4174 4562/3956/4272
f 4562/3956/4272 4464/3953/4174 4372/3906/4082 4448/3957/4158
f 4459/3932/4169 4562/3956/4272 4448/3957/4158 4367/3933/4077
f 4363/3913/4073 4457/3923/4167 4563/3958/4273 4465/3955/4175
f 4457/3923/4167 4359/3922/4069 4460/3938/4170 4563/3958/4273
f 4563/3958/4273 4460/3938/4170 4368/3943/4078 4449/3959/4159
f 4465/3955/4175 4563/3958/4273 4449/3959/4159 4373/3904/4083
f 4365/3917/4075 4453/3948/4163 4564/3960/4274 4468/3918/4178
f 4453/3948/4163 4361/3939/4071 4469/3961/4179 4564/3960/4274
f 4564/3960/4274 4469/3961/4179 4360/3928/4070 4452/3944/4162
f 4468/3918/4178 4564/3960/4274 4452/3944/4162 4364/3919/4074
f 4361/3939/4071 4451/3936/4161 4565/3901/4275 4469/3961/4179
f 4451/3936/4161 4359/3922/4069 4466/3925/4176 4565/3901/4275
f 4565/3901/4275 4466/3925/4176 4358/3927/4068 4450/3929/4160
f 4469/3961/4179 4565/3901/4275 4450/3929/4160 4360/3928/4070
f 4383/3962/4093 4471/3963/4181 4566/3964/4276 4470/3965/4180
f 4471/3963/4181 4384/3966/4094 4472/3967/4182 4566/3964/4276
f 4566/3964/4276 4472/3967/4182 4385/3968/4095 4473/3969/4183
f 4470/3965/4180 4566/3964/4276 4473/3969/4183 4382/3970/4092
f 4382/3970/4092 4473/3969/4183 4567/3971/4277 4474/3972/4184
f 4473/3969/4183 4385/3968/4095 4475/3973/4185 4567/3971/4277
f 4567/3971/4277 4475/3973/4185 4387/3974/4097 4476/3975/4186
f 4474/3972/4184 4567/3971/4277 4476/3975/4186 4386/3976/4096
f 4386/3976/4096 4476/3975/4186 4568/3977/4278 4477/3978/4187
f 4476/3975/4186 4387/3974/4097 4478/3979/4188 4568/3977/4278
f 4568/3977/4278 4478/3979/4188 4389/3980/4099 4479/3981/4189
f 4477/3978/4187 4568/3977/4278 4479/3981/4189 4388/3982/4098
f 4388/3982/4098 4479/3981/4189 4569/3983/4279 4480/3984/4190
f 4479/3981/4189 4389/3980/4099 4481/3985/4191 4569/3983/4279
f 4569/3983/4279 4481/3985/4191 4384/3986/4094 4471/3987/4181
f 4480/3984/4190 4569/3983/4279 4471/3987/4181 4383/3988/4093
f 4379/3989/4089 4487/3990/4197 4570/3991/4280 4499/3992/4209
f 4487/3990/4197 4381/3993/4091 4500/3994/4210 4570/3991/4280
f 4570/3991/4280 4500/3994/4210 4380/3995/4090 4486/3996/4196
f 4499/3992/4209 4570/3991/4280 4486/3996/4196 4378/3997/4088
f 4375/3998/4085 4489/3999/4199 4571/4000/4281 4498/4001/4208
f 4489/3999/4199 4379/3989/4089 4499/3992/4209 4571/4000/4281
f 4571/4000/4281 4499/3992/4209 4378/3997/4088 4488/4002/4198
f 4498/4001/4208 4571/4000/4281 4488/4002/4198 4374/4003/4084
f 4376/4004/4086 4482/4005/4192 4572/4006/4282 4490/4007/4200
f 4482/4005/4192 4374/4003/4084 4491/4008/4201 4572/4006/4282
f 4572/4006/4282 4491/4008/4201 4383/4009/4093 4470/4010/4180
f 4490/4007/4200 4572/4006/4282 4470/4010/4180 4382/4011/4092
f 4375/3998/4085 4483/4012/4193 4573/4013/4283 4492/4014/4202
f 4483/4012/4193 4377/4015/4087 4493/4016/4203 4573/4013/4283
f 4573/4013/4283 4493/4016/4203 4385/4017/4095 4472/4018/4182
f 4492/4014/4202 4573/4013/4283 4472/4018/4182 4384/4019/4094
f 4380/3995/4090 4484/4020/4194 4574/4021/4284 4494/4022/4204
f 4484/4020/4194 4376/4004/4086 4490/4007/4200 4574/4021/4284
f 4574/4021/4284 4490/4007/4200 4382/4011/4092 4474/4023/4184
f 4494/4022/4204 4574/4021/4284 4474/4023/4184 4386/3976/4096
f 4377/4015/4087 4485/4024/4195 4575/4025/4285 4493/4016/4203
f 4485/4024/4195 4381/3993/4091 4495/4026/4205 4575/4025/4285
f 4575/4025/4285 4495/4026/4205 4387/3974/4097 4475/4027/4185
f 4493/4016/4203 4575/4025/4285 4475/4027/4185 4385/4017/4095
f 4378/3997/4088 4486/3996/4196 4576/4028/4286 4496/4029/4206
f 4486/3996/4196 4380/3995/4090 4494/4022/4204 4576/4028/4286
f 4576/4028/4286 4494/4022/4204 4386/3976/4096 4477/3978/4187
f 4496/4029/4206 4576/4028/4286 4477/3978/4187 4388/3982/4098
f 4381/3993/4091 4487/3990/4197 4577/4030/4287 4495/4026/4205
f 4487/3990/4197 4379/3989/4089 4497/4031/4207 4577/4030/4287
f 4577/4030/4287 4497/4031/4207 4389/3980/4099 4478/3979/4188
f 4495/4026/4205 4577/4030/4287 4478/3979/4188 4387/3974/4097
f 4374/4003/4084 4488/4002/4198 4578/4032/4288 4491/4008/4201
f 4488/4002/4198 4378/3997/4088 4496/4029/4206 4578/4032/4288
f 4578/4032/4288 4496/4029/4206 4388/3982/4098 4480/4033/4190
f 4491/4008/4201 4578/4032/4288 4480/4033/4190 4383/4009/4093
f 4379/3989/4089 4489/3999/4199 4579/4034/4289 4497/4031/4207
f 4489/3999/4199 4375/3998/4085 4492/4014/4202 4579/4034/4289
f 4579/4034/4289 4492/4014/4202 4384/4019/4094 4481/4035/4191
f 4497/4031/4207 4579/4034/4289 4481/4035/4191 4389/3980/4099
f 4381/3993/4091 4485/4024/4195 4580/4036/4290 4500/3994/4210
f 4485/4024/4195 4377/4015/4087 4501/4037/4211 4580/4036/4290
f 4580/4036/4290 4501/4037/4211 4376/4004/4086 4484/4020/4194
f 4500/3994/4210 4580/4036/4290 4484/4020/4194 4380/3995/4090
f 4377/4015/4087 4483/4012/4193 4581/3977/4291 4501/4037/4211
f 4483/4012/4193 4375/3998/4085 4498/4001/4208 4581/3977/4291
f 4581/3977/4291 4498/4001/4208 4374/4003/4084 4482/4005/4192
f 4501/4037/4211 4581/3977/4291 4482/4005/4192 4376/4004/4086
f 4399/4038/4109 4503/4039/4213 4582/4040/4292 4502/4041/4212
f 4503/4039/4213 4400/4042/4110 4504/4043/4214 4582/4040/4292
f 4582/4040/4292 4504/4043/4214 4401/4044/4111 4505/4045/4215
f 4502/4041/4212 4582/4040/4292 4505/4045/4215 4398/4046/4108
f 4398/4046/4108 4505/4045/4215 4583/4047/4293 4506/4048/4216
f 4505/4045/4215 4401/4044/4111 4507/4049/4217 4583/4047/4293
f 4583/4047/4293 4507/4049/4217 4403/4050/4113 4508/4051/4218
f 4506/4048/4216 4583/4047/4293 4508/4051/4218 4402/4052/4112
f 4402/4052/4112 4508/4051/4218 4584/4053/4294 4509/4054/4219
f 4508/4051/4218 4403/4050/4113 4510/4055/4220 4584/4053/4294
f 4584/4053/4294 4510/4055/4220 4405/4056/4115 4511/4057/4221
f 4509/4054/4219 4584/4053/4294 4511/4057/4221 4404/4058/4114
f 4404/4058/4114 4511/4057/4221 4585/4059/4295 4512/4060/4222
f 4511/4057/4221 4405/4056/4115 4513/4061/4223 4585/4059/4295
f 4585/4059/4295 4513/4061/4223 4400/4062/4110 4503/4063/4213
f 4512/4060/4222 4585/4059/4295 4503/4063/4213 4399/4064/4109
f 4395/4065/4105 4519/4066/4229 4586/4067/4296 4531/4068/4241
f 4519/4066/4229 4397/4069/4107 4532/4070/4242 4586/4067/4296
f 4586/4067/4296 4532/4070/4242 4396/4071/4106 4518/4072/4228
f 4531/4068/4241 4586/4067/4296 4518/4072/4228 4394/4073/4104
f 4391/4074/4101 4521/4075/4231 4587/4076/4297 4530/4077/4240
f 4521/4075/4231 4395/4065/4105 4531/4068/4241 4587/4076/4297
f 4587/4076/4297 4531/4068/4241 4394/4073/4104 4520/4078/4230
f 4530/4077/4240 4587/4076/4297 4520/4078/4230 4390/4079/4100
f 4392/4080/4102 4514/4081/4224 4588/4082/4298 4522/4083/4232
f 4514/4081/4224 4390/4079/4100 4523/4084/4233 4588/4082/4298
f 4588/4082/4298 4523/4084/4233 4399/4085/4109 4502/4086/4212
f 4522/4083/4232 4588/4082/4298 4502/4086/4212 4398/4087/4108
f 4391/4074/4101 4515/4088/4225 4589/4089/4299 4524/4090/4234
f 4515/4088/4225 4393/4091/4103 4525/4092/4235 4589/4089/4299
f 4589/4089/4299 4525/4092/4235 4401/4093/4111 4504/4094/4214
f 4524/4090/4234 4589/4089/4299 4504/4094/4214 4400/4095/4110
f 4396/4071/4106 4516/4096/4226 4590/4097/4300 4526/4098/4236
f 4516/4096/4226 4392/4080/4102 4522/4083/4232 4590/4097/4300
f 4590/4097/4300 4522/4083/4232 4398/4087/4108 4506/4099/4216
f 4526/4098/4236 4590/4097/4300 4506/4099/4216 4402/4052/4112
f 4393/4091/4103 4517/4100/4227 4591/4101/4301 4525/4092/4235
f 4517/4100/4227 4397/4069/4107 4527/4102/4237 4591/4101/4301
f 4591/4101/4301 4527/4102/4237 4403/4050/4113 4507/4103/4217
f 4525/4092/4235 4591/4101/4301 4507/4103/4217 4401/4093/4111
f 4394/4073/4104 4518/4072/4228 4592/4104/4302 4528/4105/4238
f 4518/4072/4228 4396/4071/4106 4526/4098/4236 4592/4104/4302
f 4592/4104/4302 4526/4098/4236 4402/4052/4112 4509/4054/4219
f 4528/4105/4238 4592/4104/4302 4509/4054/4219 4404/4058/4114
f 4397/4069/4107 4519/4066/4229 4593/4106/4303 4527/4102/4237
f 4519/4066/4229 4395/4065/4105 4529/4107/4239 4593/4106/4303
f 4593/4106/4303 4529/4107/4239 4405/4056/4115 4510/4055/4220
f 4527/4102/4237 4593/4106/4303 4510/4055/4220 4403/4050/4113
f 4390/4079/4100 4520/4078/4230 4594/4108/4304 4523/4084/4233
f 4520/4078/4230 4394/4073/4104 4528/4105/4238 4594/4108/4304
f 4594/4108/4304 4528/4105/4238 4404/4058/4114 4512/4109/4222
f 4523/4084/4233 4594/4108/4304 4512/4109/4222 4399/4085/4109
f 4395/4065/4105 4521/4075/4231 4595/4110/4305 4529/4107/4239
f 4521/4075/4231 4391/4074/4101 4524/4090/4234 4595/4110/4305
f 4595/4110/4305 4524/4090/4234 4400/4095/4110 4513/4111/4223
f 4529/4107/4239 4595/4110/4305 4513/4111/4223 4405/4056/4115
f 4397/4069/4107 4517/4100/4227 4596/4112/4306 4532/4070/4242
f 4517/4100/4227 4393/4091/4103 4533/4113/4243 4596/4112/4306
f 4596/4112/4306 4533/4113/4243 4392/4080/4102 4516/4096/4226
f 4532/4070/4242 4596/4112/4306 4516/4096/4226 4396/4071/4106
f 4393/4091/4103 4515/4088/4225 4597/4053/4307 4533/4113/4243
f 4515/4088/4225 4391/4074/4101 4530/4077/4240 4597/4053/4307
f 4597/4053/4307 4530/4077/4240 4390/4079/4100 4514/4081/4224
f 4533/4113/4243 4597/4053/4307 4514/4081/4224 4392/4080/4102
o Cylinder.001
v -0.082629 -0.072101 0.370218
v -0.083343 -0.070453 0.369735
v -0.078531 -0.068851 0.375251
v -0.079245 -0.067203 0.374767
v -0.076774 -0.066181 0.381767
v -0.077488 -0.064532 0.381284
v -0.077626 -0.064496 0.388775
v -0.078340 -0.062847 0.388292
v -0.080957 -0.064053 0.395208
v -0.081671 -0.062404 0.394725
v -0.086261 -0.064920 0.400087
v -0.086974 -0.063271 0.399604
v -0.092728 -0.066964 0.402669
v -0.093442 -0.065316 0.402186
v -0.099376 -0.069875 0.402561
v -0.100090 -0.068227 0.402078
v -0.105192 -0.073209 0.399779
v -0.105906 -0.071561 0.399296
v -0.109290 -0.076459 0.394747
v -0.110004 -0.074811 0.394264
v -0.111047 -0.079130 0.388230
v -0.111761 -0.077482 0.387747
v -0.110195 -0.080815 0.381222
v -0.110909 -0.079167 0.380739
v -0.106864 -0.081258 0.374789
v -0.107578 -0.079609 0.374306
v -0.101561 -0.080391 0.369910
v -0.102275 -0.078742 0.369427
v -0.095093 -0.078346 0.367328
v -0.095807 -0.076698 0.366845
v -0.088445 -0.075435 0.367436
v -0.089159 -0.073787 0.366953
v -0.095002 -0.070135 0.384260
v -0.093727 -0.073080 0.385123
vn 0.6065 0.0298 -0.7946
vn 0.8268 0.2045 -0.5240
vn 0.9212 0.3481 -0.1737
vn 0.8754 0.4386 0.2030
vn 0.6964 0.4624 0.5488
vn 0.4113 0.4158 0.8111
vn 0.0636 0.3059 0.9499
vn -0.2938 0.1494 0.9441
vn -0.6065 -0.0298 0.7946
vn -0.8268 -0.2045 0.5240
vn -0.9212 -0.3481 0.1737
vn -0.8754 -0.4386 -0.2030
vn -0.6964 -0.4624 -0.5488
vn -0.4113 -0.4158 -0.8111
vn -0.0636 -0.3059 -0.9499
vn -0.3384 0.9021 -0.2679
vn -0.3626 0.8866 -0.2870
vn -0.3838 0.8861 -0.2597
vn -0.3595 0.9016 -0.2406
vn 0.2938 -0.1494 -0.9441
vn 0.3939 -0.8855 0.2463
vn 0.3838 -0.8861 0.2597
vn 0.3720 -0.8938 0.2504
vn 0.3822 -0.8932 0.2370
vn -0.4045 0.8846 -0.2321
vn -0.4076 0.8696 -0.2785
vn -0.4283 0.8681 -0.2509
vn -0.3802 0.9000 -0.2130
vn -0.3864 0.8702 -0.3058
vn 0.3735 -0.8865 0.2730
vn 0.3618 -0.8942 0.2638
vn 0.4056 -0.8776 0.2555
vn 0.3955 -0.8782 0.2689
vn 0.3852 -0.8786 0.2822
vt 1.000000 0.765770
vt 1.000000 0.734230
vt 0.937500 0.734230
vt 0.937500 0.765770
vt 0.875000 0.734230
vt 0.875000 0.765770
vt 0.812500 0.734230
vt 0.812500 0.765770
vt 0.750000 0.734230
vt 0.750000 0.765770
vt 0.687500 0.734230
vt 0.687500 0.765770
vt 0.625000 0.734230
vt 0.625000 0.765770
vt 0.562500 0.734230
vt 0.562500 0.765770
vt 0.500000 0.734230
vt 0.500000 0.765770
vt 0.437500 0.734230
vt 0.437500 0.765770
vt 0.375000 0.734230
vt 0.375000 0.765770
vt 0.312500 0.734230
vt 0.312500 0.765770
vt 0.250000 0.734230
vt 0.250000 0.765770
vt 0.187500 0.734230
vt 0.187500 0.765770
vt 0.125000 0.734230
vt 0.125000 0.765770
vt 0.341844 0.471731
vt 0.250000 0.490000
vt 0.250000 0.250000
vt 0.490000 0.250000
vt 0.471731 0.341844
vt 0.419706 0.419706
vt 0.062500 0.734230
vt 0.062500 0.765770
vt 0.000000 0.734230
vt 0.000000 0.765770
vt 0.750000 0.490000
vt 0.750000 0.250000
vt 0.510000 0.250000
vt 0.528269 0.341844
vt 0.580294 0.419706
vt 0.658156 0.471731
vt 0.250000 0.010000
vt 0.010000 0.250000
vt 0.028269 0.158156
vt 0.080294 0.080294
vt 0.158156 0.028269
vt 0.341844 0.028269
vt 0.419706 0.080294
vt 0.471731 0.158156
vt 0.158156 0.471731
vt 0.080294 0.419706
vt 0.028269 0.341844
vt 0.750000 0.010000
vt 0.658156 0.028269
vt 0.580294 0.080294
vt 0.528269 0.158156
vt 0.841844 0.471731
vt 0.919706 0.419706
vt 0.971731 0.341844
vt 0.990000 0.250000
vt 0.971731 0.158156
vt 0.919706 0.080294
vt 0.841844 0.028269
s 1
usemtl Material.008
f 4598/4114/4308 4599/4115/4308 4601/4116/4309 4600/4117/4309
f 4600/4117/4309 4601/4116/4309 4603/4118/4310 4602/4119/4310
f 4602/4119/4310 4603/4118/4310 4605/4120/4311 4604/4121/4311
f 4604/4121/4311 4605/4120/4311 4607/4122/4312 4606/4123/4312
f 4606/4123/4312 4607/4122/4312 4609/4124/4313 4608/4125/4313
f 4608/4125/4313 4609/4124/4313 4611/4126/4314 4610/4127/4314
f 4610/4127/4314 4611/4126/4314 4613/4128/4315 4612/4129/4315
f 4612/4129/4315 4613/4128/4315 4615/4130/4316 4614/4131/4316
f 4614/4131/4316 4615/4130/4316 4617/4132/4317 4616/4133/4317
f 4616/4133/4317 4617/4132/4317 4619/4134/4318 4618/4135/4318
f 4618/4135/4318 4619/4134/4318 4621/4136/4319 4620/4137/4319
f 4620/4137/4319 4621/4136/4319 4623/4138/4320 4622/4139/4320
f 4622/4139/4320 4623/4138/4320 4625/4140/4321 4624/4141/4321
f 4624/4141/4321 4625/4140/4321 4627/4142/4322 4626/4143/4322
f 4601/4144/4323 4599/4145/4324 4630/4146/4325 4607/4147/4326 4605/4148/4323 4603/4149/4323
f 4626/4143/4322 4627/4142/4322 4629/4150/4327 4628/4151/4327
f 4628/4151/4327 4629/4150/4327 4599/4152/4308 4598/4153/4308
f 4598/4154/4328 4631/4155/4329 4622/4156/4330 4624/4157/4331 4626/4158/4331 4628/4159/4331
f 4615/4160/4332 4630/4146/4325 4623/4161/4333 4621/4162/4334 4619/4163/4334 4617/4164/4334
f 4607/4147/4326 4630/4146/4325 4615/4160/4332 4613/4165/4335 4611/4166/4335 4609/4167/4335
f 4623/4161/4333 4630/4146/4325 4599/4145/4324 4629/4168/4336 4627/4169/4336 4625/4170/4336
f 4622/4156/4330 4631/4155/4329 4614/4171/4337 4616/4172/4338 4618/4173/4338 4620/4174/4338
f 4631/4155/4329 4598/4154/4328 4600/4175/4339 4602/4176/4339 4604/4177/4339 4606/4178/4340
f 4614/4171/4337 4631/4155/4329 4606/4178/4340 4608/4179/4341 4610/4180/4341 4612/4181/4341
o Cylinder.002
v -0.148066 -0.077595 0.344394
v -0.146763 -0.077875 0.343096
v -0.153231 -0.079187 0.339549
v -0.151928 -0.079467 0.338252
v -0.157857 -0.083335 0.335797
v -0.156553 -0.083615 0.334500
v -0.161239 -0.089407 0.333709
v -0.159936 -0.089687 0.332412
v -0.162864 -0.096481 0.333604
v -0.161560 -0.096761 0.332306
v -0.162483 -0.103477 0.335496
v -0.161179 -0.103757 0.334198
v -0.160154 -0.109332 0.339098
v -0.158851 -0.109612 0.337800
v -0.156233 -0.113155 0.343862
v -0.154929 -0.113434 0.342564
v -0.151315 -0.114362 0.349062
v -0.150012 -0.114642 0.347764
v -0.146150 -0.112770 0.353907
v -0.144847 -0.113050 0.352609
v -0.141524 -0.108622 0.357658
v -0.140221 -0.108902 0.356361
v -0.138142 -0.102550 0.359746
v -0.136839 -0.102829 0.358449
v -0.136517 -0.095476 0.359852
v -0.135214 -0.095756 0.358555
v -0.136898 -0.088480 0.357960
v -0.135595 -0.088760 0.356662
v -0.139227 -0.082625 0.354358
v -0.137924 -0.082904 0.353060
v -0.143149 -0.078803 0.349594
v -0.141845 -0.079082 0.348296
v -0.147698 -0.096407 0.344744
v -0.150026 -0.095906 0.347062
vn 0.0873 0.9882 -0.1255
vn -0.1903 0.9027 -0.3859
vn -0.4390 0.6797 -0.5876
vn -0.6208 0.3532 -0.6998
vn -0.7082 -0.0270 -0.7055
vn -0.6877 -0.4031 -0.6038
vn -0.5625 -0.7179 -0.4102
vn -0.3517 -0.9234 -0.1541
vn -0.0873 -0.9882 0.1255
vn 0.1903 -0.9027 0.3859
vn 0.4390 -0.6797 0.5876
vn 0.6208 -0.3532 0.6998
vn 0.7082 0.0270 0.7055
vn 0.6877 0.4031 0.6038
vn 0.5625 0.7179 0.4102
vn 0.6784 -0.1171 -0.7253
vn 0.7032 -0.1162 -0.7014
vn 0.7006 -0.1505 -0.6975
vn 0.6757 -0.1513 -0.7214
vn 0.3517 0.9234 0.1541
vn -0.6991 0.1671 0.6953
vn -0.7006 0.1505 0.6975
vn -0.6886 0.1509 0.7093
vn -0.6870 0.1675 0.7070
vn 0.6972 -0.1845 -0.6927
vn 0.7247 -0.1494 -0.6727
vn 0.7212 -0.1835 -0.6680
vn 0.6723 -0.1853 -0.7167
vn 0.7273 -0.1152 -0.6766
vn -0.7020 0.1338 0.6995
vn -0.6900 0.1343 0.7113
vn -0.7109 0.1666 0.6833
vn -0.7124 0.1500 0.6855
vn -0.7138 0.1334 0.6875
vt 1.000000 0.765770
vt 1.000000 0.734230
vt 0.937500 0.734230
vt 0.937500 0.765770
vt 0.875000 0.734230
vt 0.875000 0.765770
vt 0.812500 0.734230
vt 0.812500 0.765770
vt 0.750000 0.734230
vt 0.750000 0.765770
vt 0.687500 0.734230
vt 0.687500 0.765770
vt 0.625000 0.734230
vt 0.625000 0.765770
vt 0.562500 0.734230
vt 0.562500 0.765770
vt 0.500000 0.734230
vt 0.500000 0.765770
vt 0.437500 0.734230
vt 0.437500 0.765770
vt 0.375000 0.734230
vt 0.375000 0.765770
vt 0.312500 0.734230
vt 0.312500 0.765770
vt 0.250000 0.734230
vt 0.250000 0.765770
vt 0.187500 0.734230
vt 0.187500 0.765770
vt 0.125000 0.734230
vt 0.125000 0.765770
vt 0.341844 0.471731
vt 0.250000 0.490000
vt 0.250000 0.250000
vt 0.490000 0.250000
vt 0.471731 0.341844
vt 0.419706 0.419706
vt 0.062500 0.734230
vt 0.062500 0.765770
vt 0.000000 0.734230
vt 0.000000 0.765770
vt 0.750000 0.490000
vt 0.750000 0.250000
vt 0.510000 0.250000
vt 0.528269 0.341844
vt 0.580294 0.419706
vt 0.658156 0.471731
vt 0.250000 0.010000
vt 0.010000 0.250000
vt 0.028269 0.158156
vt 0.080294 0.080294
vt 0.158156 0.028269
vt 0.341844 0.028269
vt 0.419706 0.080294
vt 0.471731 0.158156
vt 0.158156 0.471731
vt 0.080294 0.419706
vt 0.028269 0.341844
vt 0.750000 0.010000
vt 0.658156 0.028269
vt 0.580294 0.080294
vt 0.528269 0.158156
vt 0.841844 0.471731
vt 0.919706 0.419706
vt 0.971731 0.341844
vt 0.990000 0.250000
vt 0.971731 0.158156
vt 0.919706 0.080294
vt 0.841844 0.028269
s 1
usemtl Material.008
f 4632/4182/4342 4633/4183/4342 4635/4184/4343 4634/4185/4343
f 4634/4185/4343 4635/4184/4343 4637/4186/4344 4636/4187/4344
f 4636/4187/4344 4637/4186/4344 4639/4188/4345 4638/4189/4345
f 4638/4189/4345 4639/4188/4345 4641/4190/4346 4640/4191/4346
f 4640/4191/4346 4641/4190/4346 4643/4192/4347 4642/4193/4347
f 4642/4193/4347 4643/4192/4347 4645/4194/4348 4644/4195/4348
f 4644/4195/4348 4645/4194/4348 4647/4196/4349 4646/4197/4349
f 4646/4197/4349 4647/4196/4349 4649/4198/4350 4648/4199/4350
f 4648/4199/4350 4649/4198/4350 4651/4200/4351 4650/4201/4351
f 4650/4201/4351 4651/4200/4351 4653/4202/4352 4652/4203/4352
f 4652/4203/4352 4653/4202/4352 4655/4204/4353 4654/4205/4353
f 4654/4205/4353 4655/4204/4353 4657/4206/4354 4656/4207/4354
f 4656/4207/4354 4657/4206/4354 4659/4208/4355 4658/4209/4355
f 4658/4209/4355 4659/4208/4355 4661/4210/4356 4660/4211/4356
f 4635/4212/4357 4633/4213/4358 4664/4214/4359 4641/4215/4360 4639/4216/4357 4637/4217/4357
f 4660/4211/4356 4661/4210/4356 4663/4218/4361 4662/4219/4361
f 4662/4219/4361 4663/4218/4361 4633/4220/4342 4632/4221/4342
f 4632/4222/4362 4665/4223/4363 4656/4224/4364 4658/4225/4365 4660/4226/4365 4662/4227/4365
f 4649/4228/4366 4664/4214/4359 4657/4229/4367 4655/4230/4368 4653/4231/4368 4651/4232/4368
f 4641/4215/4360 4664/4214/4359 4649/4228/4366 4647/4233/4369 4645/4234/4369 4643/4235/4369
f 4657/4229/4367 4664/4214/4359 4633/4213/4358 4663/4236/4370 4661/4237/4370 4659/4238/4370
f 4656/4224/4364 4665/4223/4363 4648/4239/4371 4650/4240/4372 4652/4241/4372 4654/4242/4372
f 4665/4223/4363 4632/4222/4362 4634/4243/4373 4636/4244/4373 4638/4245/4373 4640/4246/4374
f 4648/4239/4371 4665/4223/4363 4640/4246/4374 4642/4247/4375 4644/4248/4375 4646/4249/4375
o Cylinder.003
v 0.019012 -0.116976 0.320284
v 0.019252 -0.115223 0.319710
v 0.026207 -0.117930 0.320369
v 0.026446 -0.116177 0.319796
v 0.032936 -0.117959 0.323090
v 0.033175 -0.116205 0.322516
v 0.038175 -0.117056 0.328031
v 0.038414 -0.115303 0.327458
v 0.041126 -0.115361 0.334442
v 0.041365 -0.113608 0.333868
v 0.041340 -0.113131 0.341346
v 0.041579 -0.111378 0.340772
v 0.038785 -0.110705 0.347691
v 0.039024 -0.108952 0.347118
v 0.033849 -0.108453 0.352513
v 0.034088 -0.106700 0.351939
v 0.027284 -0.106718 0.355076
v 0.027524 -0.104965 0.354502
v 0.020090 -0.105764 0.354991
v 0.020329 -0.104011 0.354417
v 0.013361 -0.105735 0.352271
v 0.013600 -0.103982 0.351697
v 0.008122 -0.106638 0.347329
v 0.008361 -0.104884 0.346755
v 0.005171 -0.108333 0.340918
v 0.005410 -0.106580 0.340345
v 0.004956 -0.110563 0.334015
v 0.005196 -0.108810 0.333441
v 0.007512 -0.112989 0.327669
v 0.007751 -0.111235 0.327095
v 0.012447 -0.115241 0.322848
v 0.012687 -0.113487 0.322274
v 0.023514 -0.109166 0.336803
v 0.023087 -0.112299 0.337828
vn -0.2223 -0.2757 -0.9352
vn 0.1644 -0.3270 -0.9306
vn 0.5262 -0.3285 -0.7844
vn 0.8078 -0.2801 -0.5187
vn 0.9664 -0.1889 -0.1741
vn 0.9780 -0.0690 0.1971
vn 0.8406 0.0614 0.5382
vn 0.5753 0.1824 0.7974
vn 0.2223 0.2757 0.9352
vn -0.1644 0.3270 0.9306
vn -0.5262 0.3285 0.7844
vn -0.8078 0.2801 0.5187
vn -0.9664 0.1889 0.1741
vn -0.9780 0.0690 -0.1971
vn -0.8406 -0.0614 -0.5382
vn 0.1542 0.9253 -0.3464
vn 0.1209 0.9324 -0.3406
vn 0.1287 0.9425 -0.3085
vn 0.1620 0.9354 -0.3143
vn -0.5753 -0.1824 -0.7974
vn -0.1324 -0.9470 0.2927
vn -0.1287 -0.9425 0.3085
vn -0.1449 -0.9392 0.3114
vn -0.1486 -0.9437 0.2956
vn 0.1363 0.9515 -0.2760
vn 0.0952 0.9485 -0.3023
vn 0.1028 0.9574 -0.2698
vn 0.1696 0.9444 -0.2818
vn 0.0875 0.9384 -0.3344
vn -0.1249 -0.9377 0.3242
vn -0.1412 -0.9344 0.3270
vn -0.1161 -0.9500 0.2897
vn -0.1124 -0.9455 0.3055
vn -0.1086 -0.9408 0.3212
vt 1.000000 0.765770
vt 1.000000 0.734230
vt 0.937500 0.734230
vt 0.937500 0.765770
vt 0.875000 0.734230
vt 0.875000 0.765770
vt 0.812500 0.734230
vt 0.812500 0.765770
vt 0.750000 0.734230
vt 0.750000 0.765770
vt 0.687500 0.734230
vt 0.687500 0.765770
vt 0.625000 0.734230
vt 0.625000 0.765770
vt 0.562500 0.734230
vt 0.562500 0.765770
vt 0.500000 0.734230
vt 0.500000 0.765770
vt 0.437500 0.734230
vt 0.437500 0.765770
vt 0.375000 0.734230
vt 0.375000 0.765770
vt 0.312500 0.734230
vt 0.312500 0.765770
vt 0.250000 0.734230
vt 0.250000 0.765770
vt 0.187500 0.734230
vt 0.187500 0.765770
vt 0.125000 0.734230
vt 0.125000 0.765770
vt 0.341844 0.471731
vt 0.250000 0.490000
vt 0.250000 0.250000
vt 0.490000 0.250000
vt 0.471731 0.341844
vt 0.419706 0.419706
vt 0.062500 0.734230
vt 0.062500 0.765770
vt 0.000000 0.734230
vt 0.000000 0.765770
vt 0.750000 0.490000
vt 0.750000 0.250000
vt 0.510000 0.250000
vt 0.528269 0.341844
vt 0.580294 0.419706
vt 0.658156 0.471731
vt 0.250000 0.010000
vt 0.010000 0.250000
vt 0.028269 0.158156
vt 0.080294 0.080294
vt 0.158156 0.028269
vt 0.341844 0.028269
vt 0.419706 0.080294
vt 0.471731 0.158156
vt 0.158156 0.471731
vt 0.080294 0.419706
vt 0.028269 0.341844
vt 0.750000 0.010000
vt 0.658156 0.028269
vt 0.580294 0.080294
vt 0.528269 0.158156
vt 0.841844 0.471731
vt 0.919706 0.419706
vt 0.971731 0.341844
vt 0.990000 0.250000
vt 0.971731 0.158156
vt 0.919706 0.080294
vt 0.841844 0.028269
s 1
usemtl Material.008
f 4666/4250/4376 4667/4251/4376 4669/4252/4377 4668/4253/4377
f 4668/4253/4377 4669/4252/4377 4671/4254/4378 4670/4255/4378
f 4670/4255/4378 4671/4254/4378 4673/4256/4379 4672/4257/4379
f 4672/4257/4379 4673/4256/4379 4675/4258/4380 4674/4259/4380
f 4674/4259/4380 4675/4258/4380 4677/4260/4381 4676/4261/4381
f 4676/4261/4381 4677/4260/4381 4679/4262/4382 4678/4263/4382
f 4678/4263/4382 4679/4262/4382 4681/4264/4383 4680/4265/4383
f 4680/4265/4383 4681/4264/4383 4683/4266/4384 4682/4267/4384
f 4682/4267/4384 4683/4266/4384 4685/4268/4385 4684/4269/4385
f 4684/4269/4385 4685/4268/4385 4687/4270/4386 4686/4271/4386
f 4686/4271/4386 4687/4270/4386 4689/4272/4387 4688/4273/4387
f 4688/4273/4387 4689/4272/4387 4691/4274/4388 4690/4275/4388
f 4690/4275/4388 4691/4274/4388 4693/4276/4389 4692/4277/4389
f 4692/4277/4389 4693/4276/4389 4695/4278/4390 4694/4279/4390
f 4669/4280/4391 4667/4281/4392 4698/4282/4393 4675/4283/4394 4673/4284/4391 4671/4285/4391
f 4694/4279/4390 4695/4278/4390 4697/4286/4395 4696/4287/4395
f 4696/4287/4395 4697/4286/4395 4667/4288/4376 4666/4289/4376
f 4666/4290/4396 4699/4291/4397 4690/4292/4398 4692/4293/4399 4694/4294/4399 4696/4295/4399
f 4683/4296/4400 4698/4282/4393 4691/4297/4401 4689/4298/4402 4687/4299/4402 4685/4300/4402
f 4675/4283/4394 4698/4282/4393 4683/4296/4400 4681/4301/4403 4679/4302/4403 4677/4303/4403
f 4691/4297/4401 4698/4282/4393 4667/4281/4392 4697/4304/4404 4695/4305/4404 4693/4306/4404
f 4690/4292/4398 4699/4291/4397 4682/4307/4405 4684/4308/4406 4686/4309/4406 4688/4310/4406
f 4699/4291/4397 4666/4290/4396 4668/4311/4407 4670/4312/4407 4672/4313/4407 4674/4314/4408
f 4682/4307/4405 4699/4291/4397 4674/4314/4408 4676/4315/4409 4678/4316/4409 4680/4317/4409
o Cube
v -0.141297 -0.096565 0.428198
v -0.141297 -0.096565 0.318424
v -0.028548 -0.096565 0.428198
v -0.028452 -0.096710 0.318348
v -0.146155 -0.064154 0.434046
v -0.145979 -0.064422 0.312433
v -0.022360 -0.066168 0.311515
v -0.023505 -0.064430 0.433901
v -0.084906 -0.101059 0.309730
v -0.075643 -0.000507 0.337306
v -0.084922 -0.101035 0.436879
v -0.083090 0.010795 0.400450
v -0.084916 -0.063305 0.459558
v -0.083961 -0.064754 0.286291
v -0.152458 -0.101035 0.373311
v -0.113204 0.010813 0.371941
v -0.017371 -0.101059 0.373298
v -0.045435 -0.000983 0.365739
v 0.004346 -0.064784 0.372528
v -0.173206 -0.063301 0.373308
v -0.084922 -0.112171 0.373311
v -0.084588 -0.023342 0.425705
v -0.079689 -0.030776 0.316474
v -0.025413 -0.030988 0.369038
v -0.138774 -0.023320 0.373070
v -0.130301 0.021159 0.405349
v -0.117061 0.021354 0.418095
v -0.113853 0.016486 0.325288
v -0.129203 0.019493 0.339762
v -0.050793 0.019625 0.417186
v -0.035409 0.016093 0.402685
v -0.016392 -0.012767 0.322801
v -0.029654 -0.012455 0.310073
v -0.117468 -0.018561 0.423679
v -0.136013 -0.018590 0.405937
v -0.135834 -0.036798 0.424007
v -0.135519 -0.019341 0.340181
v -0.115327 -0.021811 0.321114
v -0.135243 -0.037694 0.322140
v -0.042533 -0.033271 0.315089
v -0.023920 -0.033424 0.332777
v -0.028924 -0.044512 0.318556
v -0.031504 -0.021915 0.404189
v -0.051710 -0.019344 0.423268
v -0.033403 -0.037716 0.423525
v -0.151672 -0.100855 0.390793
v -0.149238 -0.100066 0.406788
v -0.145268 -0.098435 0.419861
v -0.147476 -0.074447 0.311296
v -0.146914 -0.083899 0.312202
v -0.144380 -0.091686 0.315081
v -0.102754 -0.100865 0.310206
v -0.119137 -0.100069 0.311917
v -0.132629 -0.098435 0.315066
v -0.021606 -0.075375 0.310807
v -0.022587 -0.084354 0.311963
v -0.025310 -0.091912 0.314962
v -0.018141 -0.100902 0.355804
v -0.020556 -0.100144 0.339793
v -0.024501 -0.098550 0.326700
v -0.022216 -0.074450 0.435204
v -0.022886 -0.083900 0.434384
v -0.025459 -0.091687 0.431537
v -0.067084 -0.100855 0.436410
v -0.050705 -0.100066 0.434704
v -0.037215 -0.098435 0.431556
v -0.144383 -0.091682 0.431539
v -0.146936 -0.083866 0.434402
v -0.147551 -0.074334 0.435266
v -0.101622 -0.063302 0.457698
v -0.117783 -0.063459 0.452533
v -0.132837 -0.063886 0.444600
v 0.002094 -0.064445 0.389416
v -0.003694 -0.064280 0.405699
v -0.012332 -0.064405 0.420757
v -0.067042 -0.065080 0.287982
v -0.050739 -0.065457 0.293033
v -0.035663 -0.065921 0.300949
v -0.171172 -0.063307 0.356594
v -0.165579 -0.063497 0.340467
v -0.157090 -0.064003 0.325527
v -0.037139 -0.098550 0.315005
v -0.050654 -0.100144 0.311877
v -0.067053 -0.100902 0.310187
v -0.132629 -0.098435 0.431556
v -0.119139 -0.100066 0.434704
v -0.102761 -0.100855 0.436410
v -0.036923 -0.064009 0.444535
v -0.052027 -0.063503 0.452510
v -0.068207 -0.063312 0.457692
v -0.132503 -0.064393 0.301753
v -0.117254 -0.064261 0.293662
v -0.100885 -0.064420 0.288329
v -0.084485 -0.074705 0.286011
v -0.084764 -0.084559 0.290295
v -0.084878 -0.093587 0.298437
v -0.084920 -0.074046 0.460260
v -0.084922 -0.084321 0.456200
v -0.084922 -0.093520 0.448150
v -0.084922 -0.111644 0.390735
v -0.084922 -0.109838 0.407546
v -0.084922 -0.106414 0.423131
v -0.084767 -0.032603 0.435090
v -0.084864 -0.042354 0.444964
v -0.084905 -0.052645 0.453848
v -0.080894 -0.038481 0.308194
v -0.082086 -0.046570 0.299349
v -0.083141 -0.055322 0.291339
v -0.145268 -0.098435 0.326761
v -0.149238 -0.100066 0.339834
v -0.151672 -0.100855 0.355828
v -0.024577 -0.098435 0.419861
v -0.020605 -0.100069 0.406786
v -0.018166 -0.100865 0.390788
v -0.011323 -0.065936 0.324511
v -0.002900 -0.065484 0.339422
v 0.002532 -0.065111 0.355645
v -0.157168 -0.063885 0.421031
v -0.165606 -0.063457 0.406132
v -0.171178 -0.063298 0.390020
v -0.084916 -0.106424 0.323485
v -0.084920 -0.109841 0.339075
v -0.084922 -0.111644 0.355887
v -0.103726 -0.111644 0.373311
v -0.121761 -0.109838 0.373311
v -0.138261 -0.106414 0.373311
v -0.174542 -0.074044 0.373310
v -0.171165 -0.084320 0.373311
v -0.163621 -0.093520 0.373311
v 0.005145 -0.074718 0.372955
v 0.001481 -0.084563 0.373183
v -0.006180 -0.093587 0.373275
v -0.031577 -0.106424 0.373306
v -0.048082 -0.109841 0.373309
v -0.066119 -0.111644 0.373311
v -0.017465 -0.038632 0.370023
v -0.008882 -0.046670 0.370997
v -0.000927 -0.055381 0.371859
v -0.148124 -0.032584 0.373203
v -0.158017 -0.042340 0.373274
v -0.167086 -0.052636 0.373302
v -0.083532 0.002502 0.405643
v -0.083947 -0.005887 0.411284
v -0.084308 -0.014470 0.417822
v -0.076581 -0.008047 0.333215
v -0.077549 -0.015598 0.328677
v -0.078575 -0.023171 0.323246
v -0.041493 -0.008456 0.366503
v -0.037126 -0.015939 0.367291
v -0.031908 -0.023447 0.368128
v -0.118521 0.002523 0.372275
v -0.124268 -0.005864 0.372588
v -0.130876 -0.014446 0.372860
v -0.131186 -0.035000 0.426377
v -0.125403 -0.031492 0.427544
v -0.120667 -0.025931 0.426190
v -0.123164 -0.017283 0.420611
v -0.128287 -0.016817 0.416424
v -0.132700 -0.017302 0.411494
v -0.138444 -0.025941 0.409125
v -0.139665 -0.031494 0.413807
v -0.138331 -0.034999 0.419480
v -0.137874 -0.035693 0.326774
v -0.139294 -0.032056 0.332505
v -0.138050 -0.026540 0.337135
v -0.131875 -0.018555 0.334422
v -0.127056 -0.018684 0.329187
v -0.121490 -0.019823 0.324623
v -0.118982 -0.028488 0.319034
v -0.124187 -0.033339 0.318089
v -0.130357 -0.036257 0.319578
v -0.033189 -0.043292 0.315880
v -0.038149 -0.041006 0.314058
v -0.041442 -0.037569 0.314260
v -0.036197 -0.033094 0.317646
v -0.030834 -0.033037 0.321641
v -0.026624 -0.033178 0.326733
v -0.023606 -0.037681 0.331277
v -0.023847 -0.041076 0.327762
v -0.026025 -0.043322 0.322763
v -0.030664 -0.036282 0.418805
v -0.028921 -0.033376 0.412817
v -0.029622 -0.028551 0.407753
v -0.035377 -0.019894 0.410131
v -0.040265 -0.018725 0.415422
v -0.045767 -0.018571 0.419934
v -0.048700 -0.026555 0.425862
v -0.044034 -0.032074 0.427238
v -0.038183 -0.035713 0.426003
v -0.115875 -0.009794 0.421597
v -0.115561 0.000012 0.420103
v -0.116098 0.010510 0.419001
v -0.123693 0.023242 0.418950
v -0.128577 0.023821 0.416631
v -0.131013 0.023118 0.411857
v -0.131277 0.010364 0.404449
v -0.132435 -0.000087 0.403967
v -0.133953 -0.009853 0.404324
v -0.129406 0.020680 0.333204
v -0.126399 0.020517 0.328089
v -0.120957 0.019090 0.325192
v -0.113086 0.005939 0.324704
v -0.112773 -0.004218 0.323937
v -0.113369 -0.013598 0.322801
v -0.133327 -0.010803 0.341592
v -0.131661 -0.001261 0.341704
v -0.130345 0.008949 0.340949
v -0.021441 -0.013694 0.307956
v -0.016028 -0.014170 0.309853
v -0.014113 -0.013865 0.315042
v -0.019132 -0.018218 0.326667
v -0.021529 -0.023554 0.329984
v -0.023240 -0.028661 0.332203
v -0.041384 -0.028467 0.314983
v -0.038460 -0.023321 0.313893
v -0.034353 -0.017945 0.312147
v -0.035658 0.018831 0.409603
v -0.038819 0.020418 0.414841
v -0.044122 0.020726 0.417627
v -0.052134 0.009039 0.418227
v -0.053030 -0.001210 0.419461
v -0.053037 -0.010783 0.421077
v -0.033059 -0.013759 0.402270
v -0.034118 -0.004449 0.401674
v -0.034846 0.005629 0.401959
v -0.138849 -0.023012 0.383102
v -0.138719 -0.022042 0.392205
v -0.137922 -0.020380 0.399687
v -0.126230 0.018118 0.397758
v -0.120539 0.014766 0.389457
v -0.115455 0.012025 0.380750
v -0.111147 -0.020357 0.425339
v -0.103650 -0.022035 0.425905
v -0.094571 -0.023024 0.425854
v -0.092002 0.012050 0.402748
v -0.100855 0.014874 0.407970
v -0.109318 0.018297 0.413843
v -0.137654 -0.020788 0.346514
v -0.138589 -0.022239 0.353994
v -0.138799 -0.023089 0.363060
v -0.115265 0.011736 0.363303
v -0.120125 0.014138 0.354982
v -0.125525 0.017048 0.347097
v -0.090599 -0.029052 0.317136
v -0.100424 -0.026932 0.317791
v -0.108509 -0.024360 0.318951
v -0.105724 0.012844 0.328624
v -0.096670 0.008522 0.333335
v -0.086655 0.003935 0.337027
v -0.028951 -0.024497 0.397523
v -0.027395 -0.027098 0.389547
v -0.026364 -0.029245 0.379825
v -0.045707 0.003444 0.376239
v -0.042544 0.008028 0.385915
v -0.038321 0.012375 0.394739
v -0.074637 -0.023110 0.425808
v -0.065612 -0.022252 0.425791
v -0.058127 -0.020792 0.425111
v -0.058176 0.017177 0.413255
v -0.066074 0.014211 0.407622
v -0.074406 0.011744 0.402587
v -0.049816 -0.033404 0.314196
v -0.058435 -0.033143 0.314526
v -0.068641 -0.032210 0.315476
v -0.063735 -0.004451 0.332618
v -0.051578 -0.007789 0.324759
v -0.039957 -0.010473 0.316366
v -0.024264 -0.032431 0.358149
v -0.023268 -0.033361 0.348147
v -0.022953 -0.033601 0.339778
v -0.023002 -0.010873 0.332417
v -0.031828 -0.008234 0.343220
v -0.040198 -0.004916 0.354548
v -0.137349 -0.040250 0.425493
v -0.139795 -0.046185 0.427880
v -0.143134 -0.054422 0.431140
v -0.136799 -0.041084 0.320686
v -0.139323 -0.046901 0.318361
v -0.142804 -0.054922 0.315215
v -0.028117 -0.046889 0.317635
v -0.026685 -0.051282 0.316057
v -0.024433 -0.057873 0.313664
v -0.031927 -0.041106 0.425043
v -0.029558 -0.046921 0.427493
v -0.026367 -0.054937 0.430869
v -0.105950 -0.015945 0.322203
v -0.104987 -0.006771 0.324740
v -0.105089 0.002910 0.326801
v -0.097726 -0.018497 0.322800
v -0.096537 -0.009694 0.326847
v -0.096352 -0.000647 0.330251
v -0.088507 -0.020936 0.323510
v -0.087363 -0.012708 0.328683
v -0.086851 -0.004405 0.333055
v -0.024200 -0.028047 0.339925
v -0.024389 -0.022383 0.338369
v -0.023872 -0.016646 0.335677
v -0.026765 -0.026995 0.348612
v -0.029099 -0.020702 0.347622
v -0.030657 -0.014456 0.345663
v -0.029726 -0.025425 0.358181
v -0.033920 -0.018528 0.357414
v -0.037270 -0.011704 0.356114
v -0.059934 -0.011897 0.421258
v -0.060203 -0.002490 0.418167
v -0.059446 0.007258 0.415584
v -0.067400 -0.013194 0.420057
v -0.067755 -0.004087 0.415344
v -0.067154 0.005054 0.411313
v -0.075617 -0.014145 0.418547
v -0.075708 -0.005396 0.412534
v -0.075205 0.003210 0.407352
v -0.131529 -0.014127 0.364121
v -0.125447 -0.005384 0.364325
v -0.120158 0.003213 0.363957
v -0.132857 -0.013195 0.355867
v -0.128081 -0.004108 0.356346
v -0.123944 0.005008 0.355897
v -0.133805 -0.011915 0.348407
v -0.130656 -0.002540 0.348802
v -0.127974 0.007170 0.348199
v -0.066212 -0.111152 0.390755
v -0.048315 -0.109433 0.390784
v -0.032039 -0.106125 0.390790
v -0.066455 -0.109432 0.407525
v -0.048983 -0.107940 0.407360
v -0.033454 -0.104955 0.406998
v -0.066783 -0.106121 0.422955
v -0.049951 -0.104954 0.422199
v -0.035632 -0.102515 0.420782
v -0.102566 -0.093433 0.447258
v -0.102386 -0.084293 0.454853
v -0.102096 -0.074041 0.458549
v -0.118995 -0.093022 0.444367
v -0.119020 -0.084180 0.450800
v -0.118664 -0.074091 0.453642
v -0.133114 -0.092219 0.439205
v -0.134050 -0.083980 0.444009
v -0.134017 -0.074239 0.445836
v -0.007403 -0.093469 0.390778
v -0.000189 -0.084460 0.390633
v 0.003102 -0.074544 0.390211
v -0.011029 -0.093040 0.406995
v -0.004933 -0.084290 0.407172
v -0.002436 -0.074443 0.406784
v -0.017043 -0.092228 0.420779
v -0.012544 -0.084046 0.421959
v -0.010985 -0.074459 0.422005
v -0.067204 -0.093544 0.299305
v -0.067240 -0.084623 0.291594
v -0.067191 -0.074881 0.287628
v -0.050742 -0.093185 0.302169
v -0.050550 -0.084596 0.295603
v -0.050532 -0.075071 0.292462
v -0.036593 -0.092428 0.307307
v -0.035485 -0.084450 0.302366
v -0.035144 -0.075274 0.300241
v -0.162418 -0.093433 0.355825
v -0.169544 -0.084293 0.355900
v -0.172610 -0.074043 0.356143
v -0.158803 -0.093023 0.339616
v -0.164835 -0.084185 0.339389
v -0.167163 -0.074107 0.339642
v -0.152794 -0.092221 0.325837
v -0.157248 -0.083995 0.324620
v -0.158681 -0.074289 0.324474
v -0.133108 -0.092227 0.307413
v -0.134007 -0.084045 0.302579
v -0.133876 -0.074454 0.300672
v -0.118983 -0.093040 0.302245
v -0.118949 -0.084287 0.295765
v -0.118437 -0.074435 0.292797
v -0.102543 -0.093469 0.299345
v -0.102278 -0.084457 0.291681
v -0.101771 -0.074533 0.287811
v -0.036730 -0.092221 0.439204
v -0.035784 -0.083996 0.444001
v -0.035792 -0.074291 0.445808
v -0.050849 -0.093023 0.444367
v -0.050821 -0.084185 0.450797
v -0.051166 -0.074109 0.453632
v -0.067278 -0.093433 0.447257
v -0.067457 -0.084294 0.454852
v -0.067742 -0.074045 0.458547
v -0.137803 -0.106121 0.390792
v -0.121529 -0.109431 0.390785
v -0.103633 -0.111151 0.390755
v -0.136390 -0.104954 0.406998
v -0.120861 -0.107940 0.407360
v -0.103390 -0.109431 0.407525
v -0.134212 -0.102515 0.420782
v -0.119894 -0.104954 0.422199
v -0.103062 -0.106121 0.422955
v -0.068371 -0.025142 0.321299
v -0.067281 -0.018184 0.325804
v -0.065644 -0.011299 0.329431
v -0.058488 -0.026719 0.318477
v -0.057027 -0.020368 0.321235
v -0.054555 -0.014066 0.323196
v -0.049456 -0.027798 0.315971
v -0.047292 -0.022083 0.316690
v -0.043925 -0.016296 0.316704
v -0.032512 -0.021197 0.377870
v -0.037535 -0.013042 0.376822
v -0.041808 -0.004817 0.376379
v -0.032209 -0.018733 0.386942
v -0.036143 -0.010011 0.385791
v -0.039490 -0.001051 0.385610
v -0.032040 -0.016149 0.395024
v -0.034489 -0.007056 0.394071
v -0.036512 0.002535 0.394147
v -0.134212 -0.102515 0.325840
v -0.119893 -0.104955 0.324422
v -0.103059 -0.106125 0.323664
v -0.136390 -0.104954 0.339624
v -0.120861 -0.107940 0.339261
v -0.103389 -0.109433 0.339096
v -0.137803 -0.106121 0.355830
v -0.121529 -0.109432 0.355837
v -0.103633 -0.111152 0.355867
v -0.152795 -0.092219 0.420784
v -0.157257 -0.083980 0.421994
v -0.158714 -0.074239 0.422121
v -0.158803 -0.093022 0.407005
v -0.164838 -0.084180 0.407230
v -0.167174 -0.074090 0.406970
v -0.162418 -0.093433 0.390797
v -0.169545 -0.084292 0.390721
v -0.172613 -0.074039 0.390476
v -0.016911 -0.092428 0.325728
v -0.012276 -0.084452 0.324380
v -0.010444 -0.075280 0.323952
v -0.010934 -0.093186 0.339531
v -0.004729 -0.084599 0.339171
v -0.002015 -0.075083 0.339129
v -0.007353 -0.093545 0.355766
v -0.000079 -0.084627 0.355724
v 0.003334 -0.074895 0.355695
v -0.066769 -0.106141 0.323656
v -0.049925 -0.104993 0.324402
v -0.035587 -0.102583 0.325804
v -0.066450 -0.109438 0.339093
v -0.048972 -0.107957 0.339253
v -0.033429 -0.104993 0.339603
v -0.066211 -0.111153 0.355866
v -0.048311 -0.109438 0.355833
v -0.032028 -0.106141 0.355819
v -0.115075 -0.041414 0.439306
v -0.100879 -0.052609 0.452127
v -0.099496 -0.042184 0.443641
v -0.096935 -0.032341 0.434489
v -0.107675 -0.031181 0.432649
v -0.115184 -0.028605 0.429701
v -0.121417 -0.035271 0.432391
v -0.129655 -0.039051 0.430661
v -0.129226 -0.045173 0.435349
v -0.130798 -0.053863 0.440575
v -0.116434 -0.052850 0.447464
v -0.093068 -0.014015 0.418616
v -0.092303 -0.005212 0.412631
v -0.092029 0.003453 0.407480
v -0.101423 -0.012887 0.420219
v -0.100506 -0.003671 0.415563
v -0.100462 0.005590 0.411595
v -0.108998 -0.011318 0.421563
v -0.108299 -0.001744 0.418560
v -0.108567 0.008187 0.416073
v -0.151816 -0.041541 0.343002
v -0.165219 -0.052619 0.357304
v -0.156557 -0.042203 0.358605
v -0.147402 -0.032376 0.360992
v -0.145289 -0.031316 0.350222
v -0.141987 -0.028922 0.342673
v -0.144509 -0.035584 0.336567
v -0.142429 -0.039534 0.328383
v -0.147344 -0.045517 0.328906
v -0.152792 -0.054084 0.327446
v -0.160184 -0.052923 0.341755
v -0.016264 -0.043891 0.402212
v -0.003176 -0.054760 0.388161
v -0.010916 -0.045629 0.386124
v -0.018942 -0.037245 0.382836
v -0.021700 -0.035114 0.394121
v -0.025428 -0.031819 0.402010
v -0.023627 -0.037497 0.408692
v -0.026153 -0.040469 0.417231
v -0.021368 -0.046531 0.416812
v -0.016262 -0.054831 0.418544
v -0.008575 -0.054403 0.404001
v -0.050752 -0.047432 0.304110
v -0.066809 -0.055843 0.292773
v -0.066897 -0.047282 0.300227
v -0.067940 -0.039482 0.308168
v -0.056334 -0.039739 0.309317
v -0.047825 -0.038787 0.311467
v -0.043069 -0.043339 0.309956
v -0.035593 -0.046010 0.312294
v -0.037111 -0.050479 0.308474
v -0.036710 -0.057398 0.304182
v -0.051032 -0.056439 0.297259
v -0.151903 -0.041409 0.403516
v -0.152939 -0.053861 0.419054
v -0.147573 -0.045171 0.417528
v -0.142749 -0.039049 0.417978
v -0.144716 -0.035271 0.409862
v -0.142192 -0.028611 0.403696
v -0.145380 -0.031178 0.396190
v -0.147432 -0.032329 0.385421
v -0.156577 -0.042174 0.387941
v -0.165230 -0.052602 0.389296
v -0.160235 -0.052846 0.404819
v -0.054623 -0.041557 0.439231
v -0.038886 -0.054096 0.440453
v -0.040370 -0.045533 0.435160
v -0.039848 -0.039553 0.430397
v -0.048168 -0.035602 0.432217
v -0.054316 -0.028937 0.429526
v -0.061873 -0.031333 0.432569
v -0.072610 -0.032396 0.434460
v -0.070233 -0.042219 0.443622
v -0.068927 -0.052629 0.452117
v -0.053341 -0.052934 0.447420
v -0.013871 -0.047522 0.339858
v -0.014552 -0.057427 0.325689
v -0.018739 -0.050520 0.326275
v -0.022473 -0.046053 0.324956
v -0.019719 -0.043428 0.332443
v -0.020743 -0.038929 0.337412
v -0.018549 -0.039895 0.345712
v -0.017363 -0.039642 0.357172
v -0.009758 -0.047386 0.355880
v -0.002422 -0.055904 0.355577
v -0.007199 -0.056491 0.339879
v -0.113481 -0.043832 0.306003
v -0.130176 -0.054808 0.305544
v -0.128352 -0.046500 0.310566
v -0.128740 -0.040439 0.315223
v -0.119983 -0.037448 0.313053
v -0.113122 -0.031734 0.315175
v -0.105155 -0.035005 0.311806
v -0.093792 -0.037112 0.309414
v -0.097281 -0.045545 0.301140
v -0.099493 -0.054712 0.293368
v -0.115434 -0.054368 0.298348
v -0.131197 -0.027085 0.419384
v -0.125393 -0.023994 0.422159
v -0.129772 -0.023212 0.417941
v -0.134189 -0.024001 0.413731
v -0.134857 -0.028820 0.417124
v -0.133450 -0.032058 0.421641
v -0.128824 -0.028819 0.422920
v -0.130345 -0.028377 0.326552
v -0.133515 -0.025024 0.332332
v -0.128770 -0.024733 0.327868
v -0.124058 -0.026019 0.323375
v -0.127825 -0.030335 0.322896
v -0.132759 -0.033107 0.324426
v -0.134245 -0.029749 0.329002
v -0.031175 -0.038414 0.321276
v -0.036079 -0.036655 0.317783
v -0.031435 -0.036296 0.321789
v -0.027252 -0.036716 0.326185
v -0.027982 -0.039438 0.323908
v -0.030237 -0.041395 0.320068
v -0.034035 -0.039404 0.318128
v -0.037772 -0.028403 0.418691
v -0.034271 -0.026064 0.412647
v -0.039034 -0.024764 0.417126
v -0.043730 -0.025044 0.421606
v -0.040382 -0.029771 0.422419
v -0.035684 -0.033129 0.421078
v -0.033961 -0.030364 0.416313
v -0.122154 -0.008781 0.419540
v -0.122123 0.001118 0.419031
v -0.122745 0.011947 0.418897
v -0.127549 -0.008439 0.415659
v -0.127506 0.001467 0.415594
v -0.127926 0.012390 0.415996
v -0.131654 -0.008819 0.410456
v -0.131143 0.001055 0.410385
v -0.130989 0.011855 0.410960
v -0.120246 0.008155 0.325507
v -0.119873 -0.002297 0.325639
v -0.120175 -0.011784 0.325405
v -0.125984 0.009443 0.328953
v -0.125800 -0.001122 0.329580
v -0.126081 -0.010667 0.329737
v -0.129588 0.009730 0.334335
v -0.129945 -0.000764 0.335134
v -0.130649 -0.010344 0.335274
v -0.018178 -0.019126 0.319164
v -0.021869 -0.024214 0.322806
v -0.024809 -0.028955 0.325489
v -0.020833 -0.019374 0.313802
v -0.025196 -0.024384 0.317351
v -0.028677 -0.029003 0.320097
v -0.026442 -0.018977 0.311242
v -0.030918 -0.024086 0.314183
v -0.034344 -0.028849 0.316433
v -0.045375 0.009756 0.417745
v -0.046291 -0.000756 0.418046
v -0.046534 -0.010351 0.418715
v -0.039767 0.009360 0.414403
v -0.040481 -0.001189 0.414198
v -0.040725 -0.010720 0.414460
v -0.036020 0.007951 0.408907
v -0.036209 -0.002450 0.408543
v -0.036053 -0.011891 0.408840
v -0.134165 -0.011369 0.397537
v -0.131123 -0.001833 0.396817
v -0.128557 0.008055 0.397049
v -0.133044 -0.012910 0.390003
v -0.128338 -0.003718 0.389099
v -0.124277 0.005514 0.389062
v -0.131607 -0.014008 0.381649
v -0.125559 -0.005214 0.380938
v -0.120308 0.003440 0.380720
v -0.139561 -0.093479 0.426334
v -0.139561 -0.093478 0.320287
v -0.030282 -0.093478 0.426335
v -0.030162 -0.093592 0.320183
v -0.143492 -0.065303 0.431290
v -0.143334 -0.065598 0.315195
v -0.025068 -0.067070 0.314319
v -0.026173 -0.065596 0.431156
v -0.084901 -0.097515 0.311587
v -0.075796 -0.002335 0.340862
v -0.084922 -0.097495 0.435014
v -0.083115 0.008746 0.397013
v -0.084917 -0.064403 0.455710
v -0.083945 -0.065778 0.290159
v -0.150599 -0.097492 0.373311
v -0.109789 0.008728 0.371980
v -0.019220 -0.097511 0.373292
v -0.049010 -0.002780 0.365740
v 0.000515 -0.065939 0.372505
v -0.169407 -0.064558 0.373309
v -0.084922 -0.108169 0.373311
v -0.084608 -0.026027 0.422738
v -0.079851 -0.033489 0.319412
v -0.028394 -0.033657 0.369130
v -0.135806 -0.026003 0.373089
v -0.126406 0.020768 0.406181
v -0.117968 0.020978 0.414216
v -0.114274 0.016263 0.329261
v -0.125279 0.019016 0.339145
v -0.050049 0.019162 0.413281
v -0.039400 0.015896 0.402896
v -0.020019 -0.011757 0.321447
v -0.028469 -0.011886 0.313852
v -0.116471 -0.020006 0.420084
v -0.132465 -0.020046 0.404797
v -0.133492 -0.038954 0.421583
v -0.132058 -0.020869 0.341485
v -0.114301 -0.023240 0.324708
v -0.133006 -0.039890 0.324628
v -0.043427 -0.033855 0.318945
v -0.027786 -0.033673 0.333778
v -0.031360 -0.046445 0.321075
v -0.035038 -0.023327 0.402952
v -0.052851 -0.020850 0.419740
v -0.035796 -0.039906 0.421182
v -0.149800 -0.097332 0.390489
v -0.147347 -0.096619 0.406042
v -0.143407 -0.095146 0.418546
v -0.144710 -0.074556 0.314185
v -0.144275 -0.082742 0.314978
v -0.142144 -0.089370 0.317457
v -0.102510 -0.097342 0.312087
v -0.118502 -0.096619 0.313840
v -0.131450 -0.095140 0.317005
v -0.024373 -0.075228 0.313694
v -0.025185 -0.083023 0.314700
v -0.027505 -0.089515 0.317297
v -0.019999 -0.097370 0.356098
v -0.022426 -0.096682 0.340522
v -0.026337 -0.095238 0.327992
v -0.024984 -0.074552 0.432317
v -0.025520 -0.082739 0.431605
v -0.027691 -0.089369 0.429159
v -0.067325 -0.097334 0.434525
v -0.051339 -0.096617 0.432777
v -0.038394 -0.095140 0.429616
v -0.142147 -0.089368 0.429160
v -0.144298 -0.082712 0.431623
v -0.144782 -0.074437 0.432378
v -0.100848 -0.064415 0.453933
v -0.116323 -0.064595 0.448985
v -0.130751 -0.065024 0.441380
v -0.001625 -0.065656 0.388571
v -0.007171 -0.065513 0.404149
v -0.015467 -0.065611 0.418582
v -0.067801 -0.066059 0.291787
v -0.052202 -0.066402 0.296636
v -0.037776 -0.066830 0.304224
v -0.167467 -0.064568 0.357428
v -0.162111 -0.064747 0.342022
v -0.153969 -0.065215 0.327719
v -0.038298 -0.095233 0.316920
v -0.051274 -0.096681 0.313783
v -0.067285 -0.097373 0.312059
v -0.131450 -0.095140 0.429615
v -0.118505 -0.096617 0.432777
v -0.102520 -0.097334 0.434524
v -0.039016 -0.065159 0.441325
v -0.053494 -0.064644 0.448967
v -0.068984 -0.064428 0.453929
v -0.130435 -0.065559 0.304974
v -0.115803 -0.065410 0.297209
v -0.100106 -0.065514 0.292098
v -0.084453 -0.074007 0.289951
v -0.084741 -0.082456 0.293699
v -0.084867 -0.090586 0.301084
v -0.084920 -0.073484 0.456298
v -0.084921 -0.082301 0.452746
v -0.084922 -0.090545 0.445474
v -0.084922 -0.107651 0.390467
v -0.084922 -0.105887 0.406911
v -0.084922 -0.102584 0.421972
v -0.084778 -0.035396 0.432225
v -0.084870 -0.045042 0.442000
v -0.084907 -0.054875 0.450525
v -0.081025 -0.041356 0.310974
v -0.082162 -0.049345 0.302230
v -0.083166 -0.057591 0.294635
v -0.143407 -0.095145 0.328075
v -0.147347 -0.096619 0.340580
v -0.149800 -0.097332 0.356133
v -0.026436 -0.095145 0.418546
v -0.022493 -0.096621 0.406039
v -0.020033 -0.097340 0.390481
v -0.014516 -0.066889 0.326727
v -0.006440 -0.066513 0.340978
v -0.001229 -0.066206 0.356460
v -0.154034 -0.065080 0.418849
v -0.162131 -0.064699 0.404584
v -0.167471 -0.064556 0.389189
v -0.084913 -0.102594 0.324641
v -0.084920 -0.105890 0.339708
v -0.084922 -0.107652 0.356154
v -0.103475 -0.107650 0.373311
v -0.121161 -0.105882 0.373311
v -0.137141 -0.102573 0.373311
v -0.170555 -0.073705 0.373310
v -0.167623 -0.082458 0.373311
v -0.160888 -0.090597 0.373311
v 0.001175 -0.074219 0.372921
v -0.002008 -0.082603 0.373158
v -0.008881 -0.090635 0.373263
v -0.032693 -0.102582 0.373303
v -0.048680 -0.105884 0.373308
v -0.066369 -0.107651 0.373310
v -0.020284 -0.041470 0.370113
v -0.011781 -0.049427 0.371050
v -0.004203 -0.057679 0.371870
v -0.145257 -0.035376 0.373213
v -0.155067 -0.045044 0.373278
v -0.163807 -0.054930 0.373304
v -0.083581 0.000405 0.402235
v -0.083990 -0.008127 0.407968
v -0.084341 -0.016926 0.414662
v -0.076613 -0.009956 0.336731
v -0.077631 -0.017701 0.332080
v -0.078714 -0.025569 0.326446
v -0.045027 -0.010327 0.366358
v -0.040555 -0.018001 0.367227
v -0.035144 -0.025800 0.368159
v -0.115134 0.000393 0.372328
v -0.120968 -0.008127 0.372633
v -0.127725 -0.016912 0.372892
v -0.129147 -0.037184 0.423715
v -0.123698 -0.033656 0.424641
v -0.119278 -0.027884 0.422985
v -0.121187 -0.018399 0.417317
v -0.125602 -0.017788 0.413620
v -0.129494 -0.018422 0.409377
v -0.135298 -0.027898 0.407613
v -0.136827 -0.033657 0.411995
v -0.135742 -0.037183 0.417349
v -0.135385 -0.037919 0.328979
v -0.136555 -0.034272 0.334401
v -0.135006 -0.028564 0.338763
v -0.128782 -0.019734 0.336671
v -0.124464 -0.019699 0.332062
v -0.119556 -0.020958 0.327936
v -0.117691 -0.030479 0.322257
v -0.122618 -0.035554 0.321029
v -0.128444 -0.038485 0.322296
v -0.035328 -0.045240 0.318644
v -0.039950 -0.042907 0.317083
v -0.042890 -0.039087 0.317667
v -0.038068 -0.032454 0.321124
v -0.033447 -0.031813 0.324414
v -0.029971 -0.032331 0.328755
v -0.027023 -0.039011 0.332881
v -0.026841 -0.042887 0.329703
v -0.028725 -0.045235 0.325013
v -0.033298 -0.038501 0.416767
v -0.031788 -0.035575 0.411098
v -0.032779 -0.030523 0.406283
v -0.038576 -0.021003 0.407998
v -0.042991 -0.019713 0.412664
v -0.047851 -0.019727 0.416720
v -0.050194 -0.028566 0.422742
v -0.045816 -0.034285 0.424417
v -0.040285 -0.037933 0.423422
v -0.115453 -0.010679 0.417718
v -0.115782 -0.000557 0.416149
v -0.116919 0.010051 0.415112
v -0.122667 0.023313 0.415083
v -0.125806 0.024069 0.413754
v -0.127181 0.023186 0.410707
v -0.127373 0.009888 0.405184
v -0.128478 -0.000675 0.404068
v -0.130096 -0.010756 0.403757
v -0.125619 0.020706 0.334497
v -0.123568 0.020780 0.330905
v -0.119605 0.019257 0.328954
v -0.113496 0.005616 0.328672
v -0.112663 -0.004674 0.327910
v -0.112748 -0.014408 0.326670
v -0.129523 -0.011777 0.342360
v -0.127716 -0.001922 0.341823
v -0.126416 0.008391 0.340433
v -0.021801 -0.011360 0.311186
v -0.017895 -0.011188 0.311761
v -0.017170 -0.011302 0.315352
v -0.022823 -0.017381 0.325366
v -0.025341 -0.022558 0.329284
v -0.027171 -0.027922 0.332302
v -0.041483 -0.028162 0.318972
v -0.037849 -0.022782 0.317811
v -0.033211 -0.017566 0.315963
v -0.039329 0.019027 0.408024
v -0.041465 0.020702 0.411853
v -0.045234 0.020767 0.413783
v -0.051477 0.008497 0.414317
v -0.052983 -0.001848 0.415511
v -0.053628 -0.011731 0.417234
v -0.036888 -0.014554 0.401421
v -0.038082 -0.004888 0.401340
v -0.038831 0.005324 0.402168
v -0.135769 -0.025561 0.383270
v -0.135394 -0.024262 0.392356
v -0.134373 -0.022210 0.399436
v -0.122892 0.017250 0.399788
v -0.117452 0.013464 0.391645
v -0.112224 0.010249 0.382307
v -0.111017 -0.022170 0.421775
v -0.103887 -0.024243 0.422576
v -0.094786 -0.025568 0.422773
v -0.093581 0.010322 0.399502
v -0.103068 0.013612 0.404884
v -0.111380 0.017457 0.410519
v -0.134153 -0.022688 0.346894
v -0.135292 -0.024506 0.353920
v -0.135734 -0.025659 0.362940
v -0.112068 0.009853 0.361805
v -0.117078 0.012693 0.352829
v -0.122174 0.016048 0.345152
v -0.090869 -0.031583 0.320223
v -0.100633 -0.029107 0.321143
v -0.108313 -0.026141 0.322529
v -0.107385 0.012145 0.332197
v -0.098529 0.007396 0.336695
v -0.087965 0.002402 0.340483
v -0.032518 -0.026269 0.397140
v -0.030760 -0.029262 0.389613
v -0.029478 -0.031752 0.379994
v -0.049201 0.001907 0.377439
v -0.045957 0.006896 0.387669
v -0.041955 0.011684 0.396263
v -0.074469 -0.025678 0.422745
v -0.065446 -0.024508 0.422491
v -0.058372 -0.022672 0.421587
v -0.056153 0.016190 0.409946
v -0.063859 0.012782 0.404611
v -0.072858 0.009886 0.399399
v -0.049955 -0.035041 0.317845
v -0.058354 -0.035440 0.317801
v -0.068645 -0.034853 0.318479
v -0.062678 -0.006288 0.336012
v -0.049878 -0.009361 0.328023
v -0.038120 -0.011409 0.319795
v -0.027340 -0.034990 0.358104
v -0.026651 -0.035495 0.348035
v -0.026711 -0.034965 0.339937
v -0.026359 -0.011437 0.330315
v -0.035046 -0.009572 0.341254
v -0.043576 -0.006635 0.353267
v -0.134945 -0.042268 0.423011
v -0.137378 -0.048177 0.425390
v -0.140644 -0.056219 0.428574
v -0.134479 -0.043132 0.323223
v -0.136977 -0.048931 0.320887
v -0.140362 -0.056761 0.317798
v -0.030622 -0.048629 0.320224
v -0.029182 -0.053054 0.318633
v -0.026987 -0.059469 0.316298
v -0.034375 -0.043149 0.422625
v -0.032005 -0.048943 0.425056
v -0.028871 -0.056766 0.428339
v -0.106311 -0.017187 0.325989
v -0.105939 -0.007682 0.328519
v -0.106567 0.002129 0.330437
v -0.098456 -0.020213 0.326340
v -0.097768 -0.011078 0.330393
v -0.098000 -0.001862 0.333689
v -0.089098 -0.023092 0.326829
v -0.088244 -0.014539 0.332130
v -0.087966 -0.006037 0.336534
v -0.028073 -0.028753 0.339204
v -0.028088 -0.022861 0.336919
v -0.027334 -0.017211 0.333751
v -0.030304 -0.028677 0.347800
v -0.032567 -0.022111 0.346208
v -0.033963 -0.015794 0.343849
v -0.033024 -0.027640 0.357704
v -0.037311 -0.020451 0.356510
v -0.040651 -0.013459 0.354889
v -0.059455 -0.013319 0.417549
v -0.058997 -0.003637 0.414528
v -0.057640 0.006210 0.412170
v -0.066562 -0.015089 0.416634
v -0.066272 -0.005715 0.412003
v -0.065164 0.003562 0.408178
v -0.075023 -0.016447 0.415328
v -0.074688 -0.007461 0.409262
v -0.073832 0.001293 0.404120
v -0.128309 -0.016441 0.363580
v -0.122173 -0.007470 0.363357
v -0.116920 0.001272 0.362630
v -0.129423 -0.015110 0.355124
v -0.124715 -0.005759 0.354949
v -0.120775 0.003497 0.353977
v -0.130091 -0.013364 0.348066
v -0.126987 -0.003710 0.347716
v -0.124518 0.006107 0.346486
v -0.066451 -0.107166 0.390496
v -0.048900 -0.105482 0.390544
v -0.033151 -0.102289 0.390548
v -0.066670 -0.105485 0.406902
v -0.049538 -0.104023 0.406759
v -0.034551 -0.101156 0.406384
v -0.066985 -0.102295 0.421799
v -0.050495 -0.101161 0.421045
v -0.036705 -0.098838 0.419623
v -0.102198 -0.090515 0.444544
v -0.101817 -0.082377 0.451386
v -0.101351 -0.073572 0.454646
v -0.118116 -0.090273 0.441595
v -0.117812 -0.082532 0.447359
v -0.117216 -0.073842 0.449920
v -0.131578 -0.089726 0.436477
v -0.132123 -0.082647 0.440765
v -0.131892 -0.074218 0.442446
v -0.010138 -0.090586 0.390310
v -0.003682 -0.082632 0.389946
v -0.000790 -0.074182 0.389357
v -0.013789 -0.090335 0.405958
v -0.008354 -0.082738 0.405792
v -0.006105 -0.074307 0.405192
v -0.019696 -0.089769 0.419067
v -0.015703 -0.082779 0.419855
v -0.014282 -0.074511 0.419738
v -0.067554 -0.090589 0.301981
v -0.067774 -0.082592 0.295000
v -0.067899 -0.074221 0.291510
v -0.051594 -0.090382 0.304895
v -0.051719 -0.082802 0.298983
v -0.051953 -0.074593 0.296172
v -0.038094 -0.089863 0.309987
v -0.037373 -0.082950 0.305559
v -0.037259 -0.075007 0.303627
v -0.159661 -0.090570 0.356286
v -0.166015 -0.082532 0.356573
v -0.168705 -0.073783 0.356974
v -0.156030 -0.090330 0.340652
v -0.161394 -0.082673 0.340762
v -0.163488 -0.074025 0.341223
v -0.150135 -0.089769 0.327549
v -0.154079 -0.082748 0.326721
v -0.155383 -0.074365 0.326738
v -0.131572 -0.089728 0.310133
v -0.132078 -0.082697 0.305815
v -0.131748 -0.074426 0.304061
v -0.118101 -0.090280 0.305005
v -0.117735 -0.082607 0.299188
v -0.116980 -0.074151 0.296513
v -0.102168 -0.090534 0.302040
v -0.101697 -0.082485 0.295115
v -0.101007 -0.073984 0.291700
v -0.038264 -0.089726 0.436477
v -0.037710 -0.082661 0.440757
v -0.037919 -0.074273 0.442419
v -0.051728 -0.090274 0.441595
v -0.052028 -0.082537 0.447356
v -0.052615 -0.073862 0.449910
v -0.067646 -0.090515 0.444544
v -0.068026 -0.082378 0.451386
v -0.068487 -0.073577 0.454643
v -0.136689 -0.102285 0.390552
v -0.120943 -0.105480 0.390545
v -0.103393 -0.107165 0.390496
v -0.135293 -0.101155 0.406385
v -0.120306 -0.104023 0.406760
v -0.103174 -0.105485 0.406902
v -0.133140 -0.098838 0.419624
v -0.119349 -0.101161 0.421045
v -0.102860 -0.102295 0.421799
v -0.068006 -0.027465 0.324537
v -0.066553 -0.020228 0.329166
v -0.064643 -0.013181 0.332817
v -0.057801 -0.028619 0.321931
v -0.055814 -0.022021 0.324671
v -0.052993 -0.015647 0.326524
v -0.048828 -0.028874 0.319774
v -0.046027 -0.022955 0.320384
v -0.042244 -0.017240 0.320210
v -0.035859 -0.023339 0.378340
v -0.041015 -0.014871 0.377571
v -0.045325 -0.006453 0.377363
v -0.035777 -0.020451 0.387518
v -0.039733 -0.011403 0.386880
v -0.042980 -0.002276 0.387138
v -0.035841 -0.017390 0.395190
v -0.038308 -0.007967 0.394843
v -0.040204 0.001756 0.395478
v -0.133140 -0.098838 0.326998
v -0.119348 -0.101163 0.325575
v -0.102856 -0.102299 0.324819
v -0.135292 -0.101155 0.340237
v -0.120306 -0.104023 0.339861
v -0.103173 -0.105486 0.339718
v -0.136689 -0.102285 0.356070
v -0.120943 -0.105480 0.356077
v -0.103393 -0.107166 0.356125
v -0.150136 -0.089769 0.419071
v -0.154088 -0.082734 0.419893
v -0.155413 -0.074309 0.419860
v -0.156030 -0.090330 0.405970
v -0.161397 -0.082668 0.405857
v -0.163498 -0.074004 0.405392
v -0.159661 -0.090570 0.390335
v -0.166015 -0.082531 0.390047
v -0.168707 -0.073778 0.389646
v -0.019524 -0.089902 0.327403
v -0.015397 -0.083030 0.326442
v -0.013745 -0.075095 0.326206
v -0.013660 -0.090434 0.340535
v -0.008112 -0.082928 0.340503
v -0.005687 -0.074749 0.340683
v -0.010069 -0.090639 0.356205
v -0.003546 -0.082734 0.356360
v -0.000560 -0.074419 0.356488
v -0.066967 -0.102313 0.324805
v -0.050462 -0.101196 0.325546
v -0.036645 -0.098898 0.326947
v -0.066664 -0.105491 0.339713
v -0.049523 -0.104038 0.339848
v -0.034517 -0.101190 0.340207
v -0.066450 -0.107167 0.356124
v -0.048895 -0.105487 0.356071
v -0.033136 -0.102303 0.356054
v -0.114055 -0.043775 0.436240
v -0.100223 -0.054790 0.448838
v -0.099034 -0.044789 0.440639
v -0.096767 -0.035035 0.431534
v -0.107300 -0.033635 0.429511
v -0.114448 -0.030788 0.426429
v -0.120134 -0.037475 0.429307
v -0.127801 -0.041126 0.427786
v -0.127423 -0.047254 0.432445
v -0.128885 -0.055738 0.437603
v -0.115150 -0.054899 0.444275
v -0.093724 -0.016264 0.415372
v -0.093388 -0.007190 0.409325
v -0.093460 0.001658 0.404203
v -0.102336 -0.014696 0.416769
v -0.102042 -0.005173 0.412188
v -0.102470 0.004256 0.408401
v -0.109600 -0.012649 0.417837
v -0.109602 -0.002773 0.414919
v -0.110427 0.007281 0.412647
v -0.148808 -0.043924 0.344136
v -0.161980 -0.054860 0.358012
v -0.153580 -0.044825 0.359126
v -0.144458 -0.035076 0.361233
v -0.142189 -0.033795 0.350731
v -0.138804 -0.031158 0.343610
v -0.141524 -0.037819 0.338018
v -0.139680 -0.041637 0.330390
v -0.144543 -0.047626 0.330834
v -0.149918 -0.056005 0.329463
v -0.157066 -0.055023 0.343126
v -0.019284 -0.046305 0.401177
v -0.006403 -0.057029 0.387486
v -0.013860 -0.048302 0.385681
v -0.021873 -0.039966 0.382689
v -0.024823 -0.037579 0.393701
v -0.028673 -0.034009 0.401182
v -0.026677 -0.039725 0.407369
v -0.028991 -0.042575 0.415354
v -0.024225 -0.048658 0.414989
v -0.019167 -0.056770 0.416591
v -0.011695 -0.056534 0.402684
v -0.051793 -0.049791 0.307169
v -0.067477 -0.058019 0.296065
v -0.067409 -0.049959 0.303156
v -0.068234 -0.042282 0.311013
v -0.056785 -0.042275 0.312379
v -0.048599 -0.040895 0.314779
v -0.044408 -0.045408 0.313108
v -0.037525 -0.047869 0.315265
v -0.038952 -0.052403 0.311461
v -0.038660 -0.059121 0.307222
v -0.052329 -0.058415 0.300488
v -0.148872 -0.043780 0.402420
v -0.150034 -0.055759 0.417061
v -0.144726 -0.047258 0.415643
v -0.139935 -0.041126 0.416032
v -0.141677 -0.037476 0.408479
v -0.138951 -0.030801 0.402850
v -0.142254 -0.033635 0.395735
v -0.144480 -0.035022 0.385208
v -0.153594 -0.044793 0.387437
v -0.161987 -0.054840 0.388597
v -0.157103 -0.054936 0.403467
v -0.055677 -0.043929 0.436185
v -0.040819 -0.055990 0.437506
v -0.042210 -0.047632 0.432292
v -0.041756 -0.041652 0.427574
v -0.049513 -0.037833 0.429180
v -0.055136 -0.031164 0.426305
v -0.062300 -0.033809 0.429455
v -0.072808 -0.035097 0.431515
v -0.070712 -0.044827 0.440625
v -0.069592 -0.054813 0.448830
v -0.054641 -0.054990 0.444243
v -0.016944 -0.049829 0.340975
v -0.017532 -0.059150 0.327729
v -0.021686 -0.052411 0.328212
v -0.025403 -0.047861 0.326996
v -0.022882 -0.045399 0.333901
v -0.024128 -0.040878 0.338282
v -0.021687 -0.042329 0.346202
v -0.020265 -0.042381 0.357465
v -0.012711 -0.050032 0.356417
v -0.005692 -0.058101 0.356282
v -0.010392 -0.058474 0.341251
v -0.112558 -0.046259 0.309047
v -0.128321 -0.056743 0.308515
v -0.126637 -0.048636 0.313483
v -0.126986 -0.042555 0.318131
v -0.118802 -0.039691 0.316149
v -0.112456 -0.033939 0.318447
v -0.104860 -0.037492 0.314927
v -0.093728 -0.039861 0.312322
v -0.096908 -0.048233 0.304081
v -0.098880 -0.056953 0.296626
v -0.114207 -0.056483 0.301516
v -0.128808 -0.029112 0.416895
v -0.123332 -0.025743 0.419208
v -0.127247 -0.024851 0.415306
v -0.131327 -0.025750 0.411549
v -0.132290 -0.030933 0.414897
v -0.131152 -0.034303 0.419255
v -0.126701 -0.030932 0.420268
v -0.128116 -0.030491 0.329116
v -0.130787 -0.026850 0.334620
v -0.126384 -0.026451 0.330582
v -0.122129 -0.027834 0.326374
v -0.125861 -0.032523 0.325610
v -0.130602 -0.035414 0.326883
v -0.131817 -0.031936 0.331312
v -0.033736 -0.039916 0.323958
v -0.038281 -0.037500 0.321016
v -0.034174 -0.036736 0.324673
v -0.030393 -0.037432 0.328557
v -0.030713 -0.041105 0.326311
v -0.032638 -0.043400 0.322565
v -0.036304 -0.041117 0.320944
v -0.040225 -0.030500 0.416325
v -0.037167 -0.027855 0.410544
v -0.041621 -0.026459 0.414588
v -0.045883 -0.026853 0.418759
v -0.042579 -0.031946 0.419879
v -0.038043 -0.035426 0.418803
v -0.036579 -0.032535 0.414204
v -0.120422 -0.009283 0.415968
v -0.120738 0.000968 0.415280
v -0.121745 0.011942 0.415023
v -0.124792 -0.008784 0.412780
v -0.124735 0.001490 0.412707
v -0.125151 0.012588 0.413119
v -0.128158 -0.009327 0.408576
v -0.127447 0.000898 0.408859
v -0.127148 0.011844 0.409838
v -0.118979 0.008239 0.329301
v -0.118315 -0.002381 0.329324
v -0.118374 -0.012253 0.328947
v -0.123213 0.009657 0.331831
v -0.123048 -0.001091 0.332485
v -0.123370 -0.011022 0.332659
v -0.125818 0.009693 0.335674
v -0.126330 -0.000947 0.336840
v -0.127246 -0.010890 0.337306
v -0.021384 -0.016739 0.319355
v -0.025010 -0.021836 0.323504
v -0.028012 -0.026951 0.326804
v -0.022678 -0.016434 0.315793
v -0.027153 -0.021599 0.319455
v -0.030888 -0.026650 0.322461
v -0.026637 -0.016901 0.314658
v -0.031573 -0.021987 0.317526
v -0.035568 -0.027094 0.319814
v -0.046534 0.009737 0.413915
v -0.047807 -0.000918 0.414347
v -0.048381 -0.010872 0.415204
v -0.042484 0.009596 0.411474
v -0.043218 -0.001135 0.411280
v -0.043484 -0.011050 0.411580
v -0.039734 0.008060 0.407421
v -0.039793 -0.002509 0.406763
v -0.039480 -0.012335 0.406824
v -0.130433 -0.012727 0.398025
v -0.127462 -0.002893 0.398035
v -0.125114 0.007119 0.398860
v -0.129588 -0.014748 0.390834
v -0.124952 -0.005260 0.390573
v -0.121078 0.004138 0.391033
v -0.128368 -0.016278 0.382257
v -0.122262 -0.007227 0.381981
v -0.117043 0.001600 0.382122
vn -0.4337 -0.7714 0.4657
vn -0.4337 -0.7715 -0.4655
vn 0.4335 -0.7715 0.4656
vn 0.4271 -0.7792 -0.4587
vn -0.6656 0.2873 0.6888
vn -0.6609 0.2940 -0.6904
vn 0.6768 0.2255 -0.7008
vn 0.6668 0.2915 0.6859
vn -0.0013 -0.8858 -0.4640
vn 0.2988 0.9208 -0.2508
vn -0.0000 -0.8847 0.4662
vn 0.0156 0.9881 0.1529
vn 0.0003 0.2743 0.9616
vn -0.0040 0.2560 -0.9667
vn -0.4645 -0.8856 -0.0000
vn -0.1444 0.9894 -0.0155
vn 0.4622 -0.8868 0.0015
vn 0.2733 0.9156 -0.2950
vn 0.9575 0.2885 0.0058
vn -0.9494 0.3141 -0.0003
vn -0.0000 -1.0000 -0.0000
vn 0.0050 0.6709 0.7415
vn 0.0403 0.6780 -0.7340
vn 0.7449 0.6668 -0.0232
vn -0.7417 0.6707 -0.0048
vn -0.6232 0.6882 -0.3715
vn 0.3751 0.6918 0.6170
vn 0.3427 0.6491 -0.6792
vn -0.6298 0.7257 0.2770
vn -0.2899 0.7283 0.6209
vn 0.7014 0.6354 -0.3230
vn 0.8506 0.4485 0.2744
vn -0.2040 0.5377 -0.8181
vn -0.2492 0.3611 0.8986
vn -0.8869 0.3638 0.2848
vn -0.5853 0.5389 0.6058
vn -0.8648 0.3820 -0.3258
vn -0.2564 0.3573 -0.8981
vn -0.5590 0.5486 -0.6217
vn 0.2234 0.1458 -0.9638
vn 0.9662 0.0620 -0.2502
vn 0.6087 0.4830 -0.6295
vn 0.8831 0.3529 0.3092
vn 0.2851 0.3763 0.8815
vn 0.5982 0.5472 0.5854
vn -0.4680 -0.8805 0.0761
vn -0.4725 -0.8614 0.1864
vn -0.4651 -0.8220 0.3286
vn -0.6914 0.0274 -0.7220
vn -0.6594 -0.2894 -0.6938
vn -0.5587 -0.5790 -0.5938
vn -0.0609 -0.8806 -0.4700
vn -0.1588 -0.8623 -0.4808
vn -0.2947 -0.8236 -0.4846
vn 0.6915 -0.0370 -0.7214
vn 0.6493 -0.3325 -0.6840
vn 0.5484 -0.5990 -0.5835
vn 0.4643 -0.8826 -0.0735
vn 0.4673 -0.8651 -0.1823
vn 0.4588 -0.8278 -0.3229
vn 0.6918 0.0255 0.7217
vn 0.6583 -0.2903 0.6945
vn 0.5580 -0.5792 0.5943
vn 0.0601 -0.8800 0.4712
vn 0.1585 -0.8620 0.4815
vn 0.2946 -0.8235 0.4849
vn -0.5588 -0.5782 0.5945
vn -0.6593 -0.2884 0.6944
vn -0.6919 0.0259 0.7216
vn -0.1934 0.2783 0.9408
vn -0.3649 0.2837 0.8868
vn -0.5212 0.2843 0.8047
vn 0.9294 0.3026 0.2113
vn 0.8689 0.3081 0.3875
vn 0.7835 0.3012 0.5435
vn 0.1897 0.2446 -0.9509
vn 0.3655 0.2363 -0.9003
vn 0.5279 0.2271 -0.8184
vn -0.9259 0.3150 -0.2085
vn -0.8667 0.3124 -0.3888
vn -0.7799 0.3029 -0.5477
vn 0.2895 -0.8290 -0.4785
vn 0.1548 -0.8655 -0.4764
vn 0.0579 -0.8820 -0.4677
vn -0.2946 -0.8234 0.4849
vn -0.1585 -0.8620 0.4815
vn -0.0602 -0.8800 0.4712
vn 0.5231 0.2875 0.8023
vn 0.3665 0.2853 0.8856
vn 0.1943 0.2789 0.9405
vn -0.5169 0.2913 -0.8049
vn -0.3628 0.2872 -0.8865
vn -0.1946 0.2733 -0.9420
vn -0.0079 -0.1744 -0.9846
vn -0.0058 -0.5255 -0.8508
vn -0.0029 -0.7499 -0.6616
vn 0.0001 -0.1405 0.9901
vn -0.0000 -0.5046 0.8633
vn -0.0000 -0.7435 0.6687
vn -0.0000 -0.9978 0.0669
vn -0.0000 -0.9873 0.1586
vn -0.0000 -0.9571 0.2896
vn 0.0026 0.6982 0.7159
vn 0.0013 0.6718 0.7407
vn 0.0006 0.5574 0.8302
vn 0.0327 0.7185 -0.6947
vn 0.0191 0.6935 -0.7202
vn 0.0063 0.5669 -0.8237
vn -0.4650 -0.8221 -0.3286
vn -0.4725 -0.8614 -0.1864
vn -0.4680 -0.8805 -0.0761
vn 0.4647 -0.8222 0.3287
vn 0.4717 -0.8617 0.1867
vn 0.4666 -0.8811 0.0768
vn 0.7980 0.2380 -0.5537
vn 0.8847 0.2572 -0.3888
vn 0.9400 0.2737 -0.2035
vn -0.7833 0.2986 0.5453
vn -0.8683 0.3104 0.3869
vn -0.9263 0.3144 0.2075
vn -0.0006 -0.9574 -0.2888
vn -0.0002 -0.9874 -0.1583
vn -0.0001 -0.9978 -0.0668
vn -0.0625 -0.9980 -0.0000
vn -0.1500 -0.9887 -0.0000
vn -0.2798 -0.9600 -0.0000
vn -0.9964 -0.0848 -0.0001
vn -0.8852 -0.4652 -0.0000
vn -0.6829 -0.7305 -0.0000
vn 0.9922 -0.1246 0.0087
vn 0.8719 -0.4897 0.0063
vn 0.6750 -0.7378 0.0032
vn 0.2790 -0.9603 0.0006
vn 0.1496 -0.9887 0.0002
vn 0.0624 -0.9981 0.0001
vn 0.7047 0.7092 -0.0226
vn 0.7245 0.6891 -0.0131
vn 0.8186 0.5743 -0.0028
vn -0.7164 0.6977 -0.0025
vn -0.7371 0.6757 -0.0012
vn -0.8194 0.5732 -0.0006
vn 0.0121 0.5240 0.8516
vn 0.0107 0.5596 0.8287
vn 0.0081 0.6137 0.7895
vn 0.0080 0.4771 -0.8788
vn 0.0206 0.5255 -0.8505
vn 0.0347 0.5993 -0.7998
vn 0.8832 0.4676 0.0364
vn 0.8570 0.5151 0.0159
vn 0.8088 0.5881 -0.0078
vn -0.8465 0.5322 -0.0132
vn -0.8247 0.5655 -0.0110
vn -0.7875 0.6163 -0.0080
vn -0.5095 0.5457 0.6653
vn -0.4262 0.5407 0.7253
vn -0.3469 0.4882 0.8008
vn -0.4941 0.2790 0.8234
vn -0.6708 0.2427 0.7008
vn -0.8012 0.2798 0.5289
vn -0.7861 0.4890 0.3780
vn -0.7091 0.5405 0.4528
vn -0.6471 0.5456 0.5326
vn -0.6220 0.5563 -0.5510
vn -0.6845 0.5540 -0.4738
vn -0.7605 0.5059 -0.4070
vn -0.7728 0.2946 -0.5621
vn -0.6478 0.2536 -0.7184
vn -0.4835 0.2837 -0.8281
vn -0.3224 0.4975 -0.8053
vn -0.3920 0.5536 -0.7348
vn -0.4781 0.5568 -0.6792
vn 0.5346 0.4867 -0.6909
vn 0.4500 0.4751 -0.7561
vn 0.3617 0.3794 -0.8516
vn 0.4677 -0.1601 -0.8693
vn 0.6529 -0.3059 -0.6929
vn 0.8366 -0.2118 -0.5053
vn 0.8538 0.3323 -0.4007
vn 0.7483 0.4525 -0.4851
vn 0.6748 0.4781 -0.5622
vn 0.6582 0.5544 0.5093
vn 0.7165 0.5496 0.4296
vn 0.7888 0.4927 0.3674
vn 0.7994 0.2770 0.5331
vn 0.6811 0.2471 0.6892
vn 0.5209 0.2889 0.8033
vn 0.3732 0.5027 0.7798
vn 0.4451 0.5524 0.7048
vn 0.5254 0.5550 0.6450
vn -0.1057 0.2214 0.9694
vn 0.0553 0.1424 0.9883
vn 0.2052 0.1146 0.9720
vn -0.0420 0.6482 0.7603
vn -0.5372 0.6449 0.5436
vn -0.7644 0.6426 0.0516
vn -0.9758 0.1190 -0.1837
vn -0.9888 0.1469 -0.0250
vn -0.9639 0.2257 0.1416
vn -0.7150 0.6773 -0.1736
vn -0.4739 0.6376 -0.6074
vn -0.0469 0.6132 -0.7885
vn 0.1024 0.0808 -0.9915
vn -0.0277 0.1139 -0.9931
vn -0.1551 0.2026 -0.9669
vn -0.9507 0.2434 -0.1919
vn -0.9858 0.1651 -0.0296
vn -0.9818 0.1393 0.1292
vn 0.1204 0.1429 -0.9824
vn 0.7044 -0.0254 -0.7094
vn 0.9911 0.0843 -0.1030
vn 0.9223 -0.2092 0.3250
vn 0.9526 -0.2490 0.1749
vn 0.9825 -0.1846 -0.0248
vn 0.0247 -0.0764 -0.9968
vn -0.1529 -0.1346 -0.9790
vn -0.2854 -0.0949 -0.9537
vn 0.7953 0.6012 0.0781
vn 0.5947 0.6321 0.4967
vn 0.1542 0.6783 0.7184
vn -0.1641 0.1352 0.9771
vn -0.0117 0.1594 0.9871
vn 0.1478 0.2367 0.9603
vn 0.9568 0.1987 0.2122
vn 0.9905 0.1097 0.0835
vn 0.9957 0.0763 -0.0521
vn -0.7698 0.6369 -0.0419
vn -0.8310 0.5549 -0.0376
vn -0.8870 0.4575 0.0628
vn -0.3686 0.7805 -0.5050
vn -0.2374 0.8660 -0.4400
vn -0.1844 0.9444 -0.2722
vn -0.0326 0.4533 0.8908
vn 0.0592 0.5518 0.8319
vn 0.0537 0.6359 0.7699
vn 0.2799 0.9403 0.1935
vn 0.4466 0.8614 0.2421
vn 0.5078 0.7787 0.3684
vn -0.8750 0.4748 -0.0949
vn -0.8239 0.5664 0.0185
vn -0.7659 0.6423 0.0301
vn -0.1650 0.9571 0.2383
vn -0.2188 0.8868 0.4071
vn -0.3682 0.8067 0.4623
vn 0.0675 0.6325 -0.7716
vn 0.0524 0.5437 -0.8376
vn -0.0490 0.4449 -0.8942
vn 0.5145 0.7404 -0.4326
vn 0.4968 0.8210 -0.2812
vn 0.4198 0.8792 -0.2254
vn 0.8914 0.4429 0.0958
vn 0.8410 0.5408 -0.0166
vn 0.7784 0.6264 -0.0421
vn 0.2354 0.8745 -0.4241
vn 0.2916 0.8159 -0.4993
vn 0.4511 0.7312 -0.5116
vn -0.0420 0.6419 0.7657
vn -0.0415 0.5638 0.8249
vn 0.0614 0.4699 0.8806
vn -0.4698 0.8065 0.3588
vn -0.4147 0.8848 0.2126
vn -0.2453 0.9552 0.1658
vn 0.0348 0.4092 -0.9118
vn -0.0203 0.5739 -0.8187
vn 0.0009 0.6607 -0.7506
vn 0.1176 0.9356 -0.3329
vn -0.0419 0.9131 -0.4057
vn -0.1753 0.8211 -0.5432
vn 0.7686 0.6396 0.0112
vn 0.8454 0.5335 0.0282
vn 0.9392 0.3410 -0.0398
vn 0.5897 0.7651 0.2585
vn 0.4489 0.8875 0.1043
vn 0.3690 0.9255 -0.0851
vn -0.6008 0.5044 0.6202
vn -0.6041 0.4978 0.6223
vn -0.6222 0.4491 0.6412
vn -0.5798 0.5118 -0.6339
vn -0.5865 0.5073 -0.6314
vn -0.6102 0.4595 -0.6454
vn 0.6262 0.4349 -0.6470
vn 0.6242 0.4428 -0.6437
vn 0.6383 0.3990 -0.6583
vn 0.6119 0.5104 0.6042
vn 0.6115 0.5053 0.6089
vn 0.6256 0.4569 0.6323
vn 0.0904 0.3104 -0.9463
vn 0.2378 0.2278 -0.9442
vn 0.3692 0.1952 -0.9086
vn 0.1825 0.4291 -0.8847
vn 0.3079 0.3459 -0.8863
vn 0.4118 0.3037 -0.8592
vn 0.1478 0.5386 -0.8295
vn 0.2202 0.4576 -0.8615
vn 0.2787 0.4077 -0.8695
vn 0.9677 0.1765 0.1803
vn 0.9243 0.1192 0.3624
vn 0.8651 0.1412 0.4814
vn 0.8845 0.4202 0.2027
vn 0.8666 0.3522 0.3534
vn 0.8262 0.3345 0.4534
vn 0.8243 0.5535 0.1193
vn 0.8474 0.4806 0.2258
vn 0.8448 0.4387 0.3062
vn -0.1196 0.3554 0.9271
vn -0.3012 0.2865 0.9095
vn -0.4512 0.2619 0.8531
vn -0.2096 0.4734 0.8556
vn -0.3706 0.4068 0.8349
vn -0.4972 0.3729 0.7834
vn -0.1483 0.5751 0.8045
vn -0.2548 0.5162 0.8177
vn -0.3432 0.4791 0.8079
vn -0.8046 0.5782 0.1352
vn -0.8184 0.5214 0.2418
vn -0.8093 0.4850 0.3314
vn -0.8582 0.4786 0.1856
vn -0.8413 0.4126 0.3492
vn -0.7920 0.3776 0.4799
vn -0.9283 0.3621 0.0851
vn -0.9170 0.2924 0.2713
vn -0.8638 0.2657 0.4281
vn 0.0599 -0.9961 0.0646
vn 0.1463 -0.9874 0.0600
vn 0.2779 -0.9587 0.0603
vn 0.0539 -0.9864 0.1556
vn 0.1387 -0.9789 0.1501
vn 0.2742 -0.9494 0.1534
vn 0.0505 -0.9560 0.2889
vn 0.1361 -0.9478 0.2883
vn 0.2680 -0.9189 0.2895
vn -0.0921 -0.7291 0.6782
vn -0.1422 -0.4787 0.8664
vn -0.1860 -0.1173 0.9755
vn -0.2198 -0.6869 0.6927
vn -0.3019 -0.4119 0.8598
vn -0.3617 -0.0622 0.9302
vn -0.3838 -0.6230 0.6816
vn -0.4814 -0.3331 0.8107
vn -0.5312 -0.0053 0.8472
vn 0.6836 -0.7204 0.1168
vn 0.8729 -0.4568 0.1716
vn 0.9728 -0.0903 0.2134
vn 0.6896 -0.6762 0.2593
vn 0.8548 -0.3879 0.3448
vn 0.9169 -0.0340 0.3977
vn 0.6628 -0.6144 0.4280
vn 0.7895 -0.3166 0.5258
vn 0.8240 0.0131 0.5665
vn 0.0872 -0.7385 -0.6686
vn 0.1336 -0.5076 -0.8511
vn 0.1769 -0.1651 -0.9703
vn 0.2129 -0.7004 -0.6813
vn 0.2922 -0.4483 -0.8448
vn 0.3550 -0.1196 -0.9272
vn 0.3752 -0.6409 -0.6697
vn 0.4718 -0.3748 -0.7981
vn 0.5285 -0.0668 -0.8463
vn -0.6891 -0.7155 -0.1153
vn -0.8820 -0.4401 -0.1684
vn -0.9760 -0.0651 -0.2077
vn -0.6930 -0.6729 -0.2587
vn -0.8599 -0.3777 -0.3433
vn -0.9185 -0.0205 -0.3950
vn -0.6646 -0.6126 -0.4278
vn -0.7920 -0.3116 -0.5251
vn -0.8243 0.0192 -0.5659
vn -0.3840 -0.6247 -0.6800
vn -0.4821 -0.3368 -0.8088
vn -0.5318 -0.0069 -0.8469
vn -0.2204 -0.6897 -0.6897
vn -0.3034 -0.4200 -0.8553
vn -0.3642 -0.0709 -0.9286
vn -0.0936 -0.7334 -0.6734
vn -0.1453 -0.4926 -0.8580
vn -0.1910 -0.1372 -0.9719
vn 0.3835 -0.6234 0.6814
vn 0.4811 -0.3336 0.8107
vn 0.5316 -0.0046 0.8470
vn 0.2197 -0.6870 0.6926
vn 0.3018 -0.4120 0.8598
vn 0.3621 -0.0617 0.9301
vn 0.0921 -0.7291 0.6782
vn 0.1422 -0.4788 0.8664
vn 0.1862 -0.1171 0.9755
vn -0.2783 -0.9586 0.0600
vn -0.1465 -0.9874 0.0599
vn -0.0599 -0.9961 0.0646
vn -0.2743 -0.9493 0.1533
vn -0.1387 -0.9789 0.1500
vn -0.0539 -0.9864 0.1556
vn -0.2680 -0.9189 0.2894
vn -0.1361 -0.9478 0.2883
vn -0.0505 -0.9560 0.2889
vn -0.0911 0.5804 -0.8092
vn -0.1820 0.5108 -0.8402
vn -0.2502 0.4701 -0.8464
vn -0.1719 0.4749 -0.8631
vn -0.3031 0.4131 -0.8588
vn -0.3902 0.3952 -0.8316
vn -0.1569 0.2689 -0.9503
vn -0.3163 0.2180 -0.9233
vn -0.4201 0.2359 -0.8763
vn 0.8364 0.5354 -0.1174
vn 0.8695 0.4570 -0.1872
vn 0.8788 0.4089 -0.2458
vn 0.8916 0.4292 -0.1442
vn 0.8972 0.3477 -0.2721
vn 0.8721 0.3061 -0.3818
vn 0.9498 0.3101 -0.0413
vn 0.9544 0.2277 -0.1930
vn 0.9228 0.1948 -0.3325
vn -0.2681 -0.9189 -0.2894
vn -0.1363 -0.9478 -0.2882
vn -0.0508 -0.9561 -0.2885
vn -0.2743 -0.9493 -0.1533
vn -0.1388 -0.9789 -0.1500
vn -0.0540 -0.9864 -0.1554
vn -0.2783 -0.9586 -0.0600
vn -0.1465 -0.9874 -0.0599
vn -0.0599 -0.9961 -0.0645
vn -0.6647 -0.6123 0.4280
vn -0.7920 -0.3115 0.5251
vn -0.8248 0.0176 0.5651
vn -0.6930 -0.6728 0.2588
vn -0.8599 -0.3778 0.3432
vn -0.9187 -0.0213 0.3944
vn -0.6891 -0.7154 0.1153
vn -0.8820 -0.4402 0.1683
vn -0.9761 -0.0654 0.2074
vn 0.6529 -0.6313 -0.4186
vn 0.7799 -0.3552 -0.5153
vn 0.8249 -0.0463 -0.5633
vn 0.6812 -0.6877 -0.2510
vn 0.8454 -0.4177 -0.3330
vn 0.9177 -0.0833 -0.3884
vn 0.6787 -0.7261 -0.1098
vn 0.8666 -0.4731 -0.1590
vn 0.9729 -0.1190 -0.1982
vn 0.0494 -0.9566 -0.2873
vn 0.1340 -0.9489 -0.2857
vn 0.2645 -0.9211 -0.2856
vn 0.0534 -0.9865 -0.1549
vn 0.1375 -0.9793 -0.1488
vn 0.2719 -0.9504 -0.1510
vn 0.0597 -0.9961 -0.0643
vn 0.1458 -0.9875 -0.0594
vn 0.2768 -0.9591 -0.0588
vn -0.2548 0.5899 0.7662
vn -0.1640 0.5451 0.8222
vn -0.1155 0.6510 0.7502
vn -0.0421 0.6731 0.7383
vn -0.0936 0.6132 0.7843
vn -0.1839 0.5456 0.8176
vn -0.3208 0.5507 0.7706
vn -0.4634 0.5185 0.7186
vn -0.4505 0.5200 0.7257
vn -0.4782 0.4687 0.7428
vn -0.3207 0.5120 0.7969
vn 0.1639 0.5621 0.8106
vn 0.2712 0.4942 0.8260
vn 0.3575 0.4487 0.8191
vn 0.2281 0.4522 0.8623
vn 0.3838 0.3756 0.8436
vn 0.5017 0.3335 0.7982
vn 0.1503 0.3324 0.9311
vn 0.3256 0.2571 0.9099
vn 0.4648 0.2265 0.8560
vn -0.7517 0.5956 -0.2832
vn -0.8094 0.5600 -0.1768
vn -0.7441 0.6553 -0.1301
vn -0.7355 0.6748 -0.0602
vn -0.7747 0.6194 -0.1272
vn -0.7956 0.5588 -0.2342
vn -0.7460 0.5586 -0.3625
vn -0.6871 0.5256 -0.5016
vn -0.7001 0.5270 -0.4818
vn -0.7180 0.4801 -0.5039
vn -0.7793 0.5247 -0.3427
vn 0.7545 0.6033 0.2584
vn 0.8064 0.5668 0.1685
vn 0.7359 0.6680 0.1107
vn 0.7325 0.6798 0.0367
vn 0.7806 0.6162 0.1051
vn 0.8109 0.5473 0.2071
vn 0.7621 0.5568 0.3305
vn 0.7092 0.5263 0.4690
vn 0.7141 0.5315 0.4556
vn 0.7260 0.4845 0.4881
vn 0.7798 0.5325 0.3291
vn 0.2601 0.5897 -0.7646
vn 0.1671 0.5437 -0.8225
vn 0.1279 0.6690 -0.7321
vn 0.0733 0.6995 -0.7108
vn 0.1127 0.6339 -0.7652
vn 0.1934 0.5269 -0.8276
vn 0.3346 0.5171 -0.7878
vn 0.4826 0.4645 -0.7425
vn 0.4601 0.4808 -0.7464
vn 0.4875 0.4306 -0.7596
vn 0.3241 0.4938 -0.8069
vn -0.7576 0.5925 0.2739
vn -0.7258 0.4744 0.4981
vn -0.7113 0.5218 0.4710
vn -0.7031 0.5190 0.4861
vn -0.7595 0.5512 0.3456
vn -0.8099 0.5471 0.2116
vn -0.7812 0.6139 0.1138
vn -0.7378 0.6729 0.0531
vn -0.7455 0.6545 0.1259
vn -0.8104 0.5592 0.1746
vn -0.7828 0.5224 0.3381
vn 0.2635 0.5928 0.7610
vn 0.4832 0.4733 0.7366
vn 0.4598 0.5245 0.7165
vn 0.4767 0.5245 0.7055
vn 0.3362 0.5576 0.7590
vn 0.2050 0.5566 0.8051
vn 0.1065 0.6188 0.7783
vn 0.0494 0.6751 0.7360
vn 0.1197 0.6517 0.7489
vn 0.1662 0.5458 0.8213
vn 0.3249 0.5140 0.7939
vn 0.7679 0.5765 -0.2791
vn 0.7447 0.4307 -0.5097
vn 0.7364 0.4726 -0.4841
vn 0.7320 0.4519 -0.5099
vn 0.7904 0.4925 -0.3643
vn 0.8459 0.4871 -0.2174
vn 0.7843 0.6082 -0.1225
vn 0.7253 0.6845 -0.0731
vn 0.7379 0.6614 -0.1342
vn 0.8171 0.5490 -0.1762
vn 0.7980 0.4957 -0.3428
vn -0.2309 0.6066 -0.7608
vn -0.4636 0.4835 -0.7425
vn -0.4286 0.5338 -0.7290
vn -0.4384 0.5286 -0.7269
vn -0.2950 0.5606 -0.7737
vn -0.1663 0.5510 -0.8177
vn -0.0738 0.6214 -0.7800
vn -0.0158 0.6869 -0.7266
vn -0.0932 0.6716 -0.7350
vn -0.1532 0.5602 -0.8140
vn -0.3066 0.5285 -0.7916
vn -0.5971 0.5066 0.6220
vn -0.5151 0.4371 0.7374
vn -0.6312 0.4097 0.6586
vn -0.7152 0.4371 0.5454
vn -0.6414 0.5280 0.5566
vn -0.5743 0.5610 0.5962
vn -0.5307 0.5283 0.6628
vn -0.5571 0.5283 -0.6407
vn -0.6817 0.4563 -0.5719
vn -0.5962 0.4294 -0.6783
vn -0.4823 0.4535 -0.7495
vn -0.4910 0.5469 -0.6782
vn -0.5391 0.5765 -0.6140
vn -0.6067 0.5464 -0.5775
vn 0.6401 0.3755 -0.6703
vn 0.5503 0.2112 -0.8079
vn 0.6844 0.1100 -0.7208
vn 0.7851 0.1790 -0.5929
vn 0.6825 0.4166 -0.6006
vn 0.5999 0.5010 -0.6238
vn 0.5671 0.4281 -0.7037
vn 0.6130 0.5240 0.5912
vn 0.7237 0.4474 0.5254
vn 0.6466 0.4237 0.6343
vn 0.5379 0.4519 0.7116
vn 0.5491 0.5435 0.6350
vn 0.5895 0.5739 0.5684
vn 0.6541 0.5425 0.5271
vn -0.4329 0.1255 0.8927
vn -0.3461 0.0376 0.9375
vn -0.2500 0.0012 0.9682
vn -0.6890 0.0864 0.7196
vn -0.6925 -0.0057 0.7214
vn -0.6934 -0.0496 0.7188
vn -0.8736 0.1270 0.4698
vn -0.9236 0.0391 0.3814
vn -0.9599 0.0027 0.2804
vn -0.3169 -0.0208 -0.9482
vn -0.3894 0.0212 -0.9208
vn -0.4501 0.1172 -0.8852
vn -0.6926 -0.0535 -0.7194
vn -0.6879 -0.0077 -0.7258
vn -0.6773 0.0887 -0.7303
vn -0.9423 0.0091 -0.3347
vn -0.9035 0.0459 -0.4262
vn -0.8505 0.1365 -0.5080
vn 0.8011 -0.5966 -0.0479
vn 0.7851 -0.5943 -0.1745
vn 0.8006 -0.5009 -0.3288
vn 0.4611 -0.7348 -0.4974
vn 0.4891 -0.6959 -0.5259
vn 0.5526 -0.5880 -0.5907
vn 0.0489 -0.5188 -0.8535
vn 0.1637 -0.5246 -0.8355
vn 0.3058 -0.4387 -0.8450
vn 0.2898 0.0047 0.9571
vn 0.3790 0.0406 0.9245
vn 0.4616 0.1304 0.8774
vn 0.6789 -0.0590 0.7319
vn 0.6842 -0.0135 0.7292
vn 0.6895 0.0824 0.7196
vn 0.9281 -0.0274 0.3714
vn 0.8956 0.0148 0.4447
vn 0.8566 0.1109 0.5039
vn -0.9327 0.3394 -0.1220
vn -0.9149 0.2649 -0.3046
vn -0.8606 0.2339 -0.4525
vn -0.8636 0.4593 -0.2077
vn -0.8461 0.3853 -0.3684
vn -0.7995 0.3438 -0.4925
vn -0.8095 0.5671 -0.1518
vn -0.8240 0.5030 -0.2609
vn -0.8160 0.4599 -0.3503
vn 0.4323 0.7730 -0.4643
vn 0.4323 0.7731 0.4641
vn -0.4321 0.7731 -0.4642
vn -0.4259 0.7806 0.4575
vn 0.6652 -0.2896 -0.6882
vn 0.6605 -0.2964 0.6899
vn -0.6765 -0.2277 0.7003
vn -0.6663 -0.2938 -0.6853
vn 0.0013 0.8864 0.4629
vn 0.2190 0.2306 0.9481
vn -0.0000 0.8853 -0.4650
vn 0.0050 0.1821 -0.9833
vn -0.0002 -0.2772 -0.9608
vn 0.0040 -0.2590 0.9659
vn 0.4629 0.8864 -0.0000
vn 0.9847 0.1740 -0.0007
vn -0.4607 0.8875 -0.0014
vn -0.9350 0.2349 -0.2658
vn -0.9565 -0.2918 -0.0057
vn 0.9483 -0.3173 0.0002
vn -0.0000 1.0000 -0.0000
vn -0.0051 -0.6705 -0.7419
vn -0.0401 -0.6774 0.7345
vn -0.7454 -0.6662 0.0228
vn 0.7421 -0.6703 0.0048
vn 0.7776 0.6225 -0.0881
vn 0.0668 0.6300 -0.7737
vn 0.2184 0.6393 0.7373
vn 0.7636 0.6407 0.0801
vn -0.0482 0.6466 -0.7613
vn -0.7219 0.6347 -0.2757
vn -0.4359 0.8702 -0.2296
vn 0.2512 0.8049 0.5376
vn 0.2496 -0.3613 -0.8984
vn 0.8866 -0.3641 -0.2854
vn 0.5851 -0.5395 -0.6055
vn 0.8647 -0.3816 0.3266
vn 0.2569 -0.3574 0.8979
vn 0.5588 -0.5492 0.6214
vn -0.2288 -0.1479 0.9622
vn -0.9646 -0.0650 0.2556
vn -0.6084 -0.4838 0.6291
vn -0.8828 -0.3529 -0.3099
vn -0.2859 -0.3760 -0.8814
vn -0.5980 -0.5478 -0.5851
vn 0.4663 0.8814 -0.0754
vn 0.4707 0.8626 -0.1853
vn 0.4638 0.8229 -0.3281
vn 0.6913 -0.0304 0.7219
vn 0.6597 0.2876 0.6943
vn 0.5583 0.5796 0.5936
vn 0.0603 0.8813 0.4687
vn 0.1578 0.8633 0.4793
vn 0.2940 0.8245 0.4835
vn -0.6916 0.0344 0.7215
vn -0.6496 0.3310 0.6845
vn -0.5481 0.5993 0.5834
vn -0.4628 0.8835 0.0729
vn -0.4658 0.8661 0.1813
vn -0.4578 0.8285 0.3225
vn -0.6917 -0.0286 -0.7216
vn -0.6586 0.2885 -0.6950
vn -0.5576 0.5798 -0.5940
vn -0.0595 0.8807 -0.4699
vn -0.1575 0.8631 -0.4799
vn -0.2939 0.8243 -0.4838
vn 0.5584 0.5788 -0.5943
vn 0.6596 0.2866 -0.6948
vn 0.6918 -0.0290 -0.7215
vn 0.1938 -0.2812 -0.9399
vn 0.3653 -0.2865 -0.8857
vn 0.5212 -0.2868 -0.8038
vn -0.9282 -0.3060 -0.2115
vn -0.8677 -0.3112 -0.3877
vn -0.7826 -0.3039 -0.5433
vn -0.1900 -0.2476 0.9501
vn -0.3659 -0.2390 0.8994
vn -0.5280 -0.2295 0.8177
vn 0.9247 -0.3182 0.2089
vn 0.8656 -0.3152 0.3890
vn 0.7791 -0.3053 0.5476
vn -0.2889 0.8297 0.4776
vn -0.1539 0.8664 0.4750
vn -0.0573 0.8826 0.4665
vn 0.2939 0.8243 -0.4839
vn 0.1575 0.8631 -0.4799
vn 0.0596 0.8807 -0.4699
vn -0.5231 -0.2899 -0.8014
vn -0.3669 -0.2881 -0.8845
vn -0.1947 -0.2818 -0.9395
vn 0.5169 -0.2940 0.8040
vn 0.3631 -0.2903 0.8854
vn 0.1949 -0.2764 0.9411
vn 0.0081 0.1783 0.9839
vn 0.0057 0.5297 0.8481
vn 0.0029 0.7515 0.6597
vn -0.0001 0.1431 -0.9897
vn -0.0000 0.5087 -0.8609
vn -0.0000 0.7454 -0.6666
vn -0.0000 0.9978 -0.0668
vn -0.0000 0.9874 -0.1584
vn -0.0000 0.9574 -0.2889
vn -0.0027 -0.6983 -0.7158
vn -0.0013 -0.6728 -0.7398
vn -0.0006 -0.5609 -0.8279
vn -0.0327 -0.7186 0.6947
vn -0.0192 -0.6949 0.7188
vn -0.0065 -0.5716 0.8205
vn 0.4638 0.8230 0.3280
vn 0.4707 0.8626 0.1853
vn 0.4663 0.8814 0.0754
vn -0.4635 0.8231 -0.3281
vn -0.4700 0.8629 -0.1857
vn -0.4650 0.8820 -0.0761
vn -0.7973 -0.2404 0.5536
vn -0.8837 -0.2601 0.3891
vn -0.9390 -0.2769 0.2039
vn 0.7824 -0.3010 -0.5452
vn 0.8672 -0.3133 -0.3871
vn 0.9252 -0.3175 -0.2079
vn 0.0006 0.9576 0.2881
vn 0.0002 0.9874 0.1580
vn 0.0001 0.9978 0.0667
vn 0.0624 0.9980 -0.0000
vn 0.1497 0.9887 -0.0000
vn 0.2790 0.9603 -0.0000
vn 0.9963 0.0863 0.0001
vn 0.8831 0.4692 -0.0000
vn 0.6805 0.7327 -0.0000
vn -0.9918 0.1272 -0.0088
vn -0.8696 0.4937 -0.0062
vn -0.6729 0.7398 -0.0031
vn -0.2782 0.9605 -0.0006
vn -0.1493 0.9888 -0.0002
vn -0.0623 0.9981 -0.0001
vn -0.7046 -0.7092 0.0226
vn -0.7233 -0.6904 0.0132
vn -0.8157 -0.5785 0.0029
vn 0.7163 -0.6978 0.0025
vn 0.7363 -0.6767 0.0012
vn 0.8173 -0.5762 0.0006
vn -0.0120 -0.5225 -0.8525
vn -0.0106 -0.5581 -0.8297
vn -0.0081 -0.6127 -0.7903
vn -0.0076 -0.4759 0.8795
vn -0.0204 -0.5245 0.8511
vn -0.0344 -0.5986 0.8003
vn -0.8839 -0.4662 -0.0370
vn -0.8577 -0.5139 -0.0162
vn -0.8094 -0.5872 0.0075
vn 0.8474 -0.5308 0.0131
vn 0.8257 -0.5641 0.0110
vn 0.7882 -0.6154 0.0080
vn 0.5092 -0.5466 -0.6648
vn 0.4262 -0.5411 -0.7250
vn 0.3472 -0.4880 -0.8008
vn 0.4976 -0.2758 -0.8224
vn 0.6713 -0.2394 -0.7014
vn 0.8000 -0.2765 -0.5325
vn 0.7861 -0.4888 -0.3784
vn 0.7088 -0.5409 -0.4529
vn 0.6466 -0.5464 -0.5323
vn 0.6216 -0.5571 0.5507
vn 0.6843 -0.5542 0.4739
vn 0.7606 -0.5054 0.4075
vn 0.7716 -0.2913 0.5655
vn 0.6482 -0.2512 0.7189
vn 0.4862 -0.2814 0.8273
vn 0.3223 -0.4970 0.8057
vn 0.3916 -0.5538 0.7348
vn 0.4776 -0.5576 0.6789
vn -0.5342 -0.4871 0.6909
vn -0.4483 -0.4739 0.7579
vn -0.3591 -0.3785 0.8531
vn -0.4763 0.1652 0.8636
vn -0.6535 0.3065 0.6921
vn -0.8305 0.2173 0.5130
vn -0.8560 -0.3312 0.3971
vn -0.7505 -0.4505 0.4834
vn -0.6749 -0.4783 0.5619
vn -0.6580 -0.5552 -0.5088
vn -0.7166 -0.5498 -0.4293
vn -0.7891 -0.4922 -0.3674
vn -0.7983 -0.2748 -0.5359
vn -0.6816 -0.2447 -0.6896
vn -0.5242 -0.2856 -0.8023
vn -0.3736 -0.5022 -0.7799
vn -0.4452 -0.5526 -0.7046
vn -0.5251 -0.5558 -0.6445
vn 0.1055 -0.2228 -0.9691
vn -0.0581 -0.1441 -0.9879
vn -0.2150 -0.1150 -0.9698
vn 0.3424 0.7649 -0.5456
vn 0.3633 0.8432 -0.3962
vn 0.5303 0.7584 -0.3789
vn 0.9737 -0.1194 0.1942
vn 0.9885 -0.1487 0.0277
vn 0.9635 -0.2270 -0.1415
vn 0.5489 0.7853 0.2864
vn 0.4783 0.8190 0.3170
vn 0.4532 0.7465 0.4872
vn -0.1091 -0.0803 0.9908
vn 0.0263 -0.1151 0.9930
vn 0.1555 -0.2038 0.9666
vn 0.9505 -0.2440 0.1922
vn 0.9857 -0.1663 0.0275
vn 0.9804 -0.1398 -0.1388
vn -0.0193 0.9961 0.0860
vn 0.1659 0.9719 -0.1667
vn 0.0070 0.9997 0.0248
vn -0.9204 0.2109 -0.3294
vn -0.9542 0.2468 -0.1691
vn -0.9831 0.1795 0.0366
vn -0.0350 0.0715 0.9968
vn 0.1481 0.1321 0.9801
vn 0.2910 0.0950 0.9520
vn -0.4455 0.7418 -0.5014
vn -0.2698 0.8173 -0.5092
vn -0.2414 0.7890 -0.5649
vn 0.1729 -0.1357 -0.9755
vn 0.0138 -0.1606 -0.9869
vn -0.1481 -0.2374 -0.9601
vn -0.9565 -0.1998 -0.2128
vn -0.9904 -0.1109 -0.0821
vn -0.9954 -0.0755 0.0592
vn 0.7696 -0.6371 0.0416
vn 0.8300 -0.5565 0.0381
vn 0.8858 -0.4600 -0.0616
vn 0.8364 0.4988 0.2274
vn 0.8552 0.3897 0.3416
vn 0.9246 0.2631 0.2756
vn 0.0313 -0.4558 -0.8895
vn -0.0596 -0.5533 -0.8309
vn -0.0534 -0.6360 -0.7698
vn -0.2758 0.2745 -0.9212
vn -0.3432 0.3998 -0.8499
vn -0.2340 0.5068 -0.8297
vn 0.8738 -0.4772 0.0936
vn 0.8228 -0.5680 -0.0191
vn 0.7657 -0.6425 -0.0299
vn 0.9284 0.2374 -0.2858
vn 0.8596 0.3609 -0.3617
vn 0.8422 0.4826 -0.2407
vn -0.0673 -0.6325 0.7716
vn -0.0529 -0.5449 0.8368
vn 0.0479 -0.4468 0.8933
vn -0.0780 0.5193 0.8510
vn -0.1626 0.4121 0.8965
vn -0.0486 0.3042 0.9514
vn -0.8906 -0.4449 -0.0947
vn -0.8402 -0.5420 0.0172
vn -0.7783 -0.6265 0.0419
vn -0.9544 0.2984 0.0075
vn -0.9057 0.4053 0.1243
vn -0.8572 0.5138 0.0332
vn 0.0417 -0.6420 -0.7656
vn 0.0420 -0.5653 -0.8238
vn -0.0601 -0.4723 -0.8794
vn 0.2592 0.4868 -0.8341
vn 0.3754 0.3650 -0.8520
vn 0.2963 0.2430 -0.9237
vn -0.0357 -0.4137 0.9097
vn 0.0201 -0.5753 0.8177
vn -0.0009 -0.6604 0.7509
vn 0.4701 0.2527 0.8457
vn 0.5605 0.3476 0.7517
vn 0.5042 0.5170 0.6917
vn -0.7689 -0.6393 -0.0112
vn -0.8441 -0.5355 -0.0277
vn -0.9367 -0.3476 0.0412
vn -0.6160 0.5953 -0.5159
vn -0.6948 0.4046 -0.5946
vn -0.8087 0.2812 -0.5167
vn 0.6005 -0.5051 -0.6199
vn 0.6040 -0.4981 -0.6222
vn 0.6219 -0.4502 -0.6408
vn 0.5795 -0.5125 0.6337
vn 0.5863 -0.5076 0.6314
vn 0.6097 -0.4607 0.6450
vn -0.6258 -0.4363 0.6466
vn -0.6240 -0.4433 0.6435
vn -0.6379 -0.4004 0.6578
vn -0.6116 -0.5112 -0.6038
vn -0.6114 -0.5056 -0.6087
vn -0.6253 -0.4581 -0.6318
vn -0.0914 -0.3134 0.9452
vn -0.2403 -0.2307 0.9429
vn -0.3741 -0.1967 0.9063
vn -0.1820 -0.4310 0.8838
vn -0.3072 -0.3478 0.8858
vn -0.4114 -0.3051 0.8589
vn -0.1464 -0.5389 0.8296
vn -0.2180 -0.4577 0.8619
vn -0.2764 -0.4082 0.8701
vn -0.9673 -0.1834 -0.1753
vn -0.9238 -0.1258 -0.3617
vn -0.8619 -0.1466 -0.4854
vn -0.8839 -0.4225 -0.2005
vn -0.8665 -0.3542 -0.3517
vn -0.8261 -0.3355 -0.4527
vn -0.8246 -0.5533 -0.1182
vn -0.8480 -0.4802 -0.2242
vn -0.8460 -0.4377 -0.3045
vn 0.1212 -0.3589 -0.9255
vn 0.3047 -0.2903 -0.9071
vn 0.4578 -0.2640 -0.8490
vn 0.2091 -0.4758 -0.8544
vn 0.3697 -0.4094 -0.8341
vn 0.4961 -0.3748 -0.7832
vn 0.1464 -0.5753 -0.8047
vn 0.2512 -0.5163 -0.8187
vn 0.3382 -0.4794 -0.8098
vn 0.8048 -0.5784 -0.1334
vn 0.8193 -0.5215 -0.2384
vn 0.8110 -0.4853 -0.3266
vn 0.8569 -0.4810 -0.1853
vn 0.8403 -0.4152 -0.3485
vn 0.7916 -0.3795 -0.4790
vn 0.9267 -0.3657 -0.0869
vn 0.9146 -0.2963 -0.2752
vn 0.8595 -0.2680 -0.4352
vn -0.0598 0.9961 -0.0645
vn -0.1460 0.9875 -0.0599
vn -0.2769 0.9590 -0.0599
vn -0.0538 0.9864 -0.1552
vn -0.1383 0.9790 -0.1497
vn -0.2730 0.9498 -0.1527
vn -0.0502 0.9563 -0.2880
vn -0.1355 0.9482 -0.2872
vn -0.2670 0.9195 -0.2885
vn 0.0914 0.7309 -0.6763
vn 0.1419 0.4820 -0.8646
vn 0.1864 0.1191 -0.9752
vn 0.2188 0.6886 -0.6913
vn 0.3016 0.4134 -0.8591
vn 0.3621 0.0621 -0.9301
vn 0.3831 0.6244 -0.6807
vn 0.4812 0.3328 -0.8109
vn 0.5314 0.0033 -0.8471
vn -0.6817 0.7224 -0.1160
vn -0.8713 0.4598 -0.1714
vn -0.9725 0.0918 -0.2139
vn -0.6884 0.6778 -0.2584
vn -0.8543 0.3890 -0.3447
vn -0.9167 0.0334 -0.3982
vn -0.6620 0.6156 -0.4275
vn -0.7898 0.3158 -0.5258
vn -0.8238 -0.0156 -0.5666
vn -0.0866 0.7400 0.6670
vn -0.1333 0.5111 0.8491
vn -0.1771 0.1684 0.9697
vn -0.2120 0.7018 0.6801
vn -0.2918 0.4500 0.8440
vn -0.3553 0.1206 0.9269
vn -0.3746 0.6420 0.6689
vn -0.4717 0.3746 0.7982
vn -0.5287 0.0654 0.8463
vn 0.6870 0.7176 0.1146
vn 0.8805 0.4431 0.1683
vn 0.9759 0.0659 0.2081
vn 0.6916 0.6746 0.2579
vn 0.8595 0.3788 0.3432
vn 0.9183 0.0196 0.3954
vn 0.6637 0.6139 0.4273
vn 0.7923 0.3107 0.5251
vn 0.8241 -0.0217 0.5660
vn 0.3833 0.6260 0.6791
vn 0.4819 0.3366 0.8090
vn 0.5320 0.0049 0.8467
vn 0.2194 0.6914 0.6884
vn 0.3031 0.4217 0.8546
vn 0.3646 0.0712 0.9284
vn 0.0928 0.7351 0.6716
vn 0.1449 0.4960 0.8561
vn 0.1915 0.1398 0.9715
vn -0.3829 0.6248 -0.6805
vn -0.4810 0.3334 -0.8109
vn -0.5318 0.0026 -0.8469
vn -0.2187 0.6887 -0.6912
vn -0.3015 0.4136 -0.8591
vn -0.3625 0.0616 -0.9299
vn -0.0913 0.7309 -0.6763
vn -0.1419 0.4821 -0.8646
vn -0.1866 0.1190 -0.9752
vn 0.2773 0.9589 -0.0596
vn 0.1461 0.9875 -0.0598
vn 0.0598 0.9961 -0.0645
vn 0.2731 0.9498 -0.1526
vn 0.1383 0.9790 -0.1496
vn 0.0538 0.9864 -0.1552
vn 0.2670 0.9195 -0.2885
vn 0.1355 0.9482 -0.2872
vn 0.0502 0.9563 -0.2880
vn 0.0901 -0.5802 0.8095
vn 0.1806 -0.5104 0.8408
vn 0.2486 -0.4693 0.8473
vn 0.1703 -0.4766 0.8625
vn 0.3018 -0.4146 0.8585
vn 0.3897 -0.3960 0.8315
vn 0.1537 -0.2742 0.9493
vn 0.3165 -0.2240 0.9218
vn 0.4241 -0.2413 0.8729
vn -0.8365 -0.5356 0.1160
vn -0.8700 -0.4571 0.1848
vn -0.8793 -0.4094 0.2433
vn -0.8907 -0.4312 0.1439
vn -0.8966 -0.3497 0.2716
vn -0.8717 -0.3077 0.3815
vn -0.9488 -0.3132 0.0423
vn -0.9531 -0.2308 0.1957
vn -0.9204 -0.1963 0.3381
vn 0.2670 0.9195 0.2885
vn 0.1356 0.9483 0.2871
vn 0.0505 0.9564 0.2877
vn 0.2731 0.9498 0.1526
vn 0.1384 0.9790 0.1496
vn 0.0539 0.9864 0.1551
vn 0.2773 0.9589 0.0596
vn 0.1461 0.9875 0.0597
vn 0.0598 0.9961 0.0644
vn 0.6638 0.6137 -0.4275
vn 0.7923 0.3107 -0.5251
vn 0.8247 -0.0201 -0.5653
vn 0.6917 0.6746 -0.2580
vn 0.8595 0.3788 -0.3431
vn 0.9185 0.0204 -0.3948
vn 0.6870 0.7176 -0.1146
vn 0.8805 0.4431 -0.1682
vn 0.9759 0.0662 -0.2079
vn -0.6522 0.6322 0.4182
vn -0.7802 0.3546 0.5153
vn -0.8249 0.0444 0.5635
vn -0.6801 0.6891 0.2503
vn -0.8448 0.4190 0.3328
vn -0.9176 0.0834 0.3888
vn -0.6769 0.7279 0.1092
vn -0.8648 0.4762 0.1589
vn -0.9726 0.1210 0.1986
vn -0.0491 0.9568 0.2865
vn -0.1334 0.9493 0.2847
vn -0.2635 0.9217 0.2847
vn -0.0533 0.9865 0.1545
vn -0.1371 0.9794 0.1483
vn -0.2707 0.9508 0.1503
vn -0.0596 0.9962 0.0642
vn -0.1455 0.9876 0.0592
vn -0.2758 0.9594 0.0584
vn 0.2549 -0.5907 -0.7656
vn 0.1640 -0.5482 -0.8201
vn 0.1151 -0.6520 -0.7494
vn 0.0418 -0.6733 -0.7382
vn 0.0927 -0.6140 -0.7839
vn 0.1828 -0.5467 -0.8171
vn 0.3200 -0.5519 -0.7700
vn 0.4635 -0.5191 -0.7181
vn 0.4509 -0.5202 -0.7253
vn 0.4779 -0.4701 -0.7421
vn 0.3204 -0.5142 -0.7956
vn -0.1621 -0.5624 -0.8108
vn -0.2678 -0.4945 -0.8269
vn -0.3526 -0.4493 -0.8209
vn -0.2276 -0.4544 -0.8612
vn -0.3829 -0.3779 -0.8429
vn -0.5006 -0.3351 -0.7981
vn -0.1520 -0.3360 -0.9295
vn -0.3290 -0.2606 -0.9077
vn -0.4702 -0.2283 -0.8525
vn 0.7512 -0.5962 0.2833
vn 0.8076 -0.5627 0.1768
vn 0.7434 -0.6562 0.1297
vn 0.7353 -0.6751 0.0600
vn 0.7743 -0.6202 0.1263
vn 0.7953 -0.5597 0.2330
vn 0.7456 -0.5598 0.3616
vn 0.6867 -0.5262 0.5016
vn 0.6996 -0.5272 0.4823
vn 0.7174 -0.4813 0.5037
vn 0.7781 -0.5266 0.3424
vn -0.7539 -0.6041 -0.2584
vn -0.8040 -0.5704 -0.1683
vn -0.7350 -0.6691 -0.1101
vn -0.7324 -0.6799 -0.0363
vn -0.7803 -0.6168 -0.1040
vn -0.8108 -0.5480 -0.2056
vn -0.7617 -0.5579 -0.3294
vn -0.7088 -0.5269 -0.4690
vn -0.7137 -0.5317 -0.4560
vn -0.7253 -0.4860 -0.4876
vn -0.7784 -0.5349 -0.3285
vn -0.2603 -0.5907 0.7637
vn -0.1670 -0.5480 0.8196
vn -0.1274 -0.6705 0.7309
vn -0.0727 -0.6996 0.7108
vn -0.1113 -0.6345 0.7649
vn -0.1908 -0.5283 0.8273
vn -0.3330 -0.5187 0.7874
vn -0.4826 -0.4656 0.7418
vn -0.4611 -0.4811 0.7456
vn -0.4871 -0.4324 0.7588
vn -0.3237 -0.4970 0.8051
vn 0.7570 -0.5932 -0.2740
vn 0.7252 -0.4756 -0.4978
vn 0.7109 -0.5220 -0.4714
vn 0.7026 -0.5196 -0.4862
vn 0.7589 -0.5524 -0.3448
vn 0.8095 -0.5481 -0.2105
vn 0.7807 -0.6146 -0.1129
vn 0.7377 -0.6731 -0.0529
vn 0.7448 -0.6554 -0.1255
vn 0.8085 -0.5620 -0.1745
vn 0.7817 -0.5243 -0.3378
vn -0.2635 -0.5935 -0.7604
vn -0.4829 -0.4747 -0.7358
vn -0.4603 -0.5248 -0.7161
vn -0.4768 -0.5250 -0.7050
vn -0.3354 -0.5587 -0.7585
vn -0.2038 -0.5575 -0.8047
vn -0.1056 -0.6195 -0.7779
vn -0.0491 -0.6754 -0.7359
vn -0.1193 -0.6527 -0.7481
vn -0.1661 -0.5489 -0.8192
vn -0.3246 -0.5162 -0.7926
vn -0.7671 -0.5774 0.2794
vn -0.7441 -0.4323 0.5094
vn -0.7355 -0.4730 0.4851
vn -0.7314 -0.4531 0.5097
vn -0.7902 -0.4942 0.3625
vn -0.8457 -0.4888 0.2141
vn -0.7840 -0.6088 0.1210
vn -0.7254 -0.6845 0.0725
vn -0.7368 -0.6628 0.1336
vn -0.8145 -0.5528 0.1761
vn -0.7965 -0.4985 0.3422
vn 0.2308 -0.6075 0.7601
vn 0.4632 -0.4852 0.7417
vn 0.4290 -0.5341 0.7285
vn 0.4384 -0.5292 0.7264
vn 0.2940 -0.5618 0.7733
vn 0.1648 -0.5518 0.8175
vn 0.0726 -0.6220 0.7797
vn 0.0154 -0.6870 0.7265
vn 0.0926 -0.6728 0.7340
vn 0.1529 -0.5643 0.8113
vn 0.3060 -0.5313 0.7900
vn 0.5980 -0.5042 -0.6230
vn 0.5177 -0.4344 -0.7371
vn 0.6323 -0.4061 -0.6598
vn 0.7148 -0.4345 -0.5481
vn 0.6411 -0.5270 -0.5579
vn 0.5742 -0.5612 -0.5961
vn 0.5319 -0.5273 -0.6626
vn 0.5580 -0.5259 0.6419
vn 0.6814 -0.4534 0.5746
vn 0.5973 -0.4261 0.6795
vn 0.4843 -0.4511 0.7496
vn 0.4918 -0.5459 0.6783
vn 0.5388 -0.5767 0.6140
vn 0.6064 -0.5453 0.5788
vn -0.6433 -0.3632 0.6740
vn -0.5525 -0.2012 0.8089
vn -0.6853 -0.0975 0.7217
vn -0.7862 -0.1689 0.5944
vn -0.6856 -0.4104 0.6013
vn -0.5997 -0.5011 0.6239
vn -0.5673 -0.4226 0.7068
vn -0.6141 -0.5216 -0.5923
vn -0.7236 -0.4451 -0.5275
vn -0.6477 -0.4204 -0.6354
vn -0.5405 -0.4491 -0.7115
vn -0.5503 -0.5424 -0.6348
vn -0.5896 -0.5742 -0.5681
vn -0.6542 -0.5415 -0.5280
vn 0.4364 -0.1226 -0.8914
vn 0.3477 -0.0345 -0.9370
vn 0.2385 -0.0001 -0.9711
vn 0.6891 -0.0831 -0.7199
vn 0.6922 0.0106 -0.7217
vn 0.6934 0.0518 -0.7187
vn 0.8720 -0.1239 -0.4737
vn 0.9228 -0.0358 -0.3835
vn 0.9634 -0.0014 -0.2682
vn 0.3112 0.0225 0.9501
vn 0.3921 -0.0186 0.9197
vn 0.4533 -0.1154 0.8838
vn 0.6904 0.0555 0.7213
vn 0.6872 0.0113 0.7264
vn 0.6772 -0.0865 0.7307
vn 0.9440 -0.0079 0.3297
vn 0.9017 -0.0419 0.4304
vn 0.8484 -0.1332 0.5123
vn -0.8024 0.5958 0.0354
vn -0.7794 0.6002 0.1800
vn -0.7940 0.5037 0.3403
vn -0.4590 0.7358 0.4979
vn -0.4858 0.7026 0.5199
vn -0.5534 0.5884 0.5896
vn -0.0374 0.5187 0.8541
vn -0.1695 0.5306 0.8305
vn -0.3176 0.4416 0.8391
vn -0.2854 -0.0035 -0.9584
vn -0.3828 -0.0368 -0.9231
vn -0.4658 -0.1273 -0.8757
vn -0.6807 0.0609 -0.7300
vn -0.6844 0.0170 -0.7289
vn -0.6897 -0.0803 -0.7196
vn -0.9302 0.0292 -0.3658
vn -0.8940 -0.0121 -0.4479
vn -0.8548 -0.1090 -0.5074
vn 0.9311 -0.3430 0.1237
vn 0.9126 -0.2685 0.3082
vn 0.8568 -0.2359 0.4585
vn 0.8625 -0.4616 0.2073
vn 0.8453 -0.3877 0.3676
vn 0.7994 -0.3455 0.4916
vn 0.8096 -0.5674 0.1501
vn 0.8248 -0.5033 0.2577
vn 0.8177 -0.4604 0.3457
vt 0.578361 0.313818
vt 0.593775 0.313403
vt 0.593791 0.333642
vt 0.578343 0.332910
vt 0.609376 0.312098
vt 0.609378 0.333080
vt 0.593790 0.354202
vt 0.578281 0.353494
vt 0.609378 0.354046
vt 0.562487 0.299433
vt 0.578178 0.294829
vt 0.564140 0.311458
vt 0.593754 0.292950
vt 0.609373 0.291181
vt 0.625000 0.288861
vt 0.625000 0.310396
vt 0.625000 0.331931
vt 0.625000 0.353465
vt 0.625000 0.375000
vt 0.609377 0.375000
vt 0.593786 0.375000
vt 0.578257 0.375000
vt 0.562928 0.351422
vt 0.562824 0.375000
vt 0.563405 0.329698
vt 0.578361 0.563314
vt 0.593775 0.563195
vt 0.593791 0.583509
vt 0.578343 0.582606
vt 0.609376 0.562213
vt 0.609378 0.583156
vt 0.593790 0.604138
vt 0.578281 0.603353
vt 0.609378 0.604083
vt 0.562487 0.548191
vt 0.578178 0.544135
vt 0.564140 0.560770
vt 0.593754 0.542679
vt 0.609373 0.541326
vt 0.625000 0.539461
vt 0.625000 0.560846
vt 0.625000 0.582230
vt 0.625000 0.603615
vt 0.625000 0.625000
vt 0.609377 0.625000
vt 0.593786 0.625000
vt 0.578257 0.625000
vt 0.562928 0.601244
vt 0.562824 0.625000
vt 0.563405 0.579306
vt 0.578361 0.813818
vt 0.593775 0.813403
vt 0.593791 0.833642
vt 0.578343 0.832910
vt 0.609376 0.812098
vt 0.609378 0.833080
vt 0.593790 0.854202
vt 0.578281 0.853494
vt 0.609378 0.854046
vt 0.562487 0.799433
vt 0.578178 0.794830
vt 0.564140 0.811458
vt 0.593754 0.792950
vt 0.609373 0.791181
vt 0.625000 0.788861
vt 0.625000 0.810396
vt 0.625000 0.831931
vt 0.625000 0.853465
vt 0.625000 0.875000
vt 0.609377 0.875000
vt 0.593786 0.875000
vt 0.578257 0.875000
vt 0.562928 0.851422
vt 0.562824 0.875000
vt 0.563405 0.829698
vt 0.578280 0.146644
vt 0.593790 0.145862
vt 0.593791 0.166491
vt 0.578334 0.167369
vt 0.609378 0.145917
vt 0.609378 0.166845
vt 0.593775 0.186805
vt 0.578343 0.186633
vt 0.609376 0.187787
vt 0.562824 0.125000
vt 0.578257 0.125000
vt 0.562919 0.148731
vt 0.593786 0.125000
vt 0.609377 0.125000
vt 0.625000 0.125000
vt 0.625000 0.146385
vt 0.625000 0.167770
vt 0.625000 0.189154
vt 0.625000 0.210539
vt 0.609373 0.208674
vt 0.593754 0.207321
vt 0.578174 0.205852
vt 0.563962 0.188656
vt 0.562487 0.201809
vt 0.563336 0.170492
vt 0.281250 0.656250
vt 0.312500 0.656250
vt 0.312500 0.687500
vt 0.281250 0.687500
vt 0.343748 0.656250
vt 0.343749 0.687500
vt 0.312500 0.718750
vt 0.281250 0.718750
vt 0.343749 0.718750
vt 0.250000 0.625000
vt 0.281250 0.625000
vt 0.250000 0.656250
vt 0.312499 0.625000
vt 0.343748 0.625000
vt 0.374996 0.625000
vt 0.374996 0.656250
vt 0.374996 0.687500
vt 0.374997 0.718750
vt 0.375000 0.750000
vt 0.343750 0.750000
vt 0.312500 0.750000
vt 0.281250 0.750000
vt 0.250000 0.718750
vt 0.250000 0.750000
vt 0.250000 0.687500
vt 0.406090 0.906256
vt 0.436260 0.906300
vt 0.436450 0.937573
vt 0.406114 0.937509
vt 0.464569 0.906419
vt 0.465081 0.937745
vt 0.436893 0.968800
vt 0.406169 0.968756
vt 0.466409 0.968919
vt 0.375000 0.875000
vt 0.406086 0.875000
vt 0.375000 0.906250
vt 0.436228 0.875000
vt 0.464481 0.875000
vt 0.489901 0.875000
vt 0.490005 0.906649
vt 0.490481 0.938081
vt 0.492082 0.969149
vt 0.499975 1.000000
vt 0.468731 1.000000
vt 0.437487 1.000000
vt 0.406244 1.000000
vt 0.375000 0.968750
vt 0.375000 1.000000
vt 0.375000 0.937500
vt 0.406085 0.656257
vt 0.436228 0.656305
vt 0.436197 0.687580
vt 0.406081 0.687510
vt 0.464481 0.656435
vt 0.464378 0.687770
vt 0.436115 0.718806
vt 0.406071 0.718757
vt 0.464100 0.718939
vt 0.406085 0.625000
vt 0.436228 0.625000
vt 0.464481 0.625000
vt 0.489901 0.625000
vt 0.489902 0.656688
vt 0.489656 0.688139
vt 0.488997 0.719199
vt 0.488585 0.750028
vt 0.463926 0.750012
vt 0.436063 0.750003
vt 0.406065 0.750001
vt 0.406086 0.406256
vt 0.436228 0.406300
vt 0.436197 0.437572
vt 0.406082 0.437509
vt 0.464481 0.406418
vt 0.464378 0.437744
vt 0.436115 0.468798
vt 0.406072 0.468756
vt 0.464100 0.468914
vt 0.375000 0.375000
vt 0.406086 0.375000
vt 0.375000 0.406250
vt 0.436228 0.375000
vt 0.464481 0.375000
vt 0.489901 0.375000
vt 0.489902 0.406649
vt 0.489656 0.438077
vt 0.488997 0.469138
vt 0.488585 0.499972
vt 0.463926 0.499988
vt 0.436063 0.499997
vt 0.406065 0.500000
vt 0.375000 0.468750
vt 0.375000 0.500000
vt 0.375000 0.437500
vt 0.406086 0.156257
vt 0.436228 0.156305
vt 0.436197 0.187580
vt 0.406082 0.187510
vt 0.464481 0.156435
vt 0.464378 0.187770
vt 0.436115 0.218806
vt 0.406072 0.218757
vt 0.464100 0.218939
vt 0.375000 0.125000
vt 0.406086 0.125000
vt 0.375000 0.156250
vt 0.436228 0.125000
vt 0.464481 0.125000
vt 0.489901 0.125000
vt 0.489902 0.156688
vt 0.489656 0.188139
vt 0.488997 0.219199
vt 0.488585 0.250028
vt 0.463926 0.250012
vt 0.436064 0.250003
vt 0.406066 0.250000
vt 0.375000 0.218750
vt 0.375000 0.250000
vt 0.375000 0.187500
vt 0.406072 0.281244
vt 0.436115 0.281202
vt 0.436197 0.312428
vt 0.406082 0.312491
vt 0.464100 0.281087
vt 0.464378 0.312256
vt 0.436228 0.343700
vt 0.406086 0.343744
vt 0.464481 0.343582
vt 0.375000 0.281250
vt 0.488997 0.280862
vt 0.489656 0.311923
vt 0.489902 0.343351
vt 0.375000 0.343750
vt 0.375000 0.312500
vt 0.406072 0.781244
vt 0.436115 0.781202
vt 0.436197 0.812428
vt 0.406082 0.812491
vt 0.464100 0.781087
vt 0.464378 0.812256
vt 0.436228 0.843700
vt 0.406086 0.843744
vt 0.464481 0.843582
vt 0.375000 0.781250
vt 0.488997 0.780862
vt 0.489656 0.811923
vt 0.489902 0.843351
vt 0.375000 0.843750
vt 0.375000 0.812500
vt 0.156250 0.656250
vt 0.187500 0.656250
vt 0.187500 0.687500
vt 0.156250 0.687500
vt 0.218750 0.656250
vt 0.218750 0.687500
vt 0.187500 0.718750
vt 0.156250 0.718750
vt 0.218750 0.718750
vt 0.125000 0.625000
vt 0.156250 0.625000
vt 0.125000 0.656250
vt 0.187500 0.625000
vt 0.218750 0.625000
vt 0.218750 0.750000
vt 0.187500 0.750000
vt 0.156250 0.750000
vt 0.125000 0.718750
vt 0.125000 0.750000
vt 0.125000 0.687500
vt 0.578280 0.396503
vt 0.593790 0.395798
vt 0.593791 0.416358
vt 0.578334 0.417066
vt 0.609378 0.395954
vt 0.609378 0.416920
vt 0.593775 0.436597
vt 0.578343 0.436130
vt 0.609376 0.437902
vt 0.562919 0.398554
vt 0.625000 0.396535
vt 0.625000 0.418070
vt 0.625000 0.439604
vt 0.625000 0.461139
vt 0.609373 0.458819
vt 0.593754 0.457050
vt 0.578174 0.455158
vt 0.563958 0.437988
vt 0.562487 0.450567
vt 0.563335 0.420106
vt 0.578280 0.646644
vt 0.593790 0.645862
vt 0.593791 0.666491
vt 0.578334 0.667369
vt 0.609378 0.645917
vt 0.609378 0.666844
vt 0.593775 0.686805
vt 0.578343 0.686633
vt 0.609376 0.687787
vt 0.562919 0.648731
vt 0.625000 0.646385
vt 0.625000 0.667770
vt 0.625000 0.689155
vt 0.625000 0.710539
vt 0.609373 0.708674
vt 0.593754 0.707321
vt 0.578174 0.705852
vt 0.563962 0.688656
vt 0.562487 0.701809
vt 0.563336 0.670492
vt 0.156250 0.531250
vt 0.187500 0.531250
vt 0.187500 0.562500
vt 0.156250 0.562500
vt 0.218750 0.531250
vt 0.218750 0.562500
vt 0.187500 0.593750
vt 0.156250 0.593750
vt 0.218750 0.593750
vt 0.125000 0.500000
vt 0.156250 0.500000
vt 0.125000 0.531250
vt 0.187500 0.500000
vt 0.218750 0.500000
vt 0.250000 0.500000
vt 0.250000 0.531250
vt 0.250000 0.562500
vt 0.250000 0.593750
vt 0.125000 0.593750
vt 0.125000 0.562500
vt 0.406169 0.031243
vt 0.436893 0.031195
vt 0.436450 0.062421
vt 0.406114 0.062490
vt 0.466409 0.031066
vt 0.465081 0.062232
vt 0.436260 0.093695
vt 0.406090 0.093743
vt 0.464569 0.093566
vt 0.375000 0.000000
vt 0.406244 0.000000
vt 0.375000 0.031250
vt 0.437487 0.000000
vt 0.468731 0.000000
vt 0.499975 0.000000
vt 0.492082 0.030813
vt 0.490481 0.061864
vt 0.490005 0.093313
vt 0.375000 0.093750
vt 0.375000 0.062500
vt 0.406071 0.531243
vt 0.436115 0.531194
vt 0.436197 0.562420
vt 0.406081 0.562490
vt 0.464100 0.531061
vt 0.464378 0.562230
vt 0.436228 0.593695
vt 0.406085 0.593743
vt 0.464481 0.593565
vt 0.374997 0.531250
vt 0.488997 0.530801
vt 0.489656 0.561861
vt 0.489902 0.593312
vt 0.374996 0.593750
vt 0.374996 0.562500
vt 0.281250 0.531250
vt 0.312500 0.531250
vt 0.312500 0.562500
vt 0.281250 0.562500
vt 0.343749 0.531250
vt 0.343749 0.562500
vt 0.312500 0.593750
vt 0.281250 0.593750
vt 0.343748 0.593750
vt 0.281250 0.500000
vt 0.312500 0.500000
vt 0.343750 0.500000
vt 0.511903 0.906892
vt 0.530911 0.906008
vt 0.532092 0.940765
vt 0.511737 0.938754
vt 0.547545 0.902252
vt 0.548973 0.927265
vt 0.530911 0.906008
vt 0.552553 0.946852
vt 0.542797 0.960514
vt 0.548973 0.927265
vt 0.535342 0.979372
vt 0.524484 0.972476
vt 0.542797 0.960514
vt 0.510506 0.969774
vt 0.489901 0.875000
vt 0.511821 0.875000
vt 0.490005 0.906649
vt 0.530686 0.875000
vt 0.562824 0.875000
vt 0.562928 0.898575
vt 0.547306 0.875000
vt 0.563405 0.920278
vt 0.530686 0.875000
vt 0.562487 0.950567
vt 0.556565 0.962926
vt 0.564139 0.938442
vt 0.550643 0.975284
vt 0.563405 0.920278
vt 0.538798 1.000000
vt 0.529092 1.000000
vt 0.544720 0.987642
vt 0.519386 1.000000
vt 0.550642 0.975284
vt 0.492082 0.969149
vt 0.509680 1.000000
vt 0.490481 0.938081
vt 0.578281 0.896497
vt 0.593790 0.895786
vt 0.593791 0.916259
vt 0.578343 0.917019
vt 0.609378 0.895946
vt 0.609378 0.916852
vt 0.593773 0.936212
vt 0.578359 0.935811
vt 0.609376 0.937694
vt 0.625000 0.896535
vt 0.625000 0.918070
vt 0.625000 0.939604
vt 0.625000 0.961139
vt 0.609372 0.958496
vt 0.593744 0.955853
vt 0.578116 0.953210
vt 0.511870 0.156954
vt 0.530921 0.156069
vt 0.532247 0.190423
vt 0.511504 0.188810
vt 0.547531 0.152352
vt 0.548831 0.177075
vt 0.530921 0.156069
vt 0.552003 0.195479
vt 0.542378 0.208196
vt 0.548831 0.177075
vt 0.536523 0.227659
vt 0.526084 0.222082
vt 0.542378 0.208196
vt 0.509902 0.219804
vt 0.526084 0.222082
vt 0.489901 0.125000
vt 0.511821 0.125000
vt 0.530686 0.125000
vt 0.489656 0.188139
vt 0.562824 0.125000
vt 0.562919 0.148731
vt 0.547306 0.125000
vt 0.530686 0.125000
vt 0.555572 0.208755
vt 0.563962 0.188656
vt 0.548766 0.219083
vt 0.538798 0.250000
vt 0.534543 0.249522
vt 0.543668 0.233267
vt 0.524489 0.249873
vt 0.548766 0.219083
vt 0.488585 0.250028
vt 0.488997 0.219199
vt 0.509031 0.250026
vt 0.511870 0.656954
vt 0.530921 0.656069
vt 0.532247 0.690423
vt 0.511504 0.688810
vt 0.547531 0.652352
vt 0.548831 0.677075
vt 0.552003 0.695479
vt 0.542378 0.708196
vt 0.548831 0.677075
vt 0.536523 0.727659
vt 0.526084 0.722082
vt 0.542378 0.708196
vt 0.509902 0.719804
vt 0.489901 0.625000
vt 0.511821 0.625000
vt 0.489902 0.656688
vt 0.530686 0.625000
vt 0.489656 0.688139
vt 0.562824 0.625000
vt 0.562919 0.648731
vt 0.547306 0.625000
vt 0.563336 0.670492
vt 0.530686 0.625000
vt 0.555572 0.708755
vt 0.563962 0.688656
vt 0.548766 0.719083
vt 0.563336 0.670492
vt 0.538798 0.750000
vt 0.534543 0.749522
vt 0.543668 0.733267
vt 0.524489 0.749873
vt 0.548766 0.719083
vt 0.488997 0.719199
vt 0.509031 0.750026
vt 0.489656 0.688139
vt 0.511870 0.406879
vt 0.530920 0.405948
vt 0.532243 0.440193
vt 0.511503 0.438688
vt 0.547531 0.402188
vt 0.548827 0.426729
vt 0.551990 0.444930
vt 0.542360 0.457846
vt 0.536509 0.477460
vt 0.526081 0.471910
vt 0.542360 0.457846
vt 0.509902 0.469688
vt 0.511503 0.438688
vt 0.526081 0.471910
vt 0.489901 0.375000
vt 0.511821 0.375000
vt 0.489902 0.406649
vt 0.530686 0.375000
vt 0.489656 0.438077
vt 0.562824 0.375000
vt 0.562919 0.398554
vt 0.547306 0.375000
vt 0.563335 0.420106
vt 0.530686 0.375000
vt 0.555524 0.458099
vt 0.563958 0.437988
vt 0.548711 0.468716
vt 0.538798 0.500000
vt 0.534539 0.499372
vt 0.543620 0.483117
vt 0.524487 0.499727
vt 0.548711 0.468716
vt 0.488585 0.499972
vt 0.488997 0.469138
vt 0.509030 0.499924
vt 0.489656 0.438077
vt 0.524487 0.499727
vt 0.510477 0.030210
vt 0.524241 0.027882
vt 0.531887 0.059500
vt 0.511712 0.061190
vt 0.534429 0.022155
vt 0.541789 0.041433
vt 0.552572 0.053815
vt 0.548999 0.072720
vt 0.541789 0.041433
vt 0.547549 0.097623
vt 0.530893 0.093921
vt 0.548999 0.072720
vt 0.511898 0.093046
vt 0.530892 0.093921
vt 0.509680 0.000000
vt 0.519386 0.000000
vt 0.490481 0.061864
vt 0.538798 0.000000
vt 0.542107 0.016232
vt 0.529092 0.000000
vt 0.547889 0.030062
vt 0.566939 0.045425
vt 0.565242 0.060836
vt 0.556285 0.039652
vt 0.563692 0.079379
vt 0.547889 0.030062
vt 0.562824 0.125000
vt 0.547306 0.125000
vt 0.562964 0.101253
vt 0.530686 0.125000
vt 0.563692 0.079379
vt 0.489901 0.125000
vt 0.490005 0.093313
vt 0.511821 0.125000
vt 0.530686 0.125000
vt 0.509924 0.780245
vt 0.526264 0.777526
vt 0.532445 0.809240
vt 0.511525 0.811252
vt 0.537118 0.770595
vt 0.543257 0.789491
vt 0.526264 0.777526
vt 0.552608 0.803142
vt 0.549019 0.822732
vt 0.547553 0.847748
vt 0.530941 0.843993
vt 0.549019 0.822732
vt 0.511874 0.843109
vt 0.511525 0.811252
vt 0.530941 0.843993
vt 0.488585 0.750028
vt 0.488997 0.780862
vt 0.524489 0.749873
vt 0.489656 0.811923
vt 0.544720 0.762358
vt 0.534543 0.749522
vt 0.550642 0.774716
vt 0.524489 0.749873
vt 0.564140 0.811458
vt 0.556565 0.787075
vt 0.563405 0.829698
vt 0.550643 0.774716
vt 0.562824 0.875000
vt 0.547306 0.875000
vt 0.530686 0.875000
vt 0.489901 0.875000
vt 0.489902 0.843351
vt 0.511821 0.875000
vt 0.489656 0.811923
vt 0.509924 0.530127
vt 0.526264 0.527338
vt 0.532445 0.558993
vt 0.511525 0.561129
vt 0.537118 0.520338
vt 0.543257 0.539052
vt 0.526264 0.527338
vt 0.552608 0.552521
vt 0.549019 0.572370
vt 0.543257 0.539053
vt 0.547553 0.597582
vt 0.530941 0.593870
vt 0.549019 0.572370
vt 0.511874 0.593034
vt 0.488585 0.499972
vt 0.488997 0.530801
vt 0.489656 0.561861
vt 0.544720 0.512048
vt 0.534539 0.499372
vt 0.550642 0.524095
vt 0.524487 0.499727
vt 0.564140 0.560770
vt 0.556565 0.536143
vt 0.563405 0.579306
vt 0.550643 0.524095
vt 0.562824 0.625000
vt 0.547306 0.625000
vt 0.562928 0.601244
vt 0.530686 0.625000
vt 0.489901 0.625000
vt 0.489902 0.593312
vt 0.511821 0.625000
vt 0.489656 0.561861
vt 0.530686 0.625000
vt 0.509924 0.280244
vt 0.526264 0.277526
vt 0.532445 0.309240
vt 0.511525 0.311252
vt 0.537118 0.270595
vt 0.543257 0.289491
vt 0.526264 0.277526
vt 0.552608 0.303142
vt 0.549019 0.322732
vt 0.543257 0.289491
vt 0.547553 0.347748
vt 0.530941 0.343993
vt 0.549019 0.322732
vt 0.511874 0.343109
vt 0.511524 0.311252
vt 0.488585 0.250028
vt 0.509031 0.250026
vt 0.488997 0.280862
vt 0.524489 0.249873
vt 0.489656 0.311923
vt 0.544720 0.262358
vt 0.534543 0.249522
vt 0.550642 0.274716
vt 0.564140 0.311458
vt 0.556565 0.287075
vt 0.563405 0.329698
vt 0.550643 0.274716
vt 0.562824 0.375000
vt 0.547306 0.375000
vt 0.562928 0.351422
vt 0.489901 0.375000
vt 0.489902 0.343351
vt 0.511821 0.375000
vt 0.489656 0.311923
vt 0.558829 0.009527
vt 0.559928 0.018893
vt 0.554962 0.016683
vt 0.553020 0.009476
vt 0.558927 0.028433
vt 0.552254 0.021768
vt 0.559928 0.018894
vt 0.547890 0.011812
vt 0.553020 0.009476
vt 0.552254 0.021768
vt 0.562487 0.000000
vt 0.566314 0.010395
vt 0.556565 0.000000
vt 0.567871 0.021085
vt 0.550643 0.000000
vt 0.566939 0.045425
vt 0.556285 0.039652
vt 0.567967 0.032477
vt 0.567871 0.021085
vt 0.544720 0.000000
vt 0.542107 0.016232
vt 0.559477 0.218973
vt 0.562716 0.227785
vt 0.558228 0.231035
vt 0.554276 0.226670
vt 0.564538 0.236832
vt 0.557596 0.238202
vt 0.550667 0.236926
vt 0.554275 0.226670
vt 0.557596 0.238202
vt 0.565525 0.212593
vt 0.555572 0.208755
vt 0.568562 0.223377
vt 0.548766 0.219083
vt 0.574637 0.244944
vt 0.565677 0.246208
vt 0.571600 0.234160
vt 0.556718 0.247472
vt 0.543668 0.233267
vt 0.547758 0.248736
vt 0.556718 0.247472
vt 0.559351 0.468504
vt 0.562495 0.477653
vt 0.558042 0.480947
vt 0.554155 0.476422
vt 0.564226 0.487081
vt 0.557375 0.488338
vt 0.562495 0.477653
vt 0.550540 0.486908
vt 0.557375 0.488338
vt 0.565391 0.461879
vt 0.555524 0.458099
vt 0.568294 0.473191
vt 0.574101 0.495814
vt 0.565275 0.496861
vt 0.571198 0.484502
vt 0.556449 0.497907
vt 0.543620 0.483117
vt 0.547623 0.498954
vt 0.559477 0.718973
vt 0.562716 0.727786
vt 0.558228 0.731035
vt 0.554276 0.726670
vt 0.564538 0.736832
vt 0.557596 0.738202
vt 0.562716 0.727786
vt 0.550667 0.736926
vt 0.554275 0.726670
vt 0.565525 0.712593
vt 0.555572 0.708755
vt 0.568562 0.723377
vt 0.548766 0.719083
vt 0.574637 0.744944
vt 0.565677 0.746208
vt 0.571600 0.734160
vt 0.556718 0.747472
vt 0.543668 0.733267
vt 0.547758 0.748736
vt 0.556718 0.747472
vt 0.576297 0.010857
vt 0.587774 0.010818
vt 0.590039 0.022080
vt 0.578105 0.022150
vt 0.599909 0.010430
vt 0.603037 0.021134
vt 0.591888 0.034326
vt 0.579085 0.034372
vt 0.605956 0.032559
vt 0.573893 0.000000
vt 0.585299 0.000000
vt 0.596705 0.000000
vt 0.608111 0.000000
vt 0.612333 0.009865
vt 0.616556 0.019730
vt 0.620778 0.029596
vt 0.625000 0.039461
vt 0.608181 0.046158
vt 0.593127 0.048469
vt 0.579319 0.048247
vt 0.567968 0.032477
vt 0.566939 0.045425
vt 0.567871 0.021085
vt 0.609372 0.270517
vt 0.593745 0.271781
vt 0.593744 0.250156
vt 0.609372 0.249927
vt 0.578118 0.273234
vt 0.578115 0.250388
vt 0.593745 0.228523
vt 0.609372 0.229335
vt 0.578118 0.227531
vt 0.609373 0.291181
vt 0.625000 0.269281
vt 0.593754 0.292950
vt 0.562487 0.275027
vt 0.562487 0.250621
vt 0.562487 0.226215
vt 0.578174 0.205852
vt 0.609373 0.208674
vt 0.625000 0.230120
vt 0.625000 0.249700
vt 0.609372 0.520665
vt 0.593745 0.521477
vt 0.593744 0.499844
vt 0.609372 0.500073
vt 0.578118 0.522469
vt 0.578115 0.499612
vt 0.593745 0.478219
vt 0.609372 0.479483
vt 0.578118 0.476766
vt 0.609373 0.541326
vt 0.625000 0.519880
vt 0.593754 0.542679
vt 0.578178 0.544135
vt 0.562487 0.523785
vt 0.562487 0.499379
vt 0.562487 0.474973
vt 0.578174 0.455158
vt 0.593754 0.457050
vt 0.625000 0.480719
vt 0.625000 0.500300
vt 0.609372 0.770517
vt 0.593745 0.771781
vt 0.593744 0.750156
vt 0.609372 0.749927
vt 0.578118 0.773234
vt 0.578115 0.750388
vt 0.593745 0.728523
vt 0.609372 0.729335
vt 0.578118 0.727531
vt 0.609373 0.791181
vt 0.625000 0.769281
vt 0.593754 0.792950
vt 0.578178 0.794829
vt 0.562487 0.775027
vt 0.562487 0.750621
vt 0.562487 0.726215
vt 0.578174 0.705852
vt 0.625000 0.730120
vt 0.625000 0.749700
vt 0.579002 0.064403
vt 0.593663 0.065214
vt 0.593777 0.084054
vt 0.578543 0.082875
vt 0.609080 0.063764
vt 0.609310 0.083569
vt 0.593789 0.104206
vt 0.578306 0.103387
vt 0.609369 0.104135
vt 0.625000 0.060846
vt 0.625000 0.082230
vt 0.625000 0.103615
s 1
usemtl beads.001
f 4985/4318/4695 4986/4319/4696 4989/4320/4699 4988/4321/4698
f 4986/4319/4696 4987/4322/4697 4990/4323/4700 4989/4320/4699
f 4988/4321/4698 4989/4320/4699 4992/4324/4702 4991/4325/4701
f 4989/4320/4699 4990/4323/4700 4993/4326/4703 4992/4324/4702
f 4737/4327/4447 4903/4328/4613 4985/4318/4695 4945/4329/4655
f 4903/4328/4613 4902/4330/4612 4986/4319/4696 4985/4318/4695
f 4902/4330/4612 4901/4331/4611 4987/4322/4697 4986/4319/4696
f 4901/4331/4611 4727/4332/4437 4946/4333/4656 4987/4322/4697
f 4987/4322/4697 4946/4333/4656 4947/4334/4657 4990/4323/4700
f 4990/4323/4700 4947/4334/4657 4948/4335/4658 4993/4326/4703
f 4993/4326/4703 4948/4335/4658 4709/4336/4419 4844/4337/4554
f 4992/4324/4702 4993/4326/4703 4844/4337/4554 4845/4338/4555
f 4991/4325/4701 4992/4324/4702 4845/4338/4555 4846/4339/4556
f 4943/4340/4653 4991/4325/4701 4846/4339/4556 4722/4341/4432
f 4944/4342/4654 4988/4321/4698 4991/4325/4701 4943/4340/4653
f 4945/4329/4655 4985/4318/4695 4988/4321/4698 4944/4342/4654
f 4994/4343/4704 4995/4344/4705 4998/4345/4708 4997/4346/4707
f 4995/4344/4705 4996/4347/4706 4999/4348/4709 4998/4345/4708
f 4997/4346/4707 4998/4345/4708 5001/4349/4711 5000/4350/4710
f 4998/4345/4708 4999/4348/4709 5002/4351/4712 5001/4349/4711
f 4740/4352/4450 4912/4353/4622 4994/4343/4704 4969/4354/4679
f 4912/4353/4622 4911/4355/4621 4995/4344/4705 4994/4343/4704
f 4911/4355/4621 4910/4356/4620 4996/4347/4706 4995/4344/4705
f 4910/4356/4620 4731/4357/4441 4970/4358/4680 4996/4347/4706
f 4996/4347/4706 4970/4358/4680 4971/4359/4681 4999/4348/4709
f 4999/4348/4709 4971/4359/4681 4972/4360/4682 5002/4351/4712
f 5002/4351/4712 4972/4360/4682 4717/4361/4427 4847/4362/4557
f 5001/4349/4711 5002/4351/4712 4847/4362/4557 4848/4363/4558
f 5000/4350/4710 5001/4349/4711 4848/4363/4558 4849/4364/4559
f 4967/4365/4677 5000/4350/4710 4849/4364/4559 4723/4366/4433
f 4968/4367/4678 4997/4346/4707 5000/4350/4710 4967/4365/4677
f 4969/4354/4679 4994/4343/4704 4997/4346/4707 4968/4367/4678
f 5003/4368/4713 5004/4369/4714 5007/4370/4717 5006/4371/4716
f 5004/4369/4714 5005/4372/4715 5008/4373/4718 5007/4370/4717
f 5006/4371/4716 5007/4370/4717 5010/4374/4720 5009/4375/4719
f 5007/4370/4717 5008/4373/4718 5011/4376/4721 5010/4374/4720
f 4743/4377/4453 4921/4378/4631 5003/4368/4713 4957/4379/4667
f 4921/4378/4631 4920/4380/4630 5004/4369/4714 5003/4368/4713
f 4920/4380/4630 4919/4381/4629 5005/4372/4715 5004/4369/4714
f 4919/4381/4629 4729/4382/4439 4958/4383/4668 5005/4372/4715
f 5005/4372/4715 4958/4383/4668 4959/4384/4669 5008/4373/4718
f 5008/4373/4718 4959/4384/4669 4960/4385/4670 5011/4376/4721
f 5011/4376/4721 4960/4385/4670 4711/4386/4421 4841/4387/4551
f 5010/4374/4720 5011/4376/4721 4841/4387/4551 4842/4388/4552
f 5009/4375/4719 5010/4374/4720 4842/4388/4552 4843/4389/4553
f 4955/4390/4665 5009/4375/4719 4843/4389/4553 4721/4391/4431
f 4956/4392/4666 5006/4371/4716 5009/4375/4719 4955/4390/4665
f 4957/4379/4667 5003/4368/4713 5006/4371/4716 4956/4392/4666
f 5012/4393/4722 5013/4394/4723 5016/4395/4726 5015/4396/4725
f 5013/4394/4723 5014/4397/4724 5017/4398/4727 5016/4395/4726
f 5015/4396/4725 5016/4395/4726 5019/4399/4729 5018/4400/4728
f 5016/4395/4726 5017/4398/4727 5020/4401/4730 5019/4399/4729
f 4724/4402/4434 4852/4403/4562 5012/4393/4722 4939/4404/4649
f 4852/4403/4562 4851/4405/4561 5013/4394/4723 5012/4393/4722
f 4851/4405/4561 4850/4406/4560 5014/4397/4724 5013/4394/4723
f 4850/4406/4560 4715/4407/4425 4940/4408/4650 5014/4397/4724
f 5014/4397/4724 4940/4408/4650 4941/4409/4651 5017/4398/4727
f 5017/4398/4727 4941/4409/4651 4942/4410/4652 5020/4401/4730
f 5020/4401/4730 4942/4410/4652 4728/4411/4438 4906/4412/4616
f 5019/4399/4729 5020/4401/4730 4906/4412/4616 4905/4413/4615
f 5018/4400/4728 5019/4399/4729 4905/4413/4615 4904/4414/4614
f 4937/4415/4647 5018/4400/4728 4904/4414/4614 4736/4416/4446
f 4938/4417/4648 5015/4396/4725 5018/4400/4728 4937/4415/4647
f 4939/4404/4649 5012/4393/4722 5015/4396/4725 4938/4417/4648
f 5021/4418/4731 5022/4419/4732 5025/4420/4735 5024/4421/4734
f 5022/4419/4732 5023/4422/4733 5026/4423/4736 5025/4420/4735
f 5024/4421/4734 5025/4420/4735 5028/4424/4738 5027/4425/4737
f 5025/4420/4735 5026/4423/4736 5029/4426/4739 5028/4424/4738
f 4720/4427/4430 4834/4428/4544 5021/4418/4731 4799/4429/4509
f 4834/4428/4544 4833/4430/4543 5022/4419/4732 5021/4418/4731
f 4833/4430/4543 4832/4431/4542 5023/4422/4733 5022/4419/4732
f 4832/4431/4542 4716/4432/4426 4813/4433/4523 5023/4422/4733
f 5023/4422/4733 4813/4433/4523 4812/4434/4522 5026/4423/4736
f 5026/4423/4736 4812/4434/4522 4811/4435/4521 5029/4426/4739
f 5029/4426/4739 4811/4435/4521 4702/4436/4412 4765/4437/4475
f 5028/4424/4738 5029/4426/4739 4765/4437/4475 4764/4438/4474
f 5027/4425/4737 5028/4424/4738 4764/4438/4474 4763/4439/4473
f 4801/4440/4511 5027/4425/4737 4763/4439/4473 4710/4441/4420
f 4800/4442/4510 5024/4421/4734 5027/4425/4737 4801/4440/4511
f 4799/4429/4509 5021/4418/4731 5024/4421/4734 4800/4442/4510
f 5030/4443/4740 5031/4444/4741 5034/4445/4744 5033/4446/4743
f 5031/4444/4741 5032/4447/4742 5035/4448/4745 5034/4445/4744
f 5033/4446/4743 5034/4445/4744 5037/4449/4747 5036/4450/4746
f 5034/4445/4744 5035/4448/4745 5038/4451/4748 5037/4449/4747
f 4710/4452/4420 4798/4453/4508 5030/4443/4740 4786/4454/4496
f 4798/4453/4508 4797/4455/4507 5031/4444/4741 5030/4443/4740
f 4797/4455/4507 4796/4456/4506 5032/4447/4742 5031/4444/4741
f 4796/4456/4506 4712/4457/4422 4769/4458/4479 5032/4447/4742
f 5032/4447/4742 4769/4458/4479 4770/4459/4480 5035/4448/4745
f 5035/4448/4745 4770/4459/4480 4771/4460/4481 5038/4451/4748
f 5038/4451/4748 4771/4460/4481 4704/4461/4414 4768/4462/4478
f 5037/4449/4747 5038/4451/4748 4768/4462/4478 4767/4463/4477
f 5036/4450/4746 5037/4449/4747 4767/4463/4477 4766/4464/4476
f 4784/4465/4494 5036/4450/4746 4766/4464/4476 4700/4466/4410
f 4785/4467/4495 5033/4446/4743 5036/4450/4746 4784/4465/4494
f 4786/4454/4496 5030/4443/4740 5033/4446/4743 4785/4467/4495
f 5039/4468/4749 5040/4469/4750 5043/4470/4753 5042/4471/4752
f 5040/4469/4750 5041/4472/4751 5044/4473/4754 5043/4470/4753
f 5042/4471/4752 5043/4470/4753 5046/4474/4756 5045/4475/4755
f 5043/4470/4753 5044/4473/4754 5047/4476/4757 5046/4474/4756
f 4716/4432/4426 4831/4477/4541 5039/4468/4749 4813/4433/4523
f 4831/4477/4541 4830/4478/4540 5040/4469/4750 5039/4468/4749
f 4830/4478/4540 4829/4479/4539 5041/4472/4751 5040/4469/4750
f 4829/4479/4539 4718/4480/4428 4772/4481/4482 5041/4472/4751
f 5041/4472/4751 4772/4481/4482 4773/4482/4483 5044/4473/4754
f 5044/4473/4754 4773/4482/4483 4774/4483/4484 5047/4476/4757
f 5047/4476/4757 4774/4483/4484 4707/4484/4417 4760/4485/4470
f 5046/4474/4756 5047/4476/4757 4760/4485/4470 4761/4486/4471
f 5045/4475/4755 5046/4474/4756 4761/4486/4471 4762/4487/4472
f 4811/4435/4521 5045/4475/4755 4762/4487/4472 4702/4436/4412
f 4812/4434/4522 5042/4471/4752 5045/4475/4755 4811/4435/4521
f 4813/4433/4523 5039/4468/4749 5042/4471/4752 4812/4434/4522
f 5048/4488/4758 5049/4489/4759 5052/4490/4762 5051/4491/4761
f 5049/4489/4759 5050/4492/4760 5053/4493/4763 5052/4490/4762
f 5051/4491/4761 5052/4490/4762 5055/4494/4765 5054/4495/4764
f 5052/4490/4762 5053/4493/4763 5056/4496/4766 5055/4494/4765
f 4708/4497/4418 4795/4498/4505 5048/4488/4758 4783/4499/4493
f 4795/4498/4505 4794/4500/4504 5049/4489/4759 5048/4488/4758
f 4794/4500/4504 4793/4501/4503 5050/4492/4760 5049/4489/4759
f 4793/4501/4503 4713/4502/4423 4775/4503/4485 5050/4492/4760
f 5050/4492/4760 4775/4503/4485 4776/4504/4486 5053/4493/4763
f 5053/4493/4763 4776/4504/4486 4777/4505/4487 5056/4496/4766
f 5056/4496/4766 4777/4505/4487 4706/4506/4416 4754/4507/4464
f 5055/4494/4765 5056/4496/4766 4754/4507/4464 4755/4508/4465
f 5054/4495/4764 5055/4494/4765 4755/4508/4465 4756/4509/4466
f 4781/4510/4491 5054/4495/4764 4756/4509/4466 4703/4511/4413
f 4782/4512/4492 5051/4491/4761 5054/4495/4764 4781/4510/4491
f 4783/4499/4493 5048/4488/4758 5051/4491/4761 4782/4512/4492
f 5057/4513/4767 5058/4514/4768 5061/4515/4771 5060/4516/4770
f 5058/4514/4768 5059/4517/4769 5062/4518/4772 5061/4515/4771
f 5060/4516/4770 5061/4515/4771 5064/4519/4774 5063/4520/4773
f 5061/4515/4771 5062/4518/4772 5065/4521/4775 5064/4519/4774
f 4714/4522/4424 4828/4523/4538 5057/4513/4767 4810/4524/4520
f 4828/4523/4538 4827/4525/4537 5058/4514/4768 5057/4513/4767
f 4827/4525/4537 4826/4526/4536 5059/4517/4769 5058/4514/4768
f 4826/4526/4536 4719/4527/4429 4778/4528/4488 5059/4517/4769
f 5059/4517/4769 4778/4528/4488 4779/4529/4489 5062/4518/4772
f 5062/4518/4772 4779/4529/4489 4780/4530/4490 5065/4521/4775
f 5065/4521/4775 4780/4530/4490 4705/4531/4415 4748/4532/4458
f 5064/4519/4774 5065/4521/4775 4748/4532/4458 4749/4533/4459
f 5063/4520/4773 5064/4519/4774 4749/4533/4459 4750/4534/4460
f 4808/4535/4518 5063/4520/4773 4750/4534/4460 4701/4536/4411
f 4809/4537/4519 5060/4516/4770 5063/4520/4773 4808/4535/4518
f 4810/4524/4520 5057/4513/4767 5060/4516/4770 4809/4537/4519
f 5066/4538/4776 5067/4539/4777 5070/4540/4780 5069/4541/4779
f 5067/4539/4777 5068/4542/4778 5071/4543/4781 5070/4540/4780
f 5069/4541/4779 5070/4540/4780 5073/4544/4783 5072/4545/4782
f 5070/4540/4780 5071/4543/4781 5074/4546/4784 5073/4544/4783
f 4701/4536/4411 4750/4534/4460 5066/4538/4776 4753/4547/4463
f 4750/4534/4460 4749/4533/4459 5067/4539/4777 5066/4538/4776
f 4749/4533/4459 4748/4532/4458 5068/4542/4778 5067/4539/4777
f 4748/4532/4458 4705/4531/4415 4790/4548/4500 5068/4542/4778
f 5068/4542/4778 4790/4548/4500 4791/4549/4501 5071/4543/4781
f 5071/4543/4781 4791/4549/4501 4792/4550/4502 5074/4546/4784
f 5074/4546/4784 4792/4550/4502 4713/4502/4423 4793/4501/4503
f 5073/4544/4783 5074/4546/4784 4793/4501/4503 4794/4500/4504
f 5072/4545/4782 5073/4544/4783 4794/4500/4504 4795/4498/4505
f 4751/4551/4461 5072/4545/4782 4795/4498/4505 4708/4497/4418
f 4752/4552/4462 5069/4541/4779 5072/4545/4782 4751/4551/4461
f 4753/4547/4463 5066/4538/4776 5069/4541/4779 4752/4552/4462
f 5075/4553/4785 5076/4554/4786 5079/4555/4789 5078/4556/4788
f 5076/4554/4786 5077/4557/4787 5080/4558/4790 5079/4555/4789
f 5078/4556/4788 5079/4555/4789 5082/4559/4792 5081/4560/4791
f 5079/4555/4789 5080/4558/4790 5083/4561/4793 5082/4559/4792
f 4702/4436/4412 4762/4487/4472 5075/4553/4785 4765/4562/4475
f 4762/4487/4472 4761/4486/4471 5076/4554/4786 5075/4553/4785
f 4761/4486/4471 4760/4485/4470 5077/4557/4787 5076/4554/4786
f 4760/4485/4470 4707/4484/4417 4787/4563/4497 5077/4557/4787
f 5077/4557/4787 4787/4563/4497 4788/4564/4498 5080/4558/4790
f 5080/4558/4790 4788/4564/4498 4789/4565/4499 5083/4561/4793
f 5083/4561/4793 4789/4565/4499 4712/4457/4422 4796/4456/4506
f 5082/4559/4792 5083/4561/4793 4796/4456/4506 4797/4455/4507
f 5081/4560/4791 5082/4559/4792 4797/4455/4507 4798/4453/4508
f 4763/4566/4473 5081/4560/4791 4798/4453/4508 4710/4452/4420
f 4764/4567/4474 5078/4556/4788 5081/4560/4791 4763/4566/4473
f 4765/4562/4475 5075/4553/4785 5078/4556/4788 4764/4567/4474
f 5084/4568/4794 5085/4569/4795 5088/4570/4798 5087/4571/4797
f 5085/4569/4795 5086/4572/4796 5089/4573/4799 5088/4570/4798
f 5087/4571/4797 5088/4570/4798 5091/4574/4801 5090/4575/4800
f 5088/4570/4798 5089/4573/4799 5092/4576/4802 5091/4574/4801
f 4714/4577/4424 4825/4578/4535 5084/4568/4794 4745/4579/4455
f 4825/4578/4535 4824/4580/4534 5085/4569/4795 5084/4568/4794
f 4824/4580/4534 4823/4581/4533 5086/4572/4796 5085/4569/4795
f 4823/4581/4533 4720/4427/4430 4799/4429/4509 5086/4572/4796
f 5086/4572/4796 4799/4429/4509 4800/4442/4510 5089/4573/4799
f 5089/4573/4799 4800/4442/4510 4801/4440/4511 5092/4576/4802
f 5092/4576/4802 4801/4440/4511 4710/4441/4420 4786/4582/4496
f 5091/4574/4801 5092/4576/4802 4786/4582/4496 4785/4583/4495
f 5090/4575/4800 5091/4574/4801 4785/4583/4495 4784/4584/4494
f 4747/4585/4457 5090/4575/4800 4784/4584/4494 4700/4586/4410
f 4746/4587/4456 5087/4571/4797 5090/4575/4800 4747/4585/4457
f 4745/4579/4455 5084/4568/4794 5087/4571/4797 4746/4587/4456
f 5093/4588/4803 5094/4589/4804 5097/4590/4807 5096/4591/4806
f 5094/4589/4804 5095/4592/4805 5098/4593/4808 5097/4590/4807
f 5096/4591/4806 5097/4590/4807 5100/4594/4810 5099/4595/4809
f 5097/4590/4807 5098/4593/4808 5101/4596/4811 5100/4594/4810
f 4722/4341/4432 4846/4339/4556 5093/4588/4803 4963/4597/4673
f 4846/4339/4556 4845/4338/4555 5094/4589/4804 5093/4588/4803
f 4845/4338/4555 4844/4337/4554 5095/4592/4805 5094/4589/4804
f 4844/4337/4554 4709/4336/4419 4964/4598/4674 5095/4592/4805
f 5095/4592/4805 4964/4598/4674 4965/4599/4675 5098/4593/4808
f 5098/4593/4808 4965/4599/4675 4966/4600/4676 5101/4596/4811
f 5101/4596/4811 4966/4600/4676 4732/4601/4442 4915/4602/4625
f 5100/4594/4810 5101/4596/4811 4915/4602/4625 4914/4603/4624
f 5099/4595/4809 5100/4594/4810 4914/4603/4624 4913/4604/4623
f 4961/4605/4671 5099/4595/4809 4913/4604/4623 4739/4606/4449
f 4962/4607/4672 5096/4591/4806 5099/4595/4809 4961/4605/4671
f 4963/4597/4673 5093/4588/4803 5096/4591/4806 4962/4607/4672
f 5102/4608/4812 5103/4609/4813 5106/4610/4816 5105/4611/4815
f 5103/4609/4813 5104/4612/4814 5107/4613/4817 5106/4610/4816
f 5105/4611/4815 5106/4610/4816 5109/4614/4819 5108/4615/4818
f 5106/4610/4816 5107/4613/4817 5110/4616/4820 5109/4614/4819
f 4723/4366/4433 4849/4364/4559 5102/4608/4812 4951/4617/4661
f 4849/4364/4559 4848/4363/4558 5103/4609/4813 5102/4608/4812
f 4848/4363/4558 4847/4362/4557 5104/4612/4814 5103/4609/4813
f 4847/4362/4557 4717/4361/4427 4952/4618/4662 5104/4612/4814
f 5104/4612/4814 4952/4618/4662 4953/4619/4663 5107/4613/4817
f 5107/4613/4817 4953/4619/4663 4954/4620/4664 5110/4616/4820
f 5110/4616/4820 4954/4620/4664 4730/4621/4440 4924/4622/4634
f 5109/4614/4819 5110/4616/4820 4924/4622/4634 4923/4623/4633
f 5108/4615/4818 5109/4614/4819 4923/4623/4633 4922/4624/4632
f 4949/4625/4659 5108/4615/4818 4922/4624/4632 4742/4626/4452
f 4950/4627/4660 5105/4611/4815 5108/4615/4818 4949/4625/4659
f 4951/4617/4661 5102/4608/4812 5105/4611/4815 4950/4627/4660
f 5111/4628/4821 5112/4629/4822 5115/4630/4825 5114/4631/4824
f 5112/4629/4822 5113/4632/4823 5116/4633/4826 5115/4630/4825
f 5114/4631/4824 5115/4630/4825 5118/4634/4828 5117/4635/4827
f 5115/4630/4825 5116/4633/4826 5119/4636/4829 5118/4634/4828
f 4701/4637/4411 4753/4638/4463 5111/4628/4821 4808/4639/4518
f 4753/4638/4463 4752/4640/4462 5112/4629/4822 5111/4628/4821
f 4752/4640/4462 4751/4641/4461 5113/4632/4823 5112/4629/4822
f 4751/4641/4461 4708/4642/4418 4820/4643/4530 5113/4632/4823
f 5113/4632/4823 4820/4643/4530 4821/4644/4531 5116/4633/4826
f 5116/4633/4826 4821/4644/4531 4822/4645/4532 5119/4636/4829
f 5119/4636/4829 4822/4645/4532 4720/4427/4430 4823/4581/4533
f 5118/4634/4828 5119/4636/4829 4823/4581/4533 4824/4580/4534
f 5117/4635/4827 5118/4634/4828 4824/4580/4534 4825/4578/4535
f 4810/4646/4520 5117/4635/4827 4825/4578/4535 4714/4577/4424
f 4809/4647/4519 5114/4631/4824 5117/4635/4827 4810/4646/4520
f 4808/4639/4518 5111/4628/4821 5114/4631/4824 4809/4647/4519
f 5120/4648/4830 5121/4649/4831 5124/4650/4834 5123/4651/4833
f 5121/4649/4831 5122/4652/4832 5125/4653/4835 5124/4650/4834
f 5123/4651/4833 5124/4650/4834 5127/4654/4837 5126/4655/4836
f 5124/4650/4834 5125/4653/4835 5128/4656/4838 5127/4654/4837
f 4700/4657/4410 4766/4658/4476 5120/4648/4830 4747/4659/4457
f 4766/4658/4476 4767/4660/4477 5121/4649/4831 5120/4648/4830
f 4767/4660/4477 4768/4661/4478 5122/4652/4832 5121/4649/4831
f 4768/4661/4478 4704/4662/4414 4817/4663/4527 5122/4652/4832
f 5122/4652/4832 4817/4663/4527 4818/4664/4528 5125/4653/4835
f 5125/4653/4835 4818/4664/4528 4819/4665/4529 5128/4656/4838
f 5128/4656/4838 4819/4665/4529 4719/4527/4429 4826/4526/4536
f 5127/4654/4837 5128/4656/4838 4826/4526/4536 4827/4525/4537
f 5126/4655/4836 5127/4654/4837 4827/4525/4537 4828/4523/4538
f 4745/4666/4455 5126/4655/4836 4828/4523/4538 4714/4522/4424
f 4746/4667/4456 5123/4651/4833 5126/4655/4836 4745/4666/4455
f 4747/4659/4457 5120/4648/4830 5123/4651/4833 4746/4667/4456
f 5129/4668/4839 5130/4669/4840 5133/4670/4843 5132/4671/4842
f 5130/4669/4840 5131/4672/4841 5134/4673/4844 5133/4670/4843
f 5132/4671/4842 5133/4670/4843 5136/4674/4846 5135/4675/4845
f 5133/4670/4843 5134/4673/4844 5137/4676/4847 5136/4674/4846
f 4703/4511/4413 4756/4509/4466 5129/4668/4839 4759/4677/4469
f 4756/4509/4466 4755/4508/4465 5130/4669/4840 5129/4668/4839
f 4755/4508/4465 4754/4507/4464 5131/4672/4841 5130/4669/4840
f 4754/4507/4464 4706/4506/4416 4814/4678/4524 5131/4672/4841
f 5131/4672/4841 4814/4678/4524 4815/4679/4525 5134/4673/4844
f 5134/4673/4844 4815/4679/4525 4816/4680/4526 5137/4676/4847
f 5137/4676/4847 4816/4680/4526 4718/4480/4428 4829/4479/4539
f 5136/4674/4846 5137/4676/4847 4829/4479/4539 4830/4478/4540
f 5135/4675/4845 5136/4674/4846 4830/4478/4540 4831/4477/4541
f 4757/4681/4467 5135/4675/4845 4831/4477/4541 4716/4432/4426
f 4758/4682/4468 5132/4671/4842 5135/4675/4845 4757/4681/4467
f 4759/4677/4469 5129/4668/4839 5132/4671/4842 4758/4682/4468
f 5138/4683/4848 5139/4684/4849 5142/4685/4852 5141/4686/4851
f 5139/4684/4849 5140/4687/4850 5143/4688/4853 5142/4685/4852
f 5141/4686/4851 5142/4685/4852 5145/4689/4855 5144/4690/4854
f 5142/4685/4852 5143/4688/4853 5146/4691/4856 5145/4689/4855
f 4708/4642/4418 4783/4692/4493 5138/4683/4848 4820/4643/4530
f 4783/4692/4493 4782/4693/4492 5139/4684/4849 5138/4683/4848
f 4782/4693/4492 4781/4694/4491 5140/4687/4850 5139/4684/4849
f 4781/4694/4491 4703/4511/4413 4759/4677/4469 5140/4687/4850
f 5140/4687/4850 4759/4677/4469 4758/4682/4468 5143/4688/4853
f 5143/4688/4853 4758/4682/4468 4757/4681/4467 5146/4691/4856
f 5146/4691/4856 4757/4681/4467 4716/4432/4426 4832/4431/4542
f 5145/4689/4855 5146/4691/4856 4832/4431/4542 4833/4430/4543
f 5144/4690/4854 5145/4689/4855 4833/4430/4543 4834/4428/4544
f 4822/4645/4532 5144/4690/4854 4834/4428/4544 4720/4427/4430
f 4821/4644/4531 5141/4686/4851 5144/4690/4854 4822/4645/4532
f 4820/4643/4530 5138/4683/4848 5141/4686/4851 4821/4644/4531
f 5148/4695/4858 5149/4696/4859 5147/4697/4857 5157/4698/4867
f 5150/4699/4860 5151/4700/4861 5147/4697/4857 5149/4701/4859
f 5152/4702/4862 5153/4703/4863 5147/4697/4857 5151/4704/4861
f 5154/4705/4864 5155/4706/4865 5147/4697/4857 5153/4707/4863
f 5156/4708/4866 5157/4698/4867 5147/4697/4857 5155/4706/4865
f 4712/4709/4422 4804/4710/4514 5148/4695/4858 4769/4711/4479
f 4804/4710/4514 4803/4712/4513 5149/4696/4859 5148/4695/4858
f 4769/4711/4479 5148/4695/4858 5157/4698/4867 4770/4459/4480
f 4721/4713/4431 4933/4714/4643 5150/4699/4860 4802/4715/4512
f 4933/4714/4643 4932/4716/4642 5151/4700/4861 5150/4699/4860
f 4802/4715/4512 5150/4699/4860 5149/4701/4859 4803/4717/4513
f 4733/4718/4443 4855/4719/4565 5152/4702/4862 4931/4720/4641
f 4855/4719/4565 4854/4721/4564 5153/4703/4863 5152/4702/4862
f 4931/4720/4641 5152/4702/4862 5151/4704/4861 4932/4722/4642
f 4735/4723/4445 4973/4724/4683 5154/4705/4864 4853/4725/4563
f 4973/4724/4683 4974/4726/4684 5155/4706/4865 5154/4705/4864
f 4853/4725/4563 5154/4705/4864 5153/4707/4863 4854/4727/4564
f 4704/4461/4414 4771/4728/4481 5156/4708/4866 4975/4729/4685
f 4771/4728/4481 4770/4730/4480 5157/4698/4867 5156/4708/4866
f 4975/4729/4685 5156/4708/4866 5155/4706/4865 4974/4726/4684
f 5158/4731/4868 5159/4732/4869 5162/4733/4872 5161/4734/4871
f 5159/4732/4869 5160/4735/4870 5163/4736/4873 5162/4733/4872
f 5161/4734/4871 5162/4733/4872 5165/4737/4875 5164/4738/4874
f 5162/4733/4872 5163/4736/4873 5166/4739/4876 5165/4737/4875
f 4721/4391/4431 4843/4389/4553 5158/4731/4868 4933/4714/4643
f 4843/4389/4553 4842/4388/4552 5159/4732/4869 5158/4731/4868
f 4842/4388/4552 4841/4387/4551 5160/4735/4870 5159/4732/4869
f 4841/4387/4551 4711/4386/4421 4934/4740/4644 5160/4735/4870
f 5160/4735/4870 4934/4740/4644 4935/4741/4645 5163/4736/4873
f 5163/4736/4873 4935/4741/4645 4936/4742/4646 5166/4739/4876
f 5166/4739/4876 4936/4742/4646 4726/4743/4436 4891/4744/4601
f 5165/4737/4875 5166/4739/4876 4891/4744/4601 4890/4745/4600
f 5164/4738/4874 5165/4737/4875 4890/4745/4600 4889/4746/4599
f 4931/4720/4641 5164/4738/4874 4889/4746/4599 4733/4718/4443
f 4932/4722/4642 5161/4734/4871 5164/4738/4874 4931/4720/4641
f 4933/4714/4643 5158/4731/4868 5161/4734/4871 4932/4722/4642
f 5168/4747/4878 5169/4748/4879 5167/4749/4877 5177/4750/4887
f 5170/4751/4880 5171/4752/4881 5167/4749/4877 5169/4753/4879
f 5172/4754/4882 5173/4755/4883 5167/4749/4877 5171/4756/4881
f 5174/4757/4884 5175/4758/4885 5167/4749/4877 5173/4759/4883
f 5176/4760/4886 5177/4750/4887 5167/4749/4877 5175/4761/4885
f 4719/4762/4429 4840/4763/4550 5168/4747/4878 4778/4528/4488
f 4840/4763/4550 4839/4764/4549 5169/4748/4879 5168/4747/4878
f 4778/4528/4488 5168/4747/4878 5177/4750/4887 4779/4765/4489
f 4724/4766/4434 4939/4767/4649 5170/4751/4880 4838/4768/4548
f 4939/4767/4649 4938/4417/4648 5171/4752/4881 5170/4751/4880
f 4838/4768/4548 5170/4751/4880 5169/4753/4879 4839/4769/4549
f 4736/4416/4446 4864/4770/4574 5172/4754/4882 4937/4771/4647
f 4864/4770/4574 4863/4772/4573 5173/4755/4883 5172/4754/4882
f 4937/4771/4647 5172/4754/4882 5171/4756/4881 4938/4417/4648
f 4738/4773/4448 4976/4774/4686 5174/4757/4884 4862/4775/4572
f 4976/4774/4686 4977/4776/4687 5175/4758/4885 5174/4757/4884
f 4862/4775/4572 5174/4757/4884 5173/4759/4883 4863/4777/4573
f 4705/4778/4415 4780/4779/4490 5176/4760/4886 4978/4780/4688
f 4780/4779/4490 4779/4765/4489 5177/4750/4887 5176/4760/4886
f 4978/4780/4688 5176/4760/4886 5175/4761/4885 4977/4776/4687
f 5179/4781/4889 5180/4782/4890 5178/4783/4888 5188/4784/4898
f 5181/4785/4891 5182/4786/4892 5178/4783/4888 5180/4782/4890
f 5183/4787/4893 5184/4788/4894 5178/4783/4888 5182/4789/4892
f 5185/4790/4895 5186/4791/4896 5178/4783/4888 5184/4792/4894
f 5187/4793/4897 5188/4784/4898 5178/4783/4888 5186/4791/4896
f 4718/4794/4428 4837/4795/4547 5179/4781/4889 4772/4796/4482
f 4837/4795/4547 4836/4797/4546 5180/4782/4890 5179/4781/4889
f 4772/4796/4482 5179/4781/4889 5188/4784/4898 4773/4798/4483
f 4723/4799/4433 4951/4800/4661 5181/4785/4891 4835/4801/4545
f 4951/4800/4661 4950/4802/4660 5182/4786/4892 5181/4785/4891
f 4835/4801/4545 5181/4785/4891 5180/4782/4890 4836/4803/4546
f 4742/4626/4452 4882/4804/4592 5183/4787/4893 4949/4805/4659
f 4882/4804/4592 4881/4806/4591 5184/4788/4894 5183/4787/4893
f 4949/4805/4659 5183/4787/4893 5182/4789/4892 4950/4807/4660
f 4744/4808/4454 4982/4809/4692 5185/4790/4895 4880/4810/4590
f 4982/4809/4692 4983/4811/4693 5186/4791/4896 5185/4790/4895
f 4880/4810/4590 5185/4790/4895 5184/4792/4894 4881/4812/4591
f 4707/4484/4417 4774/4813/4484 5187/4793/4897 4984/4814/4694
f 4774/4813/4484 4773/4815/4483 5188/4784/4898 5187/4793/4897
f 4984/4814/4694 5187/4793/4897 5186/4791/4896 4983/4811/4693
f 5190/4816/4900 5191/4817/4901 5189/4818/4899 5199/4819/4909
f 5192/4820/4902 5193/4821/4903 5189/4818/4899 5191/4817/4901
f 5194/4822/4904 5195/4823/4905 5189/4818/4899 5193/4821/4903
f 5196/4824/4906 5197/4825/4907 5189/4818/4899 5195/4826/4905
f 5198/4827/4908 5199/4828/4909 5189/4818/4899 5197/4829/4907
f 4713/4830/4423 4807/4831/4517 5190/4816/4900 4775/4832/4485
f 4807/4831/4517 4806/4833/4516 5191/4817/4901 5190/4816/4900
f 4775/4832/4485 5190/4816/4900 5199/4819/4909 4776/4834/4486
f 4722/4835/4432 4963/4836/4673 5192/4820/4902 4805/4837/4515
f 4963/4836/4673 4962/4838/4672 5193/4821/4903 5192/4820/4902
f 4805/4837/4515 5192/4820/4902 5191/4817/4901 4806/4839/4516
f 4739/4606/4449 4873/4840/4583 5194/4822/4904 4961/4841/4671
f 4873/4840/4583 4872/4842/4582 5195/4823/4905 5194/4822/4904
f 4961/4841/4671 5194/4822/4904 5193/4821/4903 4962/4607/4672
f 4741/4843/4451 4979/4844/4689 5196/4824/4906 4871/4845/4581
f 4979/4844/4689 4980/4846/4690 5197/4825/4907 5196/4824/4906
f 4871/4845/4581 5196/4824/4906 5195/4826/4905 4872/4847/4582
f 4706/4848/4416 4777/4849/4487 5198/4827/4908 4981/4850/4691
f 4777/4849/4487 4776/4851/4486 5199/4828/4909 5198/4827/4908
f 4981/4850/4691 5198/4827/4908 5197/4829/4907 4980/4852/4690
f 5201/4853/4911 5202/4854/4912 5200/4855/4910 5210/4856/4920
f 5203/4857/4913 5204/4858/4914 5200/4855/4910 5202/4854/4912
f 5205/4859/4915 5206/4860/4916 5200/4855/4910 5204/4861/4914
f 5207/4862/4917 5208/4863/4918 5200/4855/4910 5206/4864/4916
f 5209/4865/4919 5210/4856/4920 5200/4855/4910 5208/4866/4918
f 4704/4662/4414 4975/4867/4685 5201/4853/4911 4817/4663/4527
f 4975/4867/4685 4974/4868/4684 5202/4854/4912 5201/4853/4911
f 4817/4663/4527 5201/4853/4911 5210/4856/4920 4818/4869/4528
f 4735/4870/4445 4861/4871/4571 5203/4857/4913 4973/4872/4683
f 4861/4871/4571 4860/4873/4570 5204/4858/4914 5203/4857/4913
f 4973/4872/4683 5203/4857/4913 5202/4854/4912 4974/4868/4684
f 4734/4874/4444 4927/4875/4637 5205/4859/4915 4859/4876/4569
f 4927/4875/4637 4926/4877/4636 5206/4860/4916 5205/4859/4915
f 4859/4876/4569 5205/4859/4915 5204/4861/4914 4860/4878/4570
f 4724/4879/4434 4838/4880/4548 5207/4862/4917 4925/4881/4635
f 4838/4880/4548 4839/4882/4549 5208/4863/4918 5207/4862/4917
f 4925/4881/4635 5207/4862/4917 5206/4864/4916 4926/4883/4636
f 4719/4884/4429 4819/4885/4529 5209/4865/4919 4840/4886/4550
f 4819/4885/4529 4818/4869/4528 5210/4856/4920 5209/4865/4919
f 4840/4886/4550 5209/4865/4919 5208/4866/4918 4839/4887/4549
f 5212/4888/4922 5213/4889/4923 5211/4890/4921 5221/4891/4931
f 5214/4892/4924 5215/4893/4925 5211/4890/4921 5213/4894/4923
f 5216/4895/4926 5217/4896/4927 5211/4890/4921 5215/4893/4925
f 5218/4897/4928 5219/4898/4929 5211/4890/4921 5217/4899/4927
f 5220/4900/4930 5221/4901/4931 5211/4890/4921 5219/4902/4929
f 4707/4903/4417 4984/4814/4694 5212/4888/4922 4787/4904/4497
f 4984/4814/4694 4983/4905/4693 5213/4889/4923 5212/4888/4922
f 4787/4904/4497 5212/4888/4922 5221/4891/4931 4788/4906/4498
f 4744/4808/4454 4888/4907/4598 5214/4892/4924 4982/4908/4692
f 4888/4907/4598 4887/4909/4597 5215/4893/4925 5214/4892/4924
f 4982/4908/4692 5214/4892/4924 5213/4894/4923 4983/4910/4693
f 4743/4377/4453 4957/4911/4667 5216/4895/4926 4886/4912/4596
f 4957/4911/4667 4956/4913/4666 5217/4896/4927 5216/4895/4926
f 4886/4912/4596 5216/4895/4926 5215/4893/4925 4887/4914/4597
f 4721/4915/4431 4802/4916/4512 5218/4897/4928 4955/4390/4665
f 4802/4916/4512 4803/4917/4513 5219/4898/4929 5218/4897/4928
f 4955/4390/4665 5218/4897/4928 5217/4899/4927 4956/4913/4666
f 4712/4918/4422 4789/4919/4499 5220/4900/4930 4804/4920/4514
f 4789/4919/4499 4788/4921/4498 5221/4901/4931 5220/4900/4930
f 4804/4920/4514 5220/4900/4930 5219/4902/4929 4803/4712/4513
f 5223/4922/4933 5224/4923/4934 5222/4924/4932 5232/4925/4942
f 5225/4926/4935 5226/4927/4936 5222/4924/4932 5224/4928/4934
f 5227/4929/4937 5228/4930/4938 5222/4924/4932 5226/4931/4936
f 5229/4932/4939 5230/4933/4940 5222/4924/4932 5228/4934/4938
f 5231/4935/4941 5232/4925/4942 5222/4924/4932 5230/4933/4940
f 4706/4936/4416 4981/4850/4691 5223/4922/4933 4814/4937/4524
f 4981/4850/4691 4980/4846/4690 5224/4923/4934 5223/4922/4933
f 4814/4937/4524 5223/4922/4933 5232/4925/4942 4815/4938/4525
f 4741/4843/4451 4879/4939/4589 5225/4926/4935 4979/4940/4689
f 4879/4939/4589 4878/4941/4588 5226/4927/4936 5225/4926/4935
f 4979/4940/4689 5225/4926/4935 5224/4928/4934 4980/4942/4690
f 4740/4352/4450 4969/4943/4679 5227/4929/4937 4877/4944/4587
f 4969/4943/4679 4968/4945/4678 5228/4930/4938 5227/4929/4937
f 4877/4944/4587 5227/4929/4937 5226/4931/4936 4878/4946/4588
f 4723/4947/4433 4835/4948/4545 5229/4932/4939 4967/4949/4677
f 4835/4948/4545 4836/4950/4546 5230/4933/4940 5229/4932/4939
f 4967/4949/4677 5229/4932/4939 5228/4934/4938 4968/4945/4678
f 4718/4951/4428 4816/4952/4526 5231/4935/4941 4837/4953/4547
f 4816/4952/4526 4815/4954/4525 5232/4925/4942 5231/4935/4941
f 4837/4953/4547 5231/4935/4941 5230/4933/4940 4836/4955/4546
f 5234/4956/4944 5235/4957/4945 5233/4958/4943 5243/4959/4953
f 5236/4960/4946 5237/4961/4947 5233/4958/4943 5235/4962/4945
f 5238/4963/4948 5239/4964/4949 5233/4958/4943 5237/4965/4947
f 5240/4966/4950 5241/4967/4951 5233/4958/4943 5239/4968/4949
f 5242/4969/4952 5243/4970/4953 5233/4958/4943 5241/4967/4951
f 4705/4971/4415 4978/4972/4688 5234/4956/4944 4790/4973/4500
f 4978/4972/4688 4977/4974/4687 5235/4957/4945 5234/4956/4944
f 4790/4973/4500 5234/4956/4944 5243/4959/4953 4791/4975/4501
f 4738/4773/4448 4870/4976/4580 5236/4960/4946 4976/4977/4686
f 4870/4976/4580 4869/4978/4579 5237/4961/4947 5236/4960/4946
f 4976/4977/4686 5236/4960/4946 5235/4962/4945 4977/4776/4687
f 4737/4327/4447 4945/4979/4655 5238/4963/4948 4868/4980/4578
f 4945/4979/4655 4944/4981/4654 5239/4964/4949 5238/4963/4948
f 4868/4980/4578 5238/4963/4948 5237/4965/4947 4869/4982/4579
f 4722/4983/4432 4805/4984/4515 5240/4966/4950 4943/4985/4653
f 4805/4984/4515 4806/4839/4516 5241/4967/4951 5240/4966/4950
f 4943/4985/4653 5240/4966/4950 5239/4968/4949 4944/4342/4654
f 4713/4986/4423 4792/4987/4502 5242/4969/4952 4807/4988/4517
f 4792/4987/4502 4791/4989/4501 5243/4970/4953 5242/4969/4952
f 4807/4988/4517 5242/4969/4952 5241/4967/4951 4806/4833/4516
f 5245/4990/4955 5246/4991/4956 5244/4992/4954 5250/4993/4960
f 5247/4994/4957 5248/4995/4958 5244/4992/4954 5246/4996/4956
f 5249/4997/4959 5250/4998/4960 5244/4992/4954 5248/4999/4958
f 4733/5000/4443 4856/5001/4566 5245/4990/4955 4855/5002/4565
f 4856/5001/4566 4857/5003/4567 5246/4991/4956 5245/4990/4955
f 4855/5002/4565 5245/4990/4955 5250/4993/4960 4854/5004/4564
f 4734/5005/4444 4859/5006/4569 5247/4994/4957 4858/5007/4568
f 4859/5006/4569 4860/4878/4570 5248/4995/4958 5247/4994/4957
f 4858/5007/4568 5247/4994/4957 5246/4996/4956 4857/5008/4567
f 4735/4870/4445 4853/5009/4563 5249/4997/4959 4861/5010/4571
f 4853/5009/4563 4854/5004/4564 5250/4998/4960 5249/4997/4959
f 4861/5010/4571 5249/4997/4959 5248/4999/4958 4860/4878/4570
f 5252/5011/4962 5253/5012/4963 5251/5013/4961 5257/5014/4967
f 5254/5015/4964 5255/5016/4965 5251/5013/4961 5253/5012/4963
f 5256/5017/4966 5257/5018/4967 5251/5013/4961 5255/5019/4965
f 4736/4416/4446 4865/5020/4575 5252/5011/4962 4864/5021/4574
f 4865/5020/4575 4866/5022/4576 5253/5012/4963 5252/5011/4962
f 4864/5021/4574 5252/5011/4962 5257/5014/4967 4863/5023/4573
f 4737/5024/4447 4868/5025/4578 5254/5015/4964 4867/5026/4577
f 4868/5025/4578 4869/5027/4579 5255/5016/4965 5254/5015/4964
f 4867/5026/4577 5254/5015/4964 5253/5012/4963 4866/5022/4576
f 4738/4773/4448 4862/5028/4572 5256/5017/4966 4870/5029/4580
f 4862/5028/4572 4863/4772/4573 5257/5018/4967 5256/5017/4966
f 4870/5029/4580 5256/5017/4966 5255/5019/4965 4869/5030/4579
f 5259/5031/4969 5260/5032/4970 5258/5033/4968 5264/5034/4974
f 5261/5035/4971 5262/5036/4972 5258/5033/4968 5260/5037/4970
f 5263/5038/4973 5264/5034/4974 5258/5033/4968 5262/5039/4972
f 4739/4606/4449 4874/5040/4584 5259/5031/4969 4873/5041/4583
f 4874/5040/4584 4875/5042/4585 5260/5032/4970 5259/5031/4969
f 4873/5041/4583 5259/5031/4969 5264/5034/4974 4872/4842/4582
f 4740/5043/4450 4877/5044/4587 5261/5035/4971 4876/5045/4586
f 4877/5044/4587 4878/5046/4588 5262/5036/4972 5261/5035/4971
f 4876/5045/4586 5261/5035/4971 5260/5037/4970 4875/5042/4585
f 4741/4843/4451 4871/5047/4581 5263/5038/4973 4879/5048/4589
f 4871/5047/4581 4872/4842/4582 5264/5034/4974 5263/5038/4973
f 4879/5048/4589 5263/5038/4973 5262/5039/4972 4878/5046/4588
f 5266/5049/4976 5267/5050/4977 5265/5051/4975 5271/5052/4981
f 5268/5053/4978 5269/5054/4979 5265/5051/4975 5267/5055/4977
f 5270/5056/4980 5271/5057/4981 5265/5051/4975 5269/5054/4979
f 4742/4626/4452 4883/5058/4593 5266/5049/4976 4882/5059/4592
f 4883/5058/4593 4884/5060/4594 5267/5050/4977 5266/5049/4976
f 4882/5059/4592 5266/5049/4976 5271/5052/4981 4881/5061/4591
f 4743/5062/4453 4886/5063/4596 5268/5053/4978 4885/5064/4595
f 4886/5063/4596 4887/5065/4597 5269/5054/4979 5268/5053/4978
f 4885/5064/4595 5268/5053/4978 5267/5055/4977 4884/5060/4594
f 4744/4808/4454 4880/5066/4590 5270/5056/4980 4888/5067/4598
f 4880/5066/4590 4881/4806/4591 5271/5057/4981 5270/5056/4980
f 4888/5067/4598 5270/5056/4980 5269/5054/4979 4887/5068/4597
f 5272/5069/4982 5273/5070/4983 5276/5071/4986 5275/5072/4985
f 5273/5070/4983 5274/5073/4984 5277/5074/4987 5276/5071/4986
f 5275/5072/4985 5276/5071/4986 5279/5075/4989 5278/5076/4988
f 5276/5071/4986 5277/5074/4987 5280/5077/4990 5279/5075/4989
f 4733/5000/4443 4889/5078/4599 5272/5069/4982 4856/5001/4566
f 4889/5078/4599 4890/5079/4600 5273/5070/4983 5272/5069/4982
f 4890/5079/4600 4891/5080/4601 5274/5073/4984 5273/5070/4983
f 4891/5080/4601 4726/5081/4436 4892/5082/4602 5274/5073/4984
f 5274/5073/4984 4892/5082/4602 4893/5083/4603 5277/5074/4987
f 5277/5074/4987 4893/5083/4603 4894/5084/4604 5280/5077/4990
f 5280/5077/4990 4894/5084/4604 4725/5085/4435 4895/5086/4605
f 5279/5075/4989 5280/5077/4990 4895/5086/4605 4896/5087/4606
f 5278/5076/4988 5279/5075/4989 4896/5087/4606 4897/5088/4607
f 4858/5089/4568 5278/5076/4988 4897/5088/4607 4734/5090/4444
f 4857/5091/4567 5275/5072/4985 5278/5076/4988 4858/5089/4568
f 4856/5001/4566 5272/5069/4982 5275/5072/4985 4857/5091/4567
f 5281/5092/4991 5282/5093/4992 5285/5094/4995 5284/5095/4994
f 5282/5093/4992 5283/5096/4993 5286/5097/4996 5285/5094/4995
f 5284/5095/4994 5285/5094/4995 5288/5098/4998 5287/5099/4997
f 5285/5094/4995 5286/5097/4996 5289/5100/4999 5288/5098/4998
f 4727/4332/4437 4901/5101/4611 5281/5092/4991 4900/5102/4610
f 4901/5101/4611 4902/5103/4612 5282/5093/4992 5281/5092/4991
f 4902/5103/4612 4903/4328/4613 5283/5096/4993 5282/5093/4992
f 4903/4328/4613 4737/4327/4447 4867/5104/4577 5283/5096/4993
f 5283/5096/4993 4867/5104/4577 4866/5105/4576 5286/5097/4996
f 5286/5097/4996 4866/5105/4576 4865/5106/4575 5289/5100/4999
f 5289/5100/4999 4865/5106/4575 4736/4416/4446 4904/5107/4614
f 5288/5098/4998 5289/5100/4999 4904/5107/4614 4905/4413/4615
f 5287/5099/4997 5288/5098/4998 4905/4413/4615 4906/5108/4616
f 4898/5109/4608 5287/5099/4997 4906/5108/4616 4728/4411/4438
f 4899/5110/4609 5284/5095/4994 5287/5099/4997 4898/5109/4608
f 4900/5102/4610 5281/5092/4991 5284/5095/4994 4899/5110/4609
f 5290/5111/5000 5291/5112/5001 5294/5113/5004 5293/5114/5003
f 5291/5112/5001 5292/5115/5002 5295/5116/5005 5294/5113/5004
f 5293/5114/5003 5294/5113/5004 5297/5117/5007 5296/5118/5006
f 5294/5113/5004 5295/5116/5005 5298/5119/5008 5297/5117/5007
f 4731/4357/4441 4910/5120/4620 5290/5111/5000 4909/5121/4619
f 4910/5120/4620 4911/5122/4621 5291/5112/5001 5290/5111/5000
f 4911/5122/4621 4912/5123/4622 5292/5115/5002 5291/5112/5001
f 4912/5123/4622 4740/4352/4450 4876/5124/4586 5292/5115/5002
f 5292/5115/5002 4876/5124/4586 4875/5125/4585 5295/5116/5005
f 5295/5116/5005 4875/5125/4585 4874/5126/4584 5298/5119/5008
f 5298/5119/5008 4874/5126/4584 4739/4606/4449 4913/5127/4623
f 5297/5117/5007 5298/5119/5008 4913/5127/4623 4914/5128/4624
f 5296/5118/5006 5297/5117/5007 4914/5128/4624 4915/4602/4625
f 4907/5129/4617 5296/5118/5006 4915/4602/4625 4732/4601/4442
f 4908/5130/4618 5293/5114/5003 5296/5118/5006 4907/5129/4617
f 4909/5121/4619 5290/5111/5000 5293/5114/5003 4908/5130/4618
f 5299/5131/5009 5300/5132/5010 5303/5133/5013 5302/5134/5012
f 5300/5132/5010 5301/5135/5011 5304/5136/5014 5303/5133/5013
f 5302/5134/5012 5303/5133/5013 5306/5137/5016 5305/5138/5015
f 5303/5133/5013 5304/5136/5014 5307/5139/5017 5306/5137/5016
f 4729/4382/4439 4919/5140/4629 5299/5131/5009 4918/5141/4628
f 4919/5140/4629 4920/5142/4630 5300/5132/5010 5299/5131/5009
f 4920/5142/4630 4921/5143/4631 5301/5135/5011 5300/5132/5010
f 4921/5143/4631 4743/4377/4453 4885/5144/4595 5301/5135/5011
f 5301/5135/5011 4885/5144/4595 4884/5145/4594 5304/5136/5014
f 5304/5136/5014 4884/5145/4594 4883/5146/4593 5307/5139/5017
f 5307/5139/5017 4883/5146/4593 4742/4626/4452 4922/5147/4632
f 5306/5137/5016 5307/5139/5017 4922/5147/4632 4923/4623/4633
f 5305/5138/5015 5306/5137/5016 4923/4623/4633 4924/4622/4634
f 4916/5148/4626 5305/5138/5015 4924/4622/4634 4730/4621/4440
f 4917/5149/4627 5302/5134/5012 5305/5138/5015 4916/5148/4626
f 4918/5141/4628 5299/5131/5009 5302/5134/5012 4917/5149/4627
f 5308/5150/5018 5309/5151/5019 5312/5152/5022 5311/5153/5021
f 5309/5151/5019 5310/5154/5020 5313/5155/5023 5312/5152/5022
f 5311/5153/5021 5312/5152/5022 5315/5156/5025 5314/5157/5024
f 5312/5152/5022 5313/5155/5023 5316/5158/5026 5315/5156/5025
f 4734/5090/4444 4897/5088/4607 5308/5150/5018 4927/4875/4637
f 4897/5088/4607 4896/5087/4606 5309/5151/5019 5308/5150/5018
f 4896/5087/4606 4895/5086/4605 5310/5154/5020 5309/5151/5019
f 4895/5086/4605 4725/5085/4435 4928/5159/4638 5310/5154/5020
f 5310/5154/5020 4928/5159/4638 4929/5160/4639 5313/5155/5023
f 5313/5155/5023 4929/5160/4639 4930/5161/4640 5316/5158/5026
f 5316/5158/5026 4930/5161/4640 4715/4407/4425 4850/4406/4560
f 5315/5156/5025 5316/5158/5026 4850/4406/4560 4851/4405/4561
f 5314/5157/5024 5315/5156/5025 4851/4405/4561 4852/4403/4562
f 4925/4881/4635 5314/5157/5024 4852/4403/4562 4724/4402/4434
f 4926/4883/4636 5311/5153/5021 5314/5157/5024 4925/4881/4635
f 4927/4875/4637 5308/5150/5018 5311/5153/5021 4926/4883/4636
f 5602/4318/5312 5605/4321/5315 5606/4320/5316 5603/4319/5313
f 5603/4319/5313 5606/4320/5316 5607/4323/5317 5604/4322/5314
f 5605/4321/5315 5608/4325/5318 5609/4324/5319 5606/4320/5316
f 5606/4320/5316 5609/4324/5319 5610/4326/5320 5607/4323/5317
f 5354/4327/5064 5562/4329/5272 5602/4318/5312 5520/4328/5230
f 5520/4328/5230 5602/4318/5312 5603/4319/5313 5519/4330/5229
f 5519/4330/5229 5603/4319/5313 5604/4322/5314 5518/4331/5228
f 5518/4331/5228 5604/4322/5314 5563/4333/5273 5344/4332/5054
f 5604/4322/5314 5607/4323/5317 5564/4334/5274 5563/4333/5273
f 5607/4323/5317 5610/4326/5320 5565/4335/5275 5564/4334/5274
f 5610/4326/5320 5461/4337/5171 5326/4336/5036 5565/4335/5275
f 5609/4324/5319 5462/4338/5172 5461/4337/5171 5610/4326/5320
f 5608/4325/5318 5463/4339/5173 5462/4338/5172 5609/4324/5319
f 5560/4340/5270 5339/4341/5049 5463/4339/5173 5608/4325/5318
f 5561/4342/5271 5560/4340/5270 5608/4325/5318 5605/4321/5315
f 5562/4329/5272 5561/4342/5271 5605/4321/5315 5602/4318/5312
f 5611/4343/5321 5614/4346/5324 5615/4345/5325 5612/4344/5322
f 5612/4344/5322 5615/4345/5325 5616/4348/5326 5613/4347/5323
f 5614/4346/5324 5617/4350/5327 5618/4349/5328 5615/4345/5325
f 5615/4345/5325 5618/4349/5328 5619/4351/5329 5616/4348/5326
f 5357/4352/5067 5586/4354/5296 5611/4343/5321 5529/4353/5239
f 5529/4353/5239 5611/4343/5321 5612/4344/5322 5528/4355/5238
f 5528/4355/5238 5612/4344/5322 5613/4347/5323 5527/4356/5237
f 5527/4356/5237 5613/4347/5323 5587/4358/5297 5348/4357/5058
f 5613/4347/5323 5616/4348/5326 5588/4359/5298 5587/4358/5297
f 5616/4348/5326 5619/4351/5329 5589/4360/5299 5588/4359/5298
f 5619/4351/5329 5464/4362/5174 5334/4361/5044 5589/4360/5299
f 5618/4349/5328 5465/4363/5175 5464/4362/5174 5619/4351/5329
f 5617/4350/5327 5466/4364/5176 5465/4363/5175 5618/4349/5328
f 5584/4365/5294 5340/4366/5050 5466/4364/5176 5617/4350/5327
f 5585/4367/5295 5584/4365/5294 5617/4350/5327 5614/4346/5324
f 5586/4354/5296 5585/4367/5295 5614/4346/5324 5611/4343/5321
f 5620/4368/5330 5623/4371/5333 5624/4370/5334 5621/4369/5331
f 5621/4369/5331 5624/4370/5334 5625/4373/5335 5622/4372/5332
f 5623/4371/5333 5626/4375/5336 5627/4374/5337 5624/4370/5334
f 5624/4370/5334 5627/4374/5337 5628/4376/5338 5625/4373/5335
f 5360/4377/5070 5574/4379/5284 5620/4368/5330 5538/4378/5248
f 5538/4378/5248 5620/4368/5330 5621/4369/5331 5537/4380/5247
f 5537/4380/5247 5621/4369/5331 5622/4372/5332 5536/4381/5246
f 5536/4381/5246 5622/4372/5332 5575/4383/5285 5346/4382/5056
f 5622/4372/5332 5625/4373/5335 5576/4384/5286 5575/4383/5285
f 5625/4373/5335 5628/4376/5338 5577/4385/5287 5576/4384/5286
f 5628/4376/5338 5458/4387/5168 5328/4386/5038 5577/4385/5287
f 5627/4374/5337 5459/4388/5169 5458/4387/5168 5628/4376/5338
f 5626/4375/5336 5460/4389/5170 5459/4388/5169 5627/4374/5337
f 5572/4390/5282 5338/4391/5048 5460/4389/5170 5626/4375/5336
f 5573/4392/5283 5572/4390/5282 5626/4375/5336 5623/4371/5333
f 5574/4379/5284 5573/4392/5283 5623/4371/5333 5620/4368/5330
f 5629/4393/5339 5632/4396/5342 5633/4395/5343 5630/4394/5340
f 5630/4394/5340 5633/4395/5343 5634/4398/5344 5631/4397/5341
f 5632/4396/5342 5635/4400/5345 5636/4399/5346 5633/4395/5343
f 5633/4395/5343 5636/4399/5346 5637/4401/5347 5634/4398/5344
f 5341/4402/5051 5556/4404/5266 5629/4393/5339 5469/4403/5179
f 5469/4403/5179 5629/4393/5339 5630/4394/5340 5468/4405/5178
f 5468/4405/5178 5630/4394/5340 5631/4397/5341 5467/4406/5177
f 5467/4406/5177 5631/4397/5341 5557/4408/5267 5332/4407/5042
f 5631/4397/5341 5634/4398/5344 5558/4409/5268 5557/4408/5267
f 5634/4398/5344 5637/4401/5347 5559/4410/5269 5558/4409/5268
f 5637/4401/5347 5523/4412/5233 5345/4411/5055 5559/4410/5269
f 5636/4399/5346 5522/4413/5232 5523/4412/5233 5637/4401/5347
f 5635/4400/5345 5521/4414/5231 5522/4413/5232 5636/4399/5346
f 5554/4415/5264 5353/4416/5063 5521/4414/5231 5635/4400/5345
f 5555/4417/5265 5554/4415/5264 5635/4400/5345 5632/4396/5342
f 5556/4404/5266 5555/4417/5265 5632/4396/5342 5629/4393/5339
f 5638/4418/5348 5641/4421/5351 5642/4420/5352 5639/4419/5349
f 5639/4419/5349 5642/4420/5352 5643/4423/5353 5640/4422/5350
f 5641/4421/5351 5644/4425/5354 5645/4424/5355 5642/4420/5352
f 5642/4420/5352 5645/4424/5355 5646/4426/5356 5643/4423/5353
f 5337/4427/5047 5416/4429/5126 5638/4418/5348 5451/4428/5161
f 5451/4428/5161 5638/4418/5348 5639/4419/5349 5450/4430/5160
f 5450/4430/5160 5639/4419/5349 5640/4422/5350 5449/4431/5159
f 5449/4431/5159 5640/4422/5350 5430/4433/5140 5333/4432/5043
f 5640/4422/5350 5643/4423/5353 5429/4434/5139 5430/4433/5140
f 5643/4423/5353 5646/4426/5356 5428/4435/5138 5429/4434/5139
f 5646/4426/5356 5382/4437/5092 5319/4436/5029 5428/4435/5138
f 5645/4424/5355 5381/4438/5091 5382/4437/5092 5646/4426/5356
f 5644/4425/5354 5380/4439/5090 5381/4438/5091 5645/4424/5355
f 5418/4440/5128 5327/4441/5037 5380/4439/5090 5644/4425/5354
f 5417/4442/5127 5418/4440/5128 5644/4425/5354 5641/4421/5351
f 5416/4429/5126 5417/4442/5127 5641/4421/5351 5638/4418/5348
f 5647/4443/5357 5650/4446/5360 5651/4445/5361 5648/4444/5358
f 5648/4444/5358 5651/4445/5361 5652/4448/5362 5649/4447/5359
f 5650/4446/5360 5653/4450/5363 5654/4449/5364 5651/4445/5361
f 5651/4445/5361 5654/4449/5364 5655/4451/5365 5652/4448/5362
f 5327/4452/5037 5403/4454/5113 5647/4443/5357 5415/4453/5125
f 5415/4453/5125 5647/4443/5357 5648/4444/5358 5414/4455/5124
f 5414/4455/5124 5648/4444/5358 5649/4447/5359 5413/4456/5123
f 5413/4456/5123 5649/4447/5359 5386/4458/5096 5329/4457/5039
f 5649/4447/5359 5652/4448/5362 5387/4459/5097 5386/4458/5096
f 5652/4448/5362 5655/4451/5365 5388/4460/5098 5387/4459/5097
f 5655/4451/5365 5385/4462/5095 5321/4461/5031 5388/4460/5098
f 5654/4449/5364 5384/4463/5094 5385/4462/5095 5655/4451/5365
f 5653/4450/5363 5383/4464/5093 5384/4463/5094 5654/4449/5364
f 5401/4465/5111 5317/4466/5027 5383/4464/5093 5653/4450/5363
f 5402/4467/5112 5401/4465/5111 5653/4450/5363 5650/4446/5360
f 5403/4454/5113 5402/4467/5112 5650/4446/5360 5647/4443/5357
f 5656/4468/5366 5659/4471/5369 5660/4470/5370 5657/4469/5367
f 5657/4469/5367 5660/4470/5370 5661/4473/5371 5658/4472/5368
f 5659/4471/5369 5662/4475/5372 5663/4474/5373 5660/4470/5370
f 5660/4470/5370 5663/4474/5373 5664/4476/5374 5661/4473/5371
f 5333/4432/5043 5430/4433/5140 5656/4468/5366 5448/4477/5158
f 5448/4477/5158 5656/4468/5366 5657/4469/5367 5447/4478/5157
f 5447/4478/5157 5657/4469/5367 5658/4472/5368 5446/4479/5156
f 5446/4479/5156 5658/4472/5368 5389/4481/5099 5335/4480/5045
f 5658/4472/5368 5661/4473/5371 5390/4482/5100 5389/4481/5099
f 5661/4473/5371 5664/4476/5374 5391/4483/5101 5390/4482/5100
f 5664/4476/5374 5377/4485/5087 5324/4484/5034 5391/4483/5101
f 5663/4474/5373 5378/4486/5088 5377/4485/5087 5664/4476/5374
f 5662/4475/5372 5379/4487/5089 5378/4486/5088 5663/4474/5373
f 5428/4435/5138 5319/4436/5029 5379/4487/5089 5662/4475/5372
f 5429/4434/5139 5428/4435/5138 5662/4475/5372 5659/4471/5369
f 5430/4433/5140 5429/4434/5139 5659/4471/5369 5656/4468/5366
f 5665/4488/5375 5668/4491/5378 5669/4490/5379 5666/4489/5376
f 5666/4489/5376 5669/4490/5379 5670/4493/5380 5667/4492/5377
f 5668/4491/5378 5671/4495/5381 5672/4494/5382 5669/4490/5379
f 5669/4490/5379 5672/4494/5382 5673/4496/5383 5670/4493/5380
f 5325/4497/5035 5400/4499/5110 5665/4488/5375 5412/4498/5122
f 5412/4498/5122 5665/4488/5375 5666/4489/5376 5411/4500/5121
f 5411/4500/5121 5666/4489/5376 5667/4492/5377 5410/4501/5120
f 5410/4501/5120 5667/4492/5377 5392/4503/5102 5330/4502/5040
f 5667/4492/5377 5670/4493/5380 5393/4504/5103 5392/4503/5102
f 5670/4493/5380 5673/4496/5383 5394/4505/5104 5393/4504/5103
f 5673/4496/5383 5371/4507/5081 5323/4506/5033 5394/4505/5104
f 5672/4494/5382 5372/4508/5082 5371/4507/5081 5673/4496/5383
f 5671/4495/5381 5373/4509/5083 5372/4508/5082 5672/4494/5382
f 5398/4510/5108 5320/4511/5030 5373/4509/5083 5671/4495/5381
f 5399/4512/5109 5398/4510/5108 5671/4495/5381 5668/4491/5378
f 5400/4499/5110 5399/4512/5109 5668/4491/5378 5665/4488/5375
f 5674/4513/5384 5677/4516/5387 5678/4515/5388 5675/4514/5385
f 5675/4514/5385 5678/4515/5388 5679/4518/5389 5676/4517/5386
f 5677/4516/5387 5680/4520/5390 5681/4519/5391 5678/4515/5388
f 5678/4515/5388 5681/4519/5391 5682/4521/5392 5679/4518/5389
f 5331/4522/5041 5427/4524/5137 5674/4513/5384 5445/4523/5155
f 5445/4523/5155 5674/4513/5384 5675/4514/5385 5444/4525/5154
f 5444/4525/5154 5675/4514/5385 5676/4517/5386 5443/4526/5153
f 5443/4526/5153 5676/4517/5386 5395/4528/5105 5336/4527/5046
f 5676/4517/5386 5679/4518/5389 5396/4529/5106 5395/4528/5105
f 5679/4518/5389 5682/4521/5392 5397/4530/5107 5396/4529/5106
f 5682/4521/5392 5365/4532/5075 5322/4531/5032 5397/4530/5107
f 5681/4519/5391 5366/4533/5076 5365/4532/5075 5682/4521/5392
f 5680/4520/5390 5367/4534/5077 5366/4533/5076 5681/4519/5391
f 5425/4535/5135 5318/4536/5028 5367/4534/5077 5680/4520/5390
f 5426/4537/5136 5425/4535/5135 5680/4520/5390 5677/4516/5387
f 5427/4524/5137 5426/4537/5136 5677/4516/5387 5674/4513/5384
f 5683/4538/5393 5686/4541/5396 5687/4540/5397 5684/4539/5394
f 5684/4539/5394 5687/4540/5397 5688/4543/5398 5685/4542/5395
f 5686/4541/5396 5689/4545/5399 5690/4544/5400 5687/4540/5397
f 5687/4540/5397 5690/4544/5400 5691/4546/5401 5688/4543/5398
f 5318/4536/5028 5370/4547/5080 5683/4538/5393 5367/4534/5077
f 5367/4534/5077 5683/4538/5393 5684/4539/5394 5366/4533/5076
f 5366/4533/5076 5684/4539/5394 5685/4542/5395 5365/4532/5075
f 5365/4532/5075 5685/4542/5395 5407/4548/5117 5322/4531/5032
f 5685/4542/5395 5688/4543/5398 5408/4549/5118 5407/4548/5117
f 5688/4543/5398 5691/4546/5401 5409/4550/5119 5408/4549/5118
f 5691/4546/5401 5410/4501/5120 5330/4502/5040 5409/4550/5119
f 5690/4544/5400 5411/4500/5121 5410/4501/5120 5691/4546/5401
f 5689/4545/5399 5412/4498/5122 5411/4500/5121 5690/4544/5400
f 5368/4551/5078 5325/4497/5035 5412/4498/5122 5689/4545/5399
f 5369/4552/5079 5368/4551/5078 5689/4545/5399 5686/4541/5396
f 5370/4547/5080 5369/4552/5079 5686/4541/5396 5683/4538/5393
f 5692/4553/5402 5695/4556/5405 5696/4555/5406 5693/4554/5403
f 5693/4554/5403 5696/4555/5406 5697/4558/5407 5694/4557/5404
f 5695/4556/5405 5698/4560/5408 5699/4559/5409 5696/4555/5406
f 5696/4555/5406 5699/4559/5409 5700/4561/5410 5697/4558/5407
f 5319/4436/5029 5382/4562/5092 5692/4553/5402 5379/4487/5089
f 5379/4487/5089 5692/4553/5402 5693/4554/5403 5378/4486/5088
f 5378/4486/5088 5693/4554/5403 5694/4557/5404 5377/4485/5087
f 5377/4485/5087 5694/4557/5404 5404/4563/5114 5324/4484/5034
f 5694/4557/5404 5697/4558/5407 5405/4564/5115 5404/4563/5114
f 5697/4558/5407 5700/4561/5410 5406/4565/5116 5405/4564/5115
f 5700/4561/5410 5413/4456/5123 5329/4457/5039 5406/4565/5116
f 5699/4559/5409 5414/4455/5124 5413/4456/5123 5700/4561/5410
f 5698/4560/5408 5415/4453/5125 5414/4455/5124 5699/4559/5409
f 5380/4566/5090 5327/4452/5037 5415/4453/5125 5698/4560/5408
f 5381/4567/5091 5380/4566/5090 5698/4560/5408 5695/4556/5405
f 5382/4562/5092 5381/4567/5091 5695/4556/5405 5692/4553/5402
f 5701/4568/5411 5704/4571/5414 5705/4570/5415 5702/4569/5412
f 5702/4569/5412 5705/4570/5415 5706/4573/5416 5703/4572/5413
f 5704/4571/5414 5707/4575/5417 5708/4574/5418 5705/4570/5415
f 5705/4570/5415 5708/4574/5418 5709/4576/5419 5706/4573/5416
f 5331/4577/5041 5362/4579/5072 5701/4568/5411 5442/4578/5152
f 5442/4578/5152 5701/4568/5411 5702/4569/5412 5441/4580/5151
f 5441/4580/5151 5702/4569/5412 5703/4572/5413 5440/4581/5150
f 5440/4581/5150 5703/4572/5413 5416/4429/5126 5337/4427/5047
f 5703/4572/5413 5706/4573/5416 5417/4442/5127 5416/4429/5126
f 5706/4573/5416 5709/4576/5419 5418/4440/5128 5417/4442/5127
f 5709/4576/5419 5403/4582/5113 5327/4441/5037 5418/4440/5128
f 5708/4574/5418 5402/4583/5112 5403/4582/5113 5709/4576/5419
f 5707/4575/5417 5401/4584/5111 5402/4583/5112 5708/4574/5418
f 5364/4585/5074 5317/4586/5027 5401/4584/5111 5707/4575/5417
f 5363/4587/5073 5364/4585/5074 5707/4575/5417 5704/4571/5414
f 5362/4579/5072 5363/4587/5073 5704/4571/5414 5701/4568/5411
f 5710/4588/5420 5713/4591/5423 5714/4590/5424 5711/4589/5421
f 5711/4589/5421 5714/4590/5424 5715/4593/5425 5712/4592/5422
f 5713/4591/5423 5716/4595/5426 5717/4594/5427 5714/4590/5424
f 5714/4590/5424 5717/4594/5427 5718/4596/5428 5715/4593/5425
f 5339/4341/5049 5580/4597/5290 5710/4588/5420 5463/4339/5173
f 5463/4339/5173 5710/4588/5420 5711/4589/5421 5462/4338/5172
f 5462/4338/5172 5711/4589/5421 5712/4592/5422 5461/4337/5171
f 5461/4337/5171 5712/4592/5422 5581/4598/5291 5326/4336/5036
f 5712/4592/5422 5715/4593/5425 5582/4599/5292 5581/4598/5291
f 5715/4593/5425 5718/4596/5428 5583/4600/5293 5582/4599/5292
f 5718/4596/5428 5532/4602/5242 5349/4601/5059 5583/4600/5293
f 5717/4594/5427 5531/4603/5241 5532/4602/5242 5718/4596/5428
f 5716/4595/5426 5530/4604/5240 5531/4603/5241 5717/4594/5427
f 5578/4605/5288 5356/4606/5066 5530/4604/5240 5716/4595/5426
f 5579/4607/5289 5578/4605/5288 5716/4595/5426 5713/4591/5423
f 5580/4597/5290 5579/4607/5289 5713/4591/5423 5710/4588/5420
f 5719/4608/5429 5722/4611/5432 5723/4610/5433 5720/4609/5430
f 5720/4609/5430 5723/4610/5433 5724/4613/5434 5721/4612/5431
f 5722/4611/5432 5725/4615/5435 5726/4614/5436 5723/4610/5433
f 5723/4610/5433 5726/4614/5436 5727/4616/5437 5724/4613/5434
f 5340/4366/5050 5568/4617/5278 5719/4608/5429 5466/4364/5176
f 5466/4364/5176 5719/4608/5429 5720/4609/5430 5465/4363/5175
f 5465/4363/5175 5720/4609/5430 5721/4612/5431 5464/4362/5174
f 5464/4362/5174 5721/4612/5431 5569/4618/5279 5334/4361/5044
f 5721/4612/5431 5724/4613/5434 5570/4619/5280 5569/4618/5279
f 5724/4613/5434 5727/4616/5437 5571/4620/5281 5570/4619/5280
f 5727/4616/5437 5541/4622/5251 5347/4621/5057 5571/4620/5281
f 5726/4614/5436 5540/4623/5250 5541/4622/5251 5727/4616/5437
f 5725/4615/5435 5539/4624/5249 5540/4623/5250 5726/4614/5436
f 5566/4625/5276 5359/4626/5069 5539/4624/5249 5725/4615/5435
f 5567/4627/5277 5566/4625/5276 5725/4615/5435 5722/4611/5432
f 5568/4617/5278 5567/4627/5277 5722/4611/5432 5719/4608/5429
f 5728/4628/5438 5731/4631/5441 5732/4630/5442 5729/4629/5439
f 5729/4629/5439 5732/4630/5442 5733/4633/5443 5730/4632/5440
f 5731/4631/5441 5734/4635/5444 5735/4634/5445 5732/4630/5442
f 5732/4630/5442 5735/4634/5445 5736/4636/5446 5733/4633/5443
f 5318/4637/5028 5425/4639/5135 5728/4628/5438 5370/4638/5080
f 5370/4638/5080 5728/4628/5438 5729/4629/5439 5369/4640/5079
f 5369/4640/5079 5729/4629/5439 5730/4632/5440 5368/4641/5078
f 5368/4641/5078 5730/4632/5440 5437/4643/5147 5325/4642/5035
f 5730/4632/5440 5733/4633/5443 5438/4644/5148 5437/4643/5147
f 5733/4633/5443 5736/4636/5446 5439/4645/5149 5438/4644/5148
f 5736/4636/5446 5440/4581/5150 5337/4427/5047 5439/4645/5149
f 5735/4634/5445 5441/4580/5151 5440/4581/5150 5736/4636/5446
f 5734/4635/5444 5442/4578/5152 5441/4580/5151 5735/4634/5445
f 5427/4646/5137 5331/4577/5041 5442/4578/5152 5734/4635/5444
f 5426/4647/5136 5427/4646/5137 5734/4635/5444 5731/4631/5441
f 5425/4639/5135 5426/4647/5136 5731/4631/5441 5728/4628/5438
f 5737/4648/5447 5740/4651/5450 5741/4650/5451 5738/4649/5448
f 5738/4649/5448 5741/4650/5451 5742/4653/5452 5739/4652/5449
f 5740/4651/5450 5743/4655/5453 5744/4654/5454 5741/4650/5451
f 5741/4650/5451 5744/4654/5454 5745/4656/5455 5742/4653/5452
f 5317/4657/5027 5364/4659/5074 5737/4648/5447 5383/4658/5093
f 5383/4658/5093 5737/4648/5447 5738/4649/5448 5384/4660/5094
f 5384/4660/5094 5738/4649/5448 5739/4652/5449 5385/4661/5095
f 5385/4661/5095 5739/4652/5449 5434/4663/5144 5321/4662/5031
f 5739/4652/5449 5742/4653/5452 5435/4664/5145 5434/4663/5144
f 5742/4653/5452 5745/4656/5455 5436/4665/5146 5435/4664/5145
f 5745/4656/5455 5443/4526/5153 5336/4527/5046 5436/4665/5146
f 5744/4654/5454 5444/4525/5154 5443/4526/5153 5745/4656/5455
f 5743/4655/5453 5445/4523/5155 5444/4525/5154 5744/4654/5454
f 5362/4666/5072 5331/4522/5041 5445/4523/5155 5743/4655/5453
f 5363/4667/5073 5362/4666/5072 5743/4655/5453 5740/4651/5450
f 5364/4659/5074 5363/4667/5073 5740/4651/5450 5737/4648/5447
f 5746/4668/5456 5749/4671/5459 5750/4670/5460 5747/4669/5457
f 5747/4669/5457 5750/4670/5460 5751/4673/5461 5748/4672/5458
f 5749/4671/5459 5752/4675/5462 5753/4674/5463 5750/4670/5460
f 5750/4670/5460 5753/4674/5463 5754/4676/5464 5751/4673/5461
f 5320/4511/5030 5376/4677/5086 5746/4668/5456 5373/4509/5083
f 5373/4509/5083 5746/4668/5456 5747/4669/5457 5372/4508/5082
f 5372/4508/5082 5747/4669/5457 5748/4672/5458 5371/4507/5081
f 5371/4507/5081 5748/4672/5458 5431/4678/5141 5323/4506/5033
f 5748/4672/5458 5751/4673/5461 5432/4679/5142 5431/4678/5141
f 5751/4673/5461 5754/4676/5464 5433/4680/5143 5432/4679/5142
f 5754/4676/5464 5446/4479/5156 5335/4480/5045 5433/4680/5143
f 5753/4674/5463 5447/4478/5157 5446/4479/5156 5754/4676/5464
f 5752/4675/5462 5448/4477/5158 5447/4478/5157 5753/4674/5463
f 5374/4681/5084 5333/4432/5043 5448/4477/5158 5752/4675/5462
f 5375/4682/5085 5374/4681/5084 5752/4675/5462 5749/4671/5459
f 5376/4677/5086 5375/4682/5085 5749/4671/5459 5746/4668/5456
f 5755/4683/5465 5758/4686/5468 5759/4685/5469 5756/4684/5466
f 5756/4684/5466 5759/4685/5469 5760/4688/5470 5757/4687/5467
f 5758/4686/5468 5761/4690/5471 5762/4689/5472 5759/4685/5469
f 5759/4685/5469 5762/4689/5472 5763/4691/5473 5760/4688/5470
f 5325/4642/5035 5437/4643/5147 5755/4683/5465 5400/4692/5110
f 5400/4692/5110 5755/4683/5465 5756/4684/5466 5399/4693/5109
f 5399/4693/5109 5756/4684/5466 5757/4687/5467 5398/4694/5108
f 5398/4694/5108 5757/4687/5467 5376/4677/5086 5320/4511/5030
f 5757/4687/5467 5760/4688/5470 5375/4682/5085 5376/4677/5086
f 5760/4688/5470 5763/4691/5473 5374/4681/5084 5375/4682/5085
f 5763/4691/5473 5449/4431/5159 5333/4432/5043 5374/4681/5084
f 5762/4689/5472 5450/4430/5160 5449/4431/5159 5763/4691/5473
f 5761/4690/5471 5451/4428/5161 5450/4430/5160 5762/4689/5472
f 5439/4645/5149 5337/4427/5047 5451/4428/5161 5761/4690/5471
f 5438/4644/5148 5439/4645/5149 5761/4690/5471 5758/4686/5468
f 5437/4643/5147 5438/4644/5148 5758/4686/5468 5755/4683/5465
f 5765/4695/5475 5774/4698/5484 5764/4697/5474 5766/4696/5476
f 5767/4699/5477 5766/4701/5476 5764/4697/5474 5768/4700/5478
f 5769/4702/5479 5768/4704/5478 5764/4697/5474 5770/4703/5480
f 5771/4705/5481 5770/4707/5480 5764/4697/5474 5772/4706/5482
f 5773/4708/5483 5772/4706/5482 5764/4697/5474 5774/4698/5484
f 5329/4709/5039 5386/4711/5096 5765/4695/5475 5421/4710/5131
f 5421/4710/5131 5765/4695/5475 5766/4696/5476 5420/4712/5130
f 5386/4711/5096 5387/4459/5097 5774/4698/5484 5765/4695/5475
f 5338/4713/5048 5419/4715/5129 5767/4699/5477 5550/4714/5260
f 5550/4714/5260 5767/4699/5477 5768/4700/5478 5549/4716/5259
f 5419/4715/5129 5420/4717/5130 5766/4701/5476 5767/4699/5477
f 5350/4718/5060 5548/4720/5258 5769/4702/5479 5472/4719/5182
f 5472/4719/5182 5769/4702/5479 5770/4703/5480 5471/4721/5181
f 5548/4720/5258 5549/4722/5259 5768/4704/5478 5769/4702/5479
f 5352/4723/5062 5470/4725/5180 5771/4705/5481 5590/4724/5300
f 5590/4724/5300 5771/4705/5481 5772/4706/5482 5591/4726/5301
f 5470/4725/5180 5471/4727/5181 5770/4707/5480 5771/4705/5481
f 5321/4461/5031 5592/4729/5302 5773/4708/5483 5388/4728/5098
f 5388/4728/5098 5773/4708/5483 5774/4698/5484 5387/4730/5097
f 5592/4729/5302 5591/4726/5301 5772/4706/5482 5773/4708/5483
f 5775/4731/5485 5778/4734/5488 5779/4733/5489 5776/4732/5486
f 5776/4732/5486 5779/4733/5489 5780/4736/5490 5777/4735/5487
f 5778/4734/5488 5781/4738/5491 5782/4737/5492 5779/4733/5489
f 5779/4733/5489 5782/4737/5492 5783/4739/5493 5780/4736/5490
f 5338/4391/5048 5550/4714/5260 5775/4731/5485 5460/4389/5170
f 5460/4389/5170 5775/4731/5485 5776/4732/5486 5459/4388/5169
f 5459/4388/5169 5776/4732/5486 5777/4735/5487 5458/4387/5168
f 5458/4387/5168 5777/4735/5487 5551/4740/5261 5328/4386/5038
f 5777/4735/5487 5780/4736/5490 5552/4741/5262 5551/4740/5261
f 5780/4736/5490 5783/4739/5493 5553/4742/5263 5552/4741/5262
f 5783/4739/5493 5508/4744/5218 5343/4743/5053 5553/4742/5263
f 5782/4737/5492 5507/4745/5217 5508/4744/5218 5783/4739/5493
f 5781/4738/5491 5506/4746/5216 5507/4745/5217 5782/4737/5492
f 5548/4720/5258 5350/4718/5060 5506/4746/5216 5781/4738/5491
f 5549/4722/5259 5548/4720/5258 5781/4738/5491 5778/4734/5488
f 5550/4714/5260 5549/4722/5259 5778/4734/5488 5775/4731/5485
f 5785/4747/5495 5794/4750/5504 5784/4749/5494 5786/4748/5496
f 5787/4751/5497 5786/4753/5496 5784/4749/5494 5788/4752/5498
f 5789/4754/5499 5788/4756/5498 5784/4749/5494 5790/4755/5500
f 5791/4757/5501 5790/4759/5500 5784/4749/5494 5792/4758/5502
f 5793/4760/5503 5792/4761/5502 5784/4749/5494 5794/4750/5504
f 5336/4762/5046 5395/4528/5105 5785/4747/5495 5457/4763/5167
f 5457/4763/5167 5785/4747/5495 5786/4748/5496 5456/4764/5166
f 5395/4528/5105 5396/4765/5106 5794/4750/5504 5785/4747/5495
f 5341/4766/5051 5455/4768/5165 5787/4751/5497 5556/4767/5266
f 5556/4767/5266 5787/4751/5497 5788/4752/5498 5555/4417/5265
f 5455/4768/5165 5456/4769/5166 5786/4753/5496 5787/4751/5497
f 5353/4416/5063 5554/4771/5264 5789/4754/5499 5481/4770/5191
f 5481/4770/5191 5789/4754/5499 5790/4755/5500 5480/4772/5190
f 5554/4771/5264 5555/4417/5265 5788/4756/5498 5789/4754/5499
f 5355/4773/5065 5479/4775/5189 5791/4757/5501 5593/4774/5303
f 5593/4774/5303 5791/4757/5501 5792/4758/5502 5594/4776/5304
f 5479/4775/5189 5480/4777/5190 5790/4759/5500 5791/4757/5501
f 5322/4778/5032 5595/4780/5305 5793/4760/5503 5397/4779/5107
f 5397/4779/5107 5793/4760/5503 5794/4750/5504 5396/4765/5106
f 5595/4780/5305 5594/4776/5304 5792/4761/5502 5793/4760/5503
f 5796/4781/5506 5805/4784/5515 5795/4783/5505 5797/4782/5507
f 5798/4785/5508 5797/4782/5507 5795/4783/5505 5799/4786/5509
f 5800/4787/5510 5799/4789/5509 5795/4783/5505 5801/4788/5511
f 5802/4790/5512 5801/4792/5511 5795/4783/5505 5803/4791/5513
f 5804/4793/5514 5803/4791/5513 5795/4783/5505 5805/4784/5515
f 5335/4794/5045 5389/4796/5099 5796/4781/5506 5454/4795/5164
f 5454/4795/5164 5796/4781/5506 5797/4782/5507 5453/4797/5163
f 5389/4796/5099 5390/4798/5100 5805/4784/5515 5796/4781/5506
f 5340/4799/5050 5452/4801/5162 5798/4785/5508 5568/4800/5278
f 5568/4800/5278 5798/4785/5508 5799/4786/5509 5567/4802/5277
f 5452/4801/5162 5453/4803/5163 5797/4782/5507 5798/4785/5508
f 5359/4626/5069 5566/4805/5276 5800/4787/5510 5499/4804/5209
f 5499/4804/5209 5800/4787/5510 5801/4788/5511 5498/4806/5208
f 5566/4805/5276 5567/4807/5277 5799/4789/5509 5800/4787/5510
f 5361/4808/5071 5497/4810/5207 5802/4790/5512 5599/4809/5309
f 5599/4809/5309 5802/4790/5512 5803/4791/5513 5600/4811/5310
f 5497/4810/5207 5498/4812/5208 5801/4792/5511 5802/4790/5512
f 5324/4484/5034 5601/4814/5311 5804/4793/5514 5391/4813/5101
f 5391/4813/5101 5804/4793/5514 5805/4784/5515 5390/4815/5100
f 5601/4814/5311 5600/4811/5310 5803/4791/5513 5804/4793/5514
f 5807/4816/5517 5816/4819/5526 5806/4818/5516 5808/4817/5518
f 5809/4820/5519 5808/4817/5518 5806/4818/5516 5810/4821/5520
f 5811/4822/5521 5810/4821/5520 5806/4818/5516 5812/4823/5522
f 5813/4824/5523 5812/4826/5522 5806/4818/5516 5814/4825/5524
f 5815/4827/5525 5814/4829/5524 5806/4818/5516 5816/4828/5526
f 5330/4830/5040 5392/4832/5102 5807/4816/5517 5424/4831/5134
f 5424/4831/5134 5807/4816/5517 5808/4817/5518 5423/4833/5133
f 5392/4832/5102 5393/4834/5103 5816/4819/5526 5807/4816/5517
f 5339/4835/5049 5422/4837/5132 5809/4820/5519 5580/4836/5290
f 5580/4836/5290 5809/4820/5519 5810/4821/5520 5579/4838/5289
f 5422/4837/5132 5423/4839/5133 5808/4817/5518 5809/4820/5519
f 5356/4606/5066 5578/4841/5288 5811/4822/5521 5490/4840/5200
f 5490/4840/5200 5811/4822/5521 5812/4823/5522 5489/4842/5199
f 5578/4841/5288 5579/4607/5289 5810/4821/5520 5811/4822/5521
f 5358/4843/5068 5488/4845/5198 5813/4824/5523 5596/4844/5306
f 5596/4844/5306 5813/4824/5523 5814/4825/5524 5597/4846/5307
f 5488/4845/5198 5489/4847/5199 5812/4826/5522 5813/4824/5523
f 5323/4848/5033 5598/4850/5308 5815/4827/5525 5394/4849/5104
f 5394/4849/5104 5815/4827/5525 5816/4828/5526 5393/4851/5103
f 5598/4850/5308 5597/4852/5307 5814/4829/5524 5815/4827/5525
f 5818/4853/5528 5827/4856/5537 5817/4855/5527 5819/4854/5529
f 5820/4857/5530 5819/4854/5529 5817/4855/5527 5821/4858/5531
f 5822/4859/5532 5821/4861/5531 5817/4855/5527 5823/4860/5533
f 5824/4862/5534 5823/4864/5533 5817/4855/5527 5825/4863/5535
f 5826/4865/5536 5825/4866/5535 5817/4855/5527 5827/4856/5537
f 5321/4662/5031 5434/4663/5144 5818/4853/5528 5592/4867/5302
f 5592/4867/5302 5818/4853/5528 5819/4854/5529 5591/4868/5301
f 5434/4663/5144 5435/4869/5145 5827/4856/5537 5818/4853/5528
f 5352/4870/5062 5590/4872/5300 5820/4857/5530 5478/4871/5188
f 5478/4871/5188 5820/4857/5530 5821/4858/5531 5477/4873/5187
f 5590/4872/5300 5591/4868/5301 5819/4854/5529 5820/4857/5530
f 5351/4874/5061 5476/4876/5186 5822/4859/5532 5544/4875/5254
f 5544/4875/5254 5822/4859/5532 5823/4860/5533 5543/4877/5253
f 5476/4876/5186 5477/4878/5187 5821/4861/5531 5822/4859/5532
f 5341/4879/5051 5542/4881/5252 5824/4862/5534 5455/4880/5165
f 5455/4880/5165 5824/4862/5534 5825/4863/5535 5456/4882/5166
f 5542/4881/5252 5543/4883/5253 5823/4864/5533 5824/4862/5534
f 5336/4884/5046 5457/4886/5167 5826/4865/5536 5436/4885/5146
f 5436/4885/5146 5826/4865/5536 5827/4856/5537 5435/4869/5145
f 5457/4886/5167 5456/4887/5166 5825/4866/5535 5826/4865/5536
f 5829/4888/5539 5838/4891/5548 5828/4890/5538 5830/4889/5540
f 5831/4892/5541 5830/4894/5540 5828/4890/5538 5832/4893/5542
f 5833/4895/5543 5832/4893/5542 5828/4890/5538 5834/4896/5544
f 5835/4897/5545 5834/4899/5544 5828/4890/5538 5836/4898/5546
f 5837/4900/5547 5836/4902/5546 5828/4890/5538 5838/4901/5548
f 5324/4903/5034 5404/4904/5114 5829/4888/5539 5601/4814/5311
f 5601/4814/5311 5829/4888/5539 5830/4889/5540 5600/4905/5310
f 5404/4904/5114 5405/4906/5115 5838/4891/5548 5829/4888/5539
f 5361/4808/5071 5599/4908/5309 5831/4892/5541 5505/4907/5215
f 5505/4907/5215 5831/4892/5541 5832/4893/5542 5504/4909/5214
f 5599/4908/5309 5600/4910/5310 5830/4894/5540 5831/4892/5541
f 5360/4377/5070 5503/4912/5213 5833/4895/5543 5574/4911/5284
f 5574/4911/5284 5833/4895/5543 5834/4896/5544 5573/4913/5283
f 5503/4912/5213 5504/4914/5214 5832/4893/5542 5833/4895/5543
f 5338/4915/5048 5572/4390/5282 5835/4897/5545 5419/4916/5129
f 5419/4916/5129 5835/4897/5545 5836/4898/5546 5420/4917/5130
f 5572/4390/5282 5573/4913/5283 5834/4899/5544 5835/4897/5545
f 5329/4918/5039 5421/4920/5131 5837/4900/5547 5406/4919/5116
f 5406/4919/5116 5837/4900/5547 5838/4901/5548 5405/4921/5115
f 5421/4920/5131 5420/4712/5130 5836/4902/5546 5837/4900/5547
f 5840/4922/5550 5849/4925/5559 5839/4924/5549 5841/4923/5551
f 5842/4926/5552 5841/4928/5551 5839/4924/5549 5843/4927/5553
f 5844/4929/5554 5843/4931/5553 5839/4924/5549 5845/4930/5555
f 5846/4932/5556 5845/4934/5555 5839/4924/5549 5847/4933/5557
f 5848/4935/5558 5847/4933/5557 5839/4924/5549 5849/4925/5559
f 5323/4936/5033 5431/4937/5141 5840/4922/5550 5598/4850/5308
f 5598/4850/5308 5840/4922/5550 5841/4923/5551 5597/4846/5307
f 5431/4937/5141 5432/4938/5142 5849/4925/5559 5840/4922/5550
f 5358/4843/5068 5596/4940/5306 5842/4926/5552 5496/4939/5206
f 5496/4939/5206 5842/4926/5552 5843/4927/5553 5495/4941/5205
f 5596/4940/5306 5597/4942/5307 5841/4928/5551 5842/4926/5552
f 5357/4352/5067 5494/4944/5204 5844/4929/5554 5586/4943/5296
f 5586/4943/5296 5844/4929/5554 5845/4930/5555 5585/4945/5295
f 5494/4944/5204 5495/4946/5205 5843/4931/5553 5844/4929/5554
f 5340/4947/5050 5584/4949/5294 5846/4932/5556 5452/4948/5162
f 5452/4948/5162 5846/4932/5556 5847/4933/5557 5453/4950/5163
f 5584/4949/5294 5585/4945/5295 5845/4934/5555 5846/4932/5556
f 5335/4951/5045 5454/4953/5164 5848/4935/5558 5433/4952/5143
f 5433/4952/5143 5848/4935/5558 5849/4925/5559 5432/4954/5142
f 5454/4953/5164 5453/4955/5163 5847/4933/5557 5848/4935/5558
f 5851/4956/5561 5860/4959/5570 5850/4958/5560 5852/4957/5562
f 5853/4960/5563 5852/4962/5562 5850/4958/5560 5854/4961/5564
f 5855/4963/5565 5854/4965/5564 5850/4958/5560 5856/4964/5566
f 5857/4966/5567 5856/4968/5566 5850/4958/5560 5858/4967/5568
f 5859/4969/5569 5858/4967/5568 5850/4958/5560 5860/4970/5570
f 5322/4971/5032 5407/4973/5117 5851/4956/5561 5595/4972/5305
f 5595/4972/5305 5851/4956/5561 5852/4957/5562 5594/4974/5304
f 5407/4973/5117 5408/4975/5118 5860/4959/5570 5851/4956/5561
f 5355/4773/5065 5593/4977/5303 5853/4960/5563 5487/4976/5197
f 5487/4976/5197 5853/4960/5563 5854/4961/5564 5486/4978/5196
f 5593/4977/5303 5594/4776/5304 5852/4962/5562 5853/4960/5563
f 5354/4327/5064 5485/4980/5195 5855/4963/5565 5562/4979/5272
f 5562/4979/5272 5855/4963/5565 5856/4964/5566 5561/4981/5271
f 5485/4980/5195 5486/4982/5196 5854/4965/5564 5855/4963/5565
f 5339/4983/5049 5560/4985/5270 5857/4966/5567 5422/4984/5132
f 5422/4984/5132 5857/4966/5567 5858/4967/5568 5423/4839/5133
f 5560/4985/5270 5561/4342/5271 5856/4968/5566 5857/4966/5567
f 5330/4986/5040 5424/4988/5134 5859/4969/5569 5409/4987/5119
f 5409/4987/5119 5859/4969/5569 5860/4970/5570 5408/4989/5118
f 5424/4988/5134 5423/4833/5133 5858/4967/5568 5859/4969/5569
f 5862/4990/5572 5867/4993/5577 5861/4992/5571 5863/4991/5573
f 5864/4994/5574 5863/4996/5573 5861/4992/5571 5865/4995/5575
f 5866/4997/5576 5865/4999/5575 5861/4992/5571 5867/4998/5577
f 5350/5000/5060 5472/5002/5182 5862/4990/5572 5473/5001/5183
f 5473/5001/5183 5862/4990/5572 5863/4991/5573 5474/5003/5184
f 5472/5002/5182 5471/5004/5181 5867/4993/5577 5862/4990/5572
f 5351/5005/5061 5475/5007/5185 5864/4994/5574 5476/5006/5186
f 5476/5006/5186 5864/4994/5574 5865/4995/5575 5477/4878/5187
f 5475/5007/5185 5474/5008/5184 5863/4996/5573 5864/4994/5574
f 5352/4870/5062 5478/5010/5188 5866/4997/5576 5470/5009/5180
f 5470/5009/5180 5866/4997/5576 5867/4998/5577 5471/5004/5181
f 5478/5010/5188 5477/4878/5187 5865/4999/5575 5866/4997/5576
f 5869/5011/5579 5874/5014/5584 5868/5013/5578 5870/5012/5580
f 5871/5015/5581 5870/5012/5580 5868/5013/5578 5872/5016/5582
f 5873/5017/5583 5872/5019/5582 5868/5013/5578 5874/5018/5584
f 5353/4416/5063 5481/5021/5191 5869/5011/5579 5482/5020/5192
f 5482/5020/5192 5869/5011/5579 5870/5012/5580 5483/5022/5193
f 5481/5021/5191 5480/5023/5190 5874/5014/5584 5869/5011/5579
f 5354/5024/5064 5484/5026/5194 5871/5015/5581 5485/5025/5195
f 5485/5025/5195 5871/5015/5581 5872/5016/5582 5486/5027/5196
f 5484/5026/5194 5483/5022/5193 5870/5012/5580 5871/5015/5581
f 5355/4773/5065 5487/5029/5197 5873/5017/5583 5479/5028/5189
f 5479/5028/5189 5873/5017/5583 5874/5018/5584 5480/4772/5190
f 5487/5029/5197 5486/5030/5196 5872/5019/5582 5873/5017/5583
f 5876/5031/5586 5881/5034/5591 5875/5033/5585 5877/5032/5587
f 5878/5035/5588 5877/5037/5587 5875/5033/5585 5879/5036/5589
f 5880/5038/5590 5879/5039/5589 5875/5033/5585 5881/5034/5591
f 5356/4606/5066 5490/5041/5200 5876/5031/5586 5491/5040/5201
f 5491/5040/5201 5876/5031/5586 5877/5032/5587 5492/5042/5202
f 5490/5041/5200 5489/4842/5199 5881/5034/5591 5876/5031/5586
f 5357/5043/5067 5493/5045/5203 5878/5035/5588 5494/5044/5204
f 5494/5044/5204 5878/5035/5588 5879/5036/5589 5495/5046/5205
f 5493/5045/5203 5492/5042/5202 5877/5037/5587 5878/5035/5588
f 5358/4843/5068 5496/5048/5206 5880/5038/5590 5488/5047/5198
f 5488/5047/5198 5880/5038/5590 5881/5034/5591 5489/4842/5199
f 5496/5048/5206 5495/5046/5205 5879/5039/5589 5880/5038/5590
f 5883/5049/5593 5888/5052/5598 5882/5051/5592 5884/5050/5594
f 5885/5053/5595 5884/5055/5594 5882/5051/5592 5886/5054/5596
f 5887/5056/5597 5886/5054/5596 5882/5051/5592 5888/5057/5598
f 5359/4626/5069 5499/5059/5209 5883/5049/5593 5500/5058/5210
f 5500/5058/5210 5883/5049/5593 5884/5050/5594 5501/5060/5211
f 5499/5059/5209 5498/5061/5208 5888/5052/5598 5883/5049/5593
f 5360/5062/5070 5502/5064/5212 5885/5053/5595 5503/5063/5213
f 5503/5063/5213 5885/5053/5595 5886/5054/5596 5504/5065/5214
f 5502/5064/5212 5501/5060/5211 5884/5055/5594 5885/5053/5595
f 5361/4808/5071 5505/5067/5215 5887/5056/5597 5497/5066/5207
f 5497/5066/5207 5887/5056/5597 5888/5057/5598 5498/4806/5208
f 5505/5067/5215 5504/5068/5214 5886/5054/5596 5887/5056/5597
f 5889/5069/5599 5892/5072/5602 5893/5071/5603 5890/5070/5600
f 5890/5070/5600 5893/5071/5603 5894/5074/5604 5891/5073/5601
f 5892/5072/5602 5895/5076/5605 5896/5075/5606 5893/5071/5603
f 5893/5071/5603 5896/5075/5606 5897/5077/5607 5894/5074/5604
f 5350/5000/5060 5473/5001/5183 5889/5069/5599 5506/5078/5216
f 5506/5078/5216 5889/5069/5599 5890/5070/5600 5507/5079/5217
f 5507/5079/5217 5890/5070/5600 5891/5073/5601 5508/5080/5218
f 5508/5080/5218 5891/5073/5601 5509/5082/5219 5343/5081/5053
f 5891/5073/5601 5894/5074/5604 5510/5083/5220 5509/5082/5219
f 5894/5074/5604 5897/5077/5607 5511/5084/5221 5510/5083/5220
f 5897/5077/5607 5512/5086/5222 5342/5085/5052 5511/5084/5221
f 5896/5075/5606 5513/5087/5223 5512/5086/5222 5897/5077/5607
f 5895/5076/5605 5514/5088/5224 5513/5087/5223 5896/5075/5606
f 5475/5089/5185 5351/5090/5061 5514/5088/5224 5895/5076/5605
f 5474/5091/5184 5475/5089/5185 5895/5076/5605 5892/5072/5602
f 5473/5001/5183 5474/5091/5184 5892/5072/5602 5889/5069/5599
f 5898/5092/5608 5901/5095/5611 5902/5094/5612 5899/5093/5609
f 5899/5093/5609 5902/5094/5612 5903/5097/5613 5900/5096/5610
f 5901/5095/5611 5904/5099/5614 5905/5098/5615 5902/5094/5612
f 5902/5094/5612 5905/5098/5615 5906/5100/5616 5903/5097/5613
f 5344/4332/5054 5517/5102/5227 5898/5092/5608 5518/5101/5228
f 5518/5101/5228 5898/5092/5608 5899/5093/5609 5519/5103/5229
f 5519/5103/5229 5899/5093/5609 5900/5096/5610 5520/4328/5230
f 5520/4328/5230 5900/5096/5610 5484/5104/5194 5354/4327/5064
f 5900/5096/5610 5903/5097/5613 5483/5105/5193 5484/5104/5194
f 5903/5097/5613 5906/5100/5616 5482/5106/5192 5483/5105/5193
f 5906/5100/5616 5521/5107/5231 5353/4416/5063 5482/5106/5192
f 5905/5098/5615 5522/4413/5232 5521/5107/5231 5906/5100/5616
f 5904/5099/5614 5523/5108/5233 5522/4413/5232 5905/5098/5615
f 5515/5109/5225 5345/4411/5055 5523/5108/5233 5904/5099/5614
f 5516/5110/5226 5515/5109/5225 5904/5099/5614 5901/5095/5611
f 5517/5102/5227 5516/5110/5226 5901/5095/5611 5898/5092/5608
f 5907/5111/5617 5910/5114/5620 5911/5113/5621 5908/5112/5618
f 5908/5112/5618 5911/5113/5621 5912/5116/5622 5909/5115/5619
f 5910/5114/5620 5913/5118/5623 5914/5117/5624 5911/5113/5621
f 5911/5113/5621 5914/5117/5624 5915/5119/5625 5912/5116/5622
f 5348/4357/5058 5526/5121/5236 5907/5111/5617 5527/5120/5237
f 5527/5120/5237 5907/5111/5617 5908/5112/5618 5528/5122/5238
f 5528/5122/5238 5908/5112/5618 5909/5115/5619 5529/5123/5239
f 5529/5123/5239 5909/5115/5619 5493/5124/5203 5357/4352/5067
f 5909/5115/5619 5912/5116/5622 5492/5125/5202 5493/5124/5203
f 5912/5116/5622 5915/5119/5625 5491/5126/5201 5492/5125/5202
f 5915/5119/5625 5530/5127/5240 5356/4606/5066 5491/5126/5201
f 5914/5117/5624 5531/5128/5241 5530/5127/5240 5915/5119/5625
f 5913/5118/5623 5532/4602/5242 5531/5128/5241 5914/5117/5624
f 5524/5129/5234 5349/4601/5059 5532/4602/5242 5913/5118/5623
f 5525/5130/5235 5524/5129/5234 5913/5118/5623 5910/5114/5620
f 5526/5121/5236 5525/5130/5235 5910/5114/5620 5907/5111/5617
f 5916/5131/5626 5919/5134/5629 5920/5133/5630 5917/5132/5627
f 5917/5132/5627 5920/5133/5630 5921/5136/5631 5918/5135/5628
f 5919/5134/5629 5922/5138/5632 5923/5137/5633 5920/5133/5630
f 5920/5133/5630 5923/5137/5633 5924/5139/5634 5921/5136/5631
f 5346/4382/5056 5535/5141/5245 5916/5131/5626 5536/5140/5246
f 5536/5140/5246 5916/5131/5626 5917/5132/5627 5537/5142/5247
f 5537/5142/5247 5917/5132/5627 5918/5135/5628 5538/5143/5248
f 5538/5143/5248 5918/5135/5628 5502/5144/5212 5360/4377/5070
f 5918/5135/5628 5921/5136/5631 5501/5145/5211 5502/5144/5212
f 5921/5136/5631 5924/5139/5634 5500/5146/5210 5501/5145/5211
f 5924/5139/5634 5539/5147/5249 5359/4626/5069 5500/5146/5210
f 5923/5137/5633 5540/4623/5250 5539/5147/5249 5924/5139/5634
f 5922/5138/5632 5541/4622/5251 5540/4623/5250 5923/5137/5633
f 5533/5148/5243 5347/4621/5057 5541/4622/5251 5922/5138/5632
f 5534/5149/5244 5533/5148/5243 5922/5138/5632 5919/5134/5629
f 5535/5141/5245 5534/5149/5244 5919/5134/5629 5916/5131/5626
f 5925/5150/5635 5928/5153/5638 5929/5152/5639 5926/5151/5636
f 5926/5151/5636 5929/5152/5639 5930/5155/5640 5927/5154/5637
f 5928/5153/5638 5931/5157/5641 5932/5156/5642 5929/5152/5639
f 5929/5152/5639 5932/5156/5642 5933/5158/5643 5930/5155/5640
f 5351/5090/5061 5544/4875/5254 5925/5150/5635 5514/5088/5224
f 5514/5088/5224 5925/5150/5635 5926/5151/5636 5513/5087/5223
f 5513/5087/5223 5926/5151/5636 5927/5154/5637 5512/5086/5222
f 5512/5086/5222 5927/5154/5637 5545/5159/5255 5342/5085/5052
f 5927/5154/5637 5930/5155/5640 5546/5160/5256 5545/5159/5255
f 5930/5155/5640 5933/5158/5643 5547/5161/5257 5546/5160/5256
f 5933/5158/5643 5467/4406/5177 5332/4407/5042 5547/5161/5257
f 5932/5156/5642 5468/4405/5178 5467/4406/5177 5933/5158/5643
f 5931/5157/5641 5469/4403/5179 5468/4405/5178 5932/5156/5642
f 5542/4881/5252 5341/4402/5051 5469/4403/5179 5931/5157/5641
f 5543/4883/5253 5542/4881/5252 5931/5157/5641 5928/5153/5638
f 5544/4875/5254 5543/4883/5253 5928/5153/5638 5925/5150/5635
f 4892/5082/4602 4726/5081/4436 5343/5081/5053 5509/5082/5219
f 4893/5083/4603 4892/5082/4602 5509/5082/5219 5510/5083/5220
f 4894/5084/4604 4893/5083/4603 5510/5083/5220 5511/5084/5221
f 4725/5085/4435 4894/5084/4604 5511/5084/5221 5342/5085/5052
f 4898/5109/4608 4728/4411/4438 5345/4411/5055 5515/5109/5225
f 4899/5110/4609 4898/5109/4608 5515/5109/5225 5516/5110/5226
f 4900/5102/4610 4899/5110/4609 5516/5110/5226 5517/5102/5227
f 4727/4332/4437 4900/5102/4610 5517/5102/5227 5344/4332/5054
f 4907/5129/4617 4732/4601/4442 5349/4601/5059 5524/5129/5234
f 4908/5130/4618 4907/5129/4617 5524/5129/5234 5525/5130/5235
f 4909/5121/4619 4908/5130/4618 5525/5130/5235 5526/5121/5236
f 4731/4357/4441 4909/5121/4619 5526/5121/5236 5348/4357/5058
f 4916/5148/4626 4730/4621/4440 5347/4621/5057 5533/5148/5243
f 4917/5149/4627 4916/5148/4626 5533/5148/5243 5534/5149/5244
f 4918/5141/4628 4917/5149/4627 5534/5149/5244 5535/5141/5245
f 4729/4382/4439 4918/5141/4628 5535/5141/5245 5346/4382/5056
f 4928/5159/4638 4725/5085/4435 5342/5085/5052 5545/5159/5255
f 4929/5160/4639 4928/5159/4638 5545/5159/5255 5546/5160/5256
f 4930/5161/4640 4929/5160/4639 5546/5160/5256 5547/5161/5257
f 4715/4407/4425 4930/5161/4640 5547/5161/5257 5332/4407/5042
f 4934/4740/4644 4711/4386/4421 5328/4386/5038 5551/4740/5261
f 4935/4741/4645 4934/4740/4644 5551/4740/5261 5552/4741/5262
f 4936/4742/4646 4935/4741/4645 5552/4741/5262 5553/4742/5263
f 4726/4743/4436 4936/4742/4646 5553/4742/5263 5343/4743/5053
f 4940/4408/4650 4715/4407/4425 5332/4407/5042 5557/4408/5267
f 4941/4409/4651 4940/4408/4650 5557/4408/5267 5558/4409/5268
f 4942/4410/4652 4941/4409/4651 5558/4409/5268 5559/4410/5269
f 4728/4411/4438 4942/4410/4652 5559/4410/5269 5345/4411/5055
f 4946/4333/4656 4727/4332/4437 5344/4332/5054 5563/4333/5273
f 4947/4334/4657 4946/4333/4656 5563/4333/5273 5564/4334/5274
f 4948/4335/4658 4947/4334/4657 5564/4334/5274 5565/4335/5275
f 4709/4336/4419 4948/4335/4658 5565/4335/5275 5326/4336/5036
f 4952/4618/4662 4717/4361/4427 5334/4361/5044 5569/4618/5279
f 4953/4619/4663 4952/4618/4662 5569/4618/5279 5570/4619/5280
f 4954/4620/4664 4953/4619/4663 5570/4619/5280 5571/4620/5281
f 4730/4621/4440 4954/4620/4664 5571/4620/5281 5347/4621/5057
f 4958/4383/4668 4729/4382/4439 5346/4382/5056 5575/4383/5285
f 4959/4384/4669 4958/4383/4668 5575/4383/5285 5576/4384/5286
f 4960/4385/4670 4959/4384/4669 5576/4384/5286 5577/4385/5287
f 4711/4386/4421 4960/4385/4670 5577/4385/5287 5328/4386/5038
f 4964/4598/4674 4709/4336/4419 5326/4336/5036 5581/4598/5291
f 4965/4599/4675 4964/4598/4674 5581/4598/5291 5582/4599/5292
f 4966/4600/4676 4965/4599/4675 5582/4599/5292 5583/4600/5293
f 4732/4601/4442 4966/4600/4676 5583/4600/5293 5349/4601/5059
f 4970/4358/4680 4731/4357/4441 5348/4357/5058 5587/4358/5297
f 4971/4359/4681 4970/4358/4680 5587/4358/5297 5588/4359/5298
f 4972/4360/4682 4971/4359/4681 5588/4359/5298 5589/4360/5299
f 4717/4361/4427 4972/4360/4682 5589/4360/5299 5334/4361/5044
o Cylinder.004
v -0.114311 -0.032221 0.343807
v -0.114072 -0.030468 0.343233
v -0.107117 -0.033175 0.343892
v -0.106877 -0.031422 0.343318
v -0.100388 -0.033204 0.346613
v -0.100148 -0.031451 0.346039
v -0.095149 -0.032302 0.351554
v -0.094910 -0.030548 0.350981
v -0.092198 -0.030606 0.357965
v -0.091958 -0.028853 0.357391
v -0.091984 -0.028376 0.364869
v -0.091744 -0.026623 0.364295
v -0.094539 -0.025951 0.371214
v -0.094299 -0.024197 0.370640
v -0.099475 -0.023699 0.376036
v -0.099235 -0.021945 0.375462
v -0.106039 -0.021963 0.378599
v -0.105800 -0.020210 0.378025
v -0.113234 -0.021009 0.378514
v -0.112995 -0.019256 0.377940
v -0.119963 -0.020981 0.375794
v -0.119724 -0.019227 0.375220
v -0.125202 -0.021883 0.370852
v -0.124962 -0.020130 0.370278
v -0.128153 -0.023578 0.364441
v -0.127914 -0.021825 0.363867
v -0.128367 -0.025808 0.357538
v -0.128128 -0.024055 0.356964
v -0.125812 -0.028234 0.351192
v -0.125573 -0.026481 0.350618
v -0.120876 -0.030486 0.346371
v -0.120637 -0.028733 0.345797
v -0.109809 -0.024411 0.360326
v -0.110237 -0.027544 0.361351
vn -0.2223 -0.2757 -0.9352
vn 0.1644 -0.3270 -0.9306
vn 0.5262 -0.3285 -0.7844
vn 0.8078 -0.2801 -0.5187
vn 0.9664 -0.1889 -0.1741
vn 0.9780 -0.0690 0.1971
vn 0.8406 0.0614 0.5382
vn 0.5753 0.1824 0.7974
vn 0.2223 0.2757 0.9352
vn -0.1644 0.3270 0.9306
vn -0.5262 0.3285 0.7844
vn -0.8078 0.2801 0.5187
vn -0.9664 0.1889 0.1741
vn -0.9780 0.0690 -0.1971
vn -0.8406 -0.0614 -0.5382
vn 0.1542 0.9253 -0.3464
vn 0.1209 0.9324 -0.3406
vn 0.1287 0.9425 -0.3085
vn 0.1620 0.9354 -0.3143
vn -0.5753 -0.1824 -0.7974
vn -0.1324 -0.9470 0.2927
vn -0.1287 -0.9425 0.3085
vn -0.1449 -0.9392 0.3114
vn -0.1486 -0.9437 0.2956
vn 0.1363 0.9515 -0.2760
vn 0.0952 0.9485 -0.3023
vn 0.1028 0.9574 -0.2698
vn 0.1696 0.9444 -0.2818
vn 0.0875 0.9384 -0.3344
vn -0.1249 -0.9377 0.3242
vn -0.1412 -0.9344 0.3270
vn -0.1161 -0.9500 0.2897
vn -0.1124 -0.9455 0.3055
vn -0.1086 -0.9408 0.3212
vt 1.000000 0.765770
vt 1.000000 0.734230
vt 0.937500 0.734230
vt 0.937500 0.765770
vt 0.875000 0.734230
vt 0.875000 0.765770
vt 0.812500 0.734230
vt 0.812500 0.765770
vt 0.750000 0.734230
vt 0.750000 0.765770
vt 0.687500 0.734230
vt 0.687500 0.765770
vt 0.625000 0.734230
vt 0.625000 0.765770
vt 0.562500 0.734230
vt 0.562500 0.765770
vt 0.500000 0.734230
vt 0.500000 0.765770
vt 0.437500 0.734230
vt 0.437500 0.765770
vt 0.375000 0.734230
vt 0.375000 0.765770
vt 0.312500 0.734230
vt 0.312500 0.765770
vt 0.250000 0.734230
vt 0.250000 0.765770
vt 0.187500 0.734230
vt 0.187500 0.765770
vt 0.125000 0.734230
vt 0.125000 0.765770
vt 0.341844 0.471731
vt 0.250000 0.490000
vt 0.250000 0.250000
vt 0.490000 0.250000
vt 0.471731 0.341844
vt 0.419706 0.419706
vt 0.062500 0.734230
vt 0.062500 0.765770
vt 0.000000 0.734230
vt 0.000000 0.765770
vt 0.750000 0.490000
vt 0.750000 0.250000
vt 0.510000 0.250000
vt 0.528269 0.341844
vt 0.580294 0.419706
vt 0.658156 0.471731
vt 0.250000 0.010000
vt 0.010000 0.250000
vt 0.028269 0.158156
vt 0.080294 0.080294
vt 0.158156 0.028269
vt 0.341844 0.028269
vt 0.419706 0.080294
vt 0.471731 0.158156
vt 0.158156 0.471731
vt 0.080294 0.419706
vt 0.028269 0.341844
vt 0.750000 0.010000
vt 0.658156 0.028269
vt 0.580294 0.080294
vt 0.528269 0.158156
vt 0.841844 0.471731
vt 0.919706 0.419706
vt 0.971731 0.341844
vt 0.990000 0.250000
vt 0.971731 0.158156
vt 0.919706 0.080294
vt 0.841844 0.028269
s 1
usemtl Material.008
f 5934/5162/5644 5935/5163/5644 5937/5164/5645 5936/5165/5645
f 5936/5165/5645 5937/5164/5645 5939/5166/5646 5938/5167/5646
f 5938/5167/5646 5939/5166/5646 5941/5168/5647 5940/5169/5647
f 5940/5169/5647 5941/5168/5647 5943/5170/5648 5942/5171/5648
f 5942/5171/5648 5943/5170/5648 5945/5172/5649 5944/5173/5649
f 5944/5173/5649 5945/5172/5649 5947/5174/5650 5946/5175/5650
f 5946/5175/5650 5947/5174/5650 5949/5176/5651 5948/5177/5651
f 5948/5177/5651 5949/5176/5651 5951/5178/5652 5950/5179/5652
f 5950/5179/5652 5951/5178/5652 5953/5180/5653 5952/5181/5653
f 5952/5181/5653 5953/5180/5653 5955/5182/5654 5954/5183/5654
f 5954/5183/5654 5955/5182/5654 5957/5184/5655 5956/5185/5655
f 5956/5185/5655 5957/5184/5655 5959/5186/5656 5958/5187/5656
f 5958/5187/5656 5959/5186/5656 5961/5188/5657 5960/5189/5657
f 5960/5189/5657 5961/5188/5657 5963/5190/5658 5962/5191/5658
f 5937/5192/5659 5935/5193/5660 5966/5194/5661 5943/5195/5662 5941/5196/5659 5939/5197/5659
f 5962/5191/5658 5963/5190/5658 5965/5198/5663 5964/5199/5663
f 5964/5199/5663 5965/5198/5663 5935/5200/5644 5934/5201/5644
f 5934/5202/5664 5967/5203/5665 5958/5204/5666 5960/5205/5667 5962/5206/5667 5964/5207/5667
f 5951/5208/5668 5966/5194/5661 5959/5209/5669 5957/5210/5670 5955/5211/5670 5953/5212/5670
f 5943/5195/5662 5966/5194/5661 5951/5208/5668 5949/5213/5671 5947/5214/5671 5945/5215/5671
f 5959/5209/5669 5966/5194/5661 5935/5193/5660 5965/5216/5672 5963/5217/5672 5961/5218/5672
f 5958/5204/5666 5967/5203/5665 5950/5219/5673 5952/5220/5674 5954/5221/5674 5956/5222/5674
f 5967/5203/5665 5934/5202/5664 5936/5223/5675 5938/5224/5675 5940/5225/5675 5942/5226/5676
f 5950/5219/5673 5967/5203/5665 5942/5226/5676 5944/5227/5677 5946/5228/5677 5948/5229/5677
o Cylinder.005
v -0.069949 -0.008628 0.418606
v -0.069970 -0.010327 0.419364
v -0.062986 -0.007866 0.420506
v -0.063006 -0.009565 0.421263
v -0.055769 -0.008255 0.419831
v -0.055790 -0.009954 0.420588
v -0.049399 -0.009737 0.416683
v -0.049420 -0.011436 0.417441
v -0.044845 -0.012085 0.411543
v -0.044866 -0.013783 0.412300
v -0.042800 -0.014942 0.405192
v -0.042820 -0.016640 0.405949
v -0.043575 -0.017873 0.398597
v -0.043596 -0.019572 0.399355
v -0.047053 -0.020432 0.392763
v -0.047074 -0.022131 0.393521
v -0.052704 -0.022229 0.388578
v -0.052724 -0.023928 0.389335
v -0.059667 -0.022991 0.386678
v -0.059688 -0.024690 0.387436
v -0.066883 -0.022602 0.387353
v -0.066904 -0.024301 0.388111
v -0.073253 -0.021121 0.390501
v -0.073274 -0.022820 0.391258
v -0.077808 -0.018773 0.395641
v -0.077828 -0.020472 0.396399
v -0.079853 -0.015916 0.401992
v -0.079874 -0.017615 0.402750
v -0.079078 -0.012985 0.408587
v -0.079098 -0.014683 0.409344
v -0.075600 -0.010426 0.414421
v -0.075621 -0.012124 0.415178
v -0.061358 -0.018026 0.404750
v -0.061321 -0.014991 0.403397
vn -0.4635 0.3656 0.8071
vn -0.0892 0.4066 0.9093
vn 0.2987 0.3856 0.8730
vn 0.6412 0.3060 0.7038
vn 0.8860 0.1798 0.4274
vn 0.9960 0.0262 0.0860
vn 0.9543 -0.1314 -0.2685
vn 0.7673 -0.2690 -0.5821
vn 0.4635 -0.3656 -0.8071
vn 0.0892 -0.4066 -0.9093
vn -0.2987 -0.3856 -0.8730
vn -0.6412 -0.3060 -0.7038
vn -0.8860 -0.1798 -0.4274
vn -0.9960 -0.0262 -0.0860
vn -0.9543 0.1314 0.2685
vn 0.0034 -0.8933 0.4494
vn -0.0272 -0.9001 0.4349
vn -0.0112 -0.9133 0.4072
vn 0.0195 -0.9065 0.4218
vn -0.7673 0.2690 0.5821
vn 0.0034 0.9193 -0.3936
vn 0.0112 0.9133 -0.4072
vn -0.0038 0.9101 -0.4144
vn -0.0116 0.9161 -0.4007
vn 0.0049 -0.9253 0.3791
vn -0.0418 -0.9189 0.3922
vn -0.0257 -0.9310 0.3641
vn 0.0355 -0.9186 0.3936
vn -0.0577 -0.9057 0.4199
vn 0.0189 0.9070 -0.4208
vn 0.0040 0.9038 -0.4279
vn 0.0183 0.9222 -0.3864
vn 0.0261 0.9161 -0.4000
vn 0.0338 0.9099 -0.4135
vt 1.000000 0.765770
vt 1.000000 0.734230
vt 0.937500 0.734230
vt 0.937500 0.765770
vt 0.875000 0.734230
vt 0.875000 0.765770
vt 0.812500 0.734230
vt 0.812500 0.765770
vt 0.750000 0.734230
vt 0.750000 0.765770
vt 0.687500 0.734230
vt 0.687500 0.765770
vt 0.625000 0.734230
vt 0.625000 0.765770
vt 0.562500 0.734230
vt 0.562500 0.765770
vt 0.500000 0.734230
vt 0.500000 0.765770
vt 0.437500 0.734230
vt 0.437500 0.765770
vt 0.375000 0.734230
vt 0.375000 0.765770
vt 0.312500 0.734230
vt 0.312500 0.765770
vt 0.250000 0.734230
vt 0.250000 0.765770
vt 0.187500 0.734230
vt 0.187500 0.765770
vt 0.125000 0.734230
vt 0.125000 0.765770
vt 0.341844 0.471731
vt 0.250000 0.490000
vt 0.250000 0.250000
vt 0.490000 0.250000
vt 0.471731 0.341844
vt 0.419706 0.419706
vt 0.062500 0.734230
vt 0.062500 0.765770
vt 0.000000 0.734230
vt 0.000000 0.765770
vt 0.750000 0.490000
vt 0.750000 0.250000
vt 0.510000 0.250000
vt 0.528269 0.341844
vt 0.580294 0.419706
vt 0.658156 0.471731
vt 0.250000 0.010000
vt 0.010000 0.250000
vt 0.028269 0.158156
vt 0.080294 0.080294
vt 0.158156 0.028269
vt 0.341844 0.028269
vt 0.419706 0.080294
vt 0.471731 0.158156
vt 0.158156 0.471731
vt 0.080294 0.419706
vt 0.028269 0.341844
vt 0.750000 0.010000
vt 0.658156 0.028269
vt 0.580294 0.080294
vt 0.528269 0.158156
vt 0.841844 0.471731
vt 0.919706 0.419706
vt 0.971731 0.341844
vt 0.990000 0.250000
vt 0.971731 0.158156
vt 0.919706 0.080294
vt 0.841844 0.028269
s 1
usemtl Material.008
f 5968/5230/5678 5969/5231/5678 5971/5232/5679 5970/5233/5679
f 5970/5233/5679 5971/5232/5679 5973/5234/5680 5972/5235/5680
f 5972/5235/5680 5973/5234/5680 5975/5236/5681 5974/5237/5681
f 5974/5237/5681 5975/5236/5681 5977/5238/5682 5976/5239/5682
f 5976/5239/5682 5977/5238/5682 5979/5240/5683 5978/5241/5683
f 5978/5241/5683 5979/5240/5683 5981/5242/5684 5980/5243/5684
f 5980/5243/5684 5981/5242/5684 5983/5244/5685 5982/5245/5685
f 5982/5245/5685 5983/5244/5685 5985/5246/5686 5984/5247/5686
f 5984/5247/5686 5985/5246/5686 5987/5248/5687 5986/5249/5687
f 5986/5249/5687 5987/5248/5687 5989/5250/5688 5988/5251/5688
f 5988/5251/5688 5989/5250/5688 5991/5252/5689 5990/5253/5689
f 5990/5253/5689 5991/5252/5689 5993/5254/5690 5992/5255/5690
f 5992/5255/5690 5993/5254/5690 5995/5256/5691 5994/5257/5691
f 5994/5257/5691 5995/5256/5691 5997/5258/5692 5996/5259/5692
f 5971/5260/5693 5969/5261/5694 6000/5262/5695 5977/5263/5696 5975/5264/5693 5973/5265/5693
f 5996/5259/5692 5997/5258/5692 5999/5266/5697 5998/5267/5697
f 5998/5267/5697 5999/5266/5697 5969/5268/5678 5968/5269/5678
f 5968/5270/5698 6001/5271/5699 5992/5272/5700 5994/5273/5701 5996/5274/5701 5998/5275/5701
f 5985/5276/5702 6000/5262/5695 5993/5277/5703 5991/5278/5704 5989/5279/5704 5987/5280/5704
f 5977/5263/5696 6000/5262/5695 5985/5276/5702 5983/5281/5705 5981/5282/5705 5979/5283/5705
f 5993/5277/5703 6000/5262/5695 5969/5261/5694 5999/5284/5706 5997/5285/5706 5995/5286/5706
f 5992/5272/5700 6001/5271/5699 5984/5287/5707 5986/5288/5708 5988/5289/5708 5990/5290/5708
f 6001/5271/5699 5968/5270/5698 5970/5291/5709 5972/5292/5709 5974/5293/5709 5976/5294/5710
f 5984/5287/5707 6001/5271/5699 5976/5294/5710 5978/5295/5711 5980/5296/5711 5982/5297/5711
o BézierCircle
v -0.073930 -0.008082 0.425917
v -0.073872 -0.007161 0.424883
v -0.073983 -0.006862 0.423535
v -0.074234 -0.007265 0.422233
v -0.074557 -0.008262 0.421327
v -0.074866 -0.009586 0.421059
v -0.075078 -0.010881 0.421501
v -0.075136 -0.011802 0.422534
v -0.075024 -0.012101 0.423883
v -0.074774 -0.011698 0.425184
v -0.074451 -0.010701 0.426090
v -0.074142 -0.009378 0.426359
v -0.082054 -0.006430 0.426562
v -0.081906 -0.005527 0.425521
v -0.081893 -0.005253 0.424163
v -0.082019 -0.005682 0.422851
v -0.082250 -0.006697 0.421938
v -0.082524 -0.008028 0.421667
v -0.082768 -0.009318 0.422111
v -0.082916 -0.010220 0.423152
v -0.082929 -0.010494 0.424510
v -0.082803 -0.010066 0.425822
v -0.082572 -0.009050 0.426735
v -0.082297 -0.007719 0.427006
v -0.090171 -0.004838 0.426420
v -0.089932 -0.003954 0.425381
v -0.089794 -0.003705 0.424025
v -0.089794 -0.004158 0.422716
v -0.089933 -0.005192 0.421804
v -0.090172 -0.006529 0.421534
v -0.090449 -0.007812 0.421978
v -0.090688 -0.008697 0.423017
v -0.090826 -0.008946 0.424373
v -0.090826 -0.008493 0.425682
v -0.090687 -0.007459 0.426594
v -0.090448 -0.006121 0.426864
v -0.098177 -0.003325 0.425494
v -0.097844 -0.002459 0.424465
v -0.097578 -0.002234 0.423124
v -0.097450 -0.002711 0.421830
v -0.097494 -0.003763 0.420929
v -0.097699 -0.005107 0.420663
v -0.098009 -0.006383 0.421103
v -0.098342 -0.007250 0.422131
v -0.098608 -0.007475 0.423472
v -0.098736 -0.006998 0.424767
v -0.098692 -0.005946 0.425668
v -0.098487 -0.004602 0.425934
v -0.105964 -0.001908 0.423782
v -0.105534 -0.001059 0.422776
v -0.105135 -0.000858 0.421464
v -0.104875 -0.001359 0.420199
v -0.104823 -0.002429 0.419319
v -0.104993 -0.003779 0.419061
v -0.105339 -0.005049 0.419493
v -0.105769 -0.005898 0.420500
v -0.106167 -0.006099 0.421812
v -0.106427 -0.005598 0.423077
v -0.106479 -0.004528 0.423956
v -0.106310 -0.003178 0.424215
v -0.113426 -0.000603 0.421285
v -0.112895 0.000228 0.420312
v -0.112359 0.000405 0.419047
v -0.111962 -0.000120 0.417828
v -0.111809 -0.001207 0.416982
v -0.111943 -0.002564 0.416736
v -0.112327 -0.003827 0.417156
v -0.112858 -0.004659 0.418128
v -0.113394 -0.004836 0.419394
v -0.113791 -0.004310 0.420613
v -0.113943 -0.003223 0.421459
v -0.113809 -0.001867 0.421705
v -0.120454 0.000571 0.417998
v -0.119818 0.001385 0.417075
v -0.119139 0.001537 0.415876
v -0.118600 0.000988 0.414724
v -0.118344 -0.000116 0.413927
v -0.118441 -0.001479 0.413699
v -0.118864 -0.002736 0.414100
v -0.119501 -0.003550 0.415023
v -0.120179 -0.003702 0.416221
v -0.120719 -0.003153 0.417373
v -0.120974 -0.002049 0.418170
v -0.120878 -0.000686 0.418399
v -0.126938 0.001595 0.413916
v -0.126193 0.002392 0.413061
v -0.125368 0.002522 0.411956
v -0.124683 0.001949 0.410896
v -0.124322 0.000829 0.410166
v -0.124382 -0.000540 0.409961
v -0.124846 -0.001791 0.410336
v -0.125591 -0.002587 0.411190
v -0.126416 -0.002717 0.412296
v -0.127101 -0.002145 0.413356
v -0.127462 -0.001024 0.414086
v -0.127402 0.000345 0.414291
v -0.132760 0.002451 0.409035
v -0.131908 0.003232 0.408271
v -0.130937 0.003340 0.407288
v -0.130108 0.002747 0.406350
v -0.129643 0.001611 0.405708
v -0.129666 0.000236 0.405534
v -0.130171 -0.001008 0.405874
v -0.131024 -0.001789 0.406638
v -0.131994 -0.001897 0.407621
v -0.132823 -0.001304 0.408559
v -0.133289 -0.000168 0.409201
v -0.133266 0.001206 0.409375
v -0.137800 0.003117 0.403354
v -0.136846 0.003885 0.402705
v -0.135739 0.003975 0.401877
v -0.134774 0.003364 0.401092
v -0.134211 0.002215 0.400561
v -0.134200 0.000836 0.400425
v -0.134745 -0.000403 0.400721
v -0.135698 -0.001171 0.401370
v -0.136806 -0.001261 0.402198
v -0.137770 -0.000650 0.402983
v -0.138333 0.000499 0.403514
v -0.138344 0.001878 0.403650
v -0.141930 0.003574 0.396879
v -0.140889 0.004332 0.396367
v -0.139664 0.004409 0.395725
v -0.138583 0.003785 0.395123
v -0.137936 0.002626 0.394724
v -0.137897 0.001244 0.394634
v -0.138475 0.000009 0.394877
v -0.139516 -0.000749 0.395388
v -0.140741 -0.000826 0.396031
v -0.141821 -0.000202 0.396633
v -0.142468 0.000956 0.397032
v -0.142508 0.002338 0.397122
v -0.145026 0.003800 0.389627
v -0.143919 0.004553 0.389270
v -0.142606 0.004624 0.388834
v -0.141438 0.003993 0.388438
v -0.140728 0.002831 0.388186
v -0.140666 0.001447 0.388146
v -0.141270 0.000213 0.388330
v -0.142377 -0.000540 0.388687
v -0.143690 -0.000610 0.389123
v -0.144858 0.000020 0.389519
v -0.145568 0.001183 0.389771
v -0.145630 0.002567 0.389811
v -0.146968 0.003779 0.381622
v -0.145822 0.004532 0.381427
v -0.144456 0.004603 0.381208
v -0.143235 0.003973 0.381026
v -0.142488 0.002810 0.380928
v -0.142414 0.001427 0.380941
v -0.143033 0.000193 0.381062
v -0.144179 -0.000560 0.381258
v -0.145545 -0.000631 0.381476
v -0.146766 -0.000001 0.381658
v -0.147513 0.001161 0.381756
v -0.147587 0.002545 0.381743
v -0.147670 0.003478 0.372526
v -0.146511 0.004237 0.372495
v -0.145128 0.004315 0.372497
v -0.143891 0.003692 0.372533
v -0.143131 0.002535 0.372592
v -0.143053 0.001153 0.372658
v -0.143677 -0.000082 0.372715
v -0.144836 -0.000841 0.372746
v -0.146219 -0.000920 0.372744
v -0.147456 -0.000297 0.372708
v -0.148215 0.000861 0.372649
v -0.148294 0.002242 0.372582
v -0.146915 0.002926 0.363773
v -0.145770 0.003695 0.363905
v -0.144405 0.003787 0.364127
v -0.143187 0.003178 0.364379
v -0.142441 0.002030 0.364594
v -0.142367 0.000652 0.364715
v -0.142986 -0.000588 0.364708
v -0.144130 -0.001357 0.364576
v -0.145495 -0.001449 0.364354
v -0.146713 -0.000840 0.364102
v -0.147460 0.000308 0.363886
v -0.147533 0.001686 0.363766
v -0.144818 0.002144 0.355446
v -0.143711 0.002927 0.355731
v -0.142398 0.003039 0.356160
v -0.141231 0.002449 0.356616
v -0.140522 0.001315 0.356979
v -0.140461 -0.000058 0.357150
v -0.141064 -0.001304 0.357084
v -0.142171 -0.002087 0.356798
v -0.143484 -0.002199 0.356370
v -0.144651 -0.001609 0.355913
v -0.145360 -0.000475 0.355551
v -0.145421 0.000899 0.355380
v -0.141499 0.001156 0.347620
v -0.140451 0.001957 0.348044
v -0.139216 0.002092 0.348658
v -0.138126 0.001525 0.349298
v -0.137473 0.000408 0.349793
v -0.137431 -0.000960 0.350010
v -0.138013 -0.002212 0.349891
v -0.139061 -0.003013 0.349468
v -0.140296 -0.003148 0.348854
v -0.141386 -0.002581 0.348214
v -0.142039 -0.001464 0.347719
v -0.142081 -0.000096 0.347501
v -0.137082 -0.000015 0.340366
v -0.136106 0.000805 0.340908
v -0.134968 0.000965 0.341683
v -0.133975 0.000424 0.342483
v -0.133392 -0.000675 0.343094
v -0.133375 -0.002036 0.343351
v -0.133929 -0.003295 0.343187
v -0.134905 -0.004115 0.342644
v -0.136042 -0.004276 0.341869
v -0.137036 -0.003734 0.341069
v -0.137619 -0.002636 0.340459
v -0.137636 -0.001275 0.340202
v -0.131686 -0.001347 0.333745
v -0.130791 -0.000507 0.334388
v -0.129765 -0.000319 0.335299
v -0.128881 -0.000833 0.336234
v -0.128377 -0.001912 0.336942
v -0.128388 -0.003267 0.337234
v -0.128911 -0.004534 0.337032
v -0.129806 -0.005374 0.336389
v -0.130833 -0.005562 0.335478
v -0.131717 -0.005047 0.334543
v -0.132220 -0.003968 0.333835
v -0.132209 -0.002614 0.333543
v -0.125430 -0.002818 0.327818
v -0.124623 -0.001957 0.328544
v -0.123715 -0.001741 0.329568
v -0.122949 -0.002228 0.330615
v -0.122531 -0.003286 0.331405
v -0.122573 -0.004634 0.331726
v -0.123063 -0.005908 0.331493
v -0.123870 -0.006769 0.330766
v -0.124778 -0.006985 0.329742
v -0.125544 -0.006498 0.328695
v -0.125962 -0.005440 0.327905
v -0.125920 -0.004092 0.327584
v -0.118427 -0.004406 0.322641
v -0.117711 -0.003525 0.323436
v -0.116929 -0.003280 0.324552
v -0.116288 -0.003739 0.325692
v -0.115961 -0.004777 0.326549
v -0.116035 -0.006116 0.326895
v -0.116491 -0.007399 0.326635
v -0.117206 -0.008280 0.325841
v -0.117989 -0.008525 0.324724
v -0.118630 -0.008066 0.323585
v -0.118957 -0.007028 0.322727
v -0.118883 -0.005689 0.322382
v -0.110788 -0.006091 0.318275
v -0.110169 -0.005189 0.319124
v -0.109516 -0.004916 0.320315
v -0.109005 -0.005345 0.321529
v -0.108773 -0.006363 0.322441
v -0.108882 -0.007695 0.322806
v -0.109302 -0.008985 0.322527
v -0.109922 -0.009887 0.321677
v -0.110575 -0.010160 0.320486
v -0.111086 -0.009731 0.319272
v -0.111318 -0.008714 0.318360
v -0.111209 -0.007382 0.317995
v -0.102625 -0.007853 0.314778
v -0.102104 -0.006929 0.315670
v -0.101587 -0.006627 0.316919
v -0.101212 -0.007027 0.318192
v -0.101079 -0.008023 0.319146
v -0.101224 -0.009347 0.319526
v -0.101608 -0.010645 0.319231
v -0.102129 -0.011569 0.318340
v -0.102646 -0.011872 0.317090
v -0.103022 -0.011471 0.315818
v -0.103154 -0.010476 0.314864
v -0.103009 -0.009151 0.314483
v -0.094045 -0.009671 0.312213
v -0.093627 -0.008726 0.313136
v -0.093251 -0.008393 0.314427
v -0.093018 -0.008764 0.315742
v -0.092989 -0.009737 0.316727
v -0.093173 -0.011054 0.317119
v -0.093520 -0.012359 0.316813
v -0.093937 -0.013305 0.315891
v -0.094313 -0.013637 0.314599
v -0.094547 -0.013267 0.313285
v -0.094576 -0.012293 0.312299
v -0.094392 -0.010977 0.311907
v -0.085159 -0.011525 0.310643
v -0.084849 -0.010557 0.311585
v -0.084620 -0.010194 0.312902
v -0.084534 -0.010534 0.314243
v -0.084613 -0.011485 0.315247
v -0.084838 -0.012792 0.315646
v -0.085146 -0.014106 0.315333
v -0.085457 -0.015074 0.314392
v -0.085686 -0.015437 0.313074
v -0.085772 -0.015098 0.311734
v -0.085692 -0.014147 0.310730
v -0.085468 -0.012839 0.310330
v -0.076686 -0.013267 0.310155
v -0.076484 -0.012277 0.311102
v -0.076405 -0.011883 0.312429
v -0.076468 -0.012192 0.313778
v -0.076658 -0.013121 0.314788
v -0.076923 -0.014420 0.315190
v -0.077193 -0.015742 0.314875
v -0.077395 -0.016732 0.313927
v -0.077474 -0.017126 0.312601
v -0.077411 -0.016817 0.311252
v -0.077221 -0.015889 0.310241
v -0.076956 -0.014589 0.309839
v -0.068287 -0.014968 0.310645
v -0.068193 -0.013955 0.311586
v -0.068261 -0.013532 0.312904
v -0.068473 -0.013811 0.314244
v -0.068771 -0.014717 0.315249
v -0.069077 -0.016009 0.315648
v -0.069307 -0.017338 0.315335
v -0.069401 -0.018351 0.314393
v -0.069333 -0.018774 0.313076
v -0.069122 -0.018495 0.311735
v -0.068823 -0.017589 0.310731
v -0.068518 -0.016297 0.310332
v -0.060072 -0.016601 0.312079
v -0.060085 -0.015568 0.313002
v -0.060299 -0.015115 0.314294
v -0.060657 -0.015365 0.315609
v -0.061062 -0.016250 0.316594
v -0.061407 -0.017534 0.316987
v -0.061598 -0.018871 0.316680
v -0.061585 -0.019905 0.315758
v -0.061371 -0.020357 0.314466
v -0.061014 -0.020107 0.313151
v -0.060608 -0.019222 0.312165
v -0.060264 -0.017939 0.311773
v -0.052150 -0.018143 0.314424
v -0.052269 -0.017089 0.315315
v -0.052628 -0.016609 0.316564
v -0.053129 -0.016831 0.317837
v -0.053640 -0.017695 0.318791
v -0.054023 -0.018971 0.319172
v -0.054175 -0.020317 0.318877
v -0.054056 -0.021371 0.317986
v -0.053698 -0.021851 0.316737
v -0.053196 -0.021629 0.315465
v -0.052685 -0.020764 0.314510
v -0.052302 -0.019488 0.314129
v -0.044628 -0.019570 0.317649
v -0.044853 -0.018496 0.318495
v -0.045355 -0.017988 0.319682
v -0.046000 -0.018183 0.320893
v -0.046615 -0.019028 0.321802
v -0.047035 -0.020297 0.322167
v -0.047148 -0.021650 0.321889
v -0.046923 -0.022724 0.321043
v -0.046421 -0.023231 0.319856
v -0.045776 -0.023036 0.318645
v -0.045161 -0.022191 0.317736
v -0.044741 -0.020922 0.317371
v -0.037618 -0.020856 0.321723
v -0.037947 -0.019763 0.322508
v -0.038591 -0.019229 0.323612
v -0.039377 -0.019398 0.324741
v -0.040095 -0.020224 0.325590
v -0.040552 -0.021487 0.325934
v -0.040625 -0.022846 0.325679
v -0.040296 -0.023940 0.324894
v -0.039652 -0.024473 0.323789
v -0.038866 -0.024304 0.322661
v -0.038148 -0.023478 0.321811
v -0.037691 -0.022216 0.321468
v -0.031230 -0.021976 0.326617
v -0.031662 -0.020865 0.327323
v -0.032445 -0.020307 0.328321
v -0.033368 -0.020452 0.329344
v -0.034186 -0.021261 0.330117
v -0.034677 -0.022517 0.330433
v -0.034712 -0.023884 0.330208
v -0.034280 -0.024995 0.329502
v -0.033498 -0.025553 0.328504
v -0.032574 -0.025408 0.327481
v -0.031757 -0.024599 0.326708
v -0.031265 -0.023343 0.326392
v -0.025581 -0.022904 0.332302
v -0.026110 -0.021777 0.332910
v -0.027024 -0.021198 0.333775
v -0.028078 -0.021322 0.334666
v -0.028990 -0.022115 0.335343
v -0.029515 -0.023366 0.335626
v -0.029512 -0.024738 0.335439
v -0.028983 -0.025865 0.334831
v -0.028069 -0.026445 0.333966
v -0.027015 -0.026321 0.333075
v -0.026104 -0.025528 0.332397
v -0.025579 -0.024277 0.332114
v -0.020789 -0.023614 0.338745
v -0.021407 -0.022474 0.339234
v -0.022439 -0.021877 0.339939
v -0.023611 -0.021984 0.340671
v -0.024607 -0.022765 0.341234
v -0.025161 -0.024011 0.341478
v -0.025125 -0.025389 0.341336
v -0.024508 -0.026529 0.340846
v -0.023475 -0.027125 0.340141
v -0.022304 -0.027019 0.339409
v -0.021308 -0.026238 0.338846
v -0.020753 -0.024992 0.338603
v -0.016976 -0.024079 0.345909
v -0.017667 -0.022930 0.346260
v -0.018797 -0.022321 0.346780
v -0.020066 -0.022415 0.347329
v -0.021133 -0.023188 0.347760
v -0.021711 -0.024431 0.347957
v -0.021647 -0.025812 0.347868
v -0.020956 -0.026961 0.347517
v -0.019826 -0.027570 0.346997
v -0.018557 -0.027475 0.346448
v -0.017490 -0.026703 0.346018
v -0.016912 -0.025460 0.345820
v -0.014264 -0.024271 0.353750
v -0.015007 -0.023118 0.353949
v -0.016208 -0.022504 0.354264
v -0.017546 -0.022594 0.354611
v -0.018663 -0.023363 0.354896
v -0.019259 -0.024605 0.355044
v -0.019174 -0.025988 0.355014
v -0.018431 -0.027140 0.354815
v -0.017230 -0.027754 0.354500
v -0.015891 -0.027664 0.354153
v -0.014775 -0.026895 0.353867
v -0.014179 -0.025653 0.353720
v -0.012769 -0.024165 0.362217
v -0.013540 -0.023014 0.362257
v -0.014779 -0.022403 0.362358
v -0.016155 -0.022495 0.362494
v -0.017299 -0.023266 0.362627
v -0.017903 -0.024509 0.362723
v -0.017808 -0.025891 0.362755
v -0.017037 -0.027041 0.362716
v -0.015797 -0.027652 0.362614
v -0.014422 -0.027560 0.362478
v -0.013278 -0.026789 0.362345
v -0.012673 -0.025547 0.362249
v -0.012617 -0.023759 0.370777
v -0.013391 -0.022616 0.370654
v -0.014634 -0.022016 0.370536
v -0.016013 -0.022119 0.370456
v -0.017159 -0.022897 0.370434
v -0.017765 -0.024142 0.370477
v -0.017668 -0.025521 0.370573
v -0.016894 -0.026664 0.370696
v -0.015651 -0.027264 0.370813
v -0.014272 -0.027162 0.370894
v -0.013126 -0.026383 0.370915
v -0.012520 -0.025138 0.370873
v -0.013792 -0.023087 0.378878
v -0.014542 -0.021958 0.378593
v -0.015754 -0.021375 0.378257
v -0.017102 -0.021496 0.377961
v -0.018225 -0.022287 0.377784
v -0.018823 -0.023537 0.377773
v -0.018735 -0.024910 0.377932
v -0.017985 -0.026040 0.378218
v -0.016774 -0.026622 0.378554
v -0.015426 -0.026502 0.378850
v -0.014302 -0.025710 0.379027
v -0.013704 -0.024461 0.379037
v -0.016187 -0.022177 0.386468
v -0.016889 -0.021066 0.386030
v -0.018036 -0.020508 0.385489
v -0.019321 -0.020653 0.384991
v -0.020399 -0.021461 0.384668
v -0.020981 -0.022717 0.384607
v -0.020911 -0.024084 0.384825
v -0.020209 -0.025195 0.385263
v -0.019062 -0.025753 0.385804
v -0.017777 -0.025608 0.386302
v -0.016699 -0.024799 0.386625
v -0.016117 -0.023544 0.386686
v -0.019686 -0.021059 0.393499
v -0.020322 -0.019969 0.392926
v -0.021380 -0.019440 0.392204
v -0.022575 -0.019613 0.391526
v -0.023589 -0.020443 0.391073
v -0.024149 -0.021706 0.390967
v -0.024105 -0.023064 0.391237
v -0.023469 -0.024154 0.391809
v -0.022412 -0.024683 0.392531
v -0.021216 -0.024510 0.393210
v -0.020202 -0.023680 0.393662
v -0.019643 -0.022418 0.393768
v -0.024173 -0.019764 0.399932
v -0.024730 -0.018697 0.399245
v -0.025681 -0.018198 0.398369
v -0.026771 -0.018402 0.397538
v -0.027708 -0.019254 0.396976
v -0.028241 -0.020524 0.396831
v -0.028227 -0.021874 0.397144
v -0.027670 -0.022941 0.397831
v -0.026720 -0.023439 0.398707
v -0.025630 -0.023235 0.399537
v -0.024693 -0.022384 0.400100
v -0.024160 -0.021113 0.400245
v -0.029532 -0.018320 0.405736
v -0.030003 -0.017276 0.404957
v -0.030838 -0.016809 0.403954
v -0.031813 -0.017044 0.402998
v -0.032666 -0.017918 0.402345
v -0.033170 -0.019196 0.402168
v -0.033189 -0.020537 0.402517
v -0.032717 -0.021581 0.403296
v -0.031882 -0.022048 0.404298
v -0.030907 -0.021813 0.405254
v -0.030054 -0.020940 0.405908
v -0.029550 -0.019661 0.406085
v -0.035649 -0.016757 0.410886
v -0.036032 -0.015735 0.410032
v -0.036747 -0.015299 0.408928
v -0.037603 -0.015564 0.407871
v -0.038370 -0.016460 0.407144
v -0.038843 -0.017747 0.406942
v -0.038895 -0.019079 0.407318
v -0.038512 -0.020100 0.408173
v -0.037796 -0.020537 0.409276
v -0.036940 -0.020271 0.410333
v -0.036173 -0.019375 0.411060
v -0.035701 -0.018089 0.411262
v -0.042417 -0.015101 0.415356
v -0.042712 -0.014101 0.414443
v -0.043307 -0.013694 0.413259
v -0.044042 -0.013989 0.412123
v -0.044722 -0.014906 0.411338
v -0.045163 -0.016200 0.411115
v -0.045248 -0.017525 0.411513
v -0.044953 -0.018524 0.412426
v -0.044358 -0.018931 0.413609
v -0.043622 -0.018637 0.414746
v -0.042943 -0.017719 0.415531
v -0.042502 -0.016425 0.415754
v -0.049732 -0.013379 0.419121
v -0.049938 -0.012400 0.418162
v -0.050413 -0.012021 0.416917
v -0.051029 -0.012344 0.415718
v -0.051620 -0.013282 0.414888
v -0.052029 -0.014584 0.414648
v -0.052146 -0.015901 0.415063
v -0.051940 -0.016880 0.416022
v -0.051465 -0.017258 0.417267
v -0.050849 -0.016935 0.418465
v -0.050258 -0.015997 0.419296
v -0.049849 -0.014696 0.419536
v -0.057490 -0.011618 0.422155
v -0.057609 -0.010659 0.421162
v -0.057963 -0.010307 0.419869
v -0.058459 -0.010658 0.418624
v -0.058962 -0.011616 0.417759
v -0.059339 -0.012925 0.417506
v -0.059487 -0.014235 0.417933
v -0.059369 -0.015193 0.418926
v -0.059014 -0.015545 0.420219
v -0.058518 -0.015195 0.421464
v -0.058015 -0.014236 0.422329
v -0.057638 -0.012927 0.422582
v -0.065590 -0.009843 0.424430
v -0.065621 -0.008904 0.423412
v -0.065854 -0.008579 0.422085
v -0.066228 -0.008956 0.420806
v -0.066643 -0.009933 0.419916
v -0.066986 -0.011250 0.419654
v -0.067166 -0.012552 0.420090
v -0.067135 -0.013492 0.421108
v -0.066901 -0.013817 0.422434
v -0.066527 -0.013440 0.423714
v -0.066113 -0.012462 0.424604
v -0.065770 -0.011146 0.424866
vn 0.2140 0.5199 0.8270
vn 0.2362 0.8640 0.4447
vn 0.1956 0.9790 -0.0572
vn 0.1023 0.8318 -0.5456
vn -0.0190 0.4592 -0.8881
vn -0.1353 -0.0388 -0.9901
vn -0.2148 -0.5262 -0.8228
vn -0.2359 -0.8701 -0.4327
vn -0.1934 -0.9784 0.0728
vn -0.0993 -0.8246 0.5569
vn 0.0209 -0.4523 0.8916
vn 0.1353 0.0389 0.9900
vn 0.1328 0.5364 0.8334
vn 0.1883 0.8737 0.4485
vn 0.1938 0.9794 -0.0571
vn 0.1473 0.8226 -0.5492
vn 0.0608 0.4429 -0.8945
vn -0.0423 -0.0577 -0.9974
vn -0.1340 -0.5427 -0.8292
vn -0.1891 -0.8796 -0.4364
vn -0.1931 -0.9785 0.0727
vn -0.1455 -0.8152 0.5606
vn -0.0593 -0.4360 0.8980
vn 0.0424 0.0579 0.9974
vn 0.0510 0.5524 0.8320
vn 0.1403 0.8831 0.4477
vn 0.1924 0.9797 -0.0571
vn 0.1931 0.8136 -0.5484
vn 0.1415 0.4271 -0.8930
vn 0.0515 -0.0762 -0.9958
vn -0.0526 -0.5587 -0.8277
vn -0.1422 -0.8889 -0.4355
vn -0.1932 -0.9785 0.0729
vn -0.1924 -0.8060 0.5598
vn -0.1404 -0.4200 0.8966
vn -0.0515 0.0762 0.9958
vn -0.0322 0.5680 0.8224
vn 0.0915 0.8922 0.4423
vn 0.1913 0.9799 -0.0569
vn 0.2401 0.8049 -0.5427
vn 0.2241 0.4116 -0.8834
vn 0.1472 -0.0943 -0.9846
vn 0.0302 -0.5746 -0.8179
vn -0.0948 -0.8980 -0.4297
vn -0.1938 -0.9783 0.0731
vn -0.2406 -0.7967 0.5544
vn -0.2234 -0.4042 0.8870
vn -0.1473 0.0943 0.9846
vn -0.1180 0.5834 0.8036
vn 0.0416 0.9011 0.4316
vn 0.1906 0.9800 -0.0566
vn 0.2890 0.7962 -0.5316
vn 0.3096 0.3962 -0.8644
vn 0.2459 -0.1124 -0.9628
vn 0.1154 -0.5903 -0.7989
vn -0.0463 -0.9070 -0.4185
vn -0.1949 -0.9781 0.0734
vn -0.2908 -0.7873 0.5436
vn -0.3093 -0.3884 0.8681
vn -0.2461 0.1123 0.9627
vn -0.2069 0.5987 0.7738
vn -0.0102 0.9099 0.4147
vn 0.1900 0.9802 -0.0561
vn 0.3400 0.7876 -0.5139
vn 0.3985 0.3809 -0.8343
vn 0.3485 -0.1304 -0.9282
vn 0.2036 -0.6061 -0.7689
vn 0.0036 -0.9160 -0.4011
vn -0.1966 -0.9777 0.0735
vn -0.3434 -0.7778 0.5264
vn -0.3987 -0.3725 0.8380
vn -0.3487 0.1302 0.9281
vn -0.2991 0.6137 0.7307
vn -0.0637 0.9185 0.3903
vn 0.1897 0.9803 -0.0554
vn 0.3932 0.7791 -0.4883
vn 0.4910 0.3658 -0.7906
vn 0.4550 -0.1482 -0.8781
vn 0.2948 -0.6217 -0.7256
vn 0.0548 -0.9249 -0.3761
vn -0.1990 -0.9773 0.0733
vn -0.3985 -0.7682 0.5011
vn -0.4917 -0.3566 0.7944
vn -0.4553 0.1480 0.8780
vn -0.3934 0.6282 0.6713
vn -0.1183 0.9268 0.3565
vn 0.1894 0.9804 -0.0544
vn 0.4478 0.7709 -0.4529
vn 0.5858 0.3513 -0.7304
vn 0.5641 -0.1655 -0.8090
vn 0.3880 -0.6369 -0.6662
vn 0.1068 -0.9335 -0.3422
vn -0.2021 -0.9767 0.0726
vn -0.4554 -0.7587 0.4658
vn -0.5872 -0.3411 0.7341
vn -0.5644 0.1652 0.8088
vn -0.4868 0.6414 0.5929
vn -0.1725 0.9343 0.3119
vn 0.1892 0.9805 -0.0533
vn 0.5020 0.7635 -0.4063
vn 0.6800 0.3379 -0.6508
vn 0.6723 -0.1814 -0.7177
vn 0.4803 -0.6510 -0.5879
vn 0.1578 -0.9414 -0.2980
vn -0.2057 -0.9761 0.0709
vn -0.5122 -0.7499 0.4187
vn -0.6821 -0.3267 0.6542
vn -0.6726 0.1811 0.7176
vn -0.5744 0.6526 0.4940
vn -0.2232 0.9407 0.2555
vn 0.1891 0.9806 -0.0521
vn 0.5531 0.7572 -0.3476
vn 0.7685 0.3266 -0.5502
vn 0.7739 -0.1949 -0.6026
vn 0.5667 -0.6628 -0.4894
vn 0.2054 -0.9481 -0.2428
vn -0.2095 -0.9755 0.0679
vn -0.5660 -0.7423 0.3586
vn -0.7714 -0.3145 0.5532
vn -0.7741 0.1945 0.6024
vn -0.6497 0.6607 0.3759
vn -0.2666 0.9453 0.1880
vn 0.1892 0.9806 -0.0508
vn 0.5971 0.7526 -0.2776
vn 0.8448 0.3184 -0.4301
vn 0.8614 -0.2046 -0.4650
vn 0.6410 -0.6713 -0.3720
vn 0.2462 -0.9528 -0.1776
vn -0.2129 -0.9750 0.0636
vn -0.6123 -0.7369 0.2863
vn -0.8482 -0.3058 0.4324
vn -0.8615 0.2041 0.4649
vn -0.7061 0.6648 0.2438
vn -0.2990 0.9476 0.1124
vn 0.1897 0.9806 -0.0495
vn 0.6305 0.7502 -0.1991
vn 0.9022 0.3142 -0.2954
vn 0.9271 -0.2095 -0.3108
vn 0.6969 -0.6755 -0.2408
vn 0.2770 -0.9551 -0.1052
vn -0.2154 -0.9748 0.0581
vn -0.6472 -0.7343 0.2049
vn -0.9061 -0.3015 0.2969
vn -0.9272 0.2089 0.3109
vn -0.7397 0.6646 0.1055
vn -0.3180 0.9475 0.0334
vn 0.1905 0.9805 -0.0480
vn 0.6509 0.7501 -0.1169
vn 0.9367 0.3143 -0.1544
vn 0.9664 -0.2091 -0.1497
vn 0.7305 -0.6750 -0.1038
vn 0.2957 -0.9548 -0.0297
vn -0.2165 -0.9749 0.0520
vn -0.6678 -0.7347 0.1194
vn -0.9406 -0.3020 0.1549
vn -0.9665 0.2085 0.1498
vn -0.7505 0.6599 -0.0351
vn -0.3242 0.9448 -0.0469
vn 0.1905 0.9806 -0.0463
vn 0.6572 0.7530 -0.0332
vn 0.9476 0.3191 -0.0111
vn 0.9789 -0.2037 0.0142
vn 0.7411 -0.6705 0.0355
vn 0.3014 -0.9523 0.0471
vn -0.2172 -0.9751 0.0459
vn -0.6746 -0.7375 0.0324
vn -0.9517 -0.3067 0.0105
vn -0.9791 0.2031 -0.0141
vn -0.7384 0.6512 -0.1749
vn -0.3171 0.9399 -0.1268
vn 0.1906 0.9806 -0.0448
vn 0.6503 0.7581 0.0499
vn 0.9355 0.3280 0.1314
vn 0.9650 -0.1934 0.1772
vn 0.7293 -0.6616 0.1743
vn 0.2951 -0.9474 0.1237
vn -0.2164 -0.9755 0.0400
vn -0.6671 -0.7430 -0.0538
vn -0.9395 -0.3158 -0.1330
vn -0.9651 0.1929 -0.1771
vn -0.7053 0.6391 -0.3068
vn -0.2977 0.9330 -0.2022
vn 0.1909 0.9806 -0.0434
vn 0.6311 0.7650 0.1280
vn 0.9020 0.3403 0.2656
vn 0.9266 -0.1790 0.3308
vn 0.6968 -0.6491 0.3052
vn 0.2775 -0.9405 0.1963
vn -0.2146 -0.9761 0.0350
vn -0.6465 -0.7509 -0.1347
vn -0.9057 -0.3287 -0.2679
vn -0.9267 0.1786 -0.3306
vn -0.6550 0.6245 -0.4254
vn -0.2684 0.9247 -0.2701
vn 0.1913 0.9806 -0.0423
vn 0.6021 0.7734 0.1982
vn 0.8514 0.3551 0.3860
vn 0.8684 -0.1616 0.4688
vn 0.6474 -0.6340 0.4230
vn 0.2505 -0.9320 0.2620
vn -0.2122 -0.9767 0.0310
vn -0.6156 -0.7604 -0.2069
vn -0.8545 -0.3442 -0.3890
vn -0.8686 0.1613 -0.4686
vn -0.5923 0.6083 -0.5283
vn -0.2320 0.9154 -0.3290
vn 0.1916 0.9806 -0.0414
vn 0.5660 0.7827 0.2590
vn 0.7884 0.3715 0.4904
vn 0.7959 -0.1424 0.5884
vn 0.5857 -0.6172 0.5254
vn 0.2164 -0.9226 0.3194
vn -0.2095 -0.9774 0.0282
vn -0.5774 -0.7709 -0.2691
vn -0.7909 -0.3614 -0.4938
vn -0.7961 0.1421 -0.5883
vn -0.5212 0.5911 -0.6156
vn -0.1906 0.9055 -0.3790
vn 0.1920 0.9805 -0.0407
vn 0.5250 0.7925 0.3103
vn 0.7170 0.3888 0.5786
vn 0.7137 -0.1220 0.6897
vn 0.5155 -0.5995 0.6123
vn 0.1774 -0.9126 0.3684
vn -0.2070 -0.9780 0.0262
vn -0.5344 -0.7818 -0.3213
vn -0.7189 -0.3794 -0.5824
vn -0.7139 0.1218 -0.6896
vn -0.4445 0.5733 -0.6883
vn -0.1460 0.8953 -0.4208
vn 0.1925 0.9805 -0.0403
vn 0.4808 0.8027 0.3528
vn 0.6401 0.4067 0.6519
vn 0.6251 -0.1011 0.7739
vn 0.4396 -0.5813 0.6847
vn 0.1349 -0.9023 0.4095
vn -0.2049 -0.9785 0.0249
vn -0.4884 -0.7928 -0.3645
vn -0.6415 -0.3979 -0.6559
vn -0.6253 0.1010 -0.7739
vn -0.3637 0.5552 -0.7480
vn -0.0990 0.8849 -0.4552
vn 0.1930 0.9804 -0.0401
vn 0.4345 0.8130 0.3875
vn 0.5593 0.4248 0.7119
vn 0.5319 -0.0800 0.8430
vn 0.3595 -0.5630 0.7442
vn 0.0897 -0.8918 0.4434
vn -0.2032 -0.9788 0.0241
vn -0.4405 -0.8038 -0.3998
vn -0.5602 -0.4165 -0.7161
vn -0.5320 0.0799 -0.8430
vn -0.2794 0.5367 -0.7962
vn -0.0498 0.8742 -0.4831
vn 0.1938 0.9802 -0.0403
vn 0.3864 0.8236 0.4152
vn 0.4752 0.4433 0.7601
vn 0.4347 -0.0585 0.8987
vn 0.2757 -0.5443 0.7922
vn 0.0422 -0.8812 0.4708
vn -0.2019 -0.9791 0.0236
vn -0.3909 -0.8149 -0.4280
vn -0.4756 -0.4352 -0.7645
vn -0.4347 0.0585 -0.8987
vn -0.1914 0.5178 -0.8338
vn 0.0016 0.8631 -0.5050
vn 0.1948 0.9800 -0.0406
vn 0.3366 0.8343 0.4367
vn 0.3878 0.4622 0.7975
vn 0.3335 -0.0366 0.9420
vn 0.1883 -0.5254 0.8297
vn -0.0078 -0.8704 0.4923
vn -0.2010 -0.9793 0.0233
vn -0.3396 -0.8260 -0.4500
vn -0.3877 -0.4541 -0.8021
vn -0.3335 0.0367 -0.9420
vn -0.0994 0.4983 -0.8613
vn 0.0555 0.8516 -0.5212
vn 0.1962 0.9797 -0.0411
vn 0.2849 0.8453 0.4520
vn 0.2967 0.4815 0.8247
vn 0.2278 -0.0142 0.9736
vn 0.0967 -0.5061 0.8570
vn -0.0603 -0.8593 0.5078
vn -0.2005 -0.9794 0.0230
vn -0.2864 -0.8372 -0.4659
vn -0.2961 -0.4735 -0.8295
vn -0.2277 0.0143 -0.9736
vn -0.0035 0.4783 -0.8782
vn 0.1119 0.8398 -0.5312
vn 0.1980 0.9793 -0.0416
vn 0.2313 0.8565 0.4614
vn 0.2021 0.5013 0.8413
vn 0.1178 0.0087 0.9930
vn 0.0013 -0.4862 0.8738
vn -0.1152 -0.8480 0.5174
vn -0.2002 -0.9795 0.0228
vn -0.2313 -0.8486 -0.4758
vn -0.2010 -0.4932 -0.8464
vn -0.1177 -0.0086 -0.9930
vn 0.0938 0.4583 -0.8838
vn 0.1692 0.8281 -0.5344
vn 0.1998 0.9790 -0.0415
vn 0.1769 0.8677 0.4646
vn 0.1060 0.5210 0.8470
vn 0.0061 0.0317 0.9995
vn -0.0955 -0.4663 0.8795
vn -0.1709 -0.8365 0.5207
vn -0.1999 -0.9796 0.0228
vn -0.1753 -0.8601 -0.4790
vn -0.1044 -0.5131 -0.8519
vn -0.0061 -0.0316 -0.9995
vn 0.1900 0.4389 -0.8782
vn 0.2255 0.8168 -0.5311
vn 0.2012 0.9787 -0.0413
vn 0.1227 0.8786 0.4616
vn 0.0107 0.5402 0.8415
vn -0.1045 0.0540 0.9931
vn -0.1911 -0.4470 0.8739
vn -0.2257 -0.8254 0.5175
vn -0.1992 -0.9797 0.0229
vn -0.1196 -0.8715 -0.4757
vn -0.0086 -0.5326 -0.8463
vn 0.1045 -0.0539 -0.9931
vn 0.2847 0.4200 -0.8617
vn 0.2808 0.8057 -0.5214
vn 0.2022 0.9785 -0.0412
vn 0.0690 0.8892 0.4522
vn -0.0835 0.5589 0.8250
vn -0.2135 0.0756 0.9740
vn -0.2853 -0.4283 0.8574
vn -0.2795 -0.8147 0.5081
vn -0.1982 -0.9799 0.0230
vn -0.0643 -0.8824 -0.4661
vn 0.0861 -0.5514 -0.8298
vn 0.2135 -0.0756 -0.9740
vn 0.3783 0.4017 -0.8340
vn 0.3353 0.7950 -0.5054
vn 0.2029 0.9783 -0.0412
vn 0.0155 0.8997 0.4362
vn -0.1768 0.5771 0.7973
vn -0.3215 0.0965 0.9420
vn -0.3784 -0.4104 0.8297
vn -0.3323 -0.8046 0.4922
vn -0.1968 -0.9802 0.0232
vn -0.0092 -0.8930 -0.4499
vn 0.1801 -0.5696 -0.8020
vn 0.3215 -0.0966 -0.9420
vn 0.4709 0.3840 -0.7942
vn 0.3891 0.7847 -0.4826
vn 0.2034 0.9782 -0.0414
vn -0.0377 0.9099 0.4130
vn -0.2696 0.5948 0.7573
vn -0.4285 0.1168 0.8960
vn -0.4704 -0.3931 0.7900
vn -0.3843 -0.7949 0.4695
vn -0.1949 -0.9805 0.0236
vn 0.0458 -0.9033 -0.4266
vn 0.2734 -0.5871 -0.7619
vn 0.4285 -0.1169 -0.8959
vn 0.5623 0.3670 -0.7410
vn 0.4420 0.7747 -0.4522
vn 0.2037 0.9781 -0.0418
vn -0.0905 0.9198 0.3818
vn -0.3613 0.6118 0.7037
vn -0.5342 0.1361 0.8343
vn -0.5612 -0.3768 0.7369
vn -0.4353 -0.7858 0.4393
vn -0.1925 -0.9810 0.0243
vn 0.1006 -0.9131 -0.3951
vn 0.3659 -0.6038 -0.7082
vn 0.5343 -0.1363 -0.8342
vn 0.6513 0.3511 -0.6727
vn 0.4935 0.7654 -0.4131
vn 0.2039 0.9781 -0.0425
vn -0.1420 0.9291 0.3414
vn -0.4509 0.6278 0.6345
vn -0.6374 0.1541 0.7550
vn -0.6495 -0.3617 0.6688
vn -0.4846 -0.7775 0.4007
vn -0.1896 -0.9815 0.0257
vn 0.1545 -0.9223 -0.3543
vn 0.4563 -0.6194 -0.6388
vn 0.6375 -0.1544 -0.7548
vn 0.7356 0.3369 -0.5877
vn 0.5422 0.7570 -0.3645
vn 0.2039 0.9780 -0.0434
vn -0.1910 0.9374 0.2911
vn -0.5359 0.6420 0.5483
vn -0.7352 0.1701 0.6562
vn -0.7330 -0.3484 0.5842
vn -0.5310 -0.7703 0.3531
vn -0.1864 -0.9821 0.0278
vn 0.2060 -0.9304 -0.3031
vn 0.5422 -0.6332 -0.5523
vn 0.7353 -0.1705 -0.6560
vn 0.8115 0.3254 -0.4854
vn 0.5861 0.7502 -0.3061
vn 0.2039 0.9780 -0.0446
vn -0.2352 0.9442 0.2305
vn -0.6127 0.6536 0.4444
vn -0.8234 0.1830 0.5371
vn -0.8082 -0.3377 0.4824
vn -0.5724 -0.7646 0.2963
vn -0.1832 -0.9826 0.0310
vn 0.2527 -0.9371 -0.2409
vn 0.6198 -0.6444 -0.4479
vn 0.8234 -0.1835 -0.5369
vn 0.8743 0.3176 -0.3671
vn 0.6223 0.7456 -0.2385
vn 0.2038 0.9779 -0.0458
vn -0.2720 0.9489 0.1603
vn -0.6764 0.6615 0.3240
vn -0.8965 0.1918 0.3993
vn -0.8704 -0.3304 0.3650
vn -0.6066 -0.7607 0.2310
vn -0.1803 -0.9830 0.0354
vn 0.2916 -0.9416 -0.1685
vn 0.6842 -0.6520 -0.3269
vn 0.8965 -0.1924 -0.3992
vn 0.9193 0.3143 -0.2368
vn 0.6481 0.7437 -0.1640
vn 0.2035 0.9779 -0.0473
vn -0.2986 0.9508 0.0828
vn -0.7222 0.6648 0.1912
vn -0.9490 0.1955 0.2474
vn -0.9150 -0.3275 0.2356
vn -0.6311 -0.7591 0.1595
vn -0.1782 -0.9832 0.0407
vn 0.3195 -0.9435 -0.0882
vn 0.7304 -0.6551 -0.1932
vn 0.9489 -0.1961 -0.2473
vn 0.9434 0.3160 -0.1006
vn 0.6618 0.7447 -0.0863
vn 0.2031 0.9779 -0.0490
vn -0.3131 0.9497 0.0017
vn -0.7469 0.6629 0.0523
vn -0.9771 0.1935 0.0886
vn -0.9389 -0.3291 0.1006
vn -0.6444 -0.7600 0.0851
vn -0.1772 -0.9831 0.0467
vn 0.3344 -0.9424 -0.0040
vn 0.7551 -0.6534 -0.0533
vn 0.9770 -0.1941 -0.0885
vn 0.9458 0.3226 0.0387
vn 0.6633 0.7483 -0.0068
vn 0.2034 0.9778 -0.0508
vn -0.3142 0.9459 -0.0813
vn -0.7491 0.6563 -0.0899
vn -0.9798 0.1857 -0.0739
vn -0.9412 -0.3359 -0.0375
vn -0.6453 -0.7638 0.0090
vn -0.1767 -0.9828 0.0528
vn 0.3361 -0.9382 0.0822
vn 0.7576 -0.6465 0.0899
vn 0.9797 -0.1863 0.0740
vn 0.9256 0.3342 0.1778
vn 0.6517 0.7550 0.0727
vn 0.2035 0.9777 -0.0523
vn -0.3023 0.9390 -0.1640
vn -0.7286 0.6445 -0.2318
vn -0.9563 0.1723 -0.2361
vn -0.9212 -0.3473 -0.1755
vn -0.6344 -0.7701 -0.0672
vn -0.1777 -0.9823 0.0587
vn 0.3236 -0.9311 0.1681
vn 0.7370 -0.6347 0.2326
vn 0.9562 -0.1729 0.2360
vn 0.8845 0.3501 0.3084
vn 0.6279 0.7642 0.1474
vn 0.2033 0.9776 -0.0536
vn -0.2785 0.9296 -0.2415
vn -0.6870 0.6285 -0.3647
vn -0.9085 0.1541 -0.3883
vn -0.8806 -0.3625 -0.3053
vn -0.6122 -0.7784 -0.1391
vn -0.1798 -0.9816 0.0637
vn 0.2981 -0.9217 0.2482
vn 0.6949 -0.6188 0.3663
vn 0.9085 -0.1546 0.3881
vn 0.8270 0.3688 0.4244
vn 0.5945 0.7752 0.2136
vn 0.2030 0.9776 -0.0549
vn -0.2452 0.9185 -0.3102
vn -0.6290 0.6095 -0.4825
vn -0.8417 0.1328 -0.5233
vn -0.8237 -0.3803 -0.4206
vn -0.5810 -0.7880 -0.2035
vn -0.1826 -0.9809 0.0675
vn 0.2624 -0.9107 0.3189
vn 0.6360 -0.6003 0.4848
vn 0.8418 -0.1332 0.5231
vn 0.7585 0.3891 0.5228
vn 0.5547 0.7871 0.2699
vn 0.2025 0.9777 -0.0559
vn -0.2058 0.9066 -0.3684
vn -0.5602 0.5891 -0.5824
vn -0.7624 0.1099 -0.6378
vn -0.7560 -0.3994 -0.5186
vn -0.5437 -0.7985 -0.2585
vn -0.1855 -0.9801 0.0701
vn 0.2204 -0.8991 0.3783
vn 0.5662 -0.5805 0.5851
vn 0.7624 -0.1102 0.6376
vn 0.6840 0.4096 0.6036
vn 0.5114 0.7991 0.3160
vn 0.2020 0.9777 -0.0568
vn -0.1630 0.8946 -0.4161
vn -0.4854 0.5685 -0.6642
vn -0.6761 0.0866 -0.7317
vn -0.6822 -0.4189 -0.5993
vn -0.5026 -0.8092 -0.3042
vn -0.1882 -0.9795 0.0717
vn 0.1751 -0.8873 0.4267
vn 0.4906 -0.5605 0.6672
vn 0.6762 -0.0869 0.7316
vn 0.6070 0.4297 0.6686
vn 0.4665 0.8109 0.3532
vn 0.2015 0.9778 -0.0574
vn -0.1188 0.8828 -0.4544
vn -0.4082 0.5484 -0.7298
vn -0.5869 0.0639 -0.8071
vn -0.6057 -0.4381 -0.6643
vn -0.4598 -0.8198 -0.3412
vn -0.1904 -0.9790 0.0726
vn 0.1287 -0.8758 0.4651
vn 0.4125 -0.5409 0.7330
vn 0.5870 -0.0640 0.8070
vn 0.5291 0.4491 0.7200
vn 0.4212 0.8223 0.3826
vn 0.2008 0.9779 -0.0578
vn -0.0744 0.8716 -0.4845
vn -0.3304 0.5291 -0.7816
vn -0.4971 0.0419 -0.8667
vn -0.5284 -0.4567 -0.7157
vn -0.4161 -0.8303 -0.3708
vn -0.1921 -0.9787 0.0729
vn 0.0824 -0.8648 0.4953
vn 0.3341 -0.5219 0.7848
vn 0.4972 -0.0420 0.8666
vn 0.4512 0.4676 0.7601
vn 0.3757 0.8332 0.4057
vn 0.1999 0.9781 -0.0579
vn -0.0302 0.8610 -0.5077
vn -0.2529 0.5106 -0.8217
vn -0.4073 0.0208 -0.9130
vn -0.4509 -0.4747 -0.7559
vn -0.3721 -0.8405 -0.3939
vn -0.1932 -0.9784 0.0730
vn 0.0367 -0.8543 0.5185
vn 0.2561 -0.5037 0.8250
vn 0.4074 -0.0208 0.9130
vn 0.3732 0.4855 0.7906
vn 0.3300 0.8437 0.4234
vn 0.1988 0.9783 -0.0578
vn 0.0138 0.8509 -0.5252
vn -0.1756 0.4930 -0.8522
vn -0.3176 0.0004 -0.9482
vn -0.3732 -0.4922 -0.7864
vn -0.3275 -0.8505 -0.4116
vn -0.1937 -0.9783 0.0729
vn -0.0086 -0.8441 0.5361
vn 0.1782 -0.4862 0.8555
vn 0.3176 -0.0004 0.9482
vn 0.2943 0.5029 0.8127
vn 0.2836 0.8540 0.4363
vn 0.1973 0.9786 -0.0575
vn 0.0578 0.8412 -0.5377
vn -0.0978 0.4759 -0.8741
vn -0.2271 -0.0194 -0.9737
vn -0.2947 -0.5094 -0.8085
vn -0.2822 -0.8603 -0.4245
vn -0.1938 -0.9783 0.0728
vn -0.0538 -0.8342 0.5488
vn 0.1001 -0.4690 0.8775
vn 0.2272 0.0195 0.9737
vt 0.000000 1.000000
vt 0.020833 1.000000
vt 0.020833 0.916667
vt 0.000000 0.916667
vt 0.000000 0.083333
vt 0.020833 0.083333
vt 0.020833 0.000000
vt 0.000000 0.000000
vt 0.000000 0.166667
vt 0.020833 0.166667
vt 0.000000 0.250000
vt 0.020833 0.250000
vt 0.000000 0.333333
vt 0.020833 0.333333
vt 0.000000 0.416667
vt 0.020833 0.416667
vt 0.000000 0.500000
vt 0.020833 0.500000
vt 0.000000 0.583333
vt 0.020833 0.583333
vt 0.000000 0.666667
vt 0.020833 0.666667
vt 0.000000 0.750000
vt 0.020833 0.750000
vt 0.000000 0.833333
vt 0.020833 0.833333
vt 0.041667 1.000000
vt 0.041667 0.916667
vt 0.041667 0.083333
vt 0.041667 0.000000
vt 0.041667 0.166667
vt 0.041667 0.250000
vt 0.041667 0.333333
vt 0.041667 0.416667
vt 0.041667 0.500000
vt 0.041667 0.583333
vt 0.041667 0.666667
vt 0.041667 0.750000
vt 0.041667 0.833333
vt 0.062500 1.000000
vt 0.062500 0.916667
vt 0.062500 0.083333
vt 0.062500 0.000000
vt 0.062500 0.166667
vt 0.062500 0.250000
vt 0.062500 0.333333
vt 0.062500 0.416667
vt 0.062500 0.500000
vt 0.062500 0.583333
vt 0.062500 0.666667
vt 0.062500 0.750000
vt 0.062500 0.833333
vt 0.083333 1.000000
vt 0.083333 0.916667
vt 0.083333 0.083333
vt 0.083333 0.000000
vt 0.083333 0.166667
vt 0.083333 0.250000
vt 0.083333 0.333333
vt 0.083333 0.416667
vt 0.083333 0.500000
vt 0.083333 0.583333
vt 0.083333 0.666667
vt 0.083333 0.750000
vt 0.083333 0.833333
vt 0.104167 1.000000
vt 0.104167 0.916667
vt 0.104167 0.083333
vt 0.104167 0.000000
vt 0.104167 0.166667
vt 0.104167 0.250000
vt 0.104167 0.333333
vt 0.104167 0.416667
vt 0.104167 0.500000
vt 0.104167 0.583333
vt 0.104167 0.666667
vt 0.104167 0.750000
vt 0.104167 0.833333
vt 0.125000 1.000000
vt 0.125000 0.916667
vt 0.125000 0.083333
vt 0.125000 0.000000
vt 0.125000 0.166667
vt 0.125000 0.250000
vt 0.125000 0.333333
vt 0.125000 0.416667
vt 0.125000 0.500000
vt 0.125000 0.583333
vt 0.125000 0.666667
vt 0.125000 0.750000
vt 0.125000 0.833333
vt 0.145833 1.000000
vt 0.145833 0.916667
vt 0.145833 0.083333
vt 0.145833 0.000000
vt 0.145833 0.166667
vt 0.145833 0.250000
vt 0.145833 0.333333
vt 0.145833 0.416667
vt 0.145833 0.500000
vt 0.145833 0.583333
vt 0.145833 0.666667
vt 0.145833 0.750000
vt 0.145833 0.833333
vt 0.166667 1.000000
vt 0.166667 0.916667
vt 0.166667 0.083333
vt 0.166667 0.000000
vt 0.166667 0.166667
vt 0.166667 0.250000
vt 0.166667 0.333333
vt 0.166667 0.416667
vt 0.166667 0.500000
vt 0.166667 0.583333
vt 0.166667 0.666667
vt 0.166667 0.750000
vt 0.166667 0.833333
vt 0.187500 1.000000
vt 0.187500 0.916667
vt 0.187500 0.083333
vt 0.187500 0.000000
vt 0.187500 0.166667
vt 0.187500 0.250000
vt 0.187500 0.333333
vt 0.187500 0.416667
vt 0.187500 0.500000
vt 0.187500 0.583333
vt 0.187500 0.666667
vt 0.187500 0.750000
vt 0.187500 0.833333
vt 0.208333 1.000000
vt 0.208333 0.916667
vt 0.208333 0.083333
vt 0.208333 0.000000
vt 0.208333 0.166667
vt 0.208333 0.250000
vt 0.208333 0.333333
vt 0.208333 0.416667
vt 0.208333 0.500000
vt 0.208333 0.583333
vt 0.208333 0.666667
vt 0.208333 0.750000
vt 0.208333 0.833333
vt 0.229167 1.000000
vt 0.229167 0.916667
vt 0.229167 0.083333
vt 0.229167 0.000000
vt 0.229167 0.166667
vt 0.229167 0.250000
vt 0.229167 0.333333
vt 0.229167 0.416667
vt 0.229167 0.500000
vt 0.229167 0.583333
vt 0.229167 0.666667
vt 0.229167 0.750000
vt 0.229167 0.833333
vt 0.250000 1.000000
vt 0.250000 0.916667
vt 0.250000 0.083333
vt 0.250000 0.000000
vt 0.250000 0.166667
vt 0.250000 0.250000
vt 0.250000 0.333333
vt 0.250000 0.416667
vt 0.250000 0.500000
vt 0.250000 0.583333
vt 0.250000 0.666667
vt 0.250000 0.750000
vt 0.250000 0.833333
vt 0.270833 1.000000
vt 0.270833 0.916667
vt 0.270833 0.083333
vt 0.270833 0.000000
vt 0.270833 0.166667
vt 0.270833 0.250000
vt 0.270833 0.333333
vt 0.270833 0.416667
vt 0.270833 0.500000
vt 0.270833 0.583333
vt 0.270833 0.666667
vt 0.270833 0.750000
vt 0.270833 0.833333
vt 0.291667 1.000000
vt 0.291667 0.916667
vt 0.291667 0.083333
vt 0.291667 0.000000
vt 0.291667 0.166667
vt 0.291667 0.250000
vt 0.291667 0.333333
vt 0.291667 0.416667
vt 0.291667 0.500000
vt 0.291667 0.583333
vt 0.291667 0.666667
vt 0.291667 0.750000
vt 0.291667 0.833333
vt 0.312500 1.000000
vt 0.312500 0.916667
vt 0.312500 0.083333
vt 0.312500 0.000000
vt 0.312500 0.166667
vt 0.312500 0.250000
vt 0.312500 0.333333
vt 0.312500 0.416667
vt 0.312500 0.500000
vt 0.312500 0.583333
vt 0.312500 0.666667
vt 0.312500 0.750000
vt 0.312500 0.833333
vt 0.333333 1.000000
vt 0.333333 0.916667
vt 0.333333 0.083333
vt 0.333333 0.000000
vt 0.333333 0.166667
vt 0.333333 0.250000
vt 0.333333 0.333333
vt 0.333333 0.416667
vt 0.333333 0.500000
vt 0.333333 0.583333
vt 0.333333 0.666667
vt 0.333333 0.750000
vt 0.333333 0.833333
vt 0.354167 1.000000
vt 0.354167 0.916667
vt 0.354167 0.083333
vt 0.354167 0.000000
vt 0.354167 0.166667
vt 0.354167 0.250000
vt 0.354167 0.333333
vt 0.354167 0.416667
vt 0.354167 0.500000
vt 0.354167 0.583333
vt 0.354167 0.666667
vt 0.354167 0.750000
vt 0.354167 0.833333
vt 0.375000 1.000000
vt 0.375000 0.916667
vt 0.375000 0.083333
vt 0.375000 0.000000
vt 0.375000 0.166667
vt 0.375000 0.250000
vt 0.375000 0.333333
vt 0.375000 0.416667
vt 0.375000 0.500000
vt 0.375000 0.583333
vt 0.375000 0.666667
vt 0.375000 0.750000
vt 0.375000 0.833333
vt 0.395833 1.000000
vt 0.395833 0.916667
vt 0.395833 0.083333
vt 0.395833 0.000000
vt 0.395833 0.166667
vt 0.395833 0.250000
vt 0.395833 0.333333
vt 0.395833 0.416667
vt 0.395833 0.500000
vt 0.395833 0.583333
vt 0.395833 0.666667
vt 0.395833 0.750000
vt 0.395833 0.833333
vt 0.416667 1.000000
vt 0.416667 0.916667
vt 0.416667 0.083333
vt 0.416667 0.000000
vt 0.416667 0.166667
vt 0.416667 0.250000
vt 0.416667 0.333333
vt 0.416667 0.416667
vt 0.416667 0.500000
vt 0.416667 0.583333
vt 0.416667 0.666667
vt 0.416667 0.750000
vt 0.416667 0.833333
vt 0.437500 1.000000
vt 0.437500 0.916667
vt 0.437500 0.083333
vt 0.437500 0.000000
vt 0.437500 0.166667
vt 0.437500 0.250000
vt 0.437500 0.333333
vt 0.437500 0.416667
vt 0.437500 0.500000
vt 0.437500 0.583333
vt 0.437500 0.666667
vt 0.437500 0.750000
vt 0.437500 0.833333
vt 0.458333 1.000000
vt 0.458333 0.916667
vt 0.458333 0.083333
vt 0.458333 0.000000
vt 0.458333 0.166667
vt 0.458333 0.250000
vt 0.458333 0.333333
vt 0.458333 0.416667
vt 0.458333 0.500000
vt 0.458333 0.583333
vt 0.458333 0.666667
vt 0.458333 0.750000
vt 0.458333 0.833333
vt 0.479167 1.000000
vt 0.479167 0.916667
vt 0.479167 0.083333
vt 0.479167 0.000000
vt 0.479167 0.166667
vt 0.479167 0.250000
vt 0.479167 0.333333
vt 0.479167 0.416667
vt 0.479167 0.500000
vt 0.479167 0.583333
vt 0.479167 0.666667
vt 0.479167 0.750000
vt 0.479167 0.833333
vt 0.500000 1.000000
vt 0.500000 0.916667
vt 0.500000 0.083333
vt 0.500000 0.000000
vt 0.500000 0.166667
vt 0.500000 0.250000
vt 0.500000 0.333333
vt 0.500000 0.416667
vt 0.500000 0.500000
vt 0.500000 0.583333
vt 0.500000 0.666667
vt 0.500000 0.750000
vt 0.500000 0.833333
vt 0.520833 1.000000
vt 0.520833 0.916667
vt 0.520833 0.083333
vt 0.520833 0.000000
vt 0.520833 0.166667
vt 0.520833 0.250000
vt 0.520833 0.333333
vt 0.520833 0.416667
vt 0.520833 0.500000
vt 0.520833 0.583333
vt 0.520833 0.666667
vt 0.520833 0.750000
vt 0.520833 0.833333
vt 0.541667 1.000000
vt 0.541667 0.916667
vt 0.541667 0.083333
vt 0.541667 0.000000
vt 0.541667 0.166667
vt 0.541667 0.250000
vt 0.541667 0.333333
vt 0.541667 0.416667
vt 0.541667 0.500000
vt 0.541667 0.583333
vt 0.541667 0.666667
vt 0.541667 0.750000
vt 0.541667 0.833333
vt 0.562500 1.000000
vt 0.562500 0.916667
vt 0.562500 0.083333
vt 0.562500 0.000000
vt 0.562500 0.166667
vt 0.562500 0.250000
vt 0.562500 0.333333
vt 0.562500 0.416667
vt 0.562500 0.500000
vt 0.562500 0.583333
vt 0.562500 0.666667
vt 0.562500 0.750000
vt 0.562500 0.833333
vt 0.583333 1.000000
vt 0.583333 0.916667
vt 0.583333 0.083333
vt 0.583333 0.000000
vt 0.583333 0.166667
vt 0.583333 0.250000
vt 0.583333 0.333333
vt 0.583333 0.416667
vt 0.583333 0.500000
vt 0.583333 0.583333
vt 0.583333 0.666667
vt 0.583333 0.750000
vt 0.583333 0.833333
vt 0.604167 1.000000
vt 0.604167 0.916667
vt 0.604167 0.083333
vt 0.604167 0.000000
vt 0.604167 0.166667
vt 0.604167 0.250000
vt 0.604167 0.333333
vt 0.604167 0.416667
vt 0.604167 0.500000
vt 0.604167 0.583333
vt 0.604167 0.666667
vt 0.604167 0.750000
vt 0.604167 0.833333
vt 0.625000 1.000000
vt 0.625000 0.916667
vt 0.625000 0.083333
vt 0.625000 0.000000
vt 0.625000 0.166667
vt 0.625000 0.250000
vt 0.625000 0.333333
vt 0.625000 0.416667
vt 0.625000 0.500000
vt 0.625000 0.583333
vt 0.625000 0.666667
vt 0.625000 0.750000
vt 0.625000 0.833333
vt 0.645833 1.000000
vt 0.645833 0.916667
vt 0.645833 0.083333
vt 0.645833 0.000000
vt 0.645833 0.166667
vt 0.645833 0.250000
vt 0.645833 0.333333
vt 0.645833 0.416667
vt 0.645833 0.500000
vt 0.645833 0.583333
vt 0.645833 0.666667
vt 0.645833 0.750000
vt 0.645833 0.833333
vt 0.666667 1.000000
vt 0.666667 0.916667
vt 0.666667 0.083333
vt 0.666667 0.000000
vt 0.666667 0.166667
vt 0.666667 0.250000
vt 0.666667 0.333333
vt 0.666667 0.416667
vt 0.666667 0.500000
vt 0.666667 0.583333
vt 0.666667 0.666667
vt 0.666667 0.750000
vt 0.666667 0.833333
vt 0.687500 1.000000
vt 0.687500 0.916667
vt 0.687500 0.083333
vt 0.687500 0.000000
vt 0.687500 0.166667
vt 0.687500 0.250000
vt 0.687500 0.333333
vt 0.687500 0.416667
vt 0.687500 0.500000
vt 0.687500 0.583333
vt 0.687500 0.666667
vt 0.687500 0.750000
vt 0.687500 0.833333
vt 0.708333 1.000000
vt 0.708333 0.916667
vt 0.708333 0.083333
vt 0.708333 0.000000
vt 0.708333 0.166667
vt 0.708333 0.250000
vt 0.708333 0.333333
vt 0.708333 0.416667
vt 0.708333 0.500000
vt 0.708333 0.583333
vt 0.708333 0.666667
vt 0.708333 0.750000
vt 0.708333 0.833333
vt 0.729167 1.000000
vt 0.729167 0.916667
vt 0.729167 0.083333
vt 0.729167 0.000000
vt 0.729167 0.166667
vt 0.729167 0.250000
vt 0.729167 0.333333
vt 0.729167 0.416667
vt 0.729167 0.500000
vt 0.729167 0.583333
vt 0.729167 0.666667
vt 0.729167 0.750000
vt 0.729167 0.833333
vt 0.750000 1.000000
vt 0.750000 0.916667
vt 0.750000 0.083333
vt 0.750000 0.000000
vt 0.750000 0.166667
vt 0.750000 0.250000
vt 0.750000 0.333333
vt 0.750000 0.416667
vt 0.750000 0.500000
vt 0.750000 0.583333
vt 0.750000 0.666667
vt 0.750000 0.750000
vt 0.750000 0.833333
vt 0.770833 1.000000
vt 0.770833 0.916667
vt 0.770833 0.083333
vt 0.770833 0.000000
vt 0.770833 0.166667
vt 0.770833 0.250000
vt 0.770833 0.333333
vt 0.770833 0.416667
vt 0.770833 0.500000
vt 0.770833 0.583333
vt 0.770833 0.666667
vt 0.770833 0.750000
vt 0.770833 0.833333
vt 0.791667 1.000000
vt 0.791667 0.916667
vt 0.791667 0.083333
vt 0.791667 0.000000
vt 0.791667 0.166667
vt 0.791667 0.250000
vt 0.791667 0.333333
vt 0.791667 0.416667
vt 0.791667 0.500000
vt 0.791667 0.583333
vt 0.791667 0.666667
vt 0.791667 0.750000
vt 0.791667 0.833333
vt 0.812500 1.000000
vt 0.812500 0.916667
vt 0.812500 0.083333
vt 0.812500 0.000000
vt 0.812500 0.166667
vt 0.812500 0.250000
vt 0.812500 0.333333
vt 0.812500 0.416667
vt 0.812500 0.500000
vt 0.812500 0.583333
vt 0.812500 0.666667
vt 0.812500 0.750000
vt 0.812500 0.833333
vt 0.833333 1.000000
vt 0.833333 0.916667
vt 0.833333 0.083333
vt 0.833333 0.000000
vt 0.833333 0.166667
vt 0.833333 0.250000
vt 0.833333 0.333333
vt 0.833333 0.416667
vt 0.833333 0.500000
vt 0.833333 0.583333
vt 0.833333 0.666667
vt 0.833333 0.750000
vt 0.833333 0.833333
vt 0.854167 1.000000
vt 0.854167 0.916667
vt 0.854167 0.083333
vt 0.854167 0.000000
vt 0.854167 0.166667
vt 0.854167 0.250000
vt 0.854167 0.333333
vt 0.854167 0.416667
vt 0.854167 0.500000
vt 0.854167 0.583333
vt 0.854167 0.666667
vt 0.854167 0.750000
vt 0.854167 0.833333
vt 0.875000 1.000000
vt 0.875000 0.916667
vt 0.875000 0.083333
vt 0.875000 0.000000
vt 0.875000 0.166667
vt 0.875000 0.250000
vt 0.875000 0.333333
vt 0.875000 0.416667
vt 0.875000 0.500000
vt 0.875000 0.583333
vt 0.875000 0.666667
vt 0.875000 0.750000
vt 0.875000 0.833333
vt 0.895833 1.000000
vt 0.895833 0.916667
vt 0.895833 0.083333
vt 0.895833 0.000000
vt 0.895833 0.166667
vt 0.895833 0.250000
vt 0.895833 0.333333
vt 0.895833 0.416667
vt 0.895833 0.500000
vt 0.895833 0.583333
vt 0.895833 0.666667
vt 0.895833 0.750000
vt 0.895833 0.833333
vt 0.916667 1.000000
vt 0.916667 0.916667
vt 0.916667 0.083333
vt 0.916667 0.000000
vt 0.916667 0.166667
vt 0.916667 0.250000
vt 0.916667 0.333333
vt 0.916667 0.416667
vt 0.916667 0.500000
vt 0.916667 0.583333
vt 0.916667 0.666667
vt 0.916667 0.750000
vt 0.916667 0.833333
vt 0.937500 1.000000
vt 0.937500 0.916667
vt 0.937500 0.083333
vt 0.937500 0.000000
vt 0.937500 0.166667
vt 0.937500 0.250000
vt 0.937500 0.333333
vt 0.937500 0.416667
vt 0.937500 0.500000
vt 0.937500 0.583333
vt 0.937500 0.666667
vt 0.937500 0.750000
vt 0.937500 0.833333
vt 0.958333 1.000000
vt 0.958333 0.916667
vt 0.958333 0.083333
vt 0.958333 0.000000
vt 0.958333 0.166667
vt 0.958333 0.250000
vt 0.958333 0.333333
vt 0.958333 0.416667
vt 0.958333 0.500000
vt 0.958333 0.583333
vt 0.958333 0.666667
vt 0.958333 0.750000
vt 0.958333 0.833333
vt 0.979167 1.000000
vt 0.979167 0.916667
vt 0.979167 0.083333
vt 0.979167 0.000000
vt 0.979167 0.166667
vt 0.979167 0.250000
vt 0.979167 0.333333
vt 0.979167 0.416667
vt 0.979167 0.500000
vt 0.979167 0.583333
vt 0.979167 0.666667
vt 0.979167 0.750000
vt 0.979167 0.833333
vt 1.000000 1.000000
vt 1.000000 0.916667
vt 1.000000 0.083333
vt 1.000000 0.000000
vt 1.000000 0.166667
vt 1.000000 0.250000
vt 1.000000 0.333333
vt 1.000000 0.416667
vt 1.000000 0.500000
vt 1.000000 0.583333
vt 1.000000 0.666667
vt 1.000000 0.750000
vt 1.000000 0.833333
s 1
f 6002/5298/5712 6014/5299/5724 6025/5300/5735 6013/5301/5723
f 6003/5302/5713 6015/5303/5725 6014/5304/5724 6002/5305/5712
f 6004/5306/5714 6016/5307/5726 6015/5303/5725 6003/5302/5713
f 6005/5308/5715 6017/5309/5727 6016/5307/5726 6004/5306/5714
f 6006/5310/5716 6018/5311/5728 6017/5309/5727 6005/5308/5715
f 6007/5312/5717 6019/5313/5729 6018/5311/5728 6006/5310/5716
f 6008/5314/5718 6020/5315/5730 6019/5313/5729 6007/5312/5717
f 6009/5316/5719 6021/5317/5731 6020/5315/5730 6008/5314/5718
f 6010/5318/5720 6022/5319/5732 6021/5317/5731 6009/5316/5719
f 6011/5320/5721 6023/5321/5733 6022/5319/5732 6010/5318/5720
f 6012/5322/5722 6024/5323/5734 6023/5321/5733 6011/5320/5721
f 6013/5301/5723 6025/5300/5735 6024/5323/5734 6012/5322/5722
f 6014/5299/5724 6026/5324/5736 6037/5325/5747 6025/5300/5735
f 6015/5303/5725 6027/5326/5737 6026/5327/5736 6014/5304/5724
f 6016/5307/5726 6028/5328/5738 6027/5326/5737 6015/5303/5725
f 6017/5309/5727 6029/5329/5739 6028/5328/5738 6016/5307/5726
f 6018/5311/5728 6030/5330/5740 6029/5329/5739 6017/5309/5727
f 6019/5313/5729 6031/5331/5741 6030/5330/5740 6018/5311/5728
f 6020/5315/5730 6032/5332/5742 6031/5331/5741 6019/5313/5729
f 6021/5317/5731 6033/5333/5743 6032/5332/5742 6020/5315/5730
f 6022/5319/5732 6034/5334/5744 6033/5333/5743 6021/5317/5731
f 6023/5321/5733 6035/5335/5745 6034/5334/5744 6022/5319/5732
f 6024/5323/5734 6036/5336/5746 6035/5335/5745 6023/5321/5733
f 6025/5300/5735 6037/5325/5747 6036/5336/5746 6024/5323/5734
f 6026/5324/5736 6038/5337/5748 6049/5338/5759 6037/5325/5747
f 6027/5326/5737 6039/5339/5749 6038/5340/5748 6026/5327/5736
f 6028/5328/5738 6040/5341/5750 6039/5339/5749 6027/5326/5737
f 6029/5329/5739 6041/5342/5751 6040/5341/5750 6028/5328/5738
f 6030/5330/5740 6042/5343/5752 6041/5342/5751 6029/5329/5739
f 6031/5331/5741 6043/5344/5753 6042/5343/5752 6030/5330/5740
f 6032/5332/5742 6044/5345/5754 6043/5344/5753 6031/5331/5741
f 6033/5333/5743 6045/5346/5755 6044/5345/5754 6032/5332/5742
f 6034/5334/5744 6046/5347/5756 6045/5346/5755 6033/5333/5743
f 6035/5335/5745 6047/5348/5757 6046/5347/5756 6034/5334/5744
f 6036/5336/5746 6048/5349/5758 6047/5348/5757 6035/5335/5745
f 6037/5325/5747 6049/5338/5759 6048/5349/5758 6036/5336/5746
f 6038/5337/5748 6050/5350/5760 6061/5351/5771 6049/5338/5759
f 6039/5339/5749 6051/5352/5761 6050/5353/5760 6038/5340/5748
f 6040/5341/5750 6052/5354/5762 6051/5352/5761 6039/5339/5749
f 6041/5342/5751 6053/5355/5763 6052/5354/5762 6040/5341/5750
f 6042/5343/5752 6054/5356/5764 6053/5355/5763 6041/5342/5751
f 6043/5344/5753 6055/5357/5765 6054/5356/5764 6042/5343/5752
f 6044/5345/5754 6056/5358/5766 6055/5357/5765 6043/5344/5753
f 6045/5346/5755 6057/5359/5767 6056/5358/5766 6044/5345/5754
f 6046/5347/5756 6058/5360/5768 6057/5359/5767 6045/5346/5755
f 6047/5348/5757 6059/5361/5769 6058/5360/5768 6046/5347/5756
f 6048/5349/5758 6060/5362/5770 6059/5361/5769 6047/5348/5757
f 6049/5338/5759 6061/5351/5771 6060/5362/5770 6048/5349/5758
f 6050/5350/5760 6062/5363/5772 6073/5364/5783 6061/5351/5771
f 6051/5352/5761 6063/5365/5773 6062/5366/5772 6050/5353/5760
f 6052/5354/5762 6064/5367/5774 6063/5365/5773 6051/5352/5761
f 6053/5355/5763 6065/5368/5775 6064/5367/5774 6052/5354/5762
f 6054/5356/5764 6066/5369/5776 6065/5368/5775 6053/5355/5763
f 6055/5357/5765 6067/5370/5777 6066/5369/5776 6054/5356/5764
f 6056/5358/5766 6068/5371/5778 6067/5370/5777 6055/5357/5765
f 6057/5359/5767 6069/5372/5779 6068/5371/5778 6056/5358/5766
f 6058/5360/5768 6070/5373/5780 6069/5372/5779 6057/5359/5767
f 6059/5361/5769 6071/5374/5781 6070/5373/5780 6058/5360/5768
f 6060/5362/5770 6072/5375/5782 6071/5374/5781 6059/5361/5769
f 6061/5351/5771 6073/5364/5783 6072/5375/5782 6060/5362/5770
f 6062/5363/5772 6074/5376/5784 6085/5377/5795 6073/5364/5783
f 6063/5365/5773 6075/5378/5785 6074/5379/5784 6062/5366/5772
f 6064/5367/5774 6076/5380/5786 6075/5378/5785 6063/5365/5773
f 6065/5368/5775 6077/5381/5787 6076/5380/5786 6064/5367/5774
f 6066/5369/5776 6078/5382/5788 6077/5381/5787 6065/5368/5775
f 6067/5370/5777 6079/5383/5789 6078/5382/5788 6066/5369/5776
f 6068/5371/5778 6080/5384/5790 6079/5383/5789 6067/5370/5777
f 6069/5372/5779 6081/5385/5791 6080/5384/5790 6068/5371/5778
f 6070/5373/5780 6082/5386/5792 6081/5385/5791 6069/5372/5779
f 6071/5374/5781 6083/5387/5793 6082/5386/5792 6070/5373/5780
f 6072/5375/5782 6084/5388/5794 6083/5387/5793 6071/5374/5781
f 6073/5364/5783 6085/5377/5795 6084/5388/5794 6072/5375/5782
f 6074/5376/5784 6086/5389/5796 6097/5390/5807 6085/5377/5795
f 6075/5378/5785 6087/5391/5797 6086/5392/5796 6074/5379/5784
f 6076/5380/5786 6088/5393/5798 6087/5391/5797 6075/5378/5785
f 6077/5381/5787 6089/5394/5799 6088/5393/5798 6076/5380/5786
f 6078/5382/5788 6090/5395/5800 6089/5394/5799 6077/5381/5787
f 6079/5383/5789 6091/5396/5801 6090/5395/5800 6078/5382/5788
f 6080/5384/5790 6092/5397/5802 6091/5396/5801 6079/5383/5789
f 6081/5385/5791 6093/5398/5803 6092/5397/5802 6080/5384/5790
f 6082/5386/5792 6094/5399/5804 6093/5398/5803 6081/5385/5791
f 6083/5387/5793 6095/5400/5805 6094/5399/5804 6082/5386/5792
f 6084/5388/5794 6096/5401/5806 6095/5400/5805 6083/5387/5793
f 6085/5377/5795 6097/5390/5807 6096/5401/5806 6084/5388/5794
f 6086/5389/5796 6098/5402/5808 6109/5403/5819 6097/5390/5807
f 6087/5391/5797 6099/5404/5809 6098/5405/5808 6086/5392/5796
f 6088/5393/5798 6100/5406/5810 6099/5404/5809 6087/5391/5797
f 6089/5394/5799 6101/5407/5811 6100/5406/5810 6088/5393/5798
f 6090/5395/5800 6102/5408/5812 6101/5407/5811 6089/5394/5799
f 6091/5396/5801 6103/5409/5813 6102/5408/5812 6090/5395/5800
f 6092/5397/5802 6104/5410/5814 6103/5409/5813 6091/5396/5801
f 6093/5398/5803 6105/5411/5815 6104/5410/5814 6092/5397/5802
f 6094/5399/5804 6106/5412/5816 6105/5411/5815 6093/5398/5803
f 6095/5400/5805 6107/5413/5817 6106/5412/5816 6094/5399/5804
f 6096/5401/5806 6108/5414/5818 6107/5413/5817 6095/5400/5805
f 6097/5390/5807 6109/5403/5819 6108/5414/5818 6096/5401/5806
f 6098/5402/5808 6110/5415/5820 6121/5416/5831 6109/5403/5819
f 6099/5404/5809 6111/5417/5821 6110/5418/5820 6098/5405/5808
f 6100/5406/5810 6112/5419/5822 6111/5417/5821 6099/5404/5809
f 6101/5407/5811 6113/5420/5823 6112/5419/5822 6100/5406/5810
f 6102/5408/5812 6114/5421/5824 6113/5420/5823 6101/5407/5811
f 6103/5409/5813 6115/5422/5825 6114/5421/5824 6102/5408/5812
f 6104/5410/5814 6116/5423/5826 6115/5422/5825 6103/5409/5813
f 6105/5411/5815 6117/5424/5827 6116/5423/5826 6104/5410/5814
f 6106/5412/5816 6118/5425/5828 6117/5424/5827 6105/5411/5815
f 6107/5413/5817 6119/5426/5829 6118/5425/5828 6106/5412/5816
f 6108/5414/5818 6120/5427/5830 6119/5426/5829 6107/5413/5817
f 6109/5403/5819 6121/5416/5831 6120/5427/5830 6108/5414/5818
f 6110/5415/5820 6122/5428/5832 6133/5429/5843 6121/5416/5831
f 6111/5417/5821 6123/5430/5833 6122/5431/5832 6110/5418/5820
f 6112/5419/5822 6124/5432/5834 6123/5430/5833 6111/5417/5821
f 6113/5420/5823 6125/5433/5835 6124/5432/5834 6112/5419/5822
f 6114/5421/5824 6126/5434/5836 6125/5433/5835 6113/5420/5823
f 6115/5422/5825 6127/5435/5837 6126/5434/5836 6114/5421/5824
f 6116/5423/5826 6128/5436/5838 6127/5435/5837 6115/5422/5825
f 6117/5424/5827 6129/5437/5839 6128/5436/5838 6116/5423/5826
f 6118/5425/5828 6130/5438/5840 6129/5437/5839 6117/5424/5827
f 6119/5426/5829 6131/5439/5841 6130/5438/5840 6118/5425/5828
f 6120/5427/5830 6132/5440/5842 6131/5439/5841 6119/5426/5829
f 6121/5416/5831 6133/5429/5843 6132/5440/5842 6120/5427/5830
f 6122/5428/5832 6134/5441/5844 6145/5442/5855 6133/5429/5843
f 6123/5430/5833 6135/5443/5845 6134/5444/5844 6122/5431/5832
f 6124/5432/5834 6136/5445/5846 6135/5443/5845 6123/5430/5833
f 6125/5433/5835 6137/5446/5847 6136/5445/5846 6124/5432/5834
f 6126/5434/5836 6138/5447/5848 6137/5446/5847 6125/5433/5835
f 6127/5435/5837 6139/5448/5849 6138/5447/5848 6126/5434/5836
f 6128/5436/5838 6140/5449/5850 6139/5448/5849 6127/5435/5837
f 6129/5437/5839 6141/5450/5851 6140/5449/5850 6128/5436/5838
f 6130/5438/5840 6142/5451/5852 6141/5450/5851 6129/5437/5839
f 6131/5439/5841 6143/5452/5853 6142/5451/5852 6130/5438/5840
f 6132/5440/5842 6144/5453/5854 6143/5452/5853 6131/5439/5841
f 6133/5429/5843 6145/5442/5855 6144/5453/5854 6132/5440/5842
f 6134/5441/5844 6146/5454/5856 6157/5455/5867 6145/5442/5855
f 6135/5443/5845 6147/5456/5857 6146/5457/5856 6134/5444/5844
f 6136/5445/5846 6148/5458/5858 6147/5456/5857 6135/5443/5845
f 6137/5446/5847 6149/5459/5859 6148/5458/5858 6136/5445/5846
f 6138/5447/5848 6150/5460/5860 6149/5459/5859 6137/5446/5847
f 6139/5448/5849 6151/5461/5861 6150/5460/5860 6138/5447/5848
f 6140/5449/5850 6152/5462/5862 6151/5461/5861 6139/5448/5849
f 6141/5450/5851 6153/5463/5863 6152/5462/5862 6140/5449/5850
f 6142/5451/5852 6154/5464/5864 6153/5463/5863 6141/5450/5851
f 6143/5452/5853 6155/5465/5865 6154/5464/5864 6142/5451/5852
f 6144/5453/5854 6156/5466/5866 6155/5465/5865 6143/5452/5853
f 6145/5442/5855 6157/5455/5867 6156/5466/5866 6144/5453/5854
f 6146/5454/5856 6158/5467/5868 6169/5468/5879 6157/5455/5867
f 6147/5456/5857 6159/5469/5869 6158/5470/5868 6146/5457/5856
f 6148/5458/5858 6160/5471/5870 6159/5469/5869 6147/5456/5857
f 6149/5459/5859 6161/5472/5871 6160/5471/5870 6148/5458/5858
f 6150/5460/5860 6162/5473/5872 6161/5472/5871 6149/5459/5859
f 6151/5461/5861 6163/5474/5873 6162/5473/5872 6150/5460/5860
f 6152/5462/5862 6164/5475/5874 6163/5474/5873 6151/5461/5861
f 6153/5463/5863 6165/5476/5875 6164/5475/5874 6152/5462/5862
f 6154/5464/5864 6166/5477/5876 6165/5476/5875 6153/5463/5863
f 6155/5465/5865 6167/5478/5877 6166/5477/5876 6154/5464/5864
f 6156/5466/5866 6168/5479/5878 6167/5478/5877 6155/5465/5865
f 6157/5455/5867 6169/5468/5879 6168/5479/5878 6156/5466/5866
f 6158/5467/5868 6170/5480/5880 6181/5481/5891 6169/5468/5879
f 6159/5469/5869 6171/5482/5881 6170/5483/5880 6158/5470/5868
f 6160/5471/5870 6172/5484/5882 6171/5482/5881 6159/5469/5869
f 6161/5472/5871 6173/5485/5883 6172/5484/5882 6160/5471/5870
f 6162/5473/5872 6174/5486/5884 6173/5485/5883 6161/5472/5871
f 6163/5474/5873 6175/5487/5885 6174/5486/5884 6162/5473/5872
f 6164/5475/5874 6176/5488/5886 6175/5487/5885 6163/5474/5873
f 6165/5476/5875 6177/5489/5887 6176/5488/5886 6164/5475/5874
f 6166/5477/5876 6178/5490/5888 6177/5489/5887 6165/5476/5875
f 6167/5478/5877 6179/5491/5889 6178/5490/5888 6166/5477/5876
f 6168/5479/5878 6180/5492/5890 6179/5491/5889 6167/5478/5877
f 6169/5468/5879 6181/5481/5891 6180/5492/5890 6168/5479/5878
f 6170/5480/5880 6182/5493/5892 6193/5494/5903 6181/5481/5891
f 6171/5482/5881 6183/5495/5893 6182/5496/5892 6170/5483/5880
f 6172/5484/5882 6184/5497/5894 6183/5495/5893 6171/5482/5881
f 6173/5485/5883 6185/5498/5895 6184/5497/5894 6172/5484/5882
f 6174/5486/5884 6186/5499/5896 6185/5498/5895 6173/5485/5883
f 6175/5487/5885 6187/5500/5897 6186/5499/5896 6174/5486/5884
f 6176/5488/5886 6188/5501/5898 6187/5500/5897 6175/5487/5885
f 6177/5489/5887 6189/5502/5899 6188/5501/5898 6176/5488/5886
f 6178/5490/5888 6190/5503/5900 6189/5502/5899 6177/5489/5887
f 6179/5491/5889 6191/5504/5901 6190/5503/5900 6178/5490/5888
f 6180/5492/5890 6192/5505/5902 6191/5504/5901 6179/5491/5889
f 6181/5481/5891 6193/5494/5903 6192/5505/5902 6180/5492/5890
f 6182/5493/5892 6194/5506/5904 6205/5507/5915 6193/5494/5903
f 6183/5495/5893 6195/5508/5905 6194/5509/5904 6182/5496/5892
f 6184/5497/5894 6196/5510/5906 6195/5508/5905 6183/5495/5893
f 6185/5498/5895 6197/5511/5907 6196/5510/5906 6184/5497/5894
f 6186/5499/5896 6198/5512/5908 6197/5511/5907 6185/5498/5895
f 6187/5500/5897 6199/5513/5909 6198/5512/5908 6186/5499/5896
f 6188/5501/5898 6200/5514/5910 6199/5513/5909 6187/5500/5897
f 6189/5502/5899 6201/5515/5911 6200/5514/5910 6188/5501/5898
f 6190/5503/5900 6202/5516/5912 6201/5515/5911 6189/5502/5899
f 6191/5504/5901 6203/5517/5913 6202/5516/5912 6190/5503/5900
f 6192/5505/5902 6204/5518/5914 6203/5517/5913 6191/5504/5901
f 6193/5494/5903 6205/5507/5915 6204/5518/5914 6192/5505/5902
f 6194/5506/5904 6206/5519/5916 6217/5520/5927 6205/5507/5915
f 6195/5508/5905 6207/5521/5917 6206/5522/5916 6194/5509/5904
f 6196/5510/5906 6208/5523/5918 6207/5521/5917 6195/5508/5905
f 6197/5511/5907 6209/5524/5919 6208/5523/5918 6196/5510/5906
f 6198/5512/5908 6210/5525/5920 6209/5524/5919 6197/5511/5907
f 6199/5513/5909 6211/5526/5921 6210/5525/5920 6198/5512/5908
f 6200/5514/5910 6212/5527/5922 6211/5526/5921 6199/5513/5909
f 6201/5515/5911 6213/5528/5923 6212/5527/5922 6200/5514/5910
f 6202/5516/5912 6214/5529/5924 6213/5528/5923 6201/5515/5911
f 6203/5517/5913 6215/5530/5925 6214/5529/5924 6202/5516/5912
f 6204/5518/5914 6216/5531/5926 6215/5530/5925 6203/5517/5913
f 6205/5507/5915 6217/5520/5927 6216/5531/5926 6204/5518/5914
f 6206/5519/5916 6218/5532/5928 6229/5533/5939 6217/5520/5927
f 6207/5521/5917 6219/5534/5929 6218/5535/5928 6206/5522/5916
f 6208/5523/5918 6220/5536/5930 6219/5534/5929 6207/5521/5917
f 6209/5524/5919 6221/5537/5931 6220/5536/5930 6208/5523/5918
f 6210/5525/5920 6222/5538/5932 6221/5537/5931 6209/5524/5919
f 6211/5526/5921 6223/5539/5933 6222/5538/5932 6210/5525/5920
f 6212/5527/5922 6224/5540/5934 6223/5539/5933 6211/5526/5921
f 6213/5528/5923 6225/5541/5935 6224/5540/5934 6212/5527/5922
f 6214/5529/5924 6226/5542/5936 6225/5541/5935 6213/5528/5923
f 6215/5530/5925 6227/5543/5937 6226/5542/5936 6214/5529/5924
f 6216/5531/5926 6228/5544/5938 6227/5543/5937 6215/5530/5925
f 6217/5520/5927 6229/5533/5939 6228/5544/5938 6216/5531/5926
f 6218/5532/5928 6230/5545/5940 6241/5546/5951 6229/5533/5939
f 6219/5534/5929 6231/5547/5941 6230/5548/5940 6218/5535/5928
f 6220/5536/5930 6232/5549/5942 6231/5547/5941 6219/5534/5929
f 6221/5537/5931 6233/5550/5943 6232/5549/5942 6220/5536/5930
f 6222/5538/5932 6234/5551/5944 6233/5550/5943 6221/5537/5931
f 6223/5539/5933 6235/5552/5945 6234/5551/5944 6222/5538/5932
f 6224/5540/5934 6236/5553/5946 6235/5552/5945 6223/5539/5933
f 6225/5541/5935 6237/5554/5947 6236/5553/5946 6224/5540/5934
f 6226/5542/5936 6238/5555/5948 6237/5554/5947 6225/5541/5935
f 6227/5543/5937 6239/5556/5949 6238/5555/5948 6226/5542/5936
f 6228/5544/5938 6240/5557/5950 6239/5556/5949 6227/5543/5937
f 6229/5533/5939 6241/5546/5951 6240/5557/5950 6228/5544/5938
f 6230/5545/5940 6242/5558/5952 6253/5559/5963 6241/5546/5951
f 6231/5547/5941 6243/5560/5953 6242/5561/5952 6230/5548/5940
f 6232/5549/5942 6244/5562/5954 6243/5560/5953 6231/5547/5941
f 6233/5550/5943 6245/5563/5955 6244/5562/5954 6232/5549/5942
f 6234/5551/5944 6246/5564/5956 6245/5563/5955 6233/5550/5943
f 6235/5552/5945 6247/5565/5957 6246/5564/5956 6234/5551/5944
f 6236/5553/5946 6248/5566/5958 6247/5565/5957 6235/5552/5945
f 6237/5554/5947 6249/5567/5959 6248/5566/5958 6236/5553/5946
f 6238/5555/5948 6250/5568/5960 6249/5567/5959 6237/5554/5947
f 6239/5556/5949 6251/5569/5961 6250/5568/5960 6238/5555/5948
f 6240/5557/5950 6252/5570/5962 6251/5569/5961 6239/5556/5949
f 6241/5546/5951 6253/5559/5963 6252/5570/5962 6240/5557/5950
f 6242/5558/5952 6254/5571/5964 6265/5572/5975 6253/5559/5963
f 6243/5560/5953 6255/5573/5965 6254/5574/5964 6242/5561/5952
f 6244/5562/5954 6256/5575/5966 6255/5573/5965 6243/5560/5953
f 6245/5563/5955 6257/5576/5967 6256/5575/5966 6244/5562/5954
f 6246/5564/5956 6258/5577/5968 6257/5576/5967 6245/5563/5955
f 6247/5565/5957 6259/5578/5969 6258/5577/5968 6246/5564/5956
f 6248/5566/5958 6260/5579/5970 6259/5578/5969 6247/5565/5957
f 6249/5567/5959 6261/5580/5971 6260/5579/5970 6248/5566/5958
f 6250/5568/5960 6262/5581/5972 6261/5580/5971 6249/5567/5959
f 6251/5569/5961 6263/5582/5973 6262/5581/5972 6250/5568/5960
f 6252/5570/5962 6264/5583/5974 6263/5582/5973 6251/5569/5961
f 6253/5559/5963 6265/5572/5975 6264/5583/5974 6252/5570/5962
f 6254/5571/5964 6266/5584/5976 6277/5585/5987 6265/5572/5975
f 6255/5573/5965 6267/5586/5977 6266/5587/5976 6254/5574/5964
f 6256/5575/5966 6268/5588/5978 6267/5586/5977 6255/5573/5965
f 6257/5576/5967 6269/5589/5979 6268/5588/5978 6256/5575/5966
f 6258/5577/5968 6270/5590/5980 6269/5589/5979 6257/5576/5967
f 6259/5578/5969 6271/5591/5981 6270/5590/5980 6258/5577/5968
f 6260/5579/5970 6272/5592/5982 6271/5591/5981 6259/5578/5969
f 6261/5580/5971 6273/5593/5983 6272/5592/5982 6260/5579/5970
f 6262/5581/5972 6274/5594/5984 6273/5593/5983 6261/5580/5971
f 6263/5582/5973 6275/5595/5985 6274/5594/5984 6262/5581/5972
f 6264/5583/5974 6276/5596/5986 6275/5595/5985 6263/5582/5973
f 6265/5572/5975 6277/5585/5987 6276/5596/5986 6264/5583/5974
f 6266/5584/5976 6278/5597/5988 6289/5598/5999 6277/5585/5987
f 6267/5586/5977 6279/5599/5989 6278/5600/5988 6266/5587/5976
f 6268/5588/5978 6280/5601/5990 6279/5599/5989 6267/5586/5977
f 6269/5589/5979 6281/5602/5991 6280/5601/5990 6268/5588/5978
f 6270/5590/5980 6282/5603/5992 6281/5602/5991 6269/5589/5979
f 6271/5591/5981 6283/5604/5993 6282/5603/5992 6270/5590/5980
f 6272/5592/5982 6284/5605/5994 6283/5604/5993 6271/5591/5981
f 6273/5593/5983 6285/5606/5995 6284/5605/5994 6272/5592/5982
f 6274/5594/5984 6286/5607/5996 6285/5606/5995 6273/5593/5983
f 6275/5595/5985 6287/5608/5997 6286/5607/5996 6274/5594/5984
f 6276/5596/5986 6288/5609/5998 6287/5608/5997 6275/5595/5985
f 6277/5585/5987 6289/5598/5999 6288/5609/5998 6276/5596/5986
f 6278/5597/5988 6290/5610/6000 6301/5611/6011 6289/5598/5999
f 6279/5599/5989 6291/5612/6001 6290/5613/6000 6278/5600/5988
f 6280/5601/5990 6292/5614/6002 6291/5612/6001 6279/5599/5989
f 6281/5602/5991 6293/5615/6003 6292/5614/6002 6280/5601/5990
f 6282/5603/5992 6294/5616/6004 6293/5615/6003 6281/5602/5991
f 6283/5604/5993 6295/5617/6005 6294/5616/6004 6282/5603/5992
f 6284/5605/5994 6296/5618/6006 6295/5617/6005 6283/5604/5993
f 6285/5606/5995 6297/5619/6007 6296/5618/6006 6284/5605/5994
f 6286/5607/5996 6298/5620/6008 6297/5619/6007 6285/5606/5995
f 6287/5608/5997 6299/5621/6009 6298/5620/6008 6286/5607/5996
f 6288/5609/5998 6300/5622/6010 6299/5621/6009 6287/5608/5997
f 6289/5598/5999 6301/5611/6011 6300/5622/6010 6288/5609/5998
f 6290/5610/6000 6302/5623/6012 6313/5624/6023 6301/5611/6011
f 6291/5612/6001 6303/5625/6013 6302/5626/6012 6290/5613/6000
f 6292/5614/6002 6304/5627/6014 6303/5625/6013 6291/5612/6001
f 6293/5615/6003 6305/5628/6015 6304/5627/6014 6292/5614/6002
f 6294/5616/6004 6306/5629/6016 6305/5628/6015 6293/5615/6003
f 6295/5617/6005 6307/5630/6017 6306/5629/6016 6294/5616/6004
f 6296/5618/6006 6308/5631/6018 6307/5630/6017 6295/5617/6005
f 6297/5619/6007 6309/5632/6019 6308/5631/6018 6296/5618/6006
f 6298/5620/6008 6310/5633/6020 6309/5632/6019 6297/5619/6007
f 6299/5621/6009 6311/5634/6021 6310/5633/6020 6298/5620/6008
f 6300/5622/6010 6312/5635/6022 6311/5634/6021 6299/5621/6009
f 6301/5611/6011 6313/5624/6023 6312/5635/6022 6300/5622/6010
f 6302/5623/6012 6314/5636/6024 6325/5637/6035 6313/5624/6023
f 6303/5625/6013 6315/5638/6025 6314/5639/6024 6302/5626/6012
f 6304/5627/6014 6316/5640/6026 6315/5638/6025 6303/5625/6013
f 6305/5628/6015 6317/5641/6027 6316/5640/6026 6304/5627/6014
f 6306/5629/6016 6318/5642/6028 6317/5641/6027 6305/5628/6015
f 6307/5630/6017 6319/5643/6029 6318/5642/6028 6306/5629/6016
f 6308/5631/6018 6320/5644/6030 6319/5643/6029 6307/5630/6017
f 6309/5632/6019 6321/5645/6031 6320/5644/6030 6308/5631/6018
f 6310/5633/6020 6322/5646/6032 6321/5645/6031 6309/5632/6019
f 6311/5634/6021 6323/5647/6033 6322/5646/6032 6310/5633/6020
f 6312/5635/6022 6324/5648/6034 6323/5647/6033 6311/5634/6021
f 6313/5624/6023 6325/5637/6035 6324/5648/6034 6312/5635/6022
f 6314/5636/6024 6326/5649/6036 6337/5650/6047 6325/5637/6035
f 6315/5638/6025 6327/5651/6037 6326/5652/6036 6314/5639/6024
f 6316/5640/6026 6328/5653/6038 6327/5651/6037 6315/5638/6025
f 6317/5641/6027 6329/5654/6039 6328/5653/6038 6316/5640/6026
f 6318/5642/6028 6330/5655/6040 6329/5654/6039 6317/5641/6027
f 6319/5643/6029 6331/5656/6041 6330/5655/6040 6318/5642/6028
f 6320/5644/6030 6332/5657/6042 6331/5656/6041 6319/5643/6029
f 6321/5645/6031 6333/5658/6043 6332/5657/6042 6320/5644/6030
f 6322/5646/6032 6334/5659/6044 6333/5658/6043 6321/5645/6031
f 6323/5647/6033 6335/5660/6045 6334/5659/6044 6322/5646/6032
f 6324/5648/6034 6336/5661/6046 6335/5660/6045 6323/5647/6033
f 6325/5637/6035 6337/5650/6047 6336/5661/6046 6324/5648/6034
f 6326/5649/6036 6338/5662/6048 6349/5663/6059 6337/5650/6047
f 6327/5651/6037 6339/5664/6049 6338/5665/6048 6326/5652/6036
f 6328/5653/6038 6340/5666/6050 6339/5664/6049 6327/5651/6037
f 6329/5654/6039 6341/5667/6051 6340/5666/6050 6328/5653/6038
f 6330/5655/6040 6342/5668/6052 6341/5667/6051 6329/5654/6039
f 6331/5656/6041 6343/5669/6053 6342/5668/6052 6330/5655/6040
f 6332/5657/6042 6344/5670/6054 6343/5669/6053 6331/5656/6041
f 6333/5658/6043 6345/5671/6055 6344/5670/6054 6332/5657/6042
f 6334/5659/6044 6346/5672/6056 6345/5671/6055 6333/5658/6043
f 6335/5660/6045 6347/5673/6057 6346/5672/6056 6334/5659/6044
f 6336/5661/6046 6348/5674/6058 6347/5673/6057 6335/5660/6045
f 6337/5650/6047 6349/5663/6059 6348/5674/6058 6336/5661/6046
f 6338/5662/6048 6350/5675/6060 6361/5676/6071 6349/5663/6059
f 6339/5664/6049 6351/5677/6061 6350/5678/6060 6338/5665/6048
f 6340/5666/6050 6352/5679/6062 6351/5677/6061 6339/5664/6049
f 6341/5667/6051 6353/5680/6063 6352/5679/6062 6340/5666/6050
f 6342/5668/6052 6354/5681/6064 6353/5680/6063 6341/5667/6051
f 6343/5669/6053 6355/5682/6065 6354/5681/6064 6342/5668/6052
f 6344/5670/6054 6356/5683/6066 6355/5682/6065 6343/5669/6053
f 6345/5671/6055 6357/5684/6067 6356/5683/6066 6344/5670/6054
f 6346/5672/6056 6358/5685/6068 6357/5684/6067 6345/5671/6055
f 6347/5673/6057 6359/5686/6069 6358/5685/6068 6346/5672/6056
f 6348/5674/6058 6360/5687/6070 6359/5686/6069 6347/5673/6057
f 6349/5663/6059 6361/5676/6071 6360/5687/6070 6348/5674/6058
f 6350/5675/6060 6362/5688/6072 6373/5689/6083 6361/5676/6071
f 6351/5677/6061 6363/5690/6073 6362/5691/6072 6350/5678/6060
f 6352/5679/6062 6364/5692/6074 6363/5690/6073 6351/5677/6061
f 6353/5680/6063 6365/5693/6075 6364/5692/6074 6352/5679/6062
f 6354/5681/6064 6366/5694/6076 6365/5693/6075 6353/5680/6063
f 6355/5682/6065 6367/5695/6077 6366/5694/6076 6354/5681/6064
f 6356/5683/6066 6368/5696/6078 6367/5695/6077 6355/5682/6065
f 6357/5684/6067 6369/5697/6079 6368/5696/6078 6356/5683/6066
f 6358/5685/6068 6370/5698/6080 6369/5697/6079 6357/5684/6067
f 6359/5686/6069 6371/5699/6081 6370/5698/6080 6358/5685/6068
f 6360/5687/6070 6372/5700/6082 6371/5699/6081 6359/5686/6069
f 6361/5676/6071 6373/5689/6083 6372/5700/6082 6360/5687/6070
f 6362/5688/6072 6374/5701/6084 6385/5702/6095 6373/5689/6083
f 6363/5690/6073 6375/5703/6085 6374/5704/6084 6362/5691/6072
f 6364/5692/6074 6376/5705/6086 6375/5703/6085 6363/5690/6073
f 6365/5693/6075 6377/5706/6087 6376/5705/6086 6364/5692/6074
f 6366/5694/6076 6378/5707/6088 6377/5706/6087 6365/5693/6075
f 6367/5695/6077 6379/5708/6089 6378/5707/6088 6366/5694/6076
f 6368/5696/6078 6380/5709/6090 6379/5708/6089 6367/5695/6077
f 6369/5697/6079 6381/5710/6091 6380/5709/6090 6368/5696/6078
f 6370/5698/6080 6382/5711/6092 6381/5710/6091 6369/5697/6079
f 6371/5699/6081 6383/5712/6093 6382/5711/6092 6370/5698/6080
f 6372/5700/6082 6384/5713/6094 6383/5712/6093 6371/5699/6081
f 6373/5689/6083 6385/5702/6095 6384/5713/6094 6372/5700/6082
f 6374/5701/6084 6386/5714/6096 6397/5715/6107 6385/5702/6095
f 6375/5703/6085 6387/5716/6097 6386/5717/6096 6374/5704/6084
f 6376/5705/6086 6388/5718/6098 6387/5716/6097 6375/5703/6085
f 6377/5706/6087 6389/5719/6099 6388/5718/6098 6376/5705/6086
f 6378/5707/6088 6390/5720/6100 6389/5719/6099 6377/5706/6087
f 6379/5708/6089 6391/5721/6101 6390/5720/6100 6378/5707/6088
f 6380/5709/6090 6392/5722/6102 6391/5721/6101 6379/5708/6089
f 6381/5710/6091 6393/5723/6103 6392/5722/6102 6380/5709/6090
f 6382/5711/6092 6394/5724/6104 6393/5723/6103 6381/5710/6091
f 6383/5712/6093 6395/5725/6105 6394/5724/6104 6382/5711/6092
f 6384/5713/6094 6396/5726/6106 6395/5725/6105 6383/5712/6093
f 6385/5702/6095 6397/5715/6107 6396/5726/6106 6384/5713/6094
f 6386/5714/6096 6398/5727/6108 6409/5728/6119 6397/5715/6107
f 6387/5716/6097 6399/5729/6109 6398/5730/6108 6386/5717/6096
f 6388/5718/6098 6400/5731/6110 6399/5729/6109 6387/5716/6097
f 6389/5719/6099 6401/5732/6111 6400/5731/6110 6388/5718/6098
f 6390/5720/6100 6402/5733/6112 6401/5732/6111 6389/5719/6099
f 6391/5721/6101 6403/5734/6113 6402/5733/6112 6390/5720/6100
f 6392/5722/6102 6404/5735/6114 6403/5734/6113 6391/5721/6101
f 6393/5723/6103 6405/5736/6115 6404/5735/6114 6392/5722/6102
f 6394/5724/6104 6406/5737/6116 6405/5736/6115 6393/5723/6103
f 6395/5725/6105 6407/5738/6117 6406/5737/6116 6394/5724/6104
f 6396/5726/6106 6408/5739/6118 6407/5738/6117 6395/5725/6105
f 6397/5715/6107 6409/5728/6119 6408/5739/6118 6396/5726/6106
f 6398/5727/6108 6410/5740/6120 6421/5741/6131 6409/5728/6119
f 6399/5729/6109 6411/5742/6121 6410/5743/6120 6398/5730/6108
f 6400/5731/6110 6412/5744/6122 6411/5742/6121 6399/5729/6109
f 6401/5732/6111 6413/5745/6123 6412/5744/6122 6400/5731/6110
f 6402/5733/6112 6414/5746/6124 6413/5745/6123 6401/5732/6111
f 6403/5734/6113 6415/5747/6125 6414/5746/6124 6402/5733/6112
f 6404/5735/6114 6416/5748/6126 6415/5747/6125 6403/5734/6113
f 6405/5736/6115 6417/5749/6127 6416/5748/6126 6404/5735/6114
f 6406/5737/6116 6418/5750/6128 6417/5749/6127 6405/5736/6115
f 6407/5738/6117 6419/5751/6129 6418/5750/6128 6406/5737/6116
f 6408/5739/6118 6420/5752/6130 6419/5751/6129 6407/5738/6117
f 6409/5728/6119 6421/5741/6131 6420/5752/6130 6408/5739/6118
f 6410/5740/6120 6422/5753/6132 6433/5754/6143 6421/5741/6131
f 6411/5742/6121 6423/5755/6133 6422/5756/6132 6410/5743/6120
f 6412/5744/6122 6424/5757/6134 6423/5755/6133 6411/5742/6121
f 6413/5745/6123 6425/5758/6135 6424/5757/6134 6412/5744/6122
f 6414/5746/6124 6426/5759/6136 6425/5758/6135 6413/5745/6123
f 6415/5747/6125 6427/5760/6137 6426/5759/6136 6414/5746/6124
f 6416/5748/6126 6428/5761/6138 6427/5760/6137 6415/5747/6125
f 6417/5749/6127 6429/5762/6139 6428/5761/6138 6416/5748/6126
f 6418/5750/6128 6430/5763/6140 6429/5762/6139 6417/5749/6127
f 6419/5751/6129 6431/5764/6141 6430/5763/6140 6418/5750/6128
f 6420/5752/6130 6432/5765/6142 6431/5764/6141 6419/5751/6129
f 6421/5741/6131 6433/5754/6143 6432/5765/6142 6420/5752/6130
f 6422/5753/6132 6434/5766/6144 6445/5767/6155 6433/5754/6143
f 6423/5755/6133 6435/5768/6145 6434/5769/6144 6422/5756/6132
f 6424/5757/6134 6436/5770/6146 6435/5768/6145 6423/5755/6133
f 6425/5758/6135 6437/5771/6147 6436/5770/6146 6424/5757/6134
f 6426/5759/6136 6438/5772/6148 6437/5771/6147 6425/5758/6135
f 6427/5760/6137 6439/5773/6149 6438/5772/6148 6426/5759/6136
f 6428/5761/6138 6440/5774/6150 6439/5773/6149 6427/5760/6137
f 6429/5762/6139 6441/5775/6151 6440/5774/6150 6428/5761/6138
f 6430/5763/6140 6442/5776/6152 6441/5775/6151 6429/5762/6139
f 6431/5764/6141 6443/5777/6153 6442/5776/6152 6430/5763/6140
f 6432/5765/6142 6444/5778/6154 6443/5777/6153 6431/5764/6141
f 6433/5754/6143 6445/5767/6155 6444/5778/6154 6432/5765/6142
f 6434/5766/6144 6446/5779/6156 6457/5780/6167 6445/5767/6155
f 6435/5768/6145 6447/5781/6157 6446/5782/6156 6434/5769/6144
f 6436/5770/6146 6448/5783/6158 6447/5781/6157 6435/5768/6145
f 6437/5771/6147 6449/5784/6159 6448/5783/6158 6436/5770/6146
f 6438/5772/6148 6450/5785/6160 6449/5784/6159 6437/5771/6147
f 6439/5773/6149 6451/5786/6161 6450/5785/6160 6438/5772/6148
f 6440/5774/6150 6452/5787/6162 6451/5786/6161 6439/5773/6149
f 6441/5775/6151 6453/5788/6163 6452/5787/6162 6440/5774/6150
f 6442/5776/6152 6454/5789/6164 6453/5788/6163 6441/5775/6151
f 6443/5777/6153 6455/5790/6165 6454/5789/6164 6442/5776/6152
f 6444/5778/6154 6456/5791/6166 6455/5790/6165 6443/5777/6153
f 6445/5767/6155 6457/5780/6167 6456/5791/6166 6444/5778/6154
f 6446/5779/6156 6458/5792/6168 6469/5793/6179 6457/5780/6167
f 6447/5781/6157 6459/5794/6169 6458/5795/6168 6446/5782/6156
f 6448/5783/6158 6460/5796/6170 6459/5794/6169 6447/5781/6157
f 6449/5784/6159 6461/5797/6171 6460/5796/6170 6448/5783/6158
f 6450/5785/6160 6462/5798/6172 6461/5797/6171 6449/5784/6159
f 6451/5786/6161 6463/5799/6173 6462/5798/6172 6450/5785/6160
f 6452/5787/6162 6464/5800/6174 6463/5799/6173 6451/5786/6161
f 6453/5788/6163 6465/5801/6175 6464/5800/6174 6452/5787/6162
f 6454/5789/6164 6466/5802/6176 6465/5801/6175 6453/5788/6163
f 6455/5790/6165 6467/5803/6177 6466/5802/6176 6454/5789/6164
f 6456/5791/6166 6468/5804/6178 6467/5803/6177 6455/5790/6165
f 6457/5780/6167 6469/5793/6179 6468/5804/6178 6456/5791/6166
f 6458/5792/6168 6470/5805/6180 6481/5806/6191 6469/5793/6179
f 6459/5794/6169 6471/5807/6181 6470/5808/6180 6458/5795/6168
f 6460/5796/6170 6472/5809/6182 6471/5807/6181 6459/5794/6169
f 6461/5797/6171 6473/5810/6183 6472/5809/6182 6460/5796/6170
f 6462/5798/6172 6474/5811/6184 6473/5810/6183 6461/5797/6171
f 6463/5799/6173 6475/5812/6185 6474/5811/6184 6462/5798/6172
f 6464/5800/6174 6476/5813/6186 6475/5812/6185 6463/5799/6173
f 6465/5801/6175 6477/5814/6187 6476/5813/6186 6464/5800/6174
f 6466/5802/6176 6478/5815/6188 6477/5814/6187 6465/5801/6175
f 6467/5803/6177 6479/5816/6189 6478/5815/6188 6466/5802/6176
f 6468/5804/6178 6480/5817/6190 6479/5816/6189 6467/5803/6177
f 6469/5793/6179 6481/5806/6191 6480/5817/6190 6468/5804/6178
f 6470/5805/6180 6482/5818/6192 6493/5819/6203 6481/5806/6191
f 6471/5807/6181 6483/5820/6193 6482/5821/6192 6470/5808/6180
f 6472/5809/6182 6484/5822/6194 6483/5820/6193 6471/5807/6181
f 6473/5810/6183 6485/5823/6195 6484/5822/6194 6472/5809/6182
f 6474/5811/6184 6486/5824/6196 6485/5823/6195 6473/5810/6183
f 6475/5812/6185 6487/5825/6197 6486/5824/6196 6474/5811/6184
f 6476/5813/6186 6488/5826/6198 6487/5825/6197 6475/5812/6185
f 6477/5814/6187 6489/5827/6199 6488/5826/6198 6476/5813/6186
f 6478/5815/6188 6490/5828/6200 6489/5827/6199 6477/5814/6187
f 6479/5816/6189 6491/5829/6201 6490/5828/6200 6478/5815/6188
f 6480/5817/6190 6492/5830/6202 6491/5829/6201 6479/5816/6189
f 6481/5806/6191 6493/5819/6203 6492/5830/6202 6480/5817/6190
f 6482/5818/6192 6494/5831/6204 6505/5832/6215 6493/5819/6203
f 6483/5820/6193 6495/5833/6205 6494/5834/6204 6482/5821/6192
f 6484/5822/6194 6496/5835/6206 6495/5833/6205 6483/5820/6193
f 6485/5823/6195 6497/5836/6207 6496/5835/6206 6484/5822/6194
f 6486/5824/6196 6498/5837/6208 6497/5836/6207 6485/5823/6195
f 6487/5825/6197 6499/5838/6209 6498/5837/6208 6486/5824/6196
f 6488/5826/6198 6500/5839/6210 6499/5838/6209 6487/5825/6197
f 6489/5827/6199 6501/5840/6211 6500/5839/6210 6488/5826/6198
f 6490/5828/6200 6502/5841/6212 6501/5840/6211 6489/5827/6199
f 6491/5829/6201 6503/5842/6213 6502/5841/6212 6490/5828/6200
f 6492/5830/6202 6504/5843/6214 6503/5842/6213 6491/5829/6201
f 6493/5819/6203 6505/5832/6215 6504/5843/6214 6492/5830/6202
f 6494/5831/6204 6506/5844/6216 6517/5845/6227 6505/5832/6215
f 6495/5833/6205 6507/5846/6217 6506/5847/6216 6494/5834/6204
f 6496/5835/6206 6508/5848/6218 6507/5846/6217 6495/5833/6205
f 6497/5836/6207 6509/5849/6219 6508/5848/6218 6496/5835/6206
f 6498/5837/6208 6510/5850/6220 6509/5849/6219 6497/5836/6207
f 6499/5838/6209 6511/5851/6221 6510/5850/6220 6498/5837/6208
f 6500/5839/6210 6512/5852/6222 6511/5851/6221 6499/5838/6209
f 6501/5840/6211 6513/5853/6223 6512/5852/6222 6500/5839/6210
f 6502/5841/6212 6514/5854/6224 6513/5853/6223 6501/5840/6211
f 6503/5842/6213 6515/5855/6225 6514/5854/6224 6502/5841/6212
f 6504/5843/6214 6516/5856/6226 6515/5855/6225 6503/5842/6213
f 6505/5832/6215 6517/5845/6227 6516/5856/6226 6504/5843/6214
f 6506/5844/6216 6518/5857/6228 6529/5858/6239 6517/5845/6227
f 6507/5846/6217 6519/5859/6229 6518/5860/6228 6506/5847/6216
f 6508/5848/6218 6520/5861/6230 6519/5859/6229 6507/5846/6217
f 6509/5849/6219 6521/5862/6231 6520/5861/6230 6508/5848/6218
f 6510/5850/6220 6522/5863/6232 6521/5862/6231 6509/5849/6219
f 6511/5851/6221 6523/5864/6233 6522/5863/6232 6510/5850/6220
f 6512/5852/6222 6524/5865/6234 6523/5864/6233 6511/5851/6221
f 6513/5853/6223 6525/5866/6235 6524/5865/6234 6512/5852/6222
f 6514/5854/6224 6526/5867/6236 6525/5866/6235 6513/5853/6223
f 6515/5855/6225 6527/5868/6237 6526/5867/6236 6514/5854/6224
f 6516/5856/6226 6528/5869/6238 6527/5868/6237 6515/5855/6225
f 6517/5845/6227 6529/5858/6239 6528/5869/6238 6516/5856/6226
f 6518/5857/6228 6530/5870/6240 6541/5871/6251 6529/5858/6239
f 6519/5859/6229 6531/5872/6241 6530/5873/6240 6518/5860/6228
f 6520/5861/6230 6532/5874/6242 6531/5872/6241 6519/5859/6229
f 6521/5862/6231 6533/5875/6243 6532/5874/6242 6520/5861/6230
f 6522/5863/6232 6534/5876/6244 6533/5875/6243 6521/5862/6231
f 6523/5864/6233 6535/5877/6245 6534/5876/6244 6522/5863/6232
f 6524/5865/6234 6536/5878/6246 6535/5877/6245 6523/5864/6233
f 6525/5866/6235 6537/5879/6247 6536/5878/6246 6524/5865/6234
f 6526/5867/6236 6538/5880/6248 6537/5879/6247 6525/5866/6235
f 6527/5868/6237 6539/5881/6249 6538/5880/6248 6526/5867/6236
f 6528/5869/6238 6540/5882/6250 6539/5881/6249 6527/5868/6237
f 6529/5858/6239 6541/5871/6251 6540/5882/6250 6528/5869/6238
f 6530/5870/6240 6542/5883/6252 6553/5884/6263 6541/5871/6251
f 6531/5872/6241 6543/5885/6253 6542/5886/6252 6530/5873/6240
f 6532/5874/6242 6544/5887/6254 6543/5885/6253 6531/5872/6241
f 6533/5875/6243 6545/5888/6255 6544/5887/6254 6532/5874/6242
f 6534/5876/6244 6546/5889/6256 6545/5888/6255 6533/5875/6243
f 6535/5877/6245 6547/5890/6257 6546/5889/6256 6534/5876/6244
f 6536/5878/6246 6548/5891/6258 6547/5890/6257 6535/5877/6245
f 6537/5879/6247 6549/5892/6259 6548/5891/6258 6536/5878/6246
f 6538/5880/6248 6550/5893/6260 6549/5892/6259 6537/5879/6247
f 6539/5881/6249 6551/5894/6261 6550/5893/6260 6538/5880/6248
f 6540/5882/6250 6552/5895/6262 6551/5894/6261 6539/5881/6249
f 6541/5871/6251 6553/5884/6263 6552/5895/6262 6540/5882/6250
f 6542/5883/6252 6554/5896/6264 6565/5897/6275 6553/5884/6263
f 6543/5885/6253 6555/5898/6265 6554/5899/6264 6542/5886/6252
f 6544/5887/6254 6556/5900/6266 6555/5898/6265 6543/5885/6253
f 6545/5888/6255 6557/5901/6267 6556/5900/6266 6544/5887/6254
f 6546/5889/6256 6558/5902/6268 6557/5901/6267 6545/5888/6255
f 6547/5890/6257 6559/5903/6269 6558/5902/6268 6546/5889/6256
f 6548/5891/6258 6560/5904/6270 6559/5903/6269 6547/5890/6257
f 6549/5892/6259 6561/5905/6271 6560/5904/6270 6548/5891/6258
f 6550/5893/6260 6562/5906/6272 6561/5905/6271 6549/5892/6259
f 6551/5894/6261 6563/5907/6273 6562/5906/6272 6550/5893/6260
f 6552/5895/6262 6564/5908/6274 6563/5907/6273 6551/5894/6261
f 6553/5884/6263 6565/5897/6275 6564/5908/6274 6552/5895/6262
f 6554/5896/6264 6566/5909/6276 6577/5910/6287 6565/5897/6275
f 6555/5898/6265 6567/5911/6277 6566/5912/6276 6554/5899/6264
f 6556/5900/6266 6568/5913/6278 6567/5911/6277 6555/5898/6265
f 6557/5901/6267 6569/5914/6279 6568/5913/6278 6556/5900/6266
f 6558/5902/6268 6570/5915/6280 6569/5914/6279 6557/5901/6267
f 6559/5903/6269 6571/5916/6281 6570/5915/6280 6558/5902/6268
f 6560/5904/6270 6572/5917/6282 6571/5916/6281 6559/5903/6269
f 6561/5905/6271 6573/5918/6283 6572/5917/6282 6560/5904/6270
f 6562/5906/6272 6574/5919/6284 6573/5918/6283 6561/5905/6271
f 6563/5907/6273 6575/5920/6285 6574/5919/6284 6562/5906/6272
f 6564/5908/6274 6576/5921/6286 6575/5920/6285 6563/5907/6273
f 6565/5897/6275 6577/5910/6287 6576/5921/6286 6564/5908/6274
f 6566/5909/6276 6002/5922/5712 6013/5923/5723 6577/5910/6287
f 6567/5911/6277 6003/5924/5713 6002/5925/5712 6566/5912/6276
f 6568/5913/6278 6004/5926/5714 6003/5924/5713 6567/5911/6277
f 6569/5914/6279 6005/5927/5715 6004/5926/5714 6568/5913/6278
f 6570/5915/6280 6006/5928/5716 6005/5927/5715 6569/5914/6279
f 6571/5916/6281 6007/5929/5717 6006/5928/5716 6570/5915/6280
f 6572/5917/6282 6008/5930/5718 6007/5929/5717 6571/5916/6281
f 6573/5918/6283 6009/5931/5719 6008/5930/5718 6572/5917/6282
f 6574/5919/6284 6010/5932/5720 6009/5931/5719 6573/5918/6283
f 6575/5920/6285 6011/5933/5721 6010/5932/5720 6574/5919/6284
f 6576/5921/6286 6012/5934/5722 6011/5933/5721 6575/5920/6285
f 6577/5910/6287 6013/5923/5723 6012/5934/5722 6576/5921/6286
o BézierCircle
v -0.073930 -0.008082 0.425917
v -0.073872 -0.007161 0.424883
v -0.073983 -0.006862 0.423535
v -0.074234 -0.007265 0.422233
v -0.074557 -0.008262 0.421327
v -0.074866 -0.009586 0.421059
v -0.075078 -0.010881 0.421501
v -0.075136 -0.011802 0.422534
v -0.075024 -0.012101 0.423883
v -0.074774 -0.011698 0.425184
v -0.074451 -0.010701 0.426090
v -0.074142 -0.009378 0.426359
v -0.082054 -0.006430 0.426562
v -0.081906 -0.005527 0.425521
v -0.081893 -0.005253 0.424163
v -0.082019 -0.005682 0.422851
v -0.082250 -0.006697 0.421938
v -0.082524 -0.008028 0.421667
v -0.082768 -0.009318 0.422111
v -0.082916 -0.010220 0.423152
v -0.082929 -0.010494 0.424510
v -0.082803 -0.010066 0.425822
v -0.082572 -0.009050 0.426735
v -0.082297 -0.007719 0.427006
v -0.090171 -0.004838 0.426420
v -0.089932 -0.003954 0.425381
v -0.089794 -0.003705 0.424025
v -0.089794 -0.004158 0.422716
v -0.089933 -0.005192 0.421804
v -0.090172 -0.006529 0.421534
v -0.090449 -0.007812 0.421978
v -0.090688 -0.008697 0.423017
v -0.090826 -0.008946 0.424373
v -0.090826 -0.008493 0.425682
v -0.090687 -0.007459 0.426594
v -0.090448 -0.006121 0.426864
v -0.098177 -0.003325 0.425494
v -0.097844 -0.002459 0.424465
v -0.097578 -0.002234 0.423124
v -0.097450 -0.002711 0.421830
v -0.097494 -0.003763 0.420929
v -0.097699 -0.005107 0.420663
v -0.098009 -0.006383 0.421103
v -0.098342 -0.007250 0.422131
v -0.098608 -0.007475 0.423472
v -0.098736 -0.006998 0.424767
v -0.098692 -0.005946 0.425668
v -0.098487 -0.004602 0.425934
v -0.105964 -0.001908 0.423782
v -0.105534 -0.001059 0.422776
v -0.105135 -0.000858 0.421464
v -0.104875 -0.001359 0.420199
v -0.104823 -0.002429 0.419319
v -0.104993 -0.003779 0.419061
v -0.105339 -0.005049 0.419493
v -0.105769 -0.005898 0.420500
v -0.106167 -0.006099 0.421812
v -0.106427 -0.005598 0.423077
v -0.106479 -0.004528 0.423956
v -0.106310 -0.003178 0.424215
v -0.113426 -0.000603 0.421285
v -0.112895 0.000228 0.420312
v -0.112359 0.000405 0.419047
v -0.111962 -0.000120 0.417828
v -0.111809 -0.001207 0.416982
v -0.111943 -0.002564 0.416736
v -0.112327 -0.003827 0.417156
v -0.112858 -0.004659 0.418128
v -0.113394 -0.004836 0.419394
v -0.113791 -0.004310 0.420613
v -0.113943 -0.003223 0.421459
v -0.113809 -0.001867 0.421705
v -0.120454 0.000571 0.417998
v -0.119818 0.001385 0.417075
v -0.119139 0.001537 0.415876
v -0.118600 0.000988 0.414724
v -0.118344 -0.000116 0.413927
v -0.118441 -0.001479 0.413699
v -0.118864 -0.002736 0.414100
v -0.119501 -0.003550 0.415023
v -0.120179 -0.003702 0.416221
v -0.120719 -0.003153 0.417373
v -0.120974 -0.002049 0.418170
v -0.120878 -0.000686 0.418399
v -0.126938 0.001595 0.413916
v -0.126193 0.002392 0.413061
v -0.125368 0.002522 0.411956
v -0.124683 0.001949 0.410896
v -0.124322 0.000829 0.410166
v -0.124382 -0.000540 0.409961
v -0.124846 -0.001791 0.410336
v -0.125591 -0.002587 0.411190
v -0.126416 -0.002717 0.412296
v -0.127101 -0.002145 0.413356
v -0.127462 -0.001024 0.414086
v -0.127402 0.000345 0.414291
v -0.132760 0.002451 0.409035
v -0.131908 0.003232 0.408271
v -0.130937 0.003340 0.407288
v -0.130108 0.002747 0.406350
v -0.129643 0.001611 0.405708
v -0.129666 0.000236 0.405534
v -0.130171 -0.001008 0.405874
v -0.131024 -0.001789 0.406638
v -0.131994 -0.001897 0.407621
v -0.132823 -0.001304 0.408559
v -0.133289 -0.000168 0.409201
v -0.133266 0.001206 0.409375
v -0.137800 0.003117 0.403354
v -0.136846 0.003885 0.402705
v -0.135739 0.003975 0.401877
v -0.134774 0.003364 0.401092
v -0.134211 0.002215 0.400561
v -0.134200 0.000836 0.400425
v -0.134745 -0.000403 0.400721
v -0.135698 -0.001171 0.401370
v -0.136806 -0.001261 0.402198
v -0.137770 -0.000650 0.402983
v -0.138333 0.000499 0.403514
v -0.138344 0.001878 0.403650
v -0.141930 0.003574 0.396879
v -0.140889 0.004332 0.396367
v -0.139664 0.004409 0.395725
v -0.138583 0.003785 0.395123
v -0.137936 0.002626 0.394724
v -0.137897 0.001244 0.394634
v -0.138475 0.000009 0.394877
v -0.139516 -0.000749 0.395388
v -0.140741 -0.000826 0.396031
v -0.141821 -0.000202 0.396633
v -0.142468 0.000956 0.397032
v -0.142508 0.002338 0.397122
v -0.145026 0.003800 0.389627
v -0.143919 0.004553 0.389270
v -0.142606 0.004624 0.388834
v -0.141438 0.003993 0.388438
v -0.140728 0.002831 0.388186
v -0.140666 0.001447 0.388146
v -0.141270 0.000213 0.388330
v -0.142377 -0.000540 0.388687
v -0.143690 -0.000610 0.389123
v -0.144858 0.000020 0.389519
v -0.145568 0.001183 0.389771
v -0.145630 0.002567 0.389811
v -0.146968 0.003779 0.381622
v -0.145822 0.004532 0.381427
v -0.144456 0.004603 0.381208
v -0.143235 0.003973 0.381026
v -0.142488 0.002810 0.380928
v -0.142414 0.001427 0.380941
v -0.143033 0.000193 0.381062
v -0.144179 -0.000560 0.381258
v -0.145545 -0.000631 0.381476
v -0.146766 -0.000001 0.381658
v -0.147513 0.001161 0.381756
v -0.147587 0.002545 0.381743
v -0.147670 0.003478 0.372526
v -0.146511 0.004237 0.372495
v -0.145128 0.004315 0.372497
v -0.143891 0.003692 0.372533
v -0.143131 0.002535 0.372592
v -0.143053 0.001153 0.372658
v -0.143677 -0.000082 0.372715
v -0.144836 -0.000841 0.372746
v -0.146219 -0.000920 0.372744
v -0.147456 -0.000297 0.372708
v -0.148215 0.000861 0.372649
v -0.148294 0.002242 0.372582
v -0.146915 0.002926 0.363773
v -0.145770 0.003695 0.363905
v -0.144405 0.003787 0.364127
v -0.143187 0.003178 0.364379
v -0.142441 0.002030 0.364594
v -0.142367 0.000652 0.364715
v -0.142986 -0.000588 0.364708
v -0.144130 -0.001357 0.364576
v -0.145495 -0.001449 0.364354
v -0.146713 -0.000840 0.364102
v -0.147460 0.000308 0.363886
v -0.147533 0.001686 0.363766
v -0.144818 0.002144 0.355446
v -0.143711 0.002927 0.355731
v -0.142398 0.003039 0.356160
v -0.141231 0.002449 0.356616
v -0.140522 0.001315 0.356979
v -0.140461 -0.000058 0.357150
v -0.141064 -0.001304 0.357084
v -0.142171 -0.002087 0.356798
v -0.143484 -0.002199 0.356370
v -0.144651 -0.001609 0.355913
v -0.145360 -0.000475 0.355551
v -0.145421 0.000899 0.355380
v -0.141499 0.001156 0.347620
v -0.140451 0.001957 0.348044
v -0.139216 0.002092 0.348658
v -0.138126 0.001525 0.349298
v -0.137473 0.000408 0.349793
v -0.137431 -0.000960 0.350010
v -0.138013 -0.002212 0.349891
v -0.139061 -0.003013 0.349468
v -0.140296 -0.003148 0.348854
v -0.141386 -0.002581 0.348214
v -0.142039 -0.001464 0.347719
v -0.142081 -0.000096 0.347501
v -0.137082 -0.000015 0.340366
v -0.136106 0.000805 0.340908
v -0.134968 0.000965 0.341683
v -0.133975 0.000424 0.342483
v -0.133392 -0.000675 0.343094
v -0.133375 -0.002036 0.343351
v -0.133929 -0.003295 0.343187
v -0.134905 -0.004115 0.342644
v -0.136042 -0.004276 0.341869
v -0.137036 -0.003734 0.341069
v -0.137619 -0.002636 0.340459
v -0.137636 -0.001275 0.340202
v -0.131686 -0.001347 0.333745
v -0.130791 -0.000507 0.334388
v -0.129765 -0.000319 0.335299
v -0.128881 -0.000833 0.336234
v -0.128377 -0.001912 0.336942
v -0.128388 -0.003267 0.337234
v -0.128911 -0.004534 0.337032
v -0.129806 -0.005374 0.336389
v -0.130833 -0.005562 0.335478
v -0.131717 -0.005047 0.334543
v -0.132220 -0.003968 0.333835
v -0.132209 -0.002614 0.333543
v -0.125430 -0.002818 0.327818
v -0.124623 -0.001957 0.328544
v -0.123715 -0.001741 0.329568
v -0.122949 -0.002228 0.330615
v -0.122531 -0.003286 0.331405
v -0.122573 -0.004634 0.331726
v -0.123063 -0.005908 0.331493
v -0.123870 -0.006769 0.330766
v -0.124778 -0.006985 0.329742
v -0.125544 -0.006498 0.328695
v -0.125962 -0.005440 0.327905
v -0.125920 -0.004092 0.327584
v -0.118427 -0.004406 0.322641
v -0.117711 -0.003525 0.323436
v -0.116929 -0.003280 0.324552
v -0.116288 -0.003739 0.325692
v -0.115961 -0.004777 0.326549
v -0.116035 -0.006116 0.326895
v -0.116491 -0.007399 0.326635
v -0.117206 -0.008280 0.325841
v -0.117989 -0.008525 0.324724
v -0.118630 -0.008066 0.323585
v -0.118957 -0.007028 0.322727
v -0.118883 -0.005689 0.322382
v -0.110788 -0.006091 0.318275
v -0.110169 -0.005189 0.319124
v -0.109516 -0.004916 0.320315
v -0.109005 -0.005345 0.321529
v -0.108773 -0.006363 0.322441
v -0.108882 -0.007695 0.322806
v -0.109302 -0.008985 0.322527
v -0.109922 -0.009887 0.321677
v -0.110575 -0.010160 0.320486
v -0.111086 -0.009731 0.319272
v -0.111318 -0.008714 0.318360
v -0.111209 -0.007382 0.317995
v -0.102625 -0.007853 0.314778
v -0.102104 -0.006929 0.315670
v -0.101587 -0.006627 0.316919
v -0.101212 -0.007027 0.318192
v -0.101079 -0.008023 0.319146
v -0.101224 -0.009347 0.319526
v -0.101608 -0.010645 0.319231
v -0.102129 -0.011569 0.318340
v -0.102646 -0.011872 0.317090
v -0.103022 -0.011471 0.315818
v -0.103154 -0.010476 0.314864
v -0.103009 -0.009151 0.314483
v -0.094045 -0.009671 0.312213
v -0.093627 -0.008726 0.313136
v -0.093251 -0.008393 0.314427
v -0.093018 -0.008764 0.315742
v -0.092989 -0.009737 0.316727
v -0.093173 -0.011054 0.317119
v -0.093520 -0.012359 0.316813
v -0.093937 -0.013305 0.315891
v -0.094313 -0.013637 0.314599
v -0.094547 -0.013267 0.313285
v -0.094576 -0.012293 0.312299
v -0.094392 -0.010977 0.311907
v -0.085159 -0.011525 0.310643
v -0.084849 -0.010557 0.311585
v -0.084620 -0.010194 0.312902
v -0.084534 -0.010534 0.314243
v -0.084613 -0.011485 0.315247
v -0.084838 -0.012792 0.315646
v -0.085146 -0.014106 0.315333
v -0.085457 -0.015074 0.314392
v -0.085686 -0.015437 0.313074
v -0.085772 -0.015098 0.311734
v -0.085692 -0.014147 0.310730
v -0.085468 -0.012839 0.310330
v -0.076686 -0.013267 0.310155
v -0.076484 -0.012277 0.311102
v -0.076405 -0.011883 0.312429
v -0.076468 -0.012192 0.313778
v -0.076658 -0.013121 0.314788
v -0.076923 -0.014420 0.315190
v -0.077193 -0.015742 0.314875
v -0.077395 -0.016732 0.313927
v -0.077474 -0.017126 0.312601
v -0.077411 -0.016817 0.311252
v -0.077221 -0.015889 0.310241
v -0.076956 -0.014589 0.309839
v -0.068287 -0.014968 0.310645
v -0.068193 -0.013955 0.311586
v -0.068261 -0.013532 0.312904
v -0.068473 -0.013811 0.314244
v -0.068771 -0.014717 0.315249
v -0.069077 -0.016009 0.315648
v -0.069307 -0.017338 0.315335
v -0.069401 -0.018351 0.314393
v -0.069333 -0.018774 0.313076
v -0.069122 -0.018495 0.311735
v -0.068823 -0.017589 0.310731
v -0.068518 -0.016297 0.310332
v -0.060072 -0.016601 0.312079
v -0.060085 -0.015568 0.313002
v -0.060299 -0.015115 0.314294
v -0.060657 -0.015365 0.315609
v -0.061062 -0.016250 0.316594
v -0.061407 -0.017534 0.316987
v -0.061598 -0.018871 0.316680
v -0.061585 -0.019905 0.315758
v -0.061371 -0.020357 0.314466
v -0.061014 -0.020107 0.313151
v -0.060608 -0.019222 0.312165
v -0.060264 -0.017939 0.311773
v -0.052150 -0.018143 0.314424
v -0.052269 -0.017089 0.315315
v -0.052628 -0.016609 0.316564
v -0.053129 -0.016831 0.317837
v -0.053640 -0.017695 0.318791
v -0.054023 -0.018971 0.319172
v -0.054175 -0.020317 0.318877
v -0.054056 -0.021371 0.317986
v -0.053698 -0.021851 0.316737
v -0.053196 -0.021629 0.315465
v -0.052685 -0.020764 0.314510
v -0.052302 -0.019488 0.314129
v -0.044628 -0.019570 0.317649
v -0.044853 -0.018496 0.318495
v -0.045355 -0.017988 0.319682
v -0.046000 -0.018183 0.320893
v -0.046615 -0.019028 0.321802
v -0.047035 -0.020297 0.322167
v -0.047148 -0.021650 0.321889
v -0.046923 -0.022724 0.321043
v -0.046421 -0.023231 0.319856
v -0.045776 -0.023036 0.318645
v -0.045161 -0.022191 0.317736
v -0.044741 -0.020922 0.317371
v -0.037618 -0.020856 0.321723
v -0.037947 -0.019763 0.322508
v -0.038591 -0.019229 0.323612
v -0.039377 -0.019398 0.324741
v -0.040095 -0.020224 0.325590
v -0.040552 -0.021487 0.325934
v -0.040625 -0.022846 0.325679
v -0.040296 -0.023940 0.324894
v -0.039652 -0.024473 0.323789
v -0.038866 -0.024304 0.322661
v -0.038148 -0.023478 0.321811
v -0.037691 -0.022216 0.321468
v -0.031230 -0.021976 0.326617
v -0.031662 -0.020865 0.327323
v -0.032445 -0.020307 0.328321
v -0.033368 -0.020452 0.329344
v -0.034186 -0.021261 0.330117
v -0.034677 -0.022517 0.330433
v -0.034712 -0.023884 0.330208
v -0.034280 -0.024995 0.329502
v -0.033498 -0.025553 0.328504
v -0.032574 -0.025408 0.327481
v -0.031757 -0.024599 0.326708
v -0.031265 -0.023343 0.326392
v -0.025581 -0.022904 0.332302
v -0.026110 -0.021777 0.332910
v -0.027024 -0.021198 0.333775
v -0.028078 -0.021322 0.334666
v -0.028990 -0.022115 0.335343
v -0.029515 -0.023366 0.335626
v -0.029512 -0.024738 0.335439
v -0.028983 -0.025865 0.334831
v -0.028069 -0.026445 0.333966
v -0.027015 -0.026321 0.333075
v -0.026104 -0.025528 0.332397
v -0.025579 -0.024277 0.332114
v -0.020789 -0.023614 0.338745
v -0.021407 -0.022474 0.339234
v -0.022439 -0.021877 0.339939
v -0.023611 -0.021984 0.340671
v -0.024607 -0.022765 0.341234
v -0.025161 -0.024011 0.341478
v -0.025125 -0.025389 0.341336
v -0.024508 -0.026529 0.340846
v -0.023475 -0.027125 0.340141
v -0.022304 -0.027019 0.339409
v -0.021308 -0.026238 0.338846
v -0.020753 -0.024992 0.338603
v -0.016976 -0.024079 0.345909
v -0.017667 -0.022930 0.346260
v -0.018797 -0.022321 0.346780
v -0.020066 -0.022415 0.347329
v -0.021133 -0.023188 0.347760
v -0.021711 -0.024431 0.347957
v -0.021647 -0.025812 0.347868
v -0.020956 -0.026961 0.347517
v -0.019826 -0.027570 0.346997
v -0.018557 -0.027475 0.346448
v -0.017490 -0.026703 0.346018
v -0.016912 -0.025460 0.345820
v -0.014264 -0.024271 0.353750
v -0.015007 -0.023118 0.353949
v -0.016208 -0.022504 0.354264
v -0.017546 -0.022594 0.354611
v -0.018663 -0.023363 0.354896
v -0.019259 -0.024605 0.355044
v -0.019174 -0.025988 0.355014
v -0.018431 -0.027140 0.354815
v -0.017230 -0.027754 0.354500
v -0.015891 -0.027664 0.354153
v -0.014775 -0.026895 0.353867
v -0.014179 -0.025653 0.353720
v -0.012769 -0.024165 0.362217
v -0.013540 -0.023014 0.362257
v -0.014779 -0.022403 0.362358
v -0.016155 -0.022495 0.362494
v -0.017299 -0.023266 0.362627
v -0.017903 -0.024509 0.362723
v -0.017808 -0.025891 0.362755
v -0.017037 -0.027041 0.362716
v -0.015797 -0.027652 0.362614
v -0.014422 -0.027560 0.362478
v -0.013278 -0.026789 0.362345
v -0.012673 -0.025547 0.362249
v -0.012617 -0.023759 0.370777
v -0.013391 -0.022616 0.370654
v -0.014634 -0.022016 0.370536
v -0.016013 -0.022119 0.370456
v -0.017159 -0.022897 0.370434
v -0.017765 -0.024142 0.370477
v -0.017668 -0.025521 0.370573
v -0.016894 -0.026664 0.370696
v -0.015651 -0.027264 0.370813
v -0.014272 -0.027162 0.370894
v -0.013126 -0.026383 0.370915
v -0.012520 -0.025138 0.370873
v -0.013792 -0.023087 0.378878
v -0.014542 -0.021958 0.378593
v -0.015754 -0.021375 0.378257
v -0.017102 -0.021496 0.377961
v -0.018225 -0.022287 0.377784
v -0.018823 -0.023537 0.377773
v -0.018735 -0.024910 0.377932
v -0.017985 -0.026040 0.378218
v -0.016774 -0.026622 0.378554
v -0.015426 -0.026502 0.378850
v -0.014302 -0.025710 0.379027
v -0.013704 -0.024461 0.379037
v -0.016187 -0.022177 0.386468
v -0.016889 -0.021066 0.386030
v -0.018036 -0.020508 0.385489
v -0.019321 -0.020653 0.384991
v -0.020399 -0.021461 0.384668
v -0.020981 -0.022717 0.384607
v -0.020911 -0.024084 0.384825
v -0.020209 -0.025195 0.385263
v -0.019062 -0.025753 0.385804
v -0.017777 -0.025608 0.386302
v -0.016699 -0.024799 0.386625
v -0.016117 -0.023544 0.386686
v -0.019686 -0.021059 0.393499
v -0.020322 -0.019969 0.392926
v -0.021380 -0.019440 0.392204
v -0.022575 -0.019613 0.391526
v -0.023589 -0.020443 0.391073
v -0.024149 -0.021706 0.390967
v -0.024105 -0.023064 0.391237
v -0.023469 -0.024154 0.391809
v -0.022412 -0.024683 0.392531
v -0.021216 -0.024510 0.393210
v -0.020202 -0.023680 0.393662
v -0.019643 -0.022418 0.393768
v -0.024173 -0.019764 0.399932
v -0.024730 -0.018697 0.399245
v -0.025681 -0.018198 0.398369
v -0.026771 -0.018402 0.397538
v -0.027708 -0.019254 0.396976
v -0.028241 -0.020524 0.396831
v -0.028227 -0.021874 0.397144
v -0.027670 -0.022941 0.397831
v -0.026720 -0.023439 0.398707
v -0.025630 -0.023235 0.399537
v -0.024693 -0.022384 0.400100
v -0.024160 -0.021113 0.400245
v -0.029532 -0.018320 0.405736
v -0.030003 -0.017276 0.404957
v -0.030838 -0.016809 0.403954
v -0.031813 -0.017044 0.402998
v -0.032666 -0.017918 0.402345
v -0.033170 -0.019196 0.402168
v -0.033189 -0.020537 0.402517
v -0.032717 -0.021581 0.403296
v -0.031882 -0.022048 0.404298
v -0.030907 -0.021813 0.405254
v -0.030054 -0.020940 0.405908
v -0.029550 -0.019661 0.406085
v -0.035649 -0.016757 0.410886
v -0.036032 -0.015735 0.410032
v -0.036747 -0.015299 0.408928
v -0.037603 -0.015564 0.407871
v -0.038370 -0.016460 0.407144
v -0.038843 -0.017747 0.406942
v -0.038895 -0.019079 0.407318
v -0.038512 -0.020100 0.408173
v -0.037796 -0.020537 0.409276
v -0.036940 -0.020271 0.410333
v -0.036173 -0.019375 0.411060
v -0.035701 -0.018089 0.411262
v -0.042417 -0.015101 0.415356
v -0.042712 -0.014101 0.414443
v -0.043307 -0.013694 0.413259
v -0.044042 -0.013989 0.412123
v -0.044722 -0.014906 0.411338
v -0.045163 -0.016200 0.411115
v -0.045248 -0.017525 0.411513
v -0.044953 -0.018524 0.412426
v -0.044358 -0.018931 0.413609
v -0.043622 -0.018637 0.414746
v -0.042943 -0.017719 0.415531
v -0.042502 -0.016425 0.415754
v -0.049732 -0.013379 0.419121
v -0.049938 -0.012400 0.418162
v -0.050413 -0.012021 0.416917
v -0.051029 -0.012344 0.415718
v -0.051620 -0.013282 0.414888
v -0.052029 -0.014584 0.414648
v -0.052146 -0.015901 0.415063
v -0.051940 -0.016880 0.416022
v -0.051465 -0.017258 0.417267
v -0.050849 -0.016935 0.418465
v -0.050258 -0.015997 0.419296
v -0.049849 -0.014696 0.419536
v -0.057490 -0.011618 0.422155
v -0.057609 -0.010659 0.421162
v -0.057963 -0.010307 0.419869
v -0.058459 -0.010658 0.418624
v -0.058962 -0.011616 0.417759
v -0.059339 -0.012925 0.417506
v -0.059487 -0.014235 0.417933
v -0.059369 -0.015193 0.418926
v -0.059014 -0.015545 0.420219
v -0.058518 -0.015195 0.421464
v -0.058015 -0.014236 0.422329
v -0.057638 -0.012927 0.422582
v -0.065590 -0.009843 0.424430
v -0.065621 -0.008904 0.423412
v -0.065854 -0.008579 0.422085
v -0.066228 -0.008956 0.420806
v -0.066643 -0.009933 0.419916
v -0.066986 -0.011250 0.419654
v -0.067166 -0.012552 0.420090
v -0.067135 -0.013492 0.421108
v -0.066901 -0.013817 0.422434
v -0.066527 -0.013440 0.423714
v -0.066113 -0.012462 0.424604
v -0.065770 -0.011146 0.424866
vn 0.2140 0.5199 0.8270
vn 0.2362 0.8640 0.4447
vn 0.1956 0.9790 -0.0572
vn 0.1023 0.8318 -0.5456
vn -0.0190 0.4592 -0.8881
vn -0.1353 -0.0388 -0.9901
vn -0.2148 -0.5262 -0.8228
vn -0.2359 -0.8701 -0.4327
vn -0.1934 -0.9784 0.0728
vn -0.0993 -0.8246 0.5569
vn 0.0209 -0.4523 0.8916
vn 0.1353 0.0389 0.9900
vn 0.1328 0.5364 0.8334
vn 0.1883 0.8737 0.4485
vn 0.1938 0.9794 -0.0571
vn 0.1473 0.8226 -0.5492
vn 0.0608 0.4429 -0.8945
vn -0.0423 -0.0577 -0.9974
vn -0.1340 -0.5427 -0.8292
vn -0.1891 -0.8796 -0.4364
vn -0.1931 -0.9785 0.0727
vn -0.1455 -0.8152 0.5606
vn -0.0593 -0.4360 0.8980
vn 0.0424 0.0579 0.9974
vn 0.0510 0.5524 0.8320
vn 0.1403 0.8831 0.4477
vn 0.1924 0.9797 -0.0571
vn 0.1931 0.8136 -0.5484
vn 0.1415 0.4271 -0.8930
vn 0.0515 -0.0762 -0.9958
vn -0.0526 -0.5587 -0.8277
vn -0.1422 -0.8889 -0.4355
vn -0.1932 -0.9785 0.0729
vn -0.1924 -0.8060 0.5598
vn -0.1404 -0.4200 0.8966
vn -0.0515 0.0762 0.9958
vn -0.0322 0.5680 0.8224
vn 0.0915 0.8922 0.4423
vn 0.1913 0.9799 -0.0569
vn 0.2401 0.8049 -0.5427
vn 0.2241 0.4116 -0.8834
vn 0.1472 -0.0943 -0.9846
vn 0.0302 -0.5746 -0.8179
vn -0.0948 -0.8980 -0.4297
vn -0.1938 -0.9783 0.0731
vn -0.2406 -0.7967 0.5544
vn -0.2234 -0.4042 0.8870
vn -0.1473 0.0943 0.9846
vn -0.1180 0.5834 0.8036
vn 0.0416 0.9011 0.4316
vn 0.1906 0.9800 -0.0566
vn 0.2890 0.7962 -0.5316
vn 0.3096 0.3962 -0.8644
vn 0.2459 -0.1124 -0.9628
vn 0.1154 -0.5903 -0.7989
vn -0.0463 -0.9070 -0.4185
vn -0.1949 -0.9781 0.0734
vn -0.2908 -0.7873 0.5436
vn -0.3093 -0.3884 0.8681
vn -0.2461 0.1123 0.9627
vn -0.2069 0.5987 0.7738
vn -0.0102 0.9099 0.4147
vn 0.1900 0.9802 -0.0561
vn 0.3400 0.7876 -0.5139
vn 0.3985 0.3809 -0.8343
vn 0.3485 -0.1304 -0.9282
vn 0.2036 -0.6061 -0.7689
vn 0.0036 -0.9160 -0.4011
vn -0.1966 -0.9777 0.0735
vn -0.3434 -0.7778 0.5264
vn -0.3987 -0.3725 0.8380
vn -0.3487 0.1302 0.9281
vn -0.2991 0.6137 0.7307
vn -0.0637 0.9185 0.3903
vn 0.1897 0.9803 -0.0554
vn 0.3932 0.7791 -0.4883
vn 0.4910 0.3658 -0.7906
vn 0.4550 -0.1482 -0.8781
vn 0.2948 -0.6217 -0.7256
vn 0.0548 -0.9249 -0.3761
vn -0.1990 -0.9773 0.0733
vn -0.3985 -0.7682 0.5011
vn -0.4917 -0.3566 0.7944
vn -0.4553 0.1480 0.8780
vn -0.3934 0.6282 0.6713
vn -0.1183 0.9268 0.3565
vn 0.1894 0.9804 -0.0544
vn 0.4478 0.7709 -0.4529
vn 0.5858 0.3513 -0.7304
vn 0.5641 -0.1655 -0.8090
vn 0.3880 -0.6369 -0.6662
vn 0.1068 -0.9335 -0.3422
vn -0.2021 -0.9767 0.0726
vn -0.4554 -0.7587 0.4658
vn -0.5872 -0.3411 0.7341
vn -0.5644 0.1652 0.8088
vn -0.4868 0.6414 0.5929
vn -0.1725 0.9343 0.3119
vn 0.1892 0.9805 -0.0533
vn 0.5020 0.7635 -0.4063
vn 0.6800 0.3379 -0.6508
vn 0.6723 -0.1814 -0.7177
vn 0.4803 -0.6510 -0.5879
vn 0.1578 -0.9414 -0.2980
vn -0.2057 -0.9761 0.0709
vn -0.5122 -0.7499 0.4187
vn -0.6821 -0.3267 0.6542
vn -0.6726 0.1811 0.7176
vn -0.5744 0.6526 0.4940
vn -0.2232 0.9407 0.2555
vn 0.1891 0.9806 -0.0521
vn 0.5531 0.7572 -0.3476
vn 0.7685 0.3266 -0.5502
vn 0.7739 -0.1949 -0.6026
vn 0.5667 -0.6628 -0.4894
vn 0.2054 -0.9481 -0.2428
vn -0.2095 -0.9755 0.0679
vn -0.5660 -0.7423 0.3586
vn -0.7714 -0.3145 0.5532
vn -0.7741 0.1945 0.6024
vn -0.6497 0.6607 0.3759
vn -0.2666 0.9453 0.1880
vn 0.1892 0.9806 -0.0508
vn 0.5971 0.7526 -0.2776
vn 0.8448 0.3184 -0.4301
vn 0.8614 -0.2046 -0.4650
vn 0.6410 -0.6713 -0.3720
vn 0.2462 -0.9528 -0.1776
vn -0.2129 -0.9750 0.0636
vn -0.6123 -0.7369 0.2863
vn -0.8482 -0.3058 0.4324
vn -0.8615 0.2041 0.4649
vn -0.7061 0.6648 0.2438
vn -0.2990 0.9476 0.1124
vn 0.1897 0.9806 -0.0495
vn 0.6305 0.7502 -0.1991
vn 0.9022 0.3142 -0.2954
vn 0.9271 -0.2095 -0.3108
vn 0.6969 -0.6755 -0.2408
vn 0.2770 -0.9551 -0.1052
vn -0.2154 -0.9748 0.0581
vn -0.6472 -0.7343 0.2049
vn -0.9061 -0.3015 0.2969
vn -0.9272 0.2089 0.3109
vn -0.7397 0.6646 0.1055
vn -0.3180 0.9475 0.0334
vn 0.1905 0.9805 -0.0480
vn 0.6509 0.7501 -0.1169
vn 0.9367 0.3143 -0.1544
vn 0.9664 -0.2091 -0.1497
vn 0.7305 -0.6750 -0.1038
vn 0.2957 -0.9548 -0.0297
vn -0.2165 -0.9749 0.0520
vn -0.6678 -0.7347 0.1194
vn -0.9406 -0.3020 0.1549
vn -0.9665 0.2085 0.1498
vn -0.7505 0.6599 -0.0351
vn -0.3242 0.9448 -0.0469
vn 0.1905 0.9806 -0.0463
vn 0.6572 0.7530 -0.0332
vn 0.9476 0.3191 -0.0111
vn 0.9789 -0.2037 0.0142
vn 0.7411 -0.6705 0.0355
vn 0.3014 -0.9523 0.0471
vn -0.2172 -0.9751 0.0459
vn -0.6746 -0.7375 0.0324
vn -0.9517 -0.3067 0.0105
vn -0.9791 0.2031 -0.0141
vn -0.7384 0.6512 -0.1749
vn -0.3171 0.9399 -0.1268
vn 0.1906 0.9806 -0.0448
vn 0.6503 0.7581 0.0499
vn 0.9355 0.3280 0.1314
vn 0.9650 -0.1934 0.1772
vn 0.7293 -0.6616 0.1743
vn 0.2951 -0.9474 0.1237
vn -0.2164 -0.9755 0.0400
vn -0.6671 -0.7430 -0.0538
vn -0.9395 -0.3158 -0.1330
vn -0.9651 0.1929 -0.1771
vn -0.7053 0.6391 -0.3068
vn -0.2977 0.9330 -0.2022
vn 0.1909 0.9806 -0.0434
vn 0.6311 0.7650 0.1280
vn 0.9020 0.3403 0.2656
vn 0.9266 -0.1790 0.3308
vn 0.6968 -0.6491 0.3052
vn 0.2775 -0.9405 0.1963
vn -0.2146 -0.9761 0.0350
vn -0.6465 -0.7509 -0.1347
vn -0.9057 -0.3287 -0.2679
vn -0.9267 0.1786 -0.3306
vn -0.6550 0.6245 -0.4254
vn -0.2684 0.9247 -0.2701
vn 0.1913 0.9806 -0.0423
vn 0.6021 0.7734 0.1982
vn 0.8514 0.3551 0.3860
vn 0.8684 -0.1616 0.4688
vn 0.6474 -0.6340 0.4230
vn 0.2505 -0.9320 0.2620
vn -0.2122 -0.9767 0.0310
vn -0.6156 -0.7604 -0.2069
vn -0.8545 -0.3442 -0.3890
vn -0.8686 0.1613 -0.4686
vn -0.5923 0.6083 -0.5283
vn -0.2320 0.9154 -0.3290
vn 0.1916 0.9806 -0.0414
vn 0.5660 0.7827 0.2590
vn 0.7884 0.3715 0.4904
vn 0.7959 -0.1424 0.5884
vn 0.5857 -0.6172 0.5254
vn 0.2164 -0.9226 0.3194
vn -0.2095 -0.9774 0.0282
vn -0.5774 -0.7709 -0.2691
vn -0.7909 -0.3614 -0.4938
vn -0.7961 0.1421 -0.5883
vn -0.5212 0.5911 -0.6156
vn -0.1906 0.9055 -0.3790
vn 0.1920 0.9805 -0.0407
vn 0.5250 0.7925 0.3103
vn 0.7170 0.3888 0.5786
vn 0.7137 -0.1220 0.6897
vn 0.5155 -0.5995 0.6123
vn 0.1774 -0.9126 0.3684
vn -0.2070 -0.9780 0.0262
vn -0.5344 -0.7818 -0.3213
vn -0.7189 -0.3794 -0.5824
vn -0.7139 0.1218 -0.6896
vn -0.4445 0.5733 -0.6883
vn -0.1460 0.8953 -0.4208
vn 0.1925 0.9805 -0.0403
vn 0.4808 0.8027 0.3528
vn 0.6401 0.4067 0.6519
vn 0.6251 -0.1011 0.7739
vn 0.4396 -0.5813 0.6847
vn 0.1349 -0.9023 0.4095
vn -0.2049 -0.9785 0.0249
vn -0.4884 -0.7928 -0.3645
vn -0.6415 -0.3979 -0.6559
vn -0.6253 0.1010 -0.7739
vn -0.3637 0.5552 -0.7480
vn -0.0990 0.8849 -0.4552
vn 0.1930 0.9804 -0.0401
vn 0.4345 0.8130 0.3875
vn 0.5593 0.4248 0.7119
vn 0.5319 -0.0800 0.8430
vn 0.3595 -0.5630 0.7442
vn 0.0897 -0.8918 0.4434
vn -0.2032 -0.9788 0.0241
vn -0.4405 -0.8038 -0.3998
vn -0.5602 -0.4165 -0.7161
vn -0.5320 0.0799 -0.8430
vn -0.2794 0.5367 -0.7962
vn -0.0498 0.8742 -0.4831
vn 0.1938 0.9802 -0.0403
vn 0.3864 0.8236 0.4152
vn 0.4752 0.4433 0.7601
vn 0.4347 -0.0585 0.8987
vn 0.2757 -0.5443 0.7922
vn 0.0422 -0.8812 0.4708
vn -0.2019 -0.9791 0.0236
vn -0.3909 -0.8149 -0.4280
vn -0.4756 -0.4352 -0.7645
vn -0.4347 0.0585 -0.8987
vn -0.1914 0.5178 -0.8338
vn 0.0016 0.8631 -0.5050
vn 0.1948 0.9800 -0.0406
vn 0.3366 0.8343 0.4367
vn 0.3878 0.4622 0.7975
vn 0.3335 -0.0366 0.9420
vn 0.1883 -0.5254 0.8297
vn -0.0078 -0.8704 0.4923
vn -0.2010 -0.9793 0.0233
vn -0.3396 -0.8260 -0.4500
vn -0.3877 -0.4541 -0.8021
vn -0.3335 0.0367 -0.9420
vn -0.0994 0.4983 -0.8613
vn 0.0555 0.8516 -0.5212
vn 0.1962 0.9797 -0.0411
vn 0.2849 0.8453 0.4520
vn 0.2967 0.4815 0.8247
vn 0.2278 -0.0142 0.9736
vn 0.0967 -0.5061 0.8570
vn -0.0603 -0.8593 0.5078
vn -0.2005 -0.9794 0.0230
vn -0.2864 -0.8372 -0.4659
vn -0.2961 -0.4735 -0.8295
vn -0.2277 0.0143 -0.9736
vn -0.0035 0.4783 -0.8782
vn 0.1119 0.8398 -0.5312
vn 0.1980 0.9793 -0.0416
vn 0.2313 0.8565 0.4614
vn 0.2021 0.5013 0.8413
vn 0.1178 0.0087 0.9930
vn 0.0013 -0.4862 0.8738
vn -0.1152 -0.8480 0.5174
vn -0.2002 -0.9795 0.0228
vn -0.2313 -0.8486 -0.4758
vn -0.2010 -0.4932 -0.8464
vn -0.1177 -0.0086 -0.9930
vn 0.0938 0.4583 -0.8838
vn 0.1692 0.8281 -0.5344
vn 0.1998 0.9790 -0.0415
vn 0.1769 0.8677 0.4646
vn 0.1060 0.5210 0.8470
vn 0.0061 0.0317 0.9995
vn -0.0955 -0.4663 0.8795
vn -0.1709 -0.8365 0.5207
vn -0.1999 -0.9796 0.0228
vn -0.1753 -0.8601 -0.4790
vn -0.1044 -0.5131 -0.8519
vn -0.0061 -0.0316 -0.9995
vn 0.1900 0.4389 -0.8782
vn 0.2255 0.8168 -0.5311
vn 0.2012 0.9787 -0.0413
vn 0.1227 0.8786 0.4616
vn 0.0107 0.5402 0.8415
vn -0.1045 0.0540 0.9931
vn -0.1911 -0.4470 0.8739
vn -0.2257 -0.8254 0.5175
vn -0.1992 -0.9797 0.0229
vn -0.1196 -0.8715 -0.4757
vn -0.0086 -0.5326 -0.8463
vn 0.1045 -0.0539 -0.9931
vn 0.2847 0.4200 -0.8617
vn 0.2808 0.8057 -0.5214
vn 0.2022 0.9785 -0.0412
vn 0.0690 0.8892 0.4522
vn -0.0835 0.5589 0.8250
vn -0.2135 0.0756 0.9740
vn -0.2853 -0.4283 0.8574
vn -0.2795 -0.8147 0.5081
vn -0.1982 -0.9799 0.0230
vn -0.0643 -0.8824 -0.4661
vn 0.0861 -0.5514 -0.8298
vn 0.2135 -0.0756 -0.9740
vn 0.3783 0.4017 -0.8340
vn 0.3353 0.7950 -0.5054
vn 0.2029 0.9783 -0.0412
vn 0.0155 0.8997 0.4362
vn -0.1768 0.5771 0.7973
vn -0.3215 0.0965 0.9420
vn -0.3784 -0.4104 0.8297
vn -0.3323 -0.8046 0.4922
vn -0.1968 -0.9802 0.0232
vn -0.0092 -0.8930 -0.4499
vn 0.1801 -0.5696 -0.8020
vn 0.3215 -0.0966 -0.9420
vn 0.4709 0.3840 -0.7942
vn 0.3891 0.7847 -0.4826
vn 0.2034 0.9782 -0.0414
vn -0.0377 0.9099 0.4130
vn -0.2696 0.5948 0.7573
vn -0.4285 0.1168 0.8960
vn -0.4704 -0.3931 0.7900
vn -0.3843 -0.7949 0.4695
vn -0.1949 -0.9805 0.0236
vn 0.0458 -0.9033 -0.4266
vn 0.2734 -0.5871 -0.7619
vn 0.4285 -0.1169 -0.8959
vn 0.5623 0.3670 -0.7410
vn 0.4420 0.7747 -0.4522
vn 0.2037 0.9781 -0.0418
vn -0.0905 0.9198 0.3818
vn -0.3613 0.6118 0.7037
vn -0.5342 0.1361 0.8343
vn -0.5612 -0.3768 0.7369
vn -0.4353 -0.7858 0.4393
vn -0.1925 -0.9810 0.0243
vn 0.1006 -0.9131 -0.3951
vn 0.3659 -0.6038 -0.7082
vn 0.5343 -0.1363 -0.8342
vn 0.6513 0.3511 -0.6727
vn 0.4935 0.7654 -0.4131
vn 0.2039 0.9781 -0.0425
vn -0.1420 0.9291 0.3414
vn -0.4509 0.6278 0.6345
vn -0.6374 0.1541 0.7550
vn -0.6495 -0.3617 0.6688
vn -0.4846 -0.7775 0.4007
vn -0.1896 -0.9815 0.0257
vn 0.1545 -0.9223 -0.3543
vn 0.4563 -0.6194 -0.6388
vn 0.6375 -0.1544 -0.7548
vn 0.7356 0.3369 -0.5877
vn 0.5422 0.7570 -0.3645
vn 0.2039 0.9780 -0.0434
vn -0.1910 0.9374 0.2911
vn -0.5359 0.6420 0.5483
vn -0.7352 0.1701 0.6562
vn -0.7330 -0.3484 0.5842
vn -0.5310 -0.7703 0.3531
vn -0.1864 -0.9821 0.0278
vn 0.2060 -0.9304 -0.3031
vn 0.5422 -0.6332 -0.5523
vn 0.7353 -0.1705 -0.6560
vn 0.8115 0.3254 -0.4854
vn 0.5861 0.7502 -0.3061
vn 0.2039 0.9780 -0.0446
vn -0.2352 0.9442 0.2305
vn -0.6127 0.6536 0.4444
vn -0.8234 0.1830 0.5371
vn -0.8082 -0.3377 0.4824
vn -0.5724 -0.7646 0.2963
vn -0.1832 -0.9826 0.0310
vn 0.2527 -0.9371 -0.2409
vn 0.6198 -0.6444 -0.4479
vn 0.8234 -0.1835 -0.5369
vn 0.8743 0.3176 -0.3671
vn 0.6223 0.7456 -0.2385
vn 0.2038 0.9779 -0.0458
vn -0.2720 0.9489 0.1603
vn -0.6764 0.6615 0.3240
vn -0.8965 0.1918 0.3993
vn -0.8704 -0.3304 0.3650
vn -0.6066 -0.7607 0.2310
vn -0.1803 -0.9830 0.0354
vn 0.2916 -0.9416 -0.1685
vn 0.6842 -0.6520 -0.3269
vn 0.8965 -0.1924 -0.3992
vn 0.9193 0.3143 -0.2368
vn 0.6481 0.7437 -0.1640
vn 0.2035 0.9779 -0.0473
vn -0.2986 0.9508 0.0828
vn -0.7222 0.6648 0.1912
vn -0.9490 0.1955 0.2474
vn -0.9150 -0.3275 0.2356
vn -0.6311 -0.7591 0.1595
vn -0.1782 -0.9832 0.0407
vn 0.3195 -0.9435 -0.0882
vn 0.7304 -0.6551 -0.1932
vn 0.9489 -0.1961 -0.2473
vn 0.9434 0.3160 -0.1006
vn 0.6618 0.7447 -0.0863
vn 0.2031 0.9779 -0.0490
vn -0.3131 0.9497 0.0017
vn -0.7469 0.6629 0.0523
vn -0.9771 0.1935 0.0886
vn -0.9389 -0.3291 0.1006
vn -0.6444 -0.7600 0.0851
vn -0.1772 -0.9831 0.0467
vn 0.3344 -0.9424 -0.0040
vn 0.7551 -0.6534 -0.0533
vn 0.9770 -0.1941 -0.0885
vn 0.9458 0.3226 0.0387
vn 0.6633 0.7483 -0.0068
vn 0.2034 0.9778 -0.0508
vn -0.3142 0.9459 -0.0813
vn -0.7491 0.6563 -0.0899
vn -0.9798 0.1857 -0.0739
vn -0.9412 -0.3359 -0.0375
vn -0.6453 -0.7638 0.0090
vn -0.1767 -0.9828 0.0528
vn 0.3361 -0.9382 0.0822
vn 0.7576 -0.6465 0.0899
vn 0.9797 -0.1863 0.0740
vn 0.9256 0.3342 0.1778
vn 0.6517 0.7550 0.0727
vn 0.2035 0.9777 -0.0523
vn -0.3023 0.9390 -0.1640
vn -0.7286 0.6445 -0.2318
vn -0.9563 0.1723 -0.2361
vn -0.9212 -0.3473 -0.1755
vn -0.6344 -0.7701 -0.0672
vn -0.1777 -0.9823 0.0587
vn 0.3236 -0.9311 0.1681
vn 0.7370 -0.6347 0.2326
vn 0.9562 -0.1729 0.2360
vn 0.8845 0.3501 0.3084
vn 0.6279 0.7642 0.1474
vn 0.2033 0.9776 -0.0536
vn -0.2785 0.9296 -0.2415
vn -0.6870 0.6285 -0.3647
vn -0.9085 0.1541 -0.3883
vn -0.8806 -0.3625 -0.3053
vn -0.6122 -0.7784 -0.1391
vn -0.1798 -0.9816 0.0637
vn 0.2981 -0.9217 0.2482
vn 0.6949 -0.6188 0.3663
vn 0.9085 -0.1546 0.3881
vn 0.8270 0.3688 0.4244
vn 0.5945 0.7752 0.2136
vn 0.2030 0.9776 -0.0549
vn -0.2452 0.9185 -0.3102
vn -0.6290 0.6095 -0.4825
vn -0.8417 0.1328 -0.5233
vn -0.8237 -0.3803 -0.4206
vn -0.5810 -0.7880 -0.2035
vn -0.1826 -0.9809 0.0675
vn 0.2624 -0.9107 0.3189
vn 0.6360 -0.6003 0.4848
vn 0.8418 -0.1332 0.5231
vn 0.7585 0.3891 0.5228
vn 0.5547 0.7871 0.2699
vn 0.2025 0.9777 -0.0559
vn -0.2058 0.9066 -0.3684
vn -0.5602 0.5891 -0.5824
vn -0.7624 0.1099 -0.6378
vn -0.7560 -0.3994 -0.5186
vn -0.5437 -0.7985 -0.2585
vn -0.1855 -0.9801 0.0701
vn 0.2204 -0.8991 0.3783
vn 0.5662 -0.5805 0.5851
vn 0.7624 -0.1102 0.6376
vn 0.6840 0.4096 0.6036
vn 0.5114 0.7991 0.3160
vn 0.2020 0.9777 -0.0568
vn -0.1630 0.8946 -0.4161
vn -0.4854 0.5685 -0.6642
vn -0.6761 0.0866 -0.7317
vn -0.6822 -0.4189 -0.5993
vn -0.5026 -0.8092 -0.3042
vn -0.1882 -0.9795 0.0717
vn 0.1751 -0.8873 0.4267
vn 0.4906 -0.5605 0.6672
vn 0.6762 -0.0869 0.7316
vn 0.6070 0.4297 0.6686
vn 0.4665 0.8109 0.3532
vn 0.2015 0.9778 -0.0574
vn -0.1188 0.8828 -0.4544
vn -0.4082 0.5484 -0.7298
vn -0.5869 0.0639 -0.8071
vn -0.6057 -0.4381 -0.6643
vn -0.4598 -0.8198 -0.3412
vn -0.1904 -0.9790 0.0726
vn 0.1287 -0.8758 0.4651
vn 0.4125 -0.5409 0.7330
vn 0.5870 -0.0640 0.8070
vn 0.5291 0.4491 0.7200
vn 0.4212 0.8223 0.3826
vn 0.2008 0.9779 -0.0578
vn -0.0744 0.8716 -0.4845
vn -0.3304 0.5291 -0.7816
vn -0.4971 0.0419 -0.8667
vn -0.5284 -0.4567 -0.7157
vn -0.4161 -0.8303 -0.3708
vn -0.1921 -0.9787 0.0729
vn 0.0824 -0.8648 0.4953
vn 0.3341 -0.5219 0.7848
vn 0.4972 -0.0420 0.8666
vn 0.4512 0.4676 0.7601
vn 0.3757 0.8332 0.4057
vn 0.1999 0.9781 -0.0579
vn -0.0302 0.8610 -0.5077
vn -0.2529 0.5106 -0.8217
vn -0.4073 0.0208 -0.9130
vn -0.4509 -0.4747 -0.7559
vn -0.3721 -0.8405 -0.3939
vn -0.1932 -0.9784 0.0730
vn 0.0367 -0.8543 0.5185
vn 0.2561 -0.5037 0.8250
vn 0.4074 -0.0208 0.9130
vn 0.3732 0.4855 0.7906
vn 0.3300 0.8437 0.4234
vn 0.1988 0.9783 -0.0578
vn 0.0138 0.8509 -0.5252
vn -0.1756 0.4930 -0.8522
vn -0.3176 0.0004 -0.9482
vn -0.3732 -0.4922 -0.7864
vn -0.3275 -0.8505 -0.4116
vn -0.1937 -0.9783 0.0729
vn -0.0086 -0.8441 0.5361
vn 0.1782 -0.4862 0.8555
vn 0.3176 -0.0004 0.9482
vn 0.2943 0.5029 0.8127
vn 0.2836 0.8540 0.4363
vn 0.1973 0.9786 -0.0575
vn 0.0578 0.8412 -0.5377
vn -0.0978 0.4759 -0.8741
vn -0.2271 -0.0194 -0.9737
vn -0.2947 -0.5094 -0.8085
vn -0.2822 -0.8603 -0.4245
vn -0.1938 -0.9783 0.0728
vn -0.0538 -0.8342 0.5488
vn 0.1001 -0.4690 0.8775
vn 0.2272 0.0195 0.9737
vt 0.000000 1.000000
vt 0.020833 1.000000
vt 0.020833 0.916667
vt 0.000000 0.916667
vt 0.000000 0.083333
vt 0.020833 0.083333
vt 0.020833 0.000000
vt 0.000000 0.000000
vt 0.000000 0.166667
vt 0.020833 0.166667
vt 0.000000 0.250000
vt 0.020833 0.250000
vt 0.000000 0.333333
vt 0.020833 0.333333
vt 0.000000 0.416667
vt 0.020833 0.416667
vt 0.000000 0.500000
vt 0.020833 0.500000
vt 0.000000 0.583333
vt 0.020833 0.583333
vt 0.000000 0.666667
vt 0.020833 0.666667
vt 0.000000 0.750000
vt 0.020833 0.750000
vt 0.000000 0.833333
vt 0.020833 0.833333
vt 0.041667 1.000000
vt 0.041667 0.916667
vt 0.041667 0.083333
vt 0.041667 0.000000
vt 0.041667 0.166667
vt 0.041667 0.250000
vt 0.041667 0.333333
vt 0.041667 0.416667
vt 0.041667 0.500000
vt 0.041667 0.583333
vt 0.041667 0.666667
vt 0.041667 0.750000
vt 0.041667 0.833333
vt 0.062500 1.000000
vt 0.062500 0.916667
vt 0.062500 0.083333
vt 0.062500 0.000000
vt 0.062500 0.166667
vt 0.062500 0.250000
vt 0.062500 0.333333
vt 0.062500 0.416667
vt 0.062500 0.500000
vt 0.062500 0.583333
vt 0.062500 0.666667
vt 0.062500 0.750000
vt 0.062500 0.833333
vt 0.083333 1.000000
vt 0.083333 0.916667
vt 0.083333 0.083333
vt 0.083333 0.000000
vt 0.083333 0.166667
vt 0.083333 0.250000
vt 0.083333 0.333333
vt 0.083333 0.416667
vt 0.083333 0.500000
vt 0.083333 0.583333
vt 0.083333 0.666667
vt 0.083333 0.750000
vt 0.083333 0.833333
vt 0.104167 1.000000
vt 0.104167 0.916667
vt 0.104167 0.083333
vt 0.104167 0.000000
vt 0.104167 0.166667
vt 0.104167 0.250000
vt 0.104167 0.333333
vt 0.104167 0.416667
vt 0.104167 0.500000
vt 0.104167 0.583333
vt 0.104167 0.666667
vt 0.104167 0.750000
vt 0.104167 0.833333
vt 0.125000 1.000000
vt 0.125000 0.916667
vt 0.125000 0.083333
vt 0.125000 0.000000
vt 0.125000 0.166667
vt 0.125000 0.250000
vt 0.125000 0.333333
vt 0.125000 0.416667
vt 0.125000 0.500000
vt 0.125000 0.583333
vt 0.125000 0.666667
vt 0.125000 0.750000
vt 0.125000 0.833333
vt 0.145833 1.000000
vt 0.145833 0.916667
vt 0.145833 0.083333
vt 0.145833 0.000000
vt 0.145833 0.166667
vt 0.145833 0.250000
vt 0.145833 0.333333
vt 0.145833 0.416667
vt 0.145833 0.500000
vt 0.145833 0.583333
vt 0.145833 0.666667
vt 0.145833 0.750000
vt 0.145833 0.833333
vt 0.166667 1.000000
vt 0.166667 0.916667
vt 0.166667 0.083333
vt 0.166667 0.000000
vt 0.166667 0.166667
vt 0.166667 0.250000
vt 0.166667 0.333333
vt 0.166667 0.416667
vt 0.166667 0.500000
vt 0.166667 0.583333
vt 0.166667 0.666667
vt 0.166667 0.750000
vt 0.166667 0.833333
vt 0.187500 1.000000
vt 0.187500 0.916667
vt 0.187500 0.083333
vt 0.187500 0.000000
vt 0.187500 0.166667
vt 0.187500 0.250000
vt 0.187500 0.333333
vt 0.187500 0.416667
vt 0.187500 0.500000
vt 0.187500 0.583333
vt 0.187500 0.666667
vt 0.187500 0.750000
vt 0.187500 0.833333
vt 0.208333 1.000000
vt 0.208333 0.916667
vt 0.208333 0.083333
vt 0.208333 0.000000
vt 0.208333 0.166667
vt 0.208333 0.250000
vt 0.208333 0.333333
vt 0.208333 0.416667
vt 0.208333 0.500000
vt 0.208333 0.583333
vt 0.208333 0.666667
vt 0.208333 0.750000
vt 0.208333 0.833333
vt 0.229167 1.000000
vt 0.229167 0.916667
vt 0.229167 0.083333
vt 0.229167 0.000000
vt 0.229167 0.166667
vt 0.229167 0.250000
vt 0.229167 0.333333
vt 0.229167 0.416667
vt 0.229167 0.500000
vt 0.229167 0.583333
vt 0.229167 0.666667
vt 0.229167 0.750000
vt 0.229167 0.833333
vt 0.250000 1.000000
vt 0.250000 0.916667
vt 0.250000 0.083333
vt 0.250000 0.000000
vt 0.250000 0.166667
vt 0.250000 0.250000
vt 0.250000 0.333333
vt 0.250000 0.416667
vt 0.250000 0.500000
vt 0.250000 0.583333
vt 0.250000 0.666667
vt 0.250000 0.750000
vt 0.250000 0.833333
vt 0.270833 1.000000
vt 0.270833 0.916667
vt 0.270833 0.083333
vt 0.270833 0.000000
vt 0.270833 0.166667
vt 0.270833 0.250000
vt 0.270833 0.333333
vt 0.270833 0.416667
vt 0.270833 0.500000
vt 0.270833 0.583333
vt 0.270833 0.666667
vt 0.270833 0.750000
vt 0.270833 0.833333
vt 0.291667 1.000000
vt 0.291667 0.916667
vt 0.291667 0.083333
vt 0.291667 0.000000
vt 0.291667 0.166667
vt 0.291667 0.250000
vt 0.291667 0.333333
vt 0.291667 0.416667
vt 0.291667 0.500000
vt 0.291667 0.583333
vt 0.291667 0.666667
vt 0.291667 0.750000
vt 0.291667 0.833333
vt 0.312500 1.000000
vt 0.312500 0.916667
vt 0.312500 0.083333
vt 0.312500 0.000000
vt 0.312500 0.166667
vt 0.312500 0.250000
vt 0.312500 0.333333
vt 0.312500 0.416667
vt 0.312500 0.500000
vt 0.312500 0.583333
vt 0.312500 0.666667
vt 0.312500 0.750000
vt 0.312500 0.833333
vt 0.333333 1.000000
vt 0.333333 0.916667
vt 0.333333 0.083333
vt 0.333333 0.000000
vt 0.333333 0.166667
vt 0.333333 0.250000
vt 0.333333 0.333333
vt 0.333333 0.416667
vt 0.333333 0.500000
vt 0.333333 0.583333
vt 0.333333 0.666667
vt 0.333333 0.750000
vt 0.333333 0.833333
vt 0.354167 1.000000
vt 0.354167 0.916667
vt 0.354167 0.083333
vt 0.354167 0.000000
vt 0.354167 0.166667
vt 0.354167 0.250000
vt 0.354167 0.333333
vt 0.354167 0.416667
vt 0.354167 0.500000
vt 0.354167 0.583333
vt 0.354167 0.666667
vt 0.354167 0.750000
vt 0.354167 0.833333
vt 0.375000 1.000000
vt 0.375000 0.916667
vt 0.375000 0.083333
vt 0.375000 0.000000
vt 0.375000 0.166667
vt 0.375000 0.250000
vt 0.375000 0.333333
vt 0.375000 0.416667
vt 0.375000 0.500000
vt 0.375000 0.583333
vt 0.375000 0.666667
vt 0.375000 0.750000
vt 0.375000 0.833333
vt 0.395833 1.000000
vt 0.395833 0.916667
vt 0.395833 0.083333
vt 0.395833 0.000000
vt 0.395833 0.166667
vt 0.395833 0.250000
vt 0.395833 0.333333
vt 0.395833 0.416667
vt 0.395833 0.500000
vt 0.395833 0.583333
vt 0.395833 0.666667
vt 0.395833 0.750000
vt 0.395833 0.833333
vt 0.416667 1.000000
vt 0.416667 0.916667
vt 0.416667 0.083333
vt 0.416667 0.000000
vt 0.416667 0.166667
vt 0.416667 0.250000
vt 0.416667 0.333333
vt 0.416667 0.416667
vt 0.416667 0.500000
vt 0.416667 0.583333
vt 0.416667 0.666667
vt 0.416667 0.750000
vt 0.416667 0.833333
vt 0.437500 1.000000
vt 0.437500 0.916667
vt 0.437500 0.083333
vt 0.437500 0.000000
vt 0.437500 0.166667
vt 0.437500 0.250000
vt 0.437500 0.333333
vt 0.437500 0.416667
vt 0.437500 0.500000
vt 0.437500 0.583333
vt 0.437500 0.666667
vt 0.437500 0.750000
vt 0.437500 0.833333
vt 0.458333 1.000000
vt 0.458333 0.916667
vt 0.458333 0.083333
vt 0.458333 0.000000
vt 0.458333 0.166667
vt 0.458333 0.250000
vt 0.458333 0.333333
vt 0.458333 0.416667
vt 0.458333 0.500000
vt 0.458333 0.583333
vt 0.458333 0.666667
vt 0.458333 0.750000
vt 0.458333 0.833333
vt 0.479167 1.000000
vt 0.479167 0.916667
vt 0.479167 0.083333
vt 0.479167 0.000000
vt 0.479167 0.166667
vt 0.479167 0.250000
vt 0.479167 0.333333
vt 0.479167 0.416667
vt 0.479167 0.500000
vt 0.479167 0.583333
vt 0.479167 0.666667
vt 0.479167 0.750000
vt 0.479167 0.833333
vt 0.500000 1.000000
vt 0.500000 0.916667
vt 0.500000 0.083333
vt 0.500000 0.000000
vt 0.500000 0.166667
vt 0.500000 0.250000
vt 0.500000 0.333333
vt 0.500000 0.416667
vt 0.500000 0.500000
vt 0.500000 0.583333
vt 0.500000 0.666667
vt 0.500000 0.750000
vt 0.500000 0.833333
vt 0.520833 1.000000
vt 0.520833 0.916667
vt 0.520833 0.083333
vt 0.520833 0.000000
vt 0.520833 0.166667
vt 0.520833 0.250000
vt 0.520833 0.333333
vt 0.520833 0.416667
vt 0.520833 0.500000
vt 0.520833 0.583333
vt 0.520833 0.666667
vt 0.520833 0.750000
vt 0.520833 0.833333
vt 0.541667 1.000000
vt 0.541667 0.916667
vt 0.541667 0.083333
vt 0.541667 0.000000
vt 0.541667 0.166667
vt 0.541667 0.250000
vt 0.541667 0.333333
vt 0.541667 0.416667
vt 0.541667 0.500000
vt 0.541667 0.583333
vt 0.541667 0.666667
vt 0.541667 0.750000
vt 0.541667 0.833333
vt 0.562500 1.000000
vt 0.562500 0.916667
vt 0.562500 0.083333
vt 0.562500 0.000000
vt 0.562500 0.166667
vt 0.562500 0.250000
vt 0.562500 0.333333
vt 0.562500 0.416667
vt 0.562500 0.500000
vt 0.562500 0.583333
vt 0.562500 0.666667
vt 0.562500 0.750000
vt 0.562500 0.833333
vt 0.583333 1.000000
vt 0.583333 0.916667
vt 0.583333 0.083333
vt 0.583333 0.000000
vt 0.583333 0.166667
vt 0.583333 0.250000
vt 0.583333 0.333333
vt 0.583333 0.416667
vt 0.583333 0.500000
vt 0.583333 0.583333
vt 0.583333 0.666667
vt 0.583333 0.750000
vt 0.583333 0.833333
vt 0.604167 1.000000
vt 0.604167 0.916667
vt 0.604167 0.083333
vt 0.604167 0.000000
vt 0.604167 0.166667
vt 0.604167 0.250000
vt 0.604167 0.333333
vt 0.604167 0.416667
vt 0.604167 0.500000
vt 0.604167 0.583333
vt 0.604167 0.666667
vt 0.604167 0.750000
vt 0.604167 0.833333
vt 0.625000 1.000000
vt 0.625000 0.916667
vt 0.625000 0.083333
vt 0.625000 0.000000
vt 0.625000 0.166667
vt 0.625000 0.250000
vt 0.625000 0.333333
vt 0.625000 0.416667
vt 0.625000 0.500000
vt 0.625000 0.583333
vt 0.625000 0.666667
vt 0.625000 0.750000
vt 0.625000 0.833333
vt 0.645833 1.000000
vt 0.645833 0.916667
vt 0.645833 0.083333
vt 0.645833 0.000000
vt 0.645833 0.166667
vt 0.645833 0.250000
vt 0.645833 0.333333
vt 0.645833 0.416667
vt 0.645833 0.500000
vt 0.645833 0.583333
vt 0.645833 0.666667
vt 0.645833 0.750000
vt 0.645833 0.833333
vt 0.666667 1.000000
vt 0.666667 0.916667
vt 0.666667 0.083333
vt 0.666667 0.000000
vt 0.666667 0.166667
vt 0.666667 0.250000
vt 0.666667 0.333333
vt 0.666667 0.416667
vt 0.666667 0.500000
vt 0.666667 0.583333
vt 0.666667 0.666667
vt 0.666667 0.750000
vt 0.666667 0.833333
vt 0.687500 1.000000
vt 0.687500 0.916667
vt 0.687500 0.083333
vt 0.687500 0.000000
vt 0.687500 0.166667
vt 0.687500 0.250000
vt 0.687500 0.333333
vt 0.687500 0.416667
vt 0.687500 0.500000
vt 0.687500 0.583333
vt 0.687500 0.666667
vt 0.687500 0.750000
vt 0.687500 0.833333
vt 0.708333 1.000000
vt 0.708333 0.916667
vt 0.708333 0.083333
vt 0.708333 0.000000
vt 0.708333 0.166667
vt 0.708333 0.250000
vt 0.708333 0.333333
vt 0.708333 0.416667
vt 0.708333 0.500000
vt 0.708333 0.583333
vt 0.708333 0.666667
vt 0.708333 0.750000
vt 0.708333 0.833333
vt 0.729167 1.000000
vt 0.729167 0.916667
vt 0.729167 0.083333
vt 0.729167 0.000000
vt 0.729167 0.166667
vt 0.729167 0.250000
vt 0.729167 0.333333
vt 0.729167 0.416667
vt 0.729167 0.500000
vt 0.729167 0.583333
vt 0.729167 0.666667
vt 0.729167 0.750000
vt 0.729167 0.833333
vt 0.750000 1.000000
vt 0.750000 0.916667
vt 0.750000 0.083333
vt 0.750000 0.000000
vt 0.750000 0.166667
vt 0.750000 0.250000
vt 0.750000 0.333333
vt 0.750000 0.416667
vt 0.750000 0.500000
vt 0.750000 0.583333
vt 0.750000 0.666667
vt 0.750000 0.750000
vt 0.750000 0.833333
vt 0.770833 1.000000
vt 0.770833 0.916667
vt 0.770833 0.083333
vt 0.770833 0.000000
vt 0.770833 0.166667
vt 0.770833 0.250000
vt 0.770833 0.333333
vt 0.770833 0.416667
vt 0.770833 0.500000
vt 0.770833 0.583333
vt 0.770833 0.666667
vt 0.770833 0.750000
vt 0.770833 0.833333
vt 0.791667 1.000000
vt 0.791667 0.916667
vt 0.791667 0.083333
vt 0.791667 0.000000
vt 0.791667 0.166667
vt 0.791667 0.250000
vt 0.791667 0.333333
vt 0.791667 0.416667
vt 0.791667 0.500000
vt 0.791667 0.583333
vt 0.791667 0.666667
vt 0.791667 0.750000
vt 0.791667 0.833333
vt 0.812500 1.000000
vt 0.812500 0.916667
vt 0.812500 0.083333
vt 0.812500 0.000000
vt 0.812500 0.166667
vt 0.812500 0.250000
vt 0.812500 0.333333
vt 0.812500 0.416667
vt 0.812500 0.500000
vt 0.812500 0.583333
vt 0.812500 0.666667
vt 0.812500 0.750000
vt 0.812500 0.833333
vt 0.833333 1.000000
vt 0.833333 0.916667
vt 0.833333 0.083333
vt 0.833333 0.000000
vt 0.833333 0.166667
vt 0.833333 0.250000
vt 0.833333 0.333333
vt 0.833333 0.416667
vt 0.833333 0.500000
vt 0.833333 0.583333
vt 0.833333 0.666667
vt 0.833333 0.750000
vt 0.833333 0.833333
vt 0.854167 1.000000
vt 0.854167 0.916667
vt 0.854167 0.083333
vt 0.854167 0.000000
vt 0.854167 0.166667
vt 0.854167 0.250000
vt 0.854167 0.333333
vt 0.854167 0.416667
vt 0.854167 0.500000
vt 0.854167 0.583333
vt 0.854167 0.666667
vt 0.854167 0.750000
vt 0.854167 0.833333
vt 0.875000 1.000000
vt 0.875000 0.916667
vt 0.875000 0.083333
vt 0.875000 0.000000
vt 0.875000 0.166667
vt 0.875000 0.250000
vt 0.875000 0.333333
vt 0.875000 0.416667
vt 0.875000 0.500000
vt 0.875000 0.583333
vt 0.875000 0.666667
vt 0.875000 0.750000
vt 0.875000 0.833333
vt 0.895833 1.000000
vt 0.895833 0.916667
vt 0.895833 0.083333
vt 0.895833 0.000000
vt 0.895833 0.166667
vt 0.895833 0.250000
vt 0.895833 0.333333
vt 0.895833 0.416667
vt 0.895833 0.500000
vt 0.895833 0.583333
vt 0.895833 0.666667
vt 0.895833 0.750000
vt 0.895833 0.833333
vt 0.916667 1.000000
vt 0.916667 0.916667
vt 0.916667 0.083333
vt 0.916667 0.000000
vt 0.916667 0.166667
vt 0.916667 0.250000
vt 0.916667 0.333333
vt 0.916667 0.416667
vt 0.916667 0.500000
vt 0.916667 0.583333
vt 0.916667 0.666667
vt 0.916667 0.750000
vt 0.916667 0.833333
vt 0.937500 1.000000
vt 0.937500 0.916667
vt 0.937500 0.083333
vt 0.937500 0.000000
vt 0.937500 0.166667
vt 0.937500 0.250000
vt 0.937500 0.333333
vt 0.937500 0.416667
vt 0.937500 0.500000
vt 0.937500 0.583333
vt 0.937500 0.666667
vt 0.937500 0.750000
vt 0.937500 0.833333
vt 0.958333 1.000000
vt 0.958333 0.916667
vt 0.958333 0.083333
vt 0.958333 0.000000
vt 0.958333 0.166667
vt 0.958333 0.250000
vt 0.958333 0.333333
vt 0.958333 0.416667
vt 0.958333 0.500000
vt 0.958333 0.583333
vt 0.958333 0.666667
vt 0.958333 0.750000
vt 0.958333 0.833333
vt 0.979167 1.000000
vt 0.979167 0.916667
vt 0.979167 0.083333
vt 0.979167 0.000000
vt 0.979167 0.166667
vt 0.979167 0.250000
vt 0.979167 0.333333
vt 0.979167 0.416667
vt 0.979167 0.500000
vt 0.979167 0.583333
vt 0.979167 0.666667
vt 0.979167 0.750000
vt 0.979167 0.833333
vt 1.000000 1.000000
vt 1.000000 0.916667
vt 1.000000 0.083333
vt 1.000000 0.000000
vt 1.000000 0.166667
vt 1.000000 0.250000
vt 1.000000 0.333333
vt 1.000000 0.416667
vt 1.000000 0.500000
vt 1.000000 0.583333
vt 1.000000 0.666667
vt 1.000000 0.750000
vt 1.000000 0.833333
s 1
f 6578/5935/6288 6590/5936/6300 6601/5937/6311 6589/5938/6299
f 6579/5939/6289 6591/5940/6301 6590/5941/6300 6578/5942/6288
f 6580/5943/6290 6592/5944/6302 6591/5940/6301 6579/5939/6289
f 6581/5945/6291 6593/5946/6303 6592/5944/6302 6580/5943/6290
f 6582/5947/6292 6594/5948/6304 6593/5946/6303 6581/5945/6291
f 6583/5949/6293 6595/5950/6305 6594/5948/6304 6582/5947/6292
f 6584/5951/6294 6596/5952/6306 6595/5950/6305 6583/5949/6293
f 6585/5953/6295 6597/5954/6307 6596/5952/6306 6584/5951/6294
f 6586/5955/6296 6598/5956/6308 6597/5954/6307 6585/5953/6295
f 6587/5957/6297 6599/5958/6309 6598/5956/6308 6586/5955/6296
f 6588/5959/6298 6600/5960/6310 6599/5958/6309 6587/5957/6297
f 6589/5938/6299 6601/5937/6311 6600/5960/6310 6588/5959/6298
f 6590/5936/6300 6602/5961/6312 6613/5962/6323 6601/5937/6311
f 6591/5940/6301 6603/5963/6313 6602/5964/6312 6590/5941/6300
f 6592/5944/6302 6604/5965/6314 6603/5963/6313 6591/5940/6301
f 6593/5946/6303 6605/5966/6315 6604/5965/6314 6592/5944/6302
f 6594/5948/6304 6606/5967/6316 6605/5966/6315 6593/5946/6303
f 6595/5950/6305 6607/5968/6317 6606/5967/6316 6594/5948/6304
f 6596/5952/6306 6608/5969/6318 6607/5968/6317 6595/5950/6305
f 6597/5954/6307 6609/5970/6319 6608/5969/6318 6596/5952/6306
f 6598/5956/6308 6610/5971/6320 6609/5970/6319 6597/5954/6307
f 6599/5958/6309 6611/5972/6321 6610/5971/6320 6598/5956/6308
f 6600/5960/6310 6612/5973/6322 6611/5972/6321 6599/5958/6309
f 6601/5937/6311 6613/5962/6323 6612/5973/6322 6600/5960/6310
f 6602/5961/6312 6614/5974/6324 6625/5975/6335 6613/5962/6323
f 6603/5963/6313 6615/5976/6325 6614/5977/6324 6602/5964/6312
f 6604/5965/6314 6616/5978/6326 6615/5976/6325 6603/5963/6313
f 6605/5966/6315 6617/5979/6327 6616/5978/6326 6604/5965/6314
f 6606/5967/6316 6618/5980/6328 6617/5979/6327 6605/5966/6315
f 6607/5968/6317 6619/5981/6329 6618/5980/6328 6606/5967/6316
f 6608/5969/6318 6620/5982/6330 6619/5981/6329 6607/5968/6317
f 6609/5970/6319 6621/5983/6331 6620/5982/6330 6608/5969/6318
f 6610/5971/6320 6622/5984/6332 6621/5983/6331 6609/5970/6319
f 6611/5972/6321 6623/5985/6333 6622/5984/6332 6610/5971/6320
f 6612/5973/6322 6624/5986/6334 6623/5985/6333 6611/5972/6321
f 6613/5962/6323 6625/5975/6335 6624/5986/6334 6612/5973/6322
f 6614/5974/6324 6626/5987/6336 6637/5988/6347 6625/5975/6335
f 6615/5976/6325 6627/5989/6337 6626/5990/6336 6614/5977/6324
f 6616/5978/6326 6628/5991/6338 6627/5989/6337 6615/5976/6325
f 6617/5979/6327 6629/5992/6339 6628/5991/6338 6616/5978/6326
f 6618/5980/6328 6630/5993/6340 6629/5992/6339 6617/5979/6327
f 6619/5981/6329 6631/5994/6341 6630/5993/6340 6618/5980/6328
f 6620/5982/6330 6632/5995/6342 6631/5994/6341 6619/5981/6329
f 6621/5983/6331 6633/5996/6343 6632/5995/6342 6620/5982/6330
f 6622/5984/6332 6634/5997/6344 6633/5996/6343 6621/5983/6331
f 6623/5985/6333 6635/5998/6345 6634/5997/6344 6622/5984/6332
f 6624/5986/6334 6636/5999/6346 6635/5998/6345 6623/5985/6333
f 6625/5975/6335 6637/5988/6347 6636/5999/6346 6624/5986/6334
f 6626/5987/6336 6638/6000/6348 6649/6001/6359 6637/5988/6347
f 6627/5989/6337 6639/6002/6349 6638/6003/6348 6626/5990/6336
f 6628/5991/6338 6640/6004/6350 6639/6002/6349 6627/5989/6337
f 6629/5992/6339 6641/6005/6351 6640/6004/6350 6628/5991/6338
f 6630/5993/6340 6642/6006/6352 6641/6005/6351 6629/5992/6339
f 6631/5994/6341 6643/6007/6353 6642/6006/6352 6630/5993/6340
f 6632/5995/6342 6644/6008/6354 6643/6007/6353 6631/5994/6341
f 6633/5996/6343 6645/6009/6355 6644/6008/6354 6632/5995/6342
f 6634/5997/6344 6646/6010/6356 6645/6009/6355 6633/5996/6343
f 6635/5998/6345 6647/6011/6357 6646/6010/6356 6634/5997/6344
f 6636/5999/6346 6648/6012/6358 6647/6011/6357 6635/5998/6345
f 6637/5988/6347 6649/6001/6359 6648/6012/6358 6636/5999/6346
f 6638/6000/6348 6650/6013/6360 6661/6014/6371 6649/6001/6359
f 6639/6002/6349 6651/6015/6361 6650/6016/6360 6638/6003/6348
f 6640/6004/6350 6652/6017/6362 6651/6015/6361 6639/6002/6349
f 6641/6005/6351 6653/6018/6363 6652/6017/6362 6640/6004/6350
f 6642/6006/6352 6654/6019/6364 6653/6018/6363 6641/6005/6351
f 6643/6007/6353 6655/6020/6365 6654/6019/6364 6642/6006/6352
f 6644/6008/6354 6656/6021/6366 6655/6020/6365 6643/6007/6353
f 6645/6009/6355 6657/6022/6367 6656/6021/6366 6644/6008/6354
f 6646/6010/6356 6658/6023/6368 6657/6022/6367 6645/6009/6355
f 6647/6011/6357 6659/6024/6369 6658/6023/6368 6646/6010/6356
f 6648/6012/6358 6660/6025/6370 6659/6024/6369 6647/6011/6357
f 6649/6001/6359 6661/6014/6371 6660/6025/6370 6648/6012/6358
f 6650/6013/6360 6662/6026/6372 6673/6027/6383 6661/6014/6371
f 6651/6015/6361 6663/6028/6373 6662/6029/6372 6650/6016/6360
f 6652/6017/6362 6664/6030/6374 6663/6028/6373 6651/6015/6361
f 6653/6018/6363 6665/6031/6375 6664/6030/6374 6652/6017/6362
f 6654/6019/6364 6666/6032/6376 6665/6031/6375 6653/6018/6363
f 6655/6020/6365 6667/6033/6377 6666/6032/6376 6654/6019/6364
f 6656/6021/6366 6668/6034/6378 6667/6033/6377 6655/6020/6365
f 6657/6022/6367 6669/6035/6379 6668/6034/6378 6656/6021/6366
f 6658/6023/6368 6670/6036/6380 6669/6035/6379 6657/6022/6367
f 6659/6024/6369 6671/6037/6381 6670/6036/6380 6658/6023/6368
f 6660/6025/6370 6672/6038/6382 6671/6037/6381 6659/6024/6369
f 6661/6014/6371 6673/6027/6383 6672/6038/6382 6660/6025/6370
f 6662/6026/6372 6674/6039/6384 6685/6040/6395 6673/6027/6383
f 6663/6028/6373 6675/6041/6385 6674/6042/6384 6662/6029/6372
f 6664/6030/6374 6676/6043/6386 6675/6041/6385 6663/6028/6373
f 6665/6031/6375 6677/6044/6387 6676/6043/6386 6664/6030/6374
f 6666/6032/6376 6678/6045/6388 6677/6044/6387 6665/6031/6375
f 6667/6033/6377 6679/6046/6389 6678/6045/6388 6666/6032/6376
f 6668/6034/6378 6680/6047/6390 6679/6046/6389 6667/6033/6377
f 6669/6035/6379 6681/6048/6391 6680/6047/6390 6668/6034/6378
f 6670/6036/6380 6682/6049/6392 6681/6048/6391 6669/6035/6379
f 6671/6037/6381 6683/6050/6393 6682/6049/6392 6670/6036/6380
f 6672/6038/6382 6684/6051/6394 6683/6050/6393 6671/6037/6381
f 6673/6027/6383 6685/6040/6395 6684/6051/6394 6672/6038/6382
f 6674/6039/6384 6686/6052/6396 6697/6053/6407 6685/6040/6395
f 6675/6041/6385 6687/6054/6397 6686/6055/6396 6674/6042/6384
f 6676/6043/6386 6688/6056/6398 6687/6054/6397 6675/6041/6385
f 6677/6044/6387 6689/6057/6399 6688/6056/6398 6676/6043/6386
f 6678/6045/6388 6690/6058/6400 6689/6057/6399 6677/6044/6387
f 6679/6046/6389 6691/6059/6401 6690/6058/6400 6678/6045/6388
f 6680/6047/6390 6692/6060/6402 6691/6059/6401 6679/6046/6389
f 6681/6048/6391 6693/6061/6403 6692/6060/6402 6680/6047/6390
f 6682/6049/6392 6694/6062/6404 6693/6061/6403 6681/6048/6391
f 6683/6050/6393 6695/6063/6405 6694/6062/6404 6682/6049/6392
f 6684/6051/6394 6696/6064/6406 6695/6063/6405 6683/6050/6393
f 6685/6040/6395 6697/6053/6407 6696/6064/6406 6684/6051/6394
f 6686/6052/6396 6698/6065/6408 6709/6066/6419 6697/6053/6407
f 6687/6054/6397 6699/6067/6409 6698/6068/6408 6686/6055/6396
f 6688/6056/6398 6700/6069/6410 6699/6067/6409 6687/6054/6397
f 6689/6057/6399 6701/6070/6411 6700/6069/6410 6688/6056/6398
f 6690/6058/6400 6702/6071/6412 6701/6070/6411 6689/6057/6399
f 6691/6059/6401 6703/6072/6413 6702/6071/6412 6690/6058/6400
f 6692/6060/6402 6704/6073/6414 6703/6072/6413 6691/6059/6401
f 6693/6061/6403 6705/6074/6415 6704/6073/6414 6692/6060/6402
f 6694/6062/6404 6706/6075/6416 6705/6074/6415 6693/6061/6403
f 6695/6063/6405 6707/6076/6417 6706/6075/6416 6694/6062/6404
f 6696/6064/6406 6708/6077/6418 6707/6076/6417 6695/6063/6405
f 6697/6053/6407 6709/6066/6419 6708/6077/6418 6696/6064/6406
f 6698/6065/6408 6710/6078/6420 6721/6079/6431 6709/6066/6419
f 6699/6067/6409 6711/6080/6421 6710/6081/6420 6698/6068/6408
f 6700/6069/6410 6712/6082/6422 6711/6080/6421 6699/6067/6409
f 6701/6070/6411 6713/6083/6423 6712/6082/6422 6700/6069/6410
f 6702/6071/6412 6714/6084/6424 6713/6083/6423 6701/6070/6411
f 6703/6072/6413 6715/6085/6425 6714/6084/6424 6702/6071/6412
f 6704/6073/6414 6716/6086/6426 6715/6085/6425 6703/6072/6413
f 6705/6074/6415 6717/6087/6427 6716/6086/6426 6704/6073/6414
f 6706/6075/6416 6718/6088/6428 6717/6087/6427 6705/6074/6415
f 6707/6076/6417 6719/6089/6429 6718/6088/6428 6706/6075/6416
f 6708/6077/6418 6720/6090/6430 6719/6089/6429 6707/6076/6417
f 6709/6066/6419 6721/6079/6431 6720/6090/6430 6708/6077/6418
f 6710/6078/6420 6722/6091/6432 6733/6092/6443 6721/6079/6431
f 6711/6080/6421 6723/6093/6433 6722/6094/6432 6710/6081/6420
f 6712/6082/6422 6724/6095/6434 6723/6093/6433 6711/6080/6421
f 6713/6083/6423 6725/6096/6435 6724/6095/6434 6712/6082/6422
f 6714/6084/6424 6726/6097/6436 6725/6096/6435 6713/6083/6423
f 6715/6085/6425 6727/6098/6437 6726/6097/6436 6714/6084/6424
f 6716/6086/6426 6728/6099/6438 6727/6098/6437 6715/6085/6425
f 6717/6087/6427 6729/6100/6439 6728/6099/6438 6716/6086/6426
f 6718/6088/6428 6730/6101/6440 6729/6100/6439 6717/6087/6427
f 6719/6089/6429 6731/6102/6441 6730/6101/6440 6718/6088/6428
f 6720/6090/6430 6732/6103/6442 6731/6102/6441 6719/6089/6429
f 6721/6079/6431 6733/6092/6443 6732/6103/6442 6720/6090/6430
f 6722/6091/6432 6734/6104/6444 6745/6105/6455 6733/6092/6443
f 6723/6093/6433 6735/6106/6445 6734/6107/6444 6722/6094/6432
f 6724/6095/6434 6736/6108/6446 6735/6106/6445 6723/6093/6433
f 6725/6096/6435 6737/6109/6447 6736/6108/6446 6724/6095/6434
f 6726/6097/6436 6738/6110/6448 6737/6109/6447 6725/6096/6435
f 6727/6098/6437 6739/6111/6449 6738/6110/6448 6726/6097/6436
f 6728/6099/6438 6740/6112/6450 6739/6111/6449 6727/6098/6437
f 6729/6100/6439 6741/6113/6451 6740/6112/6450 6728/6099/6438
f 6730/6101/6440 6742/6114/6452 6741/6113/6451 6729/6100/6439
f 6731/6102/6441 6743/6115/6453 6742/6114/6452 6730/6101/6440
f 6732/6103/6442 6744/6116/6454 6743/6115/6453 6731/6102/6441
f 6733/6092/6443 6745/6105/6455 6744/6116/6454 6732/6103/6442
f 6734/6104/6444 6746/6117/6456 6757/6118/6467 6745/6105/6455
f 6735/6106/6445 6747/6119/6457 6746/6120/6456 6734/6107/6444
f 6736/6108/6446 6748/6121/6458 6747/6119/6457 6735/6106/6445
f 6737/6109/6447 6749/6122/6459 6748/6121/6458 6736/6108/6446
f 6738/6110/6448 6750/6123/6460 6749/6122/6459 6737/6109/6447
f 6739/6111/6449 6751/6124/6461 6750/6123/6460 6738/6110/6448
f 6740/6112/6450 6752/6125/6462 6751/6124/6461 6739/6111/6449
f 6741/6113/6451 6753/6126/6463 6752/6125/6462 6740/6112/6450
f 6742/6114/6452 6754/6127/6464 6753/6126/6463 6741/6113/6451
f 6743/6115/6453 6755/6128/6465 6754/6127/6464 6742/6114/6452
f 6744/6116/6454 6756/6129/6466 6755/6128/6465 6743/6115/6453
f 6745/6105/6455 6757/6118/6467 6756/6129/6466 6744/6116/6454
f 6746/6117/6456 6758/6130/6468 6769/6131/6479 6757/6118/6467
f 6747/6119/6457 6759/6132/6469 6758/6133/6468 6746/6120/6456
f 6748/6121/6458 6760/6134/6470 6759/6132/6469 6747/6119/6457
f 6749/6122/6459 6761/6135/6471 6760/6134/6470 6748/6121/6458
f 6750/6123/6460 6762/6136/6472 6761/6135/6471 6749/6122/6459
f 6751/6124/6461 6763/6137/6473 6762/6136/6472 6750/6123/6460
f 6752/6125/6462 6764/6138/6474 6763/6137/6473 6751/6124/6461
f 6753/6126/6463 6765/6139/6475 6764/6138/6474 6752/6125/6462
f 6754/6127/6464 6766/6140/6476 6765/6139/6475 6753/6126/6463
f 6755/6128/6465 6767/6141/6477 6766/6140/6476 6754/6127/6464
f 6756/6129/6466 6768/6142/6478 6767/6141/6477 6755/6128/6465
f 6757/6118/6467 6769/6131/6479 6768/6142/6478 6756/6129/6466
f 6758/6130/6468 6770/6143/6480 6781/6144/6491 6769/6131/6479
f 6759/6132/6469 6771/6145/6481 6770/6146/6480 6758/6133/6468
f 6760/6134/6470 6772/6147/6482 6771/6145/6481 6759/6132/6469
f 6761/6135/6471 6773/6148/6483 6772/6147/6482 6760/6134/6470
f 6762/6136/6472 6774/6149/6484 6773/6148/6483 6761/6135/6471
f 6763/6137/6473 6775/6150/6485 6774/6149/6484 6762/6136/6472
f 6764/6138/6474 6776/6151/6486 6775/6150/6485 6763/6137/6473
f 6765/6139/6475 6777/6152/6487 6776/6151/6486 6764/6138/6474
f 6766/6140/6476 6778/6153/6488 6777/6152/6487 6765/6139/6475
f 6767/6141/6477 6779/6154/6489 6778/6153/6488 6766/6140/6476
f 6768/6142/6478 6780/6155/6490 6779/6154/6489 6767/6141/6477
f 6769/6131/6479 6781/6144/6491 6780/6155/6490 6768/6142/6478
f 6770/6143/6480 6782/6156/6492 6793/6157/6503 6781/6144/6491
f 6771/6145/6481 6783/6158/6493 6782/6159/6492 6770/6146/6480
f 6772/6147/6482 6784/6160/6494 6783/6158/6493 6771/6145/6481
f 6773/6148/6483 6785/6161/6495 6784/6160/6494 6772/6147/6482
f 6774/6149/6484 6786/6162/6496 6785/6161/6495 6773/6148/6483
f 6775/6150/6485 6787/6163/6497 6786/6162/6496 6774/6149/6484
f 6776/6151/6486 6788/6164/6498 6787/6163/6497 6775/6150/6485
f 6777/6152/6487 6789/6165/6499 6788/6164/6498 6776/6151/6486
f 6778/6153/6488 6790/6166/6500 6789/6165/6499 6777/6152/6487
f 6779/6154/6489 6791/6167/6501 6790/6166/6500 6778/6153/6488
f 6780/6155/6490 6792/6168/6502 6791/6167/6501 6779/6154/6489
f 6781/6144/6491 6793/6157/6503 6792/6168/6502 6780/6155/6490
f 6782/6156/6492 6794/6169/6504 6805/6170/6515 6793/6157/6503
f 6783/6158/6493 6795/6171/6505 6794/6172/6504 6782/6159/6492
f 6784/6160/6494 6796/6173/6506 6795/6171/6505 6783/6158/6493
f 6785/6161/6495 6797/6174/6507 6796/6173/6506 6784/6160/6494
f 6786/6162/6496 6798/6175/6508 6797/6174/6507 6785/6161/6495
f 6787/6163/6497 6799/6176/6509 6798/6175/6508 6786/6162/6496
f 6788/6164/6498 6800/6177/6510 6799/6176/6509 6787/6163/6497
f 6789/6165/6499 6801/6178/6511 6800/6177/6510 6788/6164/6498
f 6790/6166/6500 6802/6179/6512 6801/6178/6511 6789/6165/6499
f 6791/6167/6501 6803/6180/6513 6802/6179/6512 6790/6166/6500
f 6792/6168/6502 6804/6181/6514 6803/6180/6513 6791/6167/6501
f 6793/6157/6503 6805/6170/6515 6804/6181/6514 6792/6168/6502
f 6794/6169/6504 6806/6182/6516 6817/6183/6527 6805/6170/6515
f 6795/6171/6505 6807/6184/6517 6806/6185/6516 6794/6172/6504
f 6796/6173/6506 6808/6186/6518 6807/6184/6517 6795/6171/6505
f 6797/6174/6507 6809/6187/6519 6808/6186/6518 6796/6173/6506
f 6798/6175/6508 6810/6188/6520 6809/6187/6519 6797/6174/6507
f 6799/6176/6509 6811/6189/6521 6810/6188/6520 6798/6175/6508
f 6800/6177/6510 6812/6190/6522 6811/6189/6521 6799/6176/6509
f 6801/6178/6511 6813/6191/6523 6812/6190/6522 6800/6177/6510
f 6802/6179/6512 6814/6192/6524 6813/6191/6523 6801/6178/6511
f 6803/6180/6513 6815/6193/6525 6814/6192/6524 6802/6179/6512
f 6804/6181/6514 6816/6194/6526 6815/6193/6525 6803/6180/6513
f 6805/6170/6515 6817/6183/6527 6816/6194/6526 6804/6181/6514
f 6806/6182/6516 6818/6195/6528 6829/6196/6539 6817/6183/6527
f 6807/6184/6517 6819/6197/6529 6818/6198/6528 6806/6185/6516
f 6808/6186/6518 6820/6199/6530 6819/6197/6529 6807/6184/6517
f 6809/6187/6519 6821/6200/6531 6820/6199/6530 6808/6186/6518
f 6810/6188/6520 6822/6201/6532 6821/6200/6531 6809/6187/6519
f 6811/6189/6521 6823/6202/6533 6822/6201/6532 6810/6188/6520
f 6812/6190/6522 6824/6203/6534 6823/6202/6533 6811/6189/6521
f 6813/6191/6523 6825/6204/6535 6824/6203/6534 6812/6190/6522
f 6814/6192/6524 6826/6205/6536 6825/6204/6535 6813/6191/6523
f 6815/6193/6525 6827/6206/6537 6826/6205/6536 6814/6192/6524
f 6816/6194/6526 6828/6207/6538 6827/6206/6537 6815/6193/6525
f 6817/6183/6527 6829/6196/6539 6828/6207/6538 6816/6194/6526
f 6818/6195/6528 6830/6208/6540 6841/6209/6551 6829/6196/6539
f 6819/6197/6529 6831/6210/6541 6830/6211/6540 6818/6198/6528
f 6820/6199/6530 6832/6212/6542 6831/6210/6541 6819/6197/6529
f 6821/6200/6531 6833/6213/6543 6832/6212/6542 6820/6199/6530
f 6822/6201/6532 6834/6214/6544 6833/6213/6543 6821/6200/6531
f 6823/6202/6533 6835/6215/6545 6834/6214/6544 6822/6201/6532
f 6824/6203/6534 6836/6216/6546 6835/6215/6545 6823/6202/6533
f 6825/6204/6535 6837/6217/6547 6836/6216/6546 6824/6203/6534
f 6826/6205/6536 6838/6218/6548 6837/6217/6547 6825/6204/6535
f 6827/6206/6537 6839/6219/6549 6838/6218/6548 6826/6205/6536
f 6828/6207/6538 6840/6220/6550 6839/6219/6549 6827/6206/6537
f 6829/6196/6539 6841/6209/6551 6840/6220/6550 6828/6207/6538
f 6830/6208/6540 6842/6221/6552 6853/6222/6563 6841/6209/6551
f 6831/6210/6541 6843/6223/6553 6842/6224/6552 6830/6211/6540
f 6832/6212/6542 6844/6225/6554 6843/6223/6553 6831/6210/6541
f 6833/6213/6543 6845/6226/6555 6844/6225/6554 6832/6212/6542
f 6834/6214/6544 6846/6227/6556 6845/6226/6555 6833/6213/6543
f 6835/6215/6545 6847/6228/6557 6846/6227/6556 6834/6214/6544
f 6836/6216/6546 6848/6229/6558 6847/6228/6557 6835/6215/6545
f 6837/6217/6547 6849/6230/6559 6848/6229/6558 6836/6216/6546
f 6838/6218/6548 6850/6231/6560 6849/6230/6559 6837/6217/6547
f 6839/6219/6549 6851/6232/6561 6850/6231/6560 6838/6218/6548
f 6840/6220/6550 6852/6233/6562 6851/6232/6561 6839/6219/6549
f 6841/6209/6551 6853/6222/6563 6852/6233/6562 6840/6220/6550
f 6842/6221/6552 6854/6234/6564 6865/6235/6575 6853/6222/6563
f 6843/6223/6553 6855/6236/6565 6854/6237/6564 6842/6224/6552
f 6844/6225/6554 6856/6238/6566 6855/6236/6565 6843/6223/6553
f 6845/6226/6555 6857/6239/6567 6856/6238/6566 6844/6225/6554
f 6846/6227/6556 6858/6240/6568 6857/6239/6567 6845/6226/6555
f 6847/6228/6557 6859/6241/6569 6858/6240/6568 6846/6227/6556
f 6848/6229/6558 6860/6242/6570 6859/6241/6569 6847/6228/6557
f 6849/6230/6559 6861/6243/6571 6860/6242/6570 6848/6229/6558
f 6850/6231/6560 6862/6244/6572 6861/6243/6571 6849/6230/6559
f 6851/6232/6561 6863/6245/6573 6862/6244/6572 6850/6231/6560
f 6852/6233/6562 6864/6246/6574 6863/6245/6573 6851/6232/6561
f 6853/6222/6563 6865/6235/6575 6864/6246/6574 6852/6233/6562
f 6854/6234/6564 6866/6247/6576 6877/6248/6587 6865/6235/6575
f 6855/6236/6565 6867/6249/6577 6866/6250/6576 6854/6237/6564
f 6856/6238/6566 6868/6251/6578 6867/6249/6577 6855/6236/6565
f 6857/6239/6567 6869/6252/6579 6868/6251/6578 6856/6238/6566
f 6858/6240/6568 6870/6253/6580 6869/6252/6579 6857/6239/6567
f 6859/6241/6569 6871/6254/6581 6870/6253/6580 6858/6240/6568
f 6860/6242/6570 6872/6255/6582 6871/6254/6581 6859/6241/6569
f 6861/6243/6571 6873/6256/6583 6872/6255/6582 6860/6242/6570
f 6862/6244/6572 6874/6257/6584 6873/6256/6583 6861/6243/6571
f 6863/6245/6573 6875/6258/6585 6874/6257/6584 6862/6244/6572
f 6864/6246/6574 6876/6259/6586 6875/6258/6585 6863/6245/6573
f 6865/6235/6575 6877/6248/6587 6876/6259/6586 6864/6246/6574
f 6866/6247/6576 6878/6260/6588 6889/6261/6599 6877/6248/6587
f 6867/6249/6577 6879/6262/6589 6878/6263/6588 6866/6250/6576
f 6868/6251/6578 6880/6264/6590 6879/6262/6589 6867/6249/6577
f 6869/6252/6579 6881/6265/6591 6880/6264/6590 6868/6251/6578
f 6870/6253/6580 6882/6266/6592 6881/6265/6591 6869/6252/6579
f 6871/6254/6581 6883/6267/6593 6882/6266/6592 6870/6253/6580
f 6872/6255/6582 6884/6268/6594 6883/6267/6593 6871/6254/6581
f 6873/6256/6583 6885/6269/6595 6884/6268/6594 6872/6255/6582
f 6874/6257/6584 6886/6270/6596 6885/6269/6595 6873/6256/6583
f 6875/6258/6585 6887/6271/6597 6886/6270/6596 6874/6257/6584
f 6876/6259/6586 6888/6272/6598 6887/6271/6597 6875/6258/6585
f 6877/6248/6587 6889/6261/6599 6888/6272/6598 6876/6259/6586
f 6878/6260/6588 6890/6273/6600 6901/6274/6611 6889/6261/6599
f 6879/6262/6589 6891/6275/6601 6890/6276/6600 6878/6263/6588
f 6880/6264/6590 6892/6277/6602 6891/6275/6601 6879/6262/6589
f 6881/6265/6591 6893/6278/6603 6892/6277/6602 6880/6264/6590
f 6882/6266/6592 6894/6279/6604 6893/6278/6603 6881/6265/6591
f 6883/6267/6593 6895/6280/6605 6894/6279/6604 6882/6266/6592
f 6884/6268/6594 6896/6281/6606 6895/6280/6605 6883/6267/6593
f 6885/6269/6595 6897/6282/6607 6896/6281/6606 6884/6268/6594
f 6886/6270/6596 6898/6283/6608 6897/6282/6607 6885/6269/6595
f 6887/6271/6597 6899/6284/6609 6898/6283/6608 6886/6270/6596
f 6888/6272/6598 6900/6285/6610 6899/6284/6609 6887/6271/6597
f 6889/6261/6599 6901/6274/6611 6900/6285/6610 6888/6272/6598
f 6890/6273/6600 6902/6286/6612 6913/6287/6623 6901/6274/6611
f 6891/6275/6601 6903/6288/6613 6902/6289/6612 6890/6276/6600
f 6892/6277/6602 6904/6290/6614 6903/6288/6613 6891/6275/6601
f 6893/6278/6603 6905/6291/6615 6904/6290/6614 6892/6277/6602
f 6894/6279/6604 6906/6292/6616 6905/6291/6615 6893/6278/6603
f 6895/6280/6605 6907/6293/6617 6906/6292/6616 6894/6279/6604
f 6896/6281/6606 6908/6294/6618 6907/6293/6617 6895/6280/6605
f 6897/6282/6607 6909/6295/6619 6908/6294/6618 6896/6281/6606
f 6898/6283/6608 6910/6296/6620 6909/6295/6619 6897/6282/6607
f 6899/6284/6609 6911/6297/6621 6910/6296/6620 6898/6283/6608
f 6900/6285/6610 6912/6298/6622 6911/6297/6621 6899/6284/6609
f 6901/6274/6611 6913/6287/6623 6912/6298/6622 6900/6285/6610
f 6902/6286/6612 6914/6299/6624 6925/6300/6635 6913/6287/6623
f 6903/6288/6613 6915/6301/6625 6914/6302/6624 6902/6289/6612
f 6904/6290/6614 6916/6303/6626 6915/6301/6625 6903/6288/6613
f 6905/6291/6615 6917/6304/6627 6916/6303/6626 6904/6290/6614
f 6906/6292/6616 6918/6305/6628 6917/6304/6627 6905/6291/6615
f 6907/6293/6617 6919/6306/6629 6918/6305/6628 6906/6292/6616
f 6908/6294/6618 6920/6307/6630 6919/6306/6629 6907/6293/6617
f 6909/6295/6619 6921/6308/6631 6920/6307/6630 6908/6294/6618
f 6910/6296/6620 6922/6309/6632 6921/6308/6631 6909/6295/6619
f 6911/6297/6621 6923/6310/6633 6922/6309/6632 6910/6296/6620
f 6912/6298/6622 6924/6311/6634 6923/6310/6633 6911/6297/6621
f 6913/6287/6623 6925/6300/6635 6924/6311/6634 6912/6298/6622
f 6914/6299/6624 6926/6312/6636 6937/6313/6647 6925/6300/6635
f 6915/6301/6625 6927/6314/6637 6926/6315/6636 6914/6302/6624
f 6916/6303/6626 6928/6316/6638 6927/6314/6637 6915/6301/6625
f 6917/6304/6627 6929/6317/6639 6928/6316/6638 6916/6303/6626
f 6918/6305/6628 6930/6318/6640 6929/6317/6639 6917/6304/6627
f 6919/6306/6629 6931/6319/6641 6930/6318/6640 6918/6305/6628
f 6920/6307/6630 6932/6320/6642 6931/6319/6641 6919/6306/6629
f 6921/6308/6631 6933/6321/6643 6932/6320/6642 6920/6307/6630
f 6922/6309/6632 6934/6322/6644 6933/6321/6643 6921/6308/6631
f 6923/6310/6633 6935/6323/6645 6934/6322/6644 6922/6309/6632
f 6924/6311/6634 6936/6324/6646 6935/6323/6645 6923/6310/6633
f 6925/6300/6635 6937/6313/6647 6936/6324/6646 6924/6311/6634
f 6926/6312/6636 6938/6325/6648 6949/6326/6659 6937/6313/6647
f 6927/6314/6637 6939/6327/6649 6938/6328/6648 6926/6315/6636
f 6928/6316/6638 6940/6329/6650 6939/6327/6649 6927/6314/6637
f 6929/6317/6639 6941/6330/6651 6940/6329/6650 6928/6316/6638
f 6930/6318/6640 6942/6331/6652 6941/6330/6651 6929/6317/6639
f 6931/6319/6641 6943/6332/6653 6942/6331/6652 6930/6318/6640
f 6932/6320/6642 6944/6333/6654 6943/6332/6653 6931/6319/6641
f 6933/6321/6643 6945/6334/6655 6944/6333/6654 6932/6320/6642
f 6934/6322/6644 6946/6335/6656 6945/6334/6655 6933/6321/6643
f 6935/6323/6645 6947/6336/6657 6946/6335/6656 6934/6322/6644
f 6936/6324/6646 6948/6337/6658 6947/6336/6657 6935/6323/6645
f 6937/6313/6647 6949/6326/6659 6948/6337/6658 6936/6324/6646
f 6938/6325/6648 6950/6338/6660 6961/6339/6671 6949/6326/6659
f 6939/6327/6649 6951/6340/6661 6950/6341/6660 6938/6328/6648
f 6940/6329/6650 6952/6342/6662 6951/6340/6661 6939/6327/6649
f 6941/6330/6651 6953/6343/6663 6952/6342/6662 6940/6329/6650
f 6942/6331/6652 6954/6344/6664 6953/6343/6663 6941/6330/6651
f 6943/6332/6653 6955/6345/6665 6954/6344/6664 6942/6331/6652
f 6944/6333/6654 6956/6346/6666 6955/6345/6665 6943/6332/6653
f 6945/6334/6655 6957/6347/6667 6956/6346/6666 6944/6333/6654
f 6946/6335/6656 6958/6348/6668 6957/6347/6667 6945/6334/6655
f 6947/6336/6657 6959/6349/6669 6958/6348/6668 6946/6335/6656
f 6948/6337/6658 6960/6350/6670 6959/6349/6669 6947/6336/6657
f 6949/6326/6659 6961/6339/6671 6960/6350/6670 6948/6337/6658
f 6950/6338/6660 6962/6351/6672 6973/6352/6683 6961/6339/6671
f 6951/6340/6661 6963/6353/6673 6962/6354/6672 6950/6341/6660
f 6952/6342/6662 6964/6355/6674 6963/6353/6673 6951/6340/6661
f 6953/6343/6663 6965/6356/6675 6964/6355/6674 6952/6342/6662
f 6954/6344/6664 6966/6357/6676 6965/6356/6675 6953/6343/6663
f 6955/6345/6665 6967/6358/6677 6966/6357/6676 6954/6344/6664
f 6956/6346/6666 6968/6359/6678 6967/6358/6677 6955/6345/6665
f 6957/6347/6667 6969/6360/6679 6968/6359/6678 6956/6346/6666
f 6958/6348/6668 6970/6361/6680 6969/6360/6679 6957/6347/6667
f 6959/6349/6669 6971/6362/6681 6970/6361/6680 6958/6348/6668
f 6960/6350/6670 6972/6363/6682 6971/6362/6681 6959/6349/6669
f 6961/6339/6671 6973/6352/6683 6972/6363/6682 6960/6350/6670
f 6962/6351/6672 6974/6364/6684 6985/6365/6695 6973/6352/6683
f 6963/6353/6673 6975/6366/6685 6974/6367/6684 6962/6354/6672
f 6964/6355/6674 6976/6368/6686 6975/6366/6685 6963/6353/6673
f 6965/6356/6675 6977/6369/6687 6976/6368/6686 6964/6355/6674
f 6966/6357/6676 6978/6370/6688 6977/6369/6687 6965/6356/6675
f 6967/6358/6677 6979/6371/6689 6978/6370/6688 6966/6357/6676
f 6968/6359/6678 6980/6372/6690 6979/6371/6689 6967/6358/6677
f 6969/6360/6679 6981/6373/6691 6980/6372/6690 6968/6359/6678
f 6970/6361/6680 6982/6374/6692 6981/6373/6691 6969/6360/6679
f 6971/6362/6681 6983/6375/6693 6982/6374/6692 6970/6361/6680
f 6972/6363/6682 6984/6376/6694 6983/6375/6693 6971/6362/6681
f 6973/6352/6683 6985/6365/6695 6984/6376/6694 6972/6363/6682
f 6974/6364/6684 6986/6377/6696 6997/6378/6707 6985/6365/6695
f 6975/6366/6685 6987/6379/6697 6986/6380/6696 6974/6367/6684
f 6976/6368/6686 6988/6381/6698 6987/6379/6697 6975/6366/6685
f 6977/6369/6687 6989/6382/6699 6988/6381/6698 6976/6368/6686
f 6978/6370/6688 6990/6383/6700 6989/6382/6699 6977/6369/6687
f 6979/6371/6689 6991/6384/6701 6990/6383/6700 6978/6370/6688
f 6980/6372/6690 6992/6385/6702 6991/6384/6701 6979/6371/6689
f 6981/6373/6691 6993/6386/6703 6992/6385/6702 6980/6372/6690
f 6982/6374/6692 6994/6387/6704 6993/6386/6703 6981/6373/6691
f 6983/6375/6693 6995/6388/6705 6994/6387/6704 6982/6374/6692
f 6984/6376/6694 6996/6389/6706 6995/6388/6705 6983/6375/6693
f 6985/6365/6695 6997/6378/6707 6996/6389/6706 6984/6376/6694
f 6986/6377/6696 6998/6390/6708 7009/6391/6719 6997/6378/6707
f 6987/6379/6697 6999/6392/6709 6998/6393/6708 6986/6380/6696
f 6988/6381/6698 7000/6394/6710 6999/6392/6709 6987/6379/6697
f 6989/6382/6699 7001/6395/6711 7000/6394/6710 6988/6381/6698
f 6990/6383/6700 7002/6396/6712 7001/6395/6711 6989/6382/6699
f 6991/6384/6701 7003/6397/6713 7002/6396/6712 6990/6383/6700
f 6992/6385/6702 7004/6398/6714 7003/6397/6713 6991/6384/6701
f 6993/6386/6703 7005/6399/6715 7004/6398/6714 6992/6385/6702
f 6994/6387/6704 7006/6400/6716 7005/6399/6715 6993/6386/6703
f 6995/6388/6705 7007/6401/6717 7006/6400/6716 6994/6387/6704
f 6996/6389/6706 7008/6402/6718 7007/6401/6717 6995/6388/6705
f 6997/6378/6707 7009/6391/6719 7008/6402/6718 6996/6389/6706
f 6998/6390/6708 7010/6403/6720 7021/6404/6731 7009/6391/6719
f 6999/6392/6709 7011/6405/6721 7010/6406/6720 6998/6393/6708
f 7000/6394/6710 7012/6407/6722 7011/6405/6721 6999/6392/6709
f 7001/6395/6711 7013/6408/6723 7012/6407/6722 7000/6394/6710
f 7002/6396/6712 7014/6409/6724 7013/6408/6723 7001/6395/6711
f 7003/6397/6713 7015/6410/6725 7014/6409/6724 7002/6396/6712
f 7004/6398/6714 7016/6411/6726 7015/6410/6725 7003/6397/6713
f 7005/6399/6715 7017/6412/6727 7016/6411/6726 7004/6398/6714
f 7006/6400/6716 7018/6413/6728 7017/6412/6727 7005/6399/6715
f 7007/6401/6717 7019/6414/6729 7018/6413/6728 7006/6400/6716
f 7008/6402/6718 7020/6415/6730 7019/6414/6729 7007/6401/6717
f 7009/6391/6719 7021/6404/6731 7020/6415/6730 7008/6402/6718
f 7010/6403/6720 7022/6416/6732 7033/6417/6743 7021/6404/6731
f 7011/6405/6721 7023/6418/6733 7022/6419/6732 7010/6406/6720
f 7012/6407/6722 7024/6420/6734 7023/6418/6733 7011/6405/6721
f 7013/6408/6723 7025/6421/6735 7024/6420/6734 7012/6407/6722
f 7014/6409/6724 7026/6422/6736 7025/6421/6735 7013/6408/6723
f 7015/6410/6725 7027/6423/6737 7026/6422/6736 7014/6409/6724
f 7016/6411/6726 7028/6424/6738 7027/6423/6737 7015/6410/6725
f 7017/6412/6727 7029/6425/6739 7028/6424/6738 7016/6411/6726
f 7018/6413/6728 7030/6426/6740 7029/6425/6739 7017/6412/6727
f 7019/6414/6729 7031/6427/6741 7030/6426/6740 7018/6413/6728
f 7020/6415/6730 7032/6428/6742 7031/6427/6741 7019/6414/6729
f 7021/6404/6731 7033/6417/6743 7032/6428/6742 7020/6415/6730
f 7022/6416/6732 7034/6429/6744 7045/6430/6755 7033/6417/6743
f 7023/6418/6733 7035/6431/6745 7034/6432/6744 7022/6419/6732
f 7024/6420/6734 7036/6433/6746 7035/6431/6745 7023/6418/6733
f 7025/6421/6735 7037/6434/6747 7036/6433/6746 7024/6420/6734
f 7026/6422/6736 7038/6435/6748 7037/6434/6747 7025/6421/6735
f 7027/6423/6737 7039/6436/6749 7038/6435/6748 7026/6422/6736
f 7028/6424/6738 7040/6437/6750 7039/6436/6749 7027/6423/6737
f 7029/6425/6739 7041/6438/6751 7040/6437/6750 7028/6424/6738
f 7030/6426/6740 7042/6439/6752 7041/6438/6751 7029/6425/6739
f 7031/6427/6741 7043/6440/6753 7042/6439/6752 7030/6426/6740
f 7032/6428/6742 7044/6441/6754 7043/6440/6753 7031/6427/6741
f 7033/6417/6743 7045/6430/6755 7044/6441/6754 7032/6428/6742
f 7034/6429/6744 7046/6442/6756 7057/6443/6767 7045/6430/6755
f 7035/6431/6745 7047/6444/6757 7046/6445/6756 7034/6432/6744
f 7036/6433/6746 7048/6446/6758 7047/6444/6757 7035/6431/6745
f 7037/6434/6747 7049/6447/6759 7048/6446/6758 7036/6433/6746
f 7038/6435/6748 7050/6448/6760 7049/6447/6759 7037/6434/6747
f 7039/6436/6749 7051/6449/6761 7050/6448/6760 7038/6435/6748
f 7040/6437/6750 7052/6450/6762 7051/6449/6761 7039/6436/6749
f 7041/6438/6751 7053/6451/6763 7052/6450/6762 7040/6437/6750
f 7042/6439/6752 7054/6452/6764 7053/6451/6763 7041/6438/6751
f 7043/6440/6753 7055/6453/6765 7054/6452/6764 7042/6439/6752
f 7044/6441/6754 7056/6454/6766 7055/6453/6765 7043/6440/6753
f 7045/6430/6755 7057/6443/6767 7056/6454/6766 7044/6441/6754
f 7046/6442/6756 7058/6455/6768 7069/6456/6779 7057/6443/6767
f 7047/6444/6757 7059/6457/6769 7058/6458/6768 7046/6445/6756
f 7048/6446/6758 7060/6459/6770 7059/6457/6769 7047/6444/6757
f 7049/6447/6759 7061/6460/6771 7060/6459/6770 7048/6446/6758
f 7050/6448/6760 7062/6461/6772 7061/6460/6771 7049/6447/6759
f 7051/6449/6761 7063/6462/6773 7062/6461/6772 7050/6448/6760
f 7052/6450/6762 7064/6463/6774 7063/6462/6773 7051/6449/6761
f 7053/6451/6763 7065/6464/6775 7064/6463/6774 7052/6450/6762
f 7054/6452/6764 7066/6465/6776 7065/6464/6775 7053/6451/6763
f 7055/6453/6765 7067/6466/6777 7066/6465/6776 7054/6452/6764
f 7056/6454/6766 7068/6467/6778 7067/6466/6777 7055/6453/6765
f 7057/6443/6767 7069/6456/6779 7068/6467/6778 7056/6454/6766
f 7058/6455/6768 7070/6468/6780 7081/6469/6791 7069/6456/6779
f 7059/6457/6769 7071/6470/6781 7070/6471/6780 7058/6458/6768
f 7060/6459/6770 7072/6472/6782 7071/6470/6781 7059/6457/6769
f 7061/6460/6771 7073/6473/6783 7072/6472/6782 7060/6459/6770
f 7062/6461/6772 7074/6474/6784 7073/6473/6783 7061/6460/6771
f 7063/6462/6773 7075/6475/6785 7074/6474/6784 7062/6461/6772
f 7064/6463/6774 7076/6476/6786 7075/6475/6785 7063/6462/6773
f 7065/6464/6775 7077/6477/6787 7076/6476/6786 7064/6463/6774
f 7066/6465/6776 7078/6478/6788 7077/6477/6787 7065/6464/6775
f 7067/6466/6777 7079/6479/6789 7078/6478/6788 7066/6465/6776
f 7068/6467/6778 7080/6480/6790 7079/6479/6789 7067/6466/6777
f 7069/6456/6779 7081/6469/6791 7080/6480/6790 7068/6467/6778
f 7070/6468/6780 7082/6481/6792 7093/6482/6803 7081/6469/6791
f 7071/6470/6781 7083/6483/6793 7082/6484/6792 7070/6471/6780
f 7072/6472/6782 7084/6485/6794 7083/6483/6793 7071/6470/6781
f 7073/6473/6783 7085/6486/6795 7084/6485/6794 7072/6472/6782
f 7074/6474/6784 7086/6487/6796 7085/6486/6795 7073/6473/6783
f 7075/6475/6785 7087/6488/6797 7086/6487/6796 7074/6474/6784
f 7076/6476/6786 7088/6489/6798 7087/6488/6797 7075/6475/6785
f 7077/6477/6787 7089/6490/6799 7088/6489/6798 7076/6476/6786
f 7078/6478/6788 7090/6491/6800 7089/6490/6799 7077/6477/6787
f 7079/6479/6789 7091/6492/6801 7090/6491/6800 7078/6478/6788
f 7080/6480/6790 7092/6493/6802 7091/6492/6801 7079/6479/6789
f 7081/6469/6791 7093/6482/6803 7092/6493/6802 7080/6480/6790
f 7082/6481/6792 7094/6494/6804 7105/6495/6815 7093/6482/6803
f 7083/6483/6793 7095/6496/6805 7094/6497/6804 7082/6484/6792
f 7084/6485/6794 7096/6498/6806 7095/6496/6805 7083/6483/6793
f 7085/6486/6795 7097/6499/6807 7096/6498/6806 7084/6485/6794
f 7086/6487/6796 7098/6500/6808 7097/6499/6807 7085/6486/6795
f 7087/6488/6797 7099/6501/6809 7098/6500/6808 7086/6487/6796
f 7088/6489/6798 7100/6502/6810 7099/6501/6809 7087/6488/6797
f 7089/6490/6799 7101/6503/6811 7100/6502/6810 7088/6489/6798
f 7090/6491/6800 7102/6504/6812 7101/6503/6811 7089/6490/6799
f 7091/6492/6801 7103/6505/6813 7102/6504/6812 7090/6491/6800
f 7092/6493/6802 7104/6506/6814 7103/6505/6813 7091/6492/6801
f 7093/6482/6803 7105/6495/6815 7104/6506/6814 7092/6493/6802
f 7094/6494/6804 7106/6507/6816 7117/6508/6827 7105/6495/6815
f 7095/6496/6805 7107/6509/6817 7106/6510/6816 7094/6497/6804
f 7096/6498/6806 7108/6511/6818 7107/6509/6817 7095/6496/6805
f 7097/6499/6807 7109/6512/6819 7108/6511/6818 7096/6498/6806
f 7098/6500/6808 7110/6513/6820 7109/6512/6819 7097/6499/6807
f 7099/6501/6809 7111/6514/6821 7110/6513/6820 7098/6500/6808
f 7100/6502/6810 7112/6515/6822 7111/6514/6821 7099/6501/6809
f 7101/6503/6811 7113/6516/6823 7112/6515/6822 7100/6502/6810
f 7102/6504/6812 7114/6517/6824 7113/6516/6823 7101/6503/6811
f 7103/6505/6813 7115/6518/6825 7114/6517/6824 7102/6504/6812
f 7104/6506/6814 7116/6519/6826 7115/6518/6825 7103/6505/6813
f 7105/6495/6815 7117/6508/6827 7116/6519/6826 7104/6506/6814
f 7106/6507/6816 7118/6520/6828 7129/6521/6839 7117/6508/6827
f 7107/6509/6817 7119/6522/6829 7118/6523/6828 7106/6510/6816
f 7108/6511/6818 7120/6524/6830 7119/6522/6829 7107/6509/6817
f 7109/6512/6819 7121/6525/6831 7120/6524/6830 7108/6511/6818
f 7110/6513/6820 7122/6526/6832 7121/6525/6831 7109/6512/6819
f 7111/6514/6821 7123/6527/6833 7122/6526/6832 7110/6513/6820
f 7112/6515/6822 7124/6528/6834 7123/6527/6833 7111/6514/6821
f 7113/6516/6823 7125/6529/6835 7124/6528/6834 7112/6515/6822
f 7114/6517/6824 7126/6530/6836 7125/6529/6835 7113/6516/6823
f 7115/6518/6825 7127/6531/6837 7126/6530/6836 7114/6517/6824
f 7116/6519/6826 7128/6532/6838 7127/6531/6837 7115/6518/6825
f 7117/6508/6827 7129/6521/6839 7128/6532/6838 7116/6519/6826
f 7118/6520/6828 7130/6533/6840 7141/6534/6851 7129/6521/6839
f 7119/6522/6829 7131/6535/6841 7130/6536/6840 7118/6523/6828
f 7120/6524/6830 7132/6537/6842 7131/6535/6841 7119/6522/6829
f 7121/6525/6831 7133/6538/6843 7132/6537/6842 7120/6524/6830
f 7122/6526/6832 7134/6539/6844 7133/6538/6843 7121/6525/6831
f 7123/6527/6833 7135/6540/6845 7134/6539/6844 7122/6526/6832
f 7124/6528/6834 7136/6541/6846 7135/6540/6845 7123/6527/6833
f 7125/6529/6835 7137/6542/6847 7136/6541/6846 7124/6528/6834
f 7126/6530/6836 7138/6543/6848 7137/6542/6847 7125/6529/6835
f 7127/6531/6837 7139/6544/6849 7138/6543/6848 7126/6530/6836
f 7128/6532/6838 7140/6545/6850 7139/6544/6849 7127/6531/6837
f 7129/6521/6839 7141/6534/6851 7140/6545/6850 7128/6532/6838
f 7130/6533/6840 7142/6546/6852 7153/6547/6863 7141/6534/6851
f 7131/6535/6841 7143/6548/6853 7142/6549/6852 7130/6536/6840
f 7132/6537/6842 7144/6550/6854 7143/6548/6853 7131/6535/6841
f 7133/6538/6843 7145/6551/6855 7144/6550/6854 7132/6537/6842
f 7134/6539/6844 7146/6552/6856 7145/6551/6855 7133/6538/6843
f 7135/6540/6845 7147/6553/6857 7146/6552/6856 7134/6539/6844
f 7136/6541/6846 7148/6554/6858 7147/6553/6857 7135/6540/6845
f 7137/6542/6847 7149/6555/6859 7148/6554/6858 7136/6541/6846
f 7138/6543/6848 7150/6556/6860 7149/6555/6859 7137/6542/6847
f 7139/6544/6849 7151/6557/6861 7150/6556/6860 7138/6543/6848
f 7140/6545/6850 7152/6558/6862 7151/6557/6861 7139/6544/6849
f 7141/6534/6851 7153/6547/6863 7152/6558/6862 7140/6545/6850
f 7142/6546/6852 6578/6559/6288 6589/6560/6299 7153/6547/6863
f 7143/6548/6853 6579/6561/6289 6578/6562/6288 7142/6549/6852
f 7144/6550/6854 6580/6563/6290 6579/6561/6289 7143/6548/6853
f 7145/6551/6855 6581/6564/6291 6580/6563/6290 7144/6550/6854
f 7146/6552/6856 6582/6565/6292 6581/6564/6291 7145/6551/6855
f 7147/6553/6857 6583/6566/6293 6582/6565/6292 7146/6552/6856
f 7148/6554/6858 6584/6567/6294 6583/6566/6293 7147/6553/6857
f 7149/6555/6859 6585/6568/6295 6584/6567/6294 7148/6554/6858
f 7150/6556/6860 6586/6569/6296 6585/6568/6295 7149/6555/6859
f 7151/6557/6861 6587/6570/6297 6586/6569/6296 7150/6556/6860
f 7152/6558/6862 6588/6571/6298 6587/6570/6297 7151/6557/6861
f 7153/6547/6863 6589/6560/6299 6588/6571/6298 7152/6558/6862
o Cylinder.006
v 0.057393 -0.133488 0.361211
v 0.057958 -0.131716 0.361244
v 0.061659 -0.134953 0.366898
v 0.062224 -0.133181 0.366930
v 0.063517 -0.135674 0.373877
v 0.064082 -0.133902 0.373910
v 0.062684 -0.135541 0.381086
v 0.063250 -0.133769 0.381119
v 0.059288 -0.134575 0.387427
v 0.059854 -0.132803 0.387460
v 0.053846 -0.132922 0.391936
v 0.054411 -0.131150 0.391968
v 0.047185 -0.130834 0.393925
v 0.047751 -0.129062 0.393957
v 0.040321 -0.128629 0.393092
v 0.040886 -0.126857 0.393124
v 0.034297 -0.126642 0.389563
v 0.034862 -0.124870 0.389596
v 0.030032 -0.125177 0.383876
v 0.030597 -0.123405 0.383909
v 0.028173 -0.124456 0.376897
v 0.028739 -0.122684 0.376930
v 0.029006 -0.124589 0.369688
v 0.029571 -0.122817 0.369721
v 0.032402 -0.125555 0.363347
v 0.032967 -0.123783 0.363380
v 0.037844 -0.127208 0.358839
v 0.038409 -0.125436 0.358871
v 0.044505 -0.129296 0.356850
v 0.045070 -0.127524 0.356882
v 0.051369 -0.131501 0.357683
v 0.051935 -0.129729 0.357715
v 0.046709 -0.127355 0.375437
v 0.045699 -0.130521 0.375379
vn 0.6208 -0.1840 -0.7621
vn 0.8501 -0.2628 -0.4564
vn 0.9500 -0.3015 -0.0812
vn 0.9052 -0.2944 0.3064
vn 0.7227 -0.2424 0.6473
vn 0.4301 -0.1536 0.8896
vn 0.0721 -0.0413 0.9965
vn -0.2970 0.0772 0.9518
vn -0.6208 0.1840 0.7621
vn -0.8501 0.2628 0.4564
vn -0.9500 0.3015 0.0812
vn -0.9052 0.2944 -0.3064
vn -0.7227 0.2424 -0.6473
vn -0.4301 0.1536 -0.8896
vn -0.0721 0.0413 -0.9965
vn 0.3499 0.9367 0.0135
vn 0.3251 0.9456 -0.0088
vn 0.3039 0.9526 0.0175
vn 0.3286 0.9436 0.0399
vn 0.2970 -0.0772 -0.9518
vn -0.2934 -0.9555 -0.0303
vn -0.3039 -0.9526 -0.0175
vn -0.3160 -0.9483 -0.0284
vn -0.3055 -0.9513 -0.0412
vn 0.2822 0.9583 0.0438
vn 0.2787 0.9604 -0.0048
vn 0.2571 0.9661 0.0215
vn 0.3070 0.9494 0.0662
vn 0.3000 0.9534 -0.0312
vn -0.3143 -0.9493 -0.0047
vn -0.3264 -0.9451 -0.0156
vn -0.2812 -0.9595 -0.0195
vn -0.2917 -0.9565 -0.0066
vn -0.3021 -0.9533 0.0062
vt 1.000000 0.765770
vt 1.000000 0.734230
vt 0.937500 0.734230
vt 0.937500 0.765770
vt 0.875000 0.734230
vt 0.875000 0.765770
vt 0.812500 0.734230
vt 0.812500 0.765770
vt 0.750000 0.734230
vt 0.750000 0.765770
vt 0.687500 0.734230
vt 0.687500 0.765770
vt 0.625000 0.734230
vt 0.625000 0.765770
vt 0.562500 0.734230
vt 0.562500 0.765770
vt 0.500000 0.734230
vt 0.500000 0.765770
vt 0.437500 0.734230
vt 0.437500 0.765770
vt 0.375000 0.734230
vt 0.375000 0.765770
vt 0.312500 0.734230
vt 0.312500 0.765770
vt 0.250000 0.734230
vt 0.250000 0.765770
vt 0.187500 0.734230
vt 0.187500 0.765770
vt 0.125000 0.734230
vt 0.125000 0.765770
vt 0.341844 0.471731
vt 0.250000 0.490000
vt 0.250000 0.250000
vt 0.490000 0.250000
vt 0.471731 0.341844
vt 0.419706 0.419706
vt 0.062500 0.734230
vt 0.062500 0.765770
vt 0.000000 0.734230
vt 0.000000 0.765770
vt 0.750000 0.490000
vt 0.750000 0.250000
vt 0.510000 0.250000
vt 0.528269 0.341844
vt 0.580294 0.419706
vt 0.658156 0.471731
vt 0.250000 0.010000
vt 0.010000 0.250000
vt 0.028269 0.158156
vt 0.080294 0.080294
vt 0.158156 0.028269
vt 0.341844 0.028269
vt 0.419706 0.080294
vt 0.471731 0.158156
vt 0.158156 0.471731
vt 0.080294 0.419706
vt 0.028269 0.341844
vt 0.750000 0.010000
vt 0.658156 0.028269
vt 0.580294 0.080294
vt 0.528269 0.158156
vt 0.841844 0.471731
vt 0.919706 0.419706
vt 0.971731 0.341844
vt 0.990000 0.250000
vt 0.971731 0.158156
vt 0.919706 0.080294
vt 0.841844 0.028269
s 1
usemtl Material.008
f 7154/6572/6864 7155/6573/6864 7157/6574/6865 7156/6575/6865
f 7156/6575/6865 7157/6574/6865 7159/6576/6866 7158/6577/6866
f 7158/6577/6866 7159/6576/6866 7161/6578/6867 7160/6579/6867
f 7160/6579/6867 7161/6578/6867 7163/6580/6868 7162/6581/6868
f 7162/6581/6868 7163/6580/6868 7165/6582/6869 7164/6583/6869
f 7164/6583/6869 7165/6582/6869 7167/6584/6870 7166/6585/6870
f 7166/6585/6870 7167/6584/6870 7169/6586/6871 7168/6587/6871
f 7168/6587/6871 7169/6586/6871 7171/6588/6872 7170/6589/6872
f 7170/6589/6872 7171/6588/6872 7173/6590/6873 7172/6591/6873
f 7172/6591/6873 7173/6590/6873 7175/6592/6874 7174/6593/6874
f 7174/6593/6874 7175/6592/6874 7177/6594/6875 7176/6595/6875
f 7176/6595/6875 7177/6594/6875 7179/6596/6876 7178/6597/6876
f 7178/6597/6876 7179/6596/6876 7181/6598/6877 7180/6599/6877
f 7180/6599/6877 7181/6598/6877 7183/6600/6878 7182/6601/6878
f 7157/6602/6879 7155/6603/6880 7186/6604/6881 7163/6605/6882 7161/6606/6879 7159/6607/6879
f 7182/6601/6878 7183/6600/6878 7185/6608/6883 7184/6609/6883
f 7184/6609/6883 7185/6608/6883 7155/6610/6864 7154/6611/6864
f 7154/6612/6884 7187/6613/6885 7178/6614/6886 7180/6615/6887 7182/6616/6887 7184/6617/6887
f 7171/6618/6888 7186/6604/6881 7179/6619/6889 7177/6620/6890 7175/6621/6890 7173/6622/6890
f 7163/6605/6882 7186/6604/6881 7171/6618/6888 7169/6623/6891 7167/6624/6891 7165/6625/6891
f 7179/6619/6889 7186/6604/6881 7155/6603/6880 7185/6626/6892 7183/6627/6892 7181/6628/6892
f 7178/6614/6886 7187/6613/6885 7170/6629/6893 7172/6630/6894 7174/6631/6894 7176/6632/6894
f 7187/6613/6885 7154/6612/6884 7156/6633/6895 7158/6634/6895 7160/6635/6895 7162/6636/6896
f 7170/6629/6893 7187/6613/6885 7162/6636/6896 7164/6637/6897 7166/6638/6897 7168/6639/6897
