# Blender 4.1.1
# www.blender.org
mtllib Comb_LowPoly.mtl
o Comb_LowPoly
v 0.003854 0.001024 -0.015396
v 0.002871 0.000843 -0.019156
v 0.002822 0.001452 -0.023913
v 0.003406 0.001672 -0.021981
v 0.003256 0.001977 -0.023967
v 0.003183 0.002123 -0.024035
v 0.005013 0.002018 -0.012042
v 0.003610 0.002287 -0.019265
v 0.004312 0.002613 -0.013208
v 0.003385 0.002803 -0.015087
v 0.002752 0.002549 -0.020770
v 0.004416 0.004063 -0.015051
v 0.004516 0.004414 -0.016409
v 0.004813 0.003742 -0.012858
v 0.004463 0.004734 -0.016002
v 0.002524 0.004203 -0.015414
v 0.003684 0.004406 -0.017877
v 0.003621 0.005188 -0.020104
v 0.003787 0.005408 -0.013229
v 0.003384 0.005069 -0.023089
v 0.002974 0.004880 -0.024577
v 0.001877 0.000775 -0.022972
v 0.001780 0.001110 -0.024739
v 0.002812 0.001870 -0.024827
v 0.001403 0.002420 -0.025047
v 0.002463 0.004663 -0.020962
v 0.002355 0.005801 -0.024169
v 0.001975 0.004914 -0.025023
v 0.002678 0.005373 -0.024857
v 0.001762 0.005841 -0.024935
v 0.000725 0.000478 -0.014194
v 0.000575 0.000570 -0.021096
v 0.001433 0.000240 -0.012666
v -0.000427 0.001051 -0.018819
v -0.000526 0.001150 -0.015797
v 0.001360 0.000493 -0.020216
v -0.000517 0.000890 -0.024728
v -0.001150 0.001578 -0.018811
v -0.001335 0.001995 -0.016439
v 0.001955 0.003302 -0.014975
v 0.000932 0.003457 -0.015835
v 0.001682 0.003919 -0.014852
v 0.000519 0.003914 -0.015795
v -0.000040 0.003510 -0.016823
v -0.001191 0.003515 -0.017241
v -0.000756 0.003707 -0.015784
v 0.001345 0.004269 -0.016449
v -0.001006 0.004067 -0.017213
v 0.000112 0.004389 -0.019353
v 0.000981 0.003050 -0.019397
v 0.001164 0.002675 -0.024656
v -0.000757 0.004398 -0.021097
v -0.000803 0.001456 -0.014631
v -0.000999 0.001811 -0.015652
v -0.001751 0.001930 -0.021826
v -0.000937 0.003692 -0.015107
v -0.001290 0.003577 -0.014999
v -0.000844 0.004233 -0.012576
v -0.001204 0.004378 -0.017488
v -0.000872 0.004684 -0.015703
v -0.000104 0.005353 -0.015073
v -0.001257 0.005249 -0.022087
v -0.004017 0.002108 -0.019532
v -0.002915 0.002011 -0.021728
v -0.003986 0.003504 -0.020397
v -0.001517 0.004503 -0.022742
v -0.001227 0.003305 -0.020574
v -0.001624 0.004767 -0.022566
v -0.007439 0.003628 -0.019687
v -0.005576 0.003656 -0.018270
v 0.000665 0.000705 -0.024681
v -0.001142 0.001336 -0.021291
v -0.001099 0.001181 -0.024386
v -0.002353 0.002094 -0.022887
v -0.002125 0.001884 -0.024422
v -0.001931 0.002049 -0.024879
v -0.000785 0.002942 -0.024954
v 0.000074 0.002957 -0.023736
v -0.002385 0.003186 -0.024524
v -0.000528 0.004621 -0.024137
v -0.001965 0.004723 -0.024505
v -0.001592 0.005101 -0.024883
v -0.003235 0.002008 -0.023264
v -0.008777 0.003271 -0.024276
v -0.006865 0.002014 -0.024224
v -0.006650 0.003394 -0.024106
v 0.003424 0.005675 -0.010883
v 0.002054 0.005996 -0.020790
v 0.001655 0.006079 -0.019809
v 0.000746 0.006331 -0.022637
v 0.000482 0.005996 -0.019916
v 0.001519 0.006136 -0.024144
v 0.000187 0.006186 -0.022900
v 0.000105 0.006185 -0.024886
v -0.000671 0.005768 -0.022789
v -0.001222 0.005688 -0.024749
v -0.003160 0.002114 -0.013923
v -0.006544 0.002202 -0.014241
v -0.002242 0.002101 -0.016209
v -0.006108 0.003729 -0.015096
v -0.008075 0.003716 -0.015631
v -0.008869 0.002512 -0.013213
v -0.009010 0.003587 -0.018817
v -0.009914 0.003455 -0.018510
v -0.009445 0.002754 -0.014752
v -0.009574 0.002697 -0.017165
v -0.009550 0.003503 -0.014991
v -0.009537 0.003344 -0.013235
v -0.010138 0.003213 -0.018112
v -0.008998 0.002478 -0.018081
v -0.010043 0.002395 -0.023081
v -0.010178 0.002855 -0.019650
v -0.009592 0.003598 -0.020860
v -0.010637 0.003222 -0.021017
v -0.010359 0.003389 -0.022788
v -0.008888 0.002331 -0.024370
v -0.007199 0.002837 -0.024531
v -0.009472 0.002254 -0.023919
v -0.009845 0.002931 -0.024023
v -0.010723 0.002933 -0.023249
v -0.009747 0.003382 -0.023852
v 0.004269 -0.000477 0.001640
v 0.003897 -0.000206 -0.004270
v 0.004957 -0.000167 0.000820
v 0.006885 0.002307 0.001717
v 0.006813 0.002820 0.001317
v 0.006689 0.002843 -0.001028
v 0.006665 0.003318 -0.000544
v 0.006465 0.001471 -0.000572
v 0.006001 0.001530 -0.004749
v 0.007549 0.002841 -0.001446
v 0.006709 0.003447 -0.001664
v 0.006558 0.002460 -0.001773
v 0.007001 0.003511 0.002280
v -0.000191 0.002821 0.006548
v 0.002812 -0.000602 0.006114
v 0.000564 0.000832 0.002521
v 0.000732 0.000506 -0.002049
v 0.001148 0.000397 0.011708
v 0.000234 0.000853 -0.004061
v 0.000717 0.000995 0.011201
v 0.000012 0.001411 0.002451
v 0.000366 0.001236 0.003361
v 0.000086 0.001213 0.007458
v 0.000161 0.001542 0.001647
v 0.000418 0.003148 0.002965
v 0.000003 0.002931 0.002286
v -0.004333 0.002801 0.002793
v -0.000235 0.001605 -0.000416
v -0.000524 0.001547 -0.007912
v 0.000312 0.003320 0.001451
v -0.000697 0.003289 -0.007157
v -0.001695 0.003169 -0.003561
v 0.000573 0.003788 0.002247
v -0.000179 0.003177 0.001578
v 0.005635 0.005179 0.005720
v 0.004554 0.005545 0.000389
v 0.004737 0.005465 0.005581
v 0.005499 0.004464 -0.008281
v 0.005063 0.005089 -0.005428
v 0.003730 0.005741 0.000159
v 0.002474 0.005430 0.002746
v 0.003259 0.005694 0.001817
v 0.001777 0.005571 -0.004074
v 0.001000 0.004867 -0.001138
v 0.000217 0.004389 -0.004263
v 0.004665 0.000136 -0.004344
v 0.006890 0.002650 -0.004153
v 0.006497 0.003357 -0.006422
v 0.005966 0.002401 -0.006343
v 0.006433 0.003018 -0.008091
v 0.006573 0.004097 0.000040
v 0.006128 0.003678 -0.006222
v 0.006430 0.002620 -0.007478
v 0.005633 0.002000 -0.008866
v 0.005852 0.001073 -0.003914
v 0.005022 0.001440 -0.011234
v 0.005923 0.002529 -0.010146
v 0.006314 0.002953 -0.009317
v 0.005271 0.002219 -0.010761
v 0.005828 0.003117 -0.010398
v 0.005319 0.003707 -0.010483
v 0.004727 0.003191 -0.011271
v 0.004155 0.003225 -0.012522
v 0.005677 0.003973 -0.008491
v 0.003619 0.003283 -0.012801
v 0.003259 0.003187 -0.013191
v 0.004060 0.003650 -0.012963
v 0.002517 0.003606 -0.011968
v 0.003125 0.003870 -0.012882
v 0.004665 0.004964 -0.010757
v 0.003125 -0.000329 -0.004496
v 0.002245 -0.000184 -0.005920
v 0.002135 -0.000351 0.004554
v 0.000695 0.000456 -0.007502
v -0.000546 0.001592 -0.004152
v -0.000556 0.003514 -0.008852
v -0.001181 0.001677 -0.007796
v 0.002172 0.000138 -0.011836
v 0.002635 0.003681 -0.013070
v 0.001876 0.003770 -0.014136
v -0.001348 0.001962 -0.011424
v -0.000940 0.001871 -0.011853
v -0.000958 0.003570 -0.012194
v -0.005752 0.002000 -0.011087
v -0.004712 0.003464 -0.010639
v -0.000315 0.003998 -0.007246
v -0.005208 0.003646 -0.011752
v 0.003593 0.005822 -0.004037
v 0.004010 0.005692 -0.004524
v 0.002995 0.005886 -0.004559
v 0.002718 0.005849 -0.011004
v 0.002399 0.005774 -0.003881
v 0.000703 0.005500 -0.010519
v 0.001888 0.005907 -0.011960
v 0.000555 0.005609 -0.012447
v 0.001457 0.005781 -0.010687
v 0.000838 0.005794 -0.014338
v -0.003469 0.001037 0.005160
v -0.004795 0.002537 0.007105
v -0.005318 0.002331 0.009550
v -0.003461 0.002517 0.009029
v -0.006300 0.002343 0.007154
v -0.007747 0.001376 0.012451
v -0.007642 0.001590 0.012650
v -0.008082 0.001429 0.004990
v -0.006892 0.000835 0.010220
v -0.005992 0.000813 0.007940
v -0.007260 0.001181 0.003207
v -0.006458 0.002127 0.009919
v -0.007401 0.002240 0.005610
v -0.007374 0.001906 0.009282
v -0.008040 0.001714 0.006863
v -0.005761 0.001060 0.003106
v -0.004055 0.001083 0.002758
v -0.007242 0.001419 0.002288
v -0.006401 0.002635 0.003007
v -0.005818 0.001303 0.002210
v -0.004204 0.001425 -0.000882
v -0.005187 0.003042 0.001959
v -0.006399 0.002897 0.002210
v -0.007554 0.001108 0.006355
v -0.008015 0.001383 0.003199
v -0.008223 0.001802 0.002533
v -0.008113 0.002145 0.003461
v -0.006837 0.001490 -0.004805
v -0.008235 0.002571 -0.000340
v -0.008214 0.002434 0.002457
v -0.005135 0.001418 -0.004301
v -0.006292 0.002967 -0.001442
v -0.003931 0.003112 -0.001802
v -0.005866 0.001533 -0.006632
v -0.005160 0.003150 -0.006767
v -0.006360 0.003004 -0.004852
v -0.008307 0.001755 -0.001435
v -0.007329 0.001516 -0.002105
v -0.008128 0.001643 -0.004255
v -0.008972 0.001982 -0.004987
v -0.008727 0.002106 -0.001748
v -0.009194 0.002424 -0.006053
v -0.007823 0.002836 -0.004797
v -0.008648 0.002553 -0.003936
v -0.008706 0.001885 -0.007777
v -0.009406 0.002264 -0.009233
v -0.007488 0.003020 -0.007161
v -0.009008 0.002658 -0.006816
v -0.005696 0.001764 -0.009754
v -0.008311 0.001903 -0.009623
v -0.006906 0.003362 -0.010239
v -0.007099 0.003636 -0.011508
v -0.008690 0.002322 -0.010413
v -0.009415 0.002662 -0.010523
v -0.009315 0.003033 -0.010063
v -0.009639 0.003024 -0.011245
v -0.008810 0.003439 -0.011219
v -0.009572 0.002821 -0.013185
v 0.003094 0.000241 -0.011706
v -0.006761 0.002240 -0.018408
v -0.000654 0.004846 -0.013923
v 0.006261 0.000686 0.002820
v 0.005371 0.000414 -0.002829
v 0.006227 0.004812 0.004762
v 0.003506 0.005314 0.008698
v 0.001296 0.004200 0.006703
v 0.001581 0.005025 0.002062
v 0.002036 0.004455 0.009716
v -0.004268 0.000787 0.009361
v -0.005759 0.000703 0.012358
v -0.007149 0.000861 0.012430
v -0.007375 0.000848 0.015516
v -0.007458 0.002831 -0.001188
v 0.007261 0.000908 0.033678
v 0.006858 0.001174 0.035982
v 0.006830 0.000675 0.035415
v 0.007486 0.001028 0.031205
v 0.007299 0.001417 0.032820
v 0.006877 0.001550 0.035840
v 0.006734 0.001764 0.035510
v 0.007390 0.001635 0.030180
v 0.007805 0.001143 0.028937
v 0.007419 0.000781 0.027722
v 0.007721 0.001356 0.027469
v 0.008003 0.001278 0.026297
v 0.007683 0.002074 0.024426
v 0.007412 0.002960 0.022958
v 0.005277 -0.001260 0.033694
v 0.006532 -0.000003 0.033941
v 0.005993 -0.000556 0.032836
v 0.005097 -0.001032 0.032560
v 0.006017 -0.000323 0.035836
v 0.004622 -0.000997 0.035900
v 0.005003 -0.001023 0.034888
v 0.004107 -0.001177 0.034850
v 0.004642 -0.001471 0.033582
v 0.002174 -0.000288 0.036104
v 0.002808 -0.000926 0.035678
v 0.003534 -0.001204 0.033149
v 0.004210 -0.001252 0.032299
v 0.005474 0.002210 0.036104
v 0.005401 0.000571 0.036203
v 0.002490 0.001014 0.036305
v 0.001978 0.000153 0.036282
v 0.003447 0.002377 0.036309
v 0.006589 0.002984 0.027831
v 0.004549 0.002580 0.035794
v 0.002022 -0.000448 0.035898
v -0.000549 -0.000411 0.036459
v 0.001966 0.001194 0.036019
v 0.002084 0.001599 0.031131
v 0.003874 0.002885 0.031903
v 0.003140 0.002579 0.030900
v 0.002681 0.002014 0.035928
v -0.001259 0.000645 0.036452
v -0.000459 0.000984 0.036189
v 0.005591 -0.000849 0.030605
v 0.006511 -0.000233 0.031601
v 0.004759 -0.001156 0.029956
v 0.004360 -0.001145 0.024000
v 0.005622 -0.000789 0.024311
v 0.002072 -0.000558 0.025666
v 0.002563 -0.000903 0.028393
v 0.001776 0.001439 0.030869
v 0.002518 0.002173 0.030660
v -0.002274 0.001260 0.030104
v 0.001644 -0.000094 0.025743
v 0.001821 -0.000339 0.030129
v 0.001468 -0.000283 0.031128
v 0.001149 0.000100 0.025095
v 0.000945 -0.000142 0.028216
v -0.003790 -0.000309 0.028419
v 0.001551 0.001798 0.025362
v 0.001989 0.002720 0.021804
v 0.001815 0.001961 0.024998
v 0.005226 0.002793 0.033613
v 0.004440 0.002931 0.033337
v 0.004686 0.003089 0.031497
v 0.005097 0.003989 0.023992
v 0.004527 0.003573 0.027138
v 0.004124 0.003877 0.024051
v 0.006379 0.000096 0.016196
v 0.006335 -0.000269 0.023594
v 0.007837 0.001490 0.024819
v 0.008269 0.001935 0.020731
v 0.007398 0.000834 0.025577
v 0.007590 0.001307 0.021009
v 0.007888 0.002357 0.021025
v 0.008249 0.001696 0.020466
v 0.008552 0.002148 0.015935
v 0.007641 0.001607 0.017891
v 0.006993 0.000350 0.023628
v 0.006904 0.000643 0.015497
v 0.008247 0.002366 0.017572
v 0.008470 0.002382 0.010723
v 0.008541 0.002564 0.011438
v 0.008488 0.002428 0.015388
v 0.007792 0.002903 0.014503
v 0.007714 0.001846 0.014055
v 0.007420 0.001429 0.015970
v 0.007363 0.001862 0.009379
v 0.007707 0.002107 0.011220
v 0.007643 0.003222 0.009546
v 0.004993 -0.000975 0.022416
v 0.003699 -0.001137 0.023906
v 0.004845 -0.000721 0.015315
v 0.003147 -0.000906 0.019414
v 0.001558 -0.000015 0.015938
v 0.001031 0.000310 0.023804
v -0.002452 0.000082 0.023933
v -0.001639 0.000143 0.022679
v 0.001364 0.001963 0.023118
v 0.001199 0.001807 0.023773
v -0.002983 0.001578 0.025205
v 0.001208 0.000352 0.021920
v 0.001231 0.000510 0.017991
v 0.001468 0.002514 0.018339
v 0.001065 0.002165 0.019923
v 0.003741 -0.000813 0.013314
v 0.004214 -0.000768 0.011894
v 0.002519 -0.000606 0.016403
v 0.001858 -0.000239 0.008383
v 0.002936 -0.000662 0.012029
v 0.001874 -0.000231 0.012945
v 0.002149 0.003634 0.016575
v 0.001060 0.003428 0.009358
v 0.000536 0.000984 0.013181
v -0.002260 0.002302 0.014785
v -0.004009 0.002166 0.015441
v -0.002420 0.001862 0.021247
v 0.000798 0.002824 0.009722
v 0.000279 0.002539 0.012690
v 0.005906 0.003451 0.027174
v 0.006531 0.004070 0.019080
v 0.005784 0.004219 0.020661
v 0.006156 0.004635 0.013773
v 0.005407 0.004788 0.015665
v 0.003604 0.004068 0.020297
v 0.004751 0.004872 0.015742
v 0.003118 0.004445 0.015686
v 0.002554 0.003377 0.020947
v 0.004169 0.004796 0.015877
v 0.002826 0.005064 0.008699
v -0.005165 -0.000814 0.036354
v -0.004919 -0.000711 0.036625
v -0.003516 0.000823 0.036510
v -0.006074 -0.000562 0.036391
v -0.005368 0.000325 0.036696
v -0.006347 0.000316 0.036195
v -0.006259 -0.000679 0.035590
v -0.006147 -0.000538 0.032502
v -0.006639 -0.000007 0.035678
v -0.006653 -0.000310 0.034584
v -0.005136 -0.000521 0.031262
v -0.005345 0.000633 0.034772
v -0.001471 0.001065 0.034019
v -0.006488 0.000414 0.031125
v -0.001451 -0.000440 0.031728
v -0.003999 0.000979 0.031515
v -0.006724 -0.000178 0.030189
v -0.006752 0.000046 0.031064
v -0.005707 0.000744 0.030815
v -0.006457 0.000711 0.028994
v -0.006638 -0.000116 0.028454
v -0.005557 0.000042 0.024088
v -0.006959 0.000603 0.026565
v -0.006520 0.000992 0.025035
v -0.005234 0.001327 0.025456
v -0.004913 -0.000020 0.023400
v -0.004313 -0.000083 0.025085
v -0.002776 0.001565 0.024120
v -0.005152 0.001239 0.024270
v -0.004298 0.000138 0.021184
v -0.002189 0.000422 0.018134
v -0.003589 0.001627 0.022987
v -0.006830 0.000258 0.024063
v -0.006535 0.000175 0.022885
v -0.006247 0.001289 0.021558
v -0.006570 0.000872 0.024361
v -0.006906 0.000760 0.023980
v -0.007131 0.000448 0.021469
v -0.005202 0.001442 0.022678
v -0.006375 0.001563 0.018125
v -0.007246 0.000934 0.019946
v -0.007019 0.001280 0.018591
v -0.002914 0.000742 0.013509
v -0.005400 0.000573 0.015059
v -0.003496 0.002410 0.012804
v -0.006285 0.000328 0.018829
v -0.004785 0.000343 0.017874
v -0.007132 0.001849 0.012771
v -0.005346 0.001892 0.017041
v 0.005989 0.000110 0.005488
v 0.005213 -0.000454 0.007620
v 0.007634 0.002090 0.009650
v 0.008386 0.002384 0.008495
v 0.008623 0.002626 0.006879
v 0.008550 0.002973 0.007972
v 0.008443 0.002976 0.002866
v 0.008439 0.003203 0.004242
v 0.006765 0.004259 0.012502
v 0.007387 0.003538 0.014502
v 0.006902 0.001413 0.004461
v 0.007409 0.002410 0.004245
v 0.007746 0.003275 0.005463
v 0.006437 0.000521 0.005981
v 0.008055 0.002667 0.002927
v 0.007154 0.002570 0.002061
v 0.007993 0.003232 0.002768
v 0.007237 0.003495 0.003081
v 0.007159 0.002938 0.002114
v 0.003706 -0.000796 0.008363
v 0.000136 0.002726 0.008280
v 0.004443 -0.000721 0.007139
v 0.005266 0.005213 0.009596
v 0.006983 0.004018 0.005807
v 0.004088 0.005392 0.008803
v 0.005974 0.002318 0.035187
v 0.003558 0.003492 0.025137
v 0.005647 -0.000294 0.012954
v 0.006970 0.001039 0.009623
v -0.006976 0.000291 0.026109
v -0.005792 0.002123 0.013451
v -0.002221 0.000917 0.009259
vn 0.5786 -0.8024 -0.1462
vn 0.7226 -0.6796 -0.1261
vn 0.6202 -0.7763 -0.1129
vn 0.4631 -0.8807 -0.0993
vn 0.9554 -0.2476 -0.1607
vn 0.4616 0.8773 -0.1312
vn 0.9173 0.3704 -0.1462
vn 0.9173 0.3704 -0.1461
vn 0.4617 0.8773 -0.1312
vn 0.5242 0.8464 -0.0934
vn 0.5242 0.8465 -0.0934
vn 0.3092 0.9443 -0.1128
vn 0.6528 0.7313 -0.1977
vn 0.2813 0.9569 -0.0726
vn 0.0065 -0.9888 -0.1493
vn 0.8505 -0.4944 -0.1796
vn 0.1292 -0.9501 -0.2839
vn 0.0064 -0.9888 -0.1493
vn 0.0254 -0.9924 -0.1204
vn 0.0312 -0.9952 -0.0925
vn 0.6039 0.7954 -0.0520
vn 0.5198 0.8532 -0.0424
vn 0.7566 0.6490 -0.0791
vn 0.0065 -0.9888 -0.1492
vn 0.0313 -0.9952 -0.0924
vn 0.1763 -0.9777 -0.1144
vn 0.8765 0.4583 -0.1474
vn 0.8504 -0.4944 -0.1797
vn 0.0312 -0.9952 -0.0924
vn 0.1763 -0.9777 -0.1143
vn 0.8504 -0.4945 -0.1797
vn 0.8765 0.4582 -0.1474
vn 0.7566 0.6490 -0.0792
vn 0.8765 0.4583 -0.1475
vn 0.7567 0.6490 -0.0791
vn 0.3148 -0.9441 -0.0984
vn 0.2629 -0.6382 -0.7236
vn 0.5785 -0.8025 -0.1463
vn 0.7227 -0.6796 -0.1261
vn 0.5311 -0.1792 -0.8282
vn 0.9555 -0.2476 -0.1607
vn 0.5312 -0.1792 -0.8281
vn 0.0729 0.0720 -0.9947
vn 0.4616 0.8773 -0.1313
vn 0.2629 -0.6383 -0.7235
vn 0.0728 0.0719 -0.9947
vn 0.5311 -0.1793 -0.8281
vn 0.8765 0.4582 -0.1475
vn 0.6591 0.5394 -0.5240
vn 0.0142 -0.4846 -0.8746
vn 0.6591 0.5394 -0.5241
vn 0.0141 -0.4846 -0.8746
vn 0.2276 0.6676 -0.7089
vn -0.3927 -0.9196 -0.0089
vn -0.2695 -0.9629 -0.0101
vn -0.1538 -0.9876 -0.0305
vn -0.6809 -0.7304 0.0537
vn -0.4616 -0.8869 0.0200
vn -0.5847 -0.8111 0.0170
vn -0.3865 -0.9218 0.0315
vn -0.5848 -0.8110 0.0170
vn 0.3424 0.8438 -0.4132
vn 0.4482 0.8295 -0.3332
vn 0.0465 -0.9968 -0.0653
vn 0.5149 -0.7301 -0.4493
vn 0.1817 0.9780 -0.1022
vn 0.0291 0.9979 -0.0572
vn -0.0714 -0.0909 -0.9933
vn 0.0891 -0.9884 -0.1232
vn -0.0017 -0.9940 -0.1093
vn 0.0949 -0.9930 -0.0703
vn 0.2044 0.9763 -0.0708
vn 0.3091 0.9443 -0.1128
vn 0.2812 0.9569 -0.0726
vn 0.2367 0.9664 -0.1000
vn 0.1007 0.9928 -0.0644
vn 0.0949 -0.9930 -0.0702
vn 0.0802 -0.9946 -0.0663
vn -0.7769 -0.6289 0.0306
vn -0.7693 -0.6379 0.0361
vn -0.7692 -0.6380 0.0362
vn -0.3864 -0.9218 0.0315
vn -0.5846 -0.8111 0.0170
vn -0.9961 0.0868 0.0182
vn 0.0155 0.9998 -0.0110
vn -0.0715 -0.0909 -0.9933
vn 0.0289 0.9979 -0.0571
vn 0.0154 0.9998 -0.0110
vn -0.9961 0.0867 0.0181
vn -0.9643 0.2508 0.0854
vn -0.9946 -0.0854 0.0592
vn -0.9642 0.2509 0.0854
vn -0.8017 0.5909 0.0905
vn -0.8016 0.5910 0.0905
vn -0.5820 0.8093 0.0790
vn -0.7108 0.6961 0.1014
vn 0.0291 0.9979 -0.0571
vn 0.0421 0.9981 -0.0441
vn -0.3170 -0.9473 -0.0466
vn -0.0017 -0.9940 -0.1094
vn -0.9449 0.3091 0.1080
vn -0.3170 -0.9473 -0.0465
vn 0.0421 0.9981 -0.0442
vn 0.0067 0.9993 -0.0361
vn 0.0297 0.9991 -0.0307
vn 0.3147 -0.9441 -0.0984
vn 0.0414 -0.9913 -0.1248
vn -0.3017 -0.9528 0.0348
vn -0.5864 -0.8100 -0.0125
vn -0.5757 -0.8165 0.0445
vn -0.0766 -0.9968 0.0247
vn -0.2074 -0.9782 -0.0048
vn -0.3017 -0.9528 0.0349
vn -0.2073 -0.9783 -0.0049
vn -0.5863 -0.8100 -0.0125
vn -0.3119 -0.8674 -0.3878
vn -0.0961 -0.3042 -0.9477
vn 0.2367 0.9664 -0.1001
vn 0.0728 0.0720 -0.9947
vn 0.0047 0.5355 -0.8445
vn 0.0046 0.5355 -0.8445
vn 0.0630 0.9920 -0.1096
vn 0.1435 0.9874 -0.0667
vn 0.0553 -0.9945 -0.0886
vn 0.0552 -0.9945 -0.0886
vn 0.0801 -0.9946 -0.0663
vn -0.3171 -0.9473 -0.0466
vn -0.7439 -0.5833 -0.3260
vn -0.0961 -0.3043 -0.9477
vn -0.7439 -0.5834 -0.3260
vn -0.1095 -0.1021 -0.9887
vn -0.0766 -0.9968 0.0248
vn -0.0081 -0.9991 0.0413
vn -0.0852 0.6000 -0.7954
vn -0.0447 -0.9989 -0.0132
vn -0.0960 -0.3042 -0.9477
vn 0.0205 0.9967 -0.0783
vn 0.0629 0.9920 -0.1096
vn -0.8016 0.5909 0.0905
vn -0.9449 0.3092 0.1080
vn -0.7439 -0.5833 -0.3261
vn -0.7108 0.6960 0.1014
vn 0.4604 0.8866 -0.0453
vn 0.3363 0.9415 -0.0191
vn 0.6590 0.5394 -0.5241
vn 0.2950 0.9554 -0.0138
vn 0.0773 0.9967 0.0229
vn 0.3363 0.9416 -0.0191
vn 0.0772 0.9967 0.0229
vn 0.1101 0.9937 0.0187
vn -0.2030 0.9775 0.0578
vn 0.1102 0.9937 0.0187
vn 0.1336 0.9861 -0.0988
vn -0.2599 0.9653 0.0243
vn 0.1101 0.9938 0.0187
vn 0.1337 0.9861 -0.0988
vn -0.1579 0.8035 -0.5739
vn -0.2598 0.9654 0.0243
vn 0.2276 0.6675 -0.7089
vn -0.1579 0.8036 -0.5739
vn -0.1579 0.8035 -0.5740
vn -0.4605 0.8844 0.0764
vn 0.2277 0.6676 -0.7089
vn -0.0260 -0.9990 -0.0375
vn -0.0754 -0.9970 -0.0192
vn -0.0496 -0.9988 0.0045
vn 0.0209 0.9998 -0.0071
vn 0.0296 0.9991 -0.0307
vn 0.0208 0.9998 -0.0071
vn -0.0715 0.9974 0.0096
vn -0.0704 0.9975 -0.0022
vn -0.2582 0.9659 0.0213
vn -0.0716 0.9974 0.0096
vn -0.9702 -0.2234 0.0939
vn -0.4967 -0.8644 0.0776
vn -0.6747 -0.7381 -0.0038
vn -0.4971 -0.8642 0.0776
vn -0.6959 -0.7104 0.1052
vn -0.4034 -0.9135 0.0531
vn 0.0066 0.9993 -0.0361
vn -0.0654 0.9973 -0.0345
vn -0.0703 0.9975 -0.0022
vn -0.4971 -0.8642 0.0777
vn -0.9773 -0.1462 0.1533
vn -0.6960 -0.7103 0.1052
vn -0.0655 0.9973 -0.0344
vn -0.7718 0.6320 0.0706
vn -0.3898 0.9182 -0.0707
vn -0.7718 0.6320 0.0705
vn -0.0655 0.9973 -0.0345
vn -0.9773 -0.1462 0.1534
vn -0.7718 0.6320 0.0704
vn -0.2583 0.9658 0.0213
vn -0.7717 0.6320 0.0705
vn -0.9773 -0.1463 0.1533
vn 0.0630 0.9920 -0.1095
vn 0.0205 0.9967 -0.0782
vn -0.1358 -0.9907 -0.0042
vn -0.4952 -0.0146 -0.8687
vn -0.1467 -0.3372 -0.9299
vn -0.8972 -0.4054 -0.1754
vn -0.1357 -0.9907 -0.0041
vn -0.1357 -0.9907 -0.0042
vn -0.8972 -0.4053 -0.1754
vn -0.0972 0.9813 -0.1662
vn -0.0972 0.9813 -0.1663
vn -0.0851 0.6000 -0.7955
vn -0.4951 -0.0146 -0.8687
vn -0.0852 0.6000 -0.7955
vn -0.8972 -0.4053 -0.1753
vn -0.3899 0.9182 -0.0707
vn -0.4952 -0.0145 -0.8687
vn -0.8972 -0.4053 -0.1755
vn -0.0765 0.0621 -0.9951
vn -0.1467 -0.3371 -0.9300
vn 0.2465 -0.9676 -0.0555
vn 0.3018 -0.9503 -0.0768
vn 0.4373 -0.8970 -0.0641
vn 0.9884 -0.1275 0.0822
vn 0.9878 -0.1419 -0.0645
vn 0.9894 -0.0669 -0.1288
vn 0.9867 0.1619 -0.0156
vn 0.8099 0.5861 -0.0237
vn 0.9884 -0.1275 0.0823
vn 0.9861 0.0786 -0.1464
vn 0.9861 0.0787 -0.1464
vn 0.9878 -0.1419 -0.0644
vn 0.8099 0.5862 -0.0237
vn -0.8147 -0.5792 0.0299
vn -0.6564 -0.7543 0.0140
vn -0.7566 -0.6536 0.0168
vn -0.8146 -0.5792 0.0299
vn -0.7273 -0.6855 0.0342
vn -0.4069 -0.9133 -0.0184
vn 0.0218 -0.9986 -0.0487
vn -0.7822 -0.6228 0.0148
vn -0.4068 -0.9133 -0.0184
vn 0.0594 -0.9972 -0.0451
vn -0.2566 -0.9653 -0.0490
vn -0.0621 0.9971 0.0445
vn -0.6011 0.7961 0.0701
vn -0.0806 0.9941 0.0729
vn -0.7273 -0.6854 0.0342
vn -0.8147 -0.5791 0.0299
vn -0.2567 -0.9653 -0.0490
vn -0.7823 -0.6228 0.0148
vn 0.0218 -0.9986 -0.0488
vn -0.2567 -0.9653 -0.0489
vn 0.0140 -0.9999 -0.0101
vn -0.6217 -0.7829 0.0261
vn -0.6012 0.7960 0.0702
vn -0.6702 0.7378 0.0803
vn -0.6702 0.7378 0.0802
vn -0.0492 0.9972 0.0558
vn -0.0807 0.9941 0.0729
vn -0.6702 0.7379 0.0802
vn -0.0967 0.9945 0.0402
vn -0.0966 0.9945 0.0402
vn -0.0393 0.9991 0.0160
vn 0.4556 0.8902 0.0055
vn 0.2819 0.9595 0.0023
vn 0.1921 0.9811 0.0242
vn 0.6182 0.7853 -0.0333
vn 0.7467 0.6612 -0.0724
vn 0.5566 0.8295 -0.0469
vn 0.2819 0.9594 0.0023
vn 0.0759 0.9968 0.0242
vn 0.2818 0.9595 0.0023
vn 0.1285 0.9917 0.0022
vn 0.0758 0.9968 0.0242
vn -0.1866 0.9817 0.0390
vn -0.3754 0.9245 0.0656
vn -0.1436 0.9885 0.0482
vn -0.1867 0.9816 0.0390
vn -0.3503 0.9352 0.0509
vn -0.3755 0.9245 0.0657
vn -0.6936 0.7153 0.0849
vn -0.8264 0.5543 0.0990
vn -0.8843 0.4585 0.0878
vn 0.8173 -0.5727 -0.0644
vn 0.5375 -0.8404 -0.0695
vn 0.9884 -0.1276 0.0822
vn 0.8172 -0.5727 -0.0645
vn 0.9867 0.1619 -0.0157
vn 0.5376 -0.8404 -0.0695
vn 0.8173 -0.5727 -0.0645
vn 0.7716 -0.6314 -0.0776
vn 0.9166 0.3686 -0.1549
vn 0.6872 0.7223 -0.0777
vn 0.5376 -0.8403 -0.0695
vn 0.9867 0.1618 -0.0157
vn 0.6871 0.7224 -0.0777
vn 0.8098 0.5862 -0.0237
vn 0.8374 0.5356 -0.1088
vn 0.6655 -0.7414 -0.0859
vn 0.7716 -0.6314 -0.0777
vn 0.8374 0.5356 -0.1089
vn 0.8375 0.5356 -0.1089
vn 0.8067 0.5867 -0.0703
vn 0.7807 -0.6168 -0.1007
vn 0.8117 -0.5690 -0.1319
vn 0.9393 -0.3218 -0.1186
vn 0.9555 -0.2475 -0.1607
vn 0.7379 -0.6527 -0.1718
vn 0.9524 0.2173 -0.2138
vn 0.6656 -0.7414 -0.0859
vn 0.7378 -0.6527 -0.1718
vn 0.9088 -0.3976 -0.1264
vn 0.7715 -0.6314 -0.0776
vn 0.7378 -0.6528 -0.1717
vn 0.9088 -0.3975 -0.1265
vn 0.8117 -0.5690 -0.1318
vn 0.9056 0.0095 -0.4240
vn 0.9524 0.2172 -0.2138
vn 0.7438 0.1981 -0.6384
vn 0.9541 0.0950 -0.2841
vn 0.7378 -0.6528 -0.1718
vn 0.7438 0.1982 -0.6384
vn 0.9056 0.0096 -0.4240
vn 0.9147 -0.1944 -0.3544
vn 0.9541 0.0951 -0.2841
vn 0.6528 0.7312 -0.1977
vn 0.9166 0.3687 -0.1549
vn 0.9541 0.0950 -0.2840
vn 0.9686 0.2084 -0.1358
vn 0.9146 -0.1945 -0.3545
vn 0.6529 0.7312 -0.1978
vn 0.7444 -0.2240 -0.6291
vn 0.6529 0.7312 -0.1977
vn 0.0950 0.6853 -0.7220
vn 0.6528 0.7312 -0.1978
vn 0.4826 0.8607 -0.1619
vn 0.7444 -0.2239 -0.6290
vn 0.0948 0.6853 -0.7221
vn -0.1263 -0.8961 -0.4255
vn 0.1291 -0.9501 -0.2839
vn 0.9686 0.2085 -0.1357
vn 0.7468 0.6611 -0.0724
vn 0.7444 -0.2239 -0.6291
vn 0.1291 -0.9501 -0.2840
vn 0.0949 0.6854 -0.7220
vn 0.2172 0.2027 -0.9549
vn -0.1265 -0.8961 -0.4255
vn 0.0242 -0.9807 -0.1942
vn 0.2173 0.2026 -0.9548
vn -0.1263 -0.8961 -0.4254
vn 0.0240 -0.9807 -0.1941
vn 0.0063 -0.9888 -0.1493
vn -0.1265 -0.8961 -0.4254
vn 0.6119 0.7886 -0.0612
vn 0.5199 0.8532 -0.0424
vn -0.2240 -0.9742 -0.0284
vn 0.0123 -0.9988 -0.0477
vn -0.2221 -0.9748 -0.0182
vn -0.3758 -0.9266 -0.0117
vn -0.3928 -0.9196 -0.0089
vn -0.2241 -0.9741 -0.0284
vn -0.5153 -0.8570 0.0023
vn -0.8844 0.4585 0.0878
vn -0.9091 0.4057 0.0947
vn -0.6701 0.7379 0.0802
vn -0.9091 0.4058 0.0947
vn 0.0949 0.6853 -0.7220
vn 0.4826 0.8608 -0.1619
vn 0.5852 0.7676 -0.2614
vn 0.4827 0.8607 -0.1617
vn 0.8778 -0.0540 -0.4760
vn 0.5147 -0.7302 -0.4493
vn 0.0242 -0.9807 -0.1941
vn 0.5148 -0.7301 -0.4493
vn -0.6216 -0.7829 0.0260
vn -0.7768 -0.6290 0.0306
vn -0.0912 0.9939 0.0628
vn -0.0911 0.9939 0.0628
vn -0.0310 0.9978 0.0582
vn -0.6054 -0.7959 0.0089
vn -0.6053 -0.7960 0.0089
vn -0.7692 -0.6380 0.0361
vn -0.0475 -0.9967 -0.0655
vn -0.0545 -0.9937 -0.0978
vn -0.0260 -0.9990 -0.0376
vn -0.0912 0.9939 0.0627
vn 0.0197 0.9987 0.0478
vn -0.0023 0.9951 0.0989
vn -0.9961 0.0868 0.0181
vn -0.0912 0.9938 0.0629
vn -0.9643 0.2509 0.0854
vn 0.1657 0.9862 -0.0055
vn 0.1286 0.9917 0.0022
vn 0.4240 0.9051 -0.0316
vn -0.0877 0.9959 0.0219
vn -0.1865 0.9817 0.0390
vn -0.0694 0.9973 0.0226
vn 0.1656 0.9862 -0.0055
vn 0.0772 0.9968 0.0229
vn -0.5052 0.8604 0.0667
vn -0.2582 0.9653 0.0382
vn -0.3532 0.9336 0.0604
vn -0.5051 0.8605 0.0667
vn -0.4524 0.8895 0.0643
vn 0.0597 -0.9972 -0.0452
vn -0.1167 0.9922 0.0443
vn -0.0617 0.9972 0.0423
vn -0.0739 0.9956 0.0569
vn -0.1168 0.9922 0.0443
vn -0.0740 0.9956 0.0569
vn -0.2127 0.9744 0.0728
vn -0.1687 -0.9828 -0.0750
vn -0.0263 -0.9987 -0.0433
vn -0.1416 -0.9895 -0.0283
vn -0.9840 -0.1714 0.0483
vn -0.6929 0.7162 0.0838
vn -0.7487 -0.6628 0.0062
vn -0.0156 -0.9968 -0.0781
vn 0.0345 -0.9897 -0.1389
vn -0.0156 -0.9968 -0.0782
vn -0.1738 -0.9830 -0.0588
vn -0.0411 0.9948 0.0933
vn -0.1405 0.9859 0.0907
vn -0.0739 0.9956 0.0568
vn 0.0010 -0.9983 -0.0583
vn 0.0312 -0.9994 -0.0151
vn -0.2566 -0.9653 -0.0489
vn 0.0344 -0.9897 -0.1389
vn -0.0385 0.9972 0.0640
vn -0.0411 0.9948 0.0934
vn -0.1423 0.9869 0.0759
vn -0.3428 -0.9390 -0.0286
vn -0.1688 -0.9828 -0.0750
vn -0.1687 -0.9828 -0.0751
vn -0.7488 -0.6628 0.0061
vn -0.4867 -0.8674 -0.1040
vn -0.7488 -0.6628 0.0062
vn -0.8274 -0.5615 0.0086
vn -0.8274 -0.5615 0.0087
vn -0.4867 -0.8673 -0.1040
vn -0.3029 0.9480 0.0976
vn -0.3030 0.9480 0.0976
vn -0.6928 0.7162 0.0839
vn -0.4624 0.8743 0.1478
vn -0.6928 0.7162 0.0838
vn -0.4624 0.8743 0.1479
vn -0.8274 -0.5616 0.0087
vn -0.1738 -0.9830 -0.0587
vn -0.0598 -0.9978 -0.0279
vn -0.1688 -0.9828 -0.0751
vn -0.1739 -0.9830 -0.0588
vn -0.1423 0.9869 0.0760
vn -0.4623 0.8743 0.1479
vn -0.1404 0.9859 0.0907
vn -0.1424 0.9869 0.0759
vn -0.2635 0.9639 0.0391
vn -0.6655 0.7359 0.1248
vn 0.0204 -0.9995 -0.0254
vn 0.0260 -0.9996 -0.0117
vn -0.0597 -0.9978 -0.0279
vn 0.0204 -0.9995 -0.0253
vn -0.0393 0.9991 0.0159
vn -0.0851 0.9963 0.0124
vn -0.0421 0.9991 0.0024
vn -0.0598 0.9978 0.0283
vn -0.3864 -0.9222 0.0166
vn -0.1938 -0.9810 -0.0073
vn -0.3864 -0.9222 0.0165
vn -0.6184 -0.7852 0.0324
vn -0.2107 -0.9774 -0.0173
vn -0.8273 -0.5616 0.0087
vn -0.9482 -0.3030 0.0951
vn -0.9482 -0.3031 0.0951
vn -0.9482 -0.3030 0.0952
vn -0.9064 0.4092 0.1053
vn -0.2636 0.9639 0.0391
vn -0.9064 0.4092 0.1052
vn -0.1911 0.9810 0.0341
vn -0.3314 0.9420 0.0523
vn -0.3315 0.9420 0.0523
vn -0.9063 0.4092 0.1053
vn -0.1230 -0.9865 -0.1079
vn -0.2106 -0.9774 -0.0173
vn -0.3345 -0.9419 -0.0318
vn -0.3345 -0.9418 -0.0318
vn -0.9063 0.4094 0.1052
vn -0.2706 0.9580 0.0949
vn -0.9063 0.4093 0.1053
vn -0.0081 -0.9954 -0.0955
vn 0.0045 -0.9984 -0.0566
vn -0.0163 -0.9978 -0.0647
vn -0.0082 -0.9954 -0.0955
vn -0.0544 -0.9937 -0.0978
vn -0.0672 0.9908 0.1172
vn -0.0457 0.9952 0.0864
vn -0.1918 -0.9756 -0.1067
vn -0.0545 -0.9937 -0.0979
vn -0.7050 -0.7071 -0.0551
vn -0.7050 -0.7070 -0.0551
vn -0.4937 -0.8663 -0.0760
vn -0.1258 0.9887 0.0810
vn -0.2008 0.9683 0.1483
vn -0.0673 0.9908 0.1172
vn -0.0458 0.9952 0.0865
vn -0.9063 0.4093 0.1052
vn -0.2707 0.9580 0.0949
vn -0.9247 0.3709 0.0860
vn -0.2007 0.9684 0.1483
vn -0.0457 0.9952 0.0865
vn -0.1784 0.9803 0.0845
vn -0.9247 0.3709 0.0859
vn -0.9063 0.4092 0.1052
vn -0.1917 -0.9756 -0.1066
vn -0.2221 -0.9749 -0.0131
vn -0.0755 -0.9970 -0.0192
vn -0.6749 -0.7379 -0.0037
vn -0.1785 0.9803 0.0844
vn -0.7309 0.6789 0.0694
vn 0.6201 -0.7763 -0.1129
vn 0.4612 -0.8822 -0.0953
vn 0.4631 -0.8808 -0.0993
vn 0.5785 -0.8024 -0.1462
vn 0.4630 -0.8808 -0.0993
vn 0.4604 0.8866 -0.0452
vn 0.1762 -0.9777 -0.1143
vn 0.0464 -0.9968 -0.0653
vn 0.5785 -0.8024 -0.1463
vn 0.5311 -0.1792 -0.8281
vn 0.9554 -0.2476 -0.1608
vn 0.5786 -0.8024 -0.1463
vn 0.4604 0.8865 -0.0453
vn 0.0624 -0.9967 -0.0514
vn 0.2518 -0.9646 -0.0780
vn 0.0148 -0.9984 -0.0555
vn 0.0623 -0.9967 -0.0514
vn 0.0147 -0.9984 -0.0555
vn -0.1537 -0.9876 -0.0306
vn 0.2519 -0.9646 -0.0780
vn -0.2695 -0.9630 -0.0101
vn -0.1537 -0.9876 -0.0305
vn -0.4616 -0.8869 0.0201
vn -0.4615 -0.8869 0.0200
vn -0.4615 -0.8869 0.0201
vn -0.5755 -0.8166 0.0445
vn -0.5756 -0.8165 0.0446
vn -0.5756 -0.8165 0.0445
vn -0.3016 -0.9528 0.0348
vn 0.5148 -0.7302 -0.4493
vn 0.2682 -0.8008 -0.5356
vn 0.2683 -0.8008 -0.5356
vn 0.1435 0.9874 -0.0666
vn -0.3016 -0.9528 0.0349
vn -0.0611 -0.9979 0.0229
vn -0.0344 -0.9990 0.0270
vn -0.3865 -0.9217 0.0316
vn -0.0384 -0.9992 -0.0149
vn -0.0383 -0.9992 -0.0148
vn -0.0343 -0.9990 0.0270
vn -0.8017 0.5909 0.0906
vn 0.0413 -0.9913 -0.1247
vn -0.2694 -0.9630 -0.0101
vn -0.3119 -0.8674 -0.3877
vn 0.0729 0.0719 -0.9947
vn 0.2630 -0.6383 -0.7235
vn 0.0046 0.5355 -0.8446
vn -0.1578 0.8036 -0.5739
vn -0.0081 -0.9991 0.0412
vn -0.7439 -0.5834 -0.3261
vn -0.5993 0.8005 0.0032
vn -0.7440 -0.5833 -0.3261
vn -0.5993 0.8006 0.0031
vn -0.0851 0.5999 -0.7955
vn 0.0047 0.5354 -0.8446
vn -0.0764 0.0621 -0.9951
vn 0.2951 0.9554 -0.0138
vn -0.0695 0.9973 0.0226
vn -0.2031 0.9775 0.0577
vn -0.2030 0.9775 0.0577
vn -0.5820 0.8094 0.0790
vn -0.7261 0.6823 0.0855
vn -0.2600 0.9653 0.0243
vn 0.1100 0.9938 0.0187
vn 0.4603 0.8866 -0.0452
vn 0.1337 0.9861 -0.0987
vn 0.2276 0.6675 -0.7090
vn -0.5992 0.8006 0.0032
vn -0.4605 0.8843 0.0764
vn -0.5993 0.8006 0.0032
vn -0.1094 -0.1021 -0.9887
vn -0.5993 0.8005 0.0031
vn -0.0611 -0.9979 0.0228
vn -0.1607 -0.9866 0.0272
vn -0.0447 -0.9989 -0.0131
vn -0.1608 -0.9866 0.0273
vn -0.6749 -0.7379 -0.0038
vn -0.4854 0.8725 0.0557
vn -0.4970 -0.8643 0.0776
vn -0.1607 -0.9866 0.0273
vn -0.6748 -0.7380 -0.0037
vn -0.4855 0.8725 0.0557
vn -0.4033 -0.9135 0.0531
vn -0.0704 0.9975 -0.0021
vn -0.0448 -0.9989 -0.0131
vn 0.0067 0.9993 -0.0362
vn -0.1466 -0.3371 -0.9300
vn -0.7718 0.6319 0.0705
vn -0.3897 0.9182 -0.0707
vn 0.9262 -0.3602 -0.1117
vn 0.9297 -0.3564 -0.0924
vn 0.9297 -0.3564 -0.0923
vn 0.9298 -0.3564 -0.0923
vn 0.9861 0.0787 -0.1463
vn 0.8067 0.5868 -0.0703
vn -0.2222 -0.9748 -0.0182
vn -0.0621 0.9971 0.0444
vn -0.0492 0.9972 0.0559
vn -0.0806 0.9941 0.0730
vn 0.4557 0.8901 0.0055
vn 0.4241 0.9051 -0.0316
vn -0.3754 0.9245 0.0657
vn -0.2524 0.9645 0.0772
vn -0.5470 0.8332 0.0810
vn -0.7501 0.6548 0.0924
vn -0.5858 0.8044 0.0990
vn -0.7501 0.6549 0.0924
vn -0.5469 0.8333 0.0810
vn -0.4324 0.8969 0.0926
vn -0.3755 0.9245 0.0656
vn 0.0757 0.9968 0.0242
vn -0.1866 0.9817 0.0389
vn 0.9297 -0.3565 -0.0924
vn 0.7744 -0.6276 -0.0799
vn 0.7806 -0.6168 -0.1007
vn 0.6414 -0.7610 -0.0975
vn 0.4374 -0.8970 -0.0641
vn 0.4611 -0.8822 -0.0953
vn 0.6415 -0.7609 -0.0975
vn 0.7806 -0.6169 -0.1007
vn 0.9394 -0.3218 -0.1186
vn 0.9088 -0.3976 -0.1265
vn 0.9394 -0.3217 -0.1186
vn 0.7468 0.6611 -0.0725
vn 0.8375 0.5355 -0.1089
vn 0.9686 0.2085 -0.1358
vn 0.5566 0.8294 -0.0470
vn 0.9089 -0.3975 -0.1265
vn 0.9057 0.0096 -0.4239
vn 0.9057 0.0095 -0.4239
vn 0.9173 0.3705 -0.1461
vn 0.7438 0.1982 -0.6383
vn 0.9173 0.3705 -0.1462
vn 0.4826 0.8608 -0.1618
vn 0.9146 -0.1944 -0.3544
vn 0.7444 -0.2240 -0.6290
vn 0.3017 -0.9503 -0.0768
vn -0.5152 -0.8570 0.0023
vn 0.0122 -0.9988 -0.0477
vn -0.2241 -0.9742 -0.0284
vn -0.6217 -0.7828 0.0260
vn 0.0141 -0.9998 -0.0102
vn 0.0260 -0.9996 -0.0118
vn 0.0141 -0.9998 -0.0101
vn 0.0259 -0.9996 -0.0117
vn 0.0044 -0.9984 -0.0566
vn -0.6217 -0.7829 0.0260
vn -0.0476 -0.9967 -0.0655
vn -0.5152 -0.8571 0.0023
vn 0.5853 0.7676 -0.2614
vn 0.4827 0.8607 -0.1618
vn 0.2172 0.2026 -0.9549
vn 0.5853 0.7675 -0.2614
vn 0.4483 0.8295 -0.3332
vn 0.5852 0.7676 -0.2615
vn 0.0241 -0.9807 -0.1942
vn -0.6053 -0.7960 0.0088
vn -0.6053 -0.7959 0.0089
vn -0.7261 0.6822 0.0855
vn -0.9262 0.3635 0.1005
vn -0.7262 0.6822 0.0854
vn 0.5566 0.8295 -0.0470
vn 0.6118 0.7886 -0.0612
vn 0.5197 0.8533 -0.0424
vn -0.4525 0.8894 0.0643
vn -0.6935 0.7154 0.0849
vn -0.5469 0.8333 0.0809
vn -0.4525 0.8895 0.0642
vn -0.0878 0.9959 0.0219
vn -0.0693 0.9973 0.0225
vn -0.0876 0.9959 0.0219
vn -0.1867 0.9817 0.0389
vn -0.3503 0.9353 0.0509
vn -0.6938 0.7152 0.0849
vn -0.4527 0.8893 0.0643
vn -0.5054 0.8603 0.0666
vn -0.6936 0.7154 0.0849
vn -0.0693 0.9973 0.0226
vn -0.5052 0.8604 0.0666
vn 0.0438 -0.9985 -0.0335
vn -0.0262 -0.9987 -0.0434
vn -0.0236 -0.9990 -0.0367
vn -0.3429 -0.9389 -0.0286
vn -0.1417 -0.9895 -0.0283
vn -0.2295 -0.9723 -0.0433
vn -0.6282 -0.7781 -0.0060
vn -0.9840 -0.1713 0.0483
vn -0.6082 0.7898 0.0794
vn -0.1415 -0.9895 -0.0283
vn -0.3427 -0.9390 -0.0286
vn -0.1686 -0.9828 -0.0750
vn -0.7487 -0.6629 0.0062
vn -0.6281 -0.7781 -0.0061
vn -0.1168 0.9922 0.0444
vn -0.2103 0.9766 0.0458
vn -0.3495 0.9361 0.0396
vn -0.2127 0.9744 0.0727
vn -0.0262 -0.9987 -0.0433
vn -0.0597 -0.9978 -0.0280
vn -0.0386 0.9972 0.0640
vn -0.4623 0.8743 0.1478
vn -0.0598 -0.9978 -0.0280
vn -0.1939 -0.9810 -0.0073
vn -0.8274 -0.5616 0.0086
vn -0.4624 0.8742 0.1478
vn -0.6655 0.7359 0.1247
vn -0.6654 0.7359 0.1248
vn -0.9483 -0.3029 0.0951
vn -0.0598 0.9978 0.0284
vn -0.3863 -0.9222 0.0166
vn -0.2636 0.9638 0.0391
vn -0.0852 0.9963 0.0125
vn -0.1772 0.9833 0.0424
vn -0.1772 0.9833 0.0423
vn -0.1912 0.9810 0.0341
vn -0.0163 -0.9978 -0.0646
vn -0.0164 -0.9978 -0.0647
vn -0.1230 -0.9865 -0.1078
vn -0.3346 -0.9418 -0.0318
vn -0.1259 0.9887 0.0810
vn 0.0156 0.9998 -0.0110
vn -0.1229 -0.9865 -0.1078
vn -0.2008 0.9684 0.1483
vn -0.0672 0.9908 0.1171
vn -0.2220 -0.9750 -0.0131
vn -0.9247 0.3710 0.0860
vn -0.7310 0.6788 0.0694
vn -0.1786 0.9803 0.0844
vn 0.0413 -0.9913 -0.1248
vn -0.4940 -0.8662 -0.0761
vn -0.7052 -0.7069 -0.0550
vn -0.9245 0.3713 0.0860
vn -0.2009 0.9683 0.1483
vn -0.1786 0.9803 0.0845
vn -0.9703 -0.2230 0.0940
vn -0.7310 0.6789 0.0695
vn -0.9703 -0.2230 0.0939
vn -0.4855 0.8725 0.0556
vn -0.0714 -0.0910 -0.9933
vn -0.9946 -0.0852 0.0592
vn 0.3424 0.8438 -0.4133
vn -0.0714 -0.0908 -0.9933
vn -0.9946 -0.0853 0.0592
vn 0.3423 0.8438 -0.4133
vn -0.0713 -0.0909 -0.9933
vn 0.2683 -0.8007 -0.5356
vn 0.9201 -0.3741 0.1161
vn 0.5565 -0.1279 0.8209
vn 0.8446 -0.4946 0.2048
vn 0.9201 -0.3741 0.1160
vn 0.8813 -0.4691 0.0568
vn 0.9269 0.3638 0.0921
vn 0.8866 0.3643 0.2850
vn 0.7073 0.6969 0.1188
vn 0.8866 0.3644 0.2850
vn 0.9269 0.3639 0.0921
vn 0.8812 -0.4693 0.0568
vn 0.8843 0.4590 0.0851
vn 0.9269 0.3638 0.0920
vn 0.9917 -0.1174 0.0522
vn 0.8843 0.4591 0.0851
vn 0.8813 -0.4692 0.0569
vn 0.9516 0.2961 0.0818
vn 0.7555 -0.6550 0.0094
vn 0.7555 -0.6550 0.0095
vn 0.9595 -0.2811 0.0171
vn 0.9595 -0.2813 0.0171
vn 0.8979 0.4313 0.0879
vn 0.9517 0.2960 0.0817
vn 0.9516 0.2962 0.0818
vn 0.8843 0.4592 0.0851
vn 0.9917 -0.1173 0.0522
vn 0.5757 -0.8164 0.0458
vn 0.5781 -0.8160 -0.0078
vn 0.7489 -0.6601 0.0595
vn 0.5756 -0.8165 0.0458
vn 0.3801 -0.9188 -0.1061
vn 0.5780 -0.8160 -0.0078
vn 0.0905 -0.5895 0.8027
vn 0.3016 -0.9275 0.2207
vn 0.6292 -0.6776 0.3808
vn -0.0781 -0.9872 0.1389
vn 0.3015 -0.9276 0.2207
vn 0.0906 -0.5894 0.8027
vn -0.0781 -0.9872 0.1390
vn 0.0457 -0.9987 0.0210
vn -0.0021 -0.5448 0.8386
vn -0.3418 -0.9335 0.1080
vn -0.3418 -0.9335 0.1081
vn 0.5756 -0.8165 0.0459
vn -0.2202 -0.9755 0.0042
vn 0.0597 -0.9979 -0.0247
vn 0.0456 -0.9987 0.0210
vn -0.0782 -0.9872 0.1389
vn -0.2201 -0.9755 0.0042
vn 0.2322 0.4219 0.8764
vn 0.0862 -0.0885 0.9923
vn -0.0092 0.1206 0.9927
vn 0.0488 -0.1259 0.9908
vn -0.2735 0.7827 0.5592
vn -0.0092 0.1205 0.9927
vn -0.2735 0.7826 0.5592
vn 0.0863 -0.0884 0.9923
vn 0.6292 -0.6775 0.3809
vn 0.8446 -0.4946 0.2049
vn 0.5566 -0.1278 0.8209
vn 0.9201 -0.3742 0.1161
vn 0.8446 -0.4947 0.2048
vn 0.6292 -0.6775 0.3808
vn 0.7489 -0.6600 0.0596
vn 0.6291 -0.6776 0.3809
vn 0.0906 -0.5895 0.8027
vn 0.2321 0.4219 0.8764
vn 0.7072 0.6969 0.1188
vn 0.4265 0.8927 0.1455
vn 0.1119 0.9703 0.2146
vn -0.1084 -0.9941 0.0005
vn -0.1083 -0.9941 0.0005
vn -0.0020 -0.5448 0.8386
vn 0.0772 -0.3962 0.9149
vn -0.0093 0.1206 0.9927
vn -0.2735 0.7827 0.5591
vn -0.2034 0.9738 0.1020
vn -0.3442 0.9345 0.0908
vn -0.5125 0.8547 0.0826
vn -0.2033 0.9738 0.1020
vn -0.6478 0.7590 0.0653
vn -0.6479 0.7589 0.0652
vn -0.7299 0.6806 0.0632
vn 0.0452 0.0892 0.9950
vn -0.2034 0.9738 0.1021
vn 0.0091 0.5854 0.8107
vn 0.4409 -0.8975 0.0025
vn 0.6790 -0.7342 0.0062
vn 0.2724 -0.9621 -0.0075
vn 0.1339 -0.9907 -0.0259
vn 0.4637 -0.8857 -0.0241
vn 0.4410 -0.8975 0.0025
vn 0.4638 -0.8856 -0.0241
vn -0.1083 -0.9941 0.0007
vn -0.6298 -0.7767 -0.0038
vn -0.3953 -0.9185 -0.0084
vn -0.7298 0.6807 0.0632
vn -0.0899 0.9940 0.0622
vn -0.6755 0.7332 0.0782
vn -0.0912 0.9937 0.0644
vn -0.0621 0.9951 0.0764
vn -0.0900 0.9940 0.0622
vn -0.3778 -0.9255 -0.0274
vn 0.0073 -0.9963 -0.0857
vn -0.6870 -0.7265 -0.0161
vn 0.0142 -0.9979 -0.0640
vn 0.0251 -0.9973 -0.0694
vn 0.0074 -0.9963 -0.0858
vn -0.7680 0.6342 0.0893
vn -0.7680 0.6342 0.0894
vn -0.7074 0.7016 0.0856
vn -0.2734 0.7827 0.5592
vn 0.1945 0.9724 0.1289
vn -0.1023 0.9888 0.1089
vn 0.1119 0.9703 0.2145
vn -0.1024 0.9888 0.1089
vn 0.1118 0.9703 0.2145
vn -0.0526 0.9924 0.1108
vn 0.0663 0.9915 0.1120
vn 0.6284 -0.7772 -0.0306
vn 0.6328 -0.7740 -0.0220
vn 0.8962 -0.4436 0.0090
vn 0.7800 -0.6244 -0.0409
vn 0.7674 -0.6404 -0.0316
vn 0.8961 -0.4437 0.0090
vn 0.8046 0.5913 0.0555
vn 0.8979 0.4314 0.0879
vn 0.9116 0.3993 0.0981
vn 0.7622 0.6425 0.0788
vn 0.6037 -0.7969 -0.0226
vn 0.9116 0.3992 0.0981
vn 0.7235 -0.6898 -0.0270
vn 0.6036 -0.7969 -0.0227
vn 0.5187 -0.8531 -0.0559
vn 0.7412 -0.6709 -0.0224
vn 0.7745 -0.6318 -0.0319
vn 0.8045 0.5914 0.0555
vn 0.6692 0.7392 0.0760
vn 0.5045 -0.8625 -0.0400
vn 0.8617 0.5055 0.0451
vn 0.7234 -0.6899 -0.0270
vn 0.8617 0.5054 0.0451
vn 0.6488 0.7589 0.0555
vn 0.6036 -0.7969 -0.0226
vn 0.7235 -0.6898 -0.0271
vn 0.6692 0.7392 0.0761
vn 0.5262 -0.8486 -0.0545
vn 0.6691 0.7392 0.0760
vn 0.6408 0.7662 0.0492
vn 0.8045 0.5913 0.0555
vn 0.7235 -0.6897 -0.0270
vn 0.6488 0.7589 0.0556
vn 0.5263 -0.8486 -0.0545
vn 0.8360 -0.5475 -0.0371
vn 0.8494 -0.5244 -0.0591
vn 0.5263 -0.8485 -0.0545
vn 0.4810 -0.8748 -0.0575
vn 0.5263 -0.8485 -0.0546
vn 0.6488 0.7590 0.0556
vn 0.8617 0.5055 0.0450
vn 0.6407 0.7662 0.0492
vn 0.2788 -0.9598 -0.0314
vn 0.2735 -0.9614 -0.0317
vn 0.1338 -0.9907 -0.0259
vn 0.2733 -0.9614 -0.0316
vn 0.2786 -0.9599 -0.0313
vn -0.7417 -0.6707 0.0001
vn -0.6299 -0.7766 -0.0038
vn 0.0069 -0.9979 -0.0651
vn -0.6870 -0.7265 -0.0162
vn 0.0073 -0.9963 -0.0858
vn 0.0070 -0.9979 -0.0650
vn 0.0375 -0.9968 -0.0701
vn 0.0521 -0.9977 -0.0434
vn -0.1342 0.9863 0.0959
vn -0.0666 0.9968 0.0448
vn -0.0737 0.9957 0.0566
vn -0.0912 0.9938 0.0644
vn -0.6869 -0.7265 -0.0161
vn 0.0061 -0.9978 -0.0653
vn -0.7344 -0.6787 0.0004
vn -0.7417 -0.6707 -0.0000
vn -0.7074 0.7016 0.0857
vn -0.7256 0.6822 0.0900
vn -0.3778 -0.9257 -0.0178
vn -0.4643 -0.8857 -0.0016
vn -0.2618 -0.9650 -0.0132
vn -0.6299 -0.7767 -0.0038
vn -0.5752 -0.8180 -0.0034
vn -0.6850 0.7215 0.1014
vn -0.8223 0.5615 0.0921
vn 0.0364 -0.9977 -0.0571
vn -0.7345 -0.6787 0.0004
vn -0.0632 0.9954 0.0717
vn -0.0553 0.9963 0.0659
vn -0.0843 0.9940 0.0694
vn -0.1044 0.9922 0.0682
vn -0.6258 0.7760 0.0783
vn 0.3492 0.9299 0.1152
vn 0.5705 0.8179 0.0740
vn 0.3008 0.9491 0.0933
vn 0.5706 0.8179 0.0740
vn 0.4472 0.8931 0.0494
vn -0.2323 0.9667 0.1074
vn -0.2148 0.9702 0.1121
vn -0.0410 0.9948 0.0927
vn -0.3838 0.9169 0.1092
vn -0.2559 0.9613 0.1017
vn -0.4807 0.8705 0.1060
vn -0.4807 0.8704 0.1060
vn -0.6849 0.7215 0.1014
vn -0.5747 0.8121 0.1008
vn -0.4806 0.8705 0.1060
vn 0.0770 -0.3961 0.9150
vn 0.0241 -0.9996 -0.0153
vn -0.1084 -0.9941 0.0007
vn 0.0208 -0.1540 0.9878
vn 0.0242 -0.9996 -0.0153
vn -0.0956 0.9840 0.1501
vn 0.0208 -0.1539 0.9879
vn -0.5301 -0.4043 0.7453
vn -0.0722 0.1314 0.9887
vn -0.3843 0.9113 0.1481
vn -0.9602 0.2535 0.1170
vn -0.4002 -0.9161 0.0262
vn -0.9602 0.2536 0.1170
vn -0.7857 -0.6186 0.0033
vn -0.4002 -0.9160 0.0263
vn 0.0242 -0.9996 -0.0154
vn -0.2080 -0.9761 -0.0628
vn -0.0282 -0.9974 -0.0662
vn -0.7856 -0.6188 0.0033
vn -0.4003 -0.9160 0.0263
vn -0.1052 0.9920 0.0703
vn -0.1402 0.9890 0.0481
vn -0.0789 0.9959 0.0442
vn -0.5302 -0.4043 0.7453
vn -0.3842 0.9113 0.1481
vn -0.9602 0.2535 0.1169
vn -0.0621 0.9951 0.0765
vn -0.1052 0.9920 0.0704
vn 0.0189 -0.9986 -0.0492
vn 0.0251 -0.9973 -0.0693
vn -0.7856 -0.6187 0.0033
vn -0.4064 -0.9117 -0.0606
vn -0.2081 -0.9761 -0.0628
vn -0.9938 0.1037 0.0405
vn -0.4063 -0.9117 -0.0606
vn -0.6143 0.7866 0.0626
vn -0.9938 0.1038 0.0405
vn -0.3436 0.9353 0.0846
vn -0.6142 0.7866 0.0626
vn -0.2278 0.9714 0.0674
vn -0.4064 -0.9117 -0.0607
vn -0.2663 -0.9619 -0.0620
vn -0.0729 -0.9950 -0.0681
vn -0.3435 0.9353 0.0846
vn -0.8303 0.5562 0.0360
vn -0.6142 0.7867 0.0626
vn -0.8303 0.5561 0.0360
vn -0.3467 0.9378 0.0197
vn -0.1674 0.9842 0.0571
vn -0.0266 -0.9990 -0.0349
vn 0.0086 -0.9964 -0.0844
vn -0.0729 -0.9950 -0.0682
vn -0.0879 0.9945 0.0565
vn -0.1673 0.9843 0.0570
vn -0.1928 0.9797 0.0551
vn 0.0300 -0.9974 -0.0660
vn 0.0503 -0.9960 -0.0734
vn 0.0062 -0.9978 -0.0657
vn -0.0925 0.9920 0.0855
vn 0.0086 -0.9964 -0.0843
vn -0.5269 -0.8492 -0.0337
vn -0.2153 -0.9759 -0.0363
vn -0.0267 -0.9990 -0.0349
vn -0.1928 0.9797 0.0552
vn -0.3393 0.9353 0.0999
vn -0.4754 0.8784 0.0501
vn -0.3394 0.9353 0.0999
vn -0.7655 0.6317 0.1223
vn -0.4754 0.8784 0.0500
vn -0.8304 0.5561 0.0360
vn -0.3468 0.9377 0.0198
vn -0.4754 0.8783 0.0500
vn -0.0266 -0.9990 -0.0350
vn -0.5269 -0.8493 -0.0337
vn -0.7413 -0.6711 0.0058
vn -0.1822 0.9789 0.0920
vn -0.2594 0.9618 0.0870
vn -0.7413 -0.6711 0.0059
vn -0.7655 0.6317 0.1222
vn -0.7959 0.5972 0.0992
vn 0.0450 -0.9976 -0.0531
vn 0.0226 -0.9973 -0.0701
vn -0.0235 -0.9990 -0.0367
vn 0.0226 -0.9973 -0.0702
vn -0.0636 0.9964 0.0559
vn -0.0616 0.9970 0.0475
vn -0.2152 -0.9759 -0.0363
vn -0.2294 -0.9724 -0.0434
vn -0.0771 -0.9952 -0.0605
vn -0.2295 -0.9724 -0.0433
vn -0.2948 0.9527 0.0743
vn -0.4454 0.8895 0.1018
vn -0.2595 0.9618 0.0870
vn -0.2947 0.9527 0.0743
vn -0.1626 0.9833 0.0819
vn -0.6082 0.7898 0.0795
vn -0.7960 0.5972 0.0992
vn 0.3994 -0.9154 -0.0491
vn 0.3407 -0.9383 -0.0598
vn 0.7160 -0.6959 -0.0554
vn 0.8617 0.5054 0.0450
vn 0.7159 -0.6960 -0.0554
vn 0.6490 0.7594 0.0462
vn 0.6490 0.7594 0.0461
vn 0.6408 0.7661 0.0492
vn 0.7160 -0.6959 -0.0555
vn 0.9733 -0.0853 -0.2132
vn 0.6489 0.7594 0.0462
vn 0.9733 -0.0852 -0.2132
vn 0.3564 0.9343 0.0106
vn 0.5262 -0.8486 -0.0546
vn 0.4810 -0.8748 -0.0574
vn 0.4810 -0.8749 -0.0574
vn 0.3994 -0.9155 -0.0491
vn 0.3995 -0.9154 -0.0491
vn 0.4811 -0.8748 -0.0575
vn 0.8495 -0.5243 -0.0591
vn 0.6489 0.7595 0.0462
vn 0.5964 0.8025 0.0149
vn 0.6407 0.7662 0.0493
vn 0.4038 -0.9115 -0.0776
vn 0.3994 -0.9154 -0.0492
vn 0.4037 -0.9116 -0.0776
vn 0.3407 -0.9383 -0.0599
vn 0.2104 0.9772 0.0281
vn 0.5965 0.8024 0.0149
vn 0.3565 0.9342 0.0106
vn 0.6396 0.7662 -0.0626
vn 0.5965 0.8025 0.0150
vn 0.7980 -0.6004 -0.0521
vn 0.6324 -0.7735 -0.0419
vn 0.4038 -0.9116 -0.0776
vn 0.3695 -0.9236 -0.1017
vn 0.9733 -0.0853 -0.2133
vn 0.3695 -0.9237 -0.1017
vn 0.5550 -0.7097 -0.4339
vn 0.3776 0.8277 -0.4152
vn 0.3775 0.8277 -0.4152
vn 0.6396 0.7662 -0.0627
vn 0.5550 -0.7096 -0.4340
vn 0.3694 -0.9237 -0.1017
vn 0.5551 -0.7097 -0.4339
vn 0.9261 -0.3602 -0.1117
vn 0.3775 0.8277 -0.4153
vn 0.7111 0.4324 -0.5544
vn 0.6396 0.7661 -0.0626
vn 0.5550 -0.7097 -0.4340
vn 0.7110 0.4324 -0.5545
vn -0.0134 -0.9996 -0.0266
vn -0.2617 -0.9650 -0.0132
vn -0.0654 -0.9976 -0.0216
vn -0.2617 -0.9651 -0.0132
vn -0.2222 -0.9748 -0.0181
vn -0.7566 -0.6537 0.0168
vn -0.7417 -0.6708 -0.0000
vn 0.0365 -0.9977 -0.0571
vn 0.0595 -0.9972 -0.0452
vn -0.8224 0.5614 0.0921
vn -0.6259 0.7760 0.0783
vn -0.0789 0.9959 0.0452
vn -0.0790 0.9959 0.0452
vn -0.0637 0.9964 0.0559
vn -0.6012 0.7960 0.0701
vn -0.0622 0.9971 0.0445
vn 0.7657 0.6429 -0.0168
vn 0.6556 0.7549 0.0197
vn 0.2360 0.9705 0.0503
vn 0.0101 0.9983 0.0582
vn -0.0409 0.9949 0.0927
vn 0.0438 -0.9985 -0.0334
vn -0.1387 0.9885 0.0611
vn 0.5565 -0.1278 0.8209
vn 0.8813 -0.4692 0.0567
vn 0.9201 -0.3742 0.1160
vn 0.7489 -0.6600 0.0595
vn 0.6790 -0.7341 0.0062
vn 0.7555 -0.6551 0.0095
vn 0.8813 -0.4692 0.0568
vn 0.9269 0.3639 0.0920
vn 0.7622 0.6426 0.0788
vn 0.5649 0.8180 0.1084
vn 0.7621 0.6426 0.0788
vn 0.6329 -0.7740 -0.0220
vn 0.7800 -0.6245 -0.0409
vn 0.0598 -0.9979 -0.0247
vn 0.3802 -0.9188 -0.1061
vn -0.3419 -0.9335 0.1081
vn -0.1084 -0.9941 0.0006
vn 0.5566 -0.1279 0.8209
vn 0.0863 -0.0885 0.9923
vn 0.0488 -0.1260 0.9908
vn 0.7488 -0.6601 0.0596
vn 0.6292 -0.6776 0.3809
vn 0.5756 -0.8164 0.0458
vn -0.0020 -0.5447 0.8387
vn 0.5650 0.8179 0.1084
vn 0.4266 0.8927 0.1455
vn -0.0021 -0.5446 0.8387
vn 0.0487 -0.1260 0.9908
vn 0.0771 -0.3961 0.9150
vn 0.0403 -0.9979 -0.0506
vn -0.5124 0.8548 0.0826
vn -0.6478 0.7590 0.0652
vn 0.0453 0.0892 0.9950
vn 0.2725 -0.9621 -0.0076
vn 0.3801 -0.9189 -0.1061
vn 0.4408 -0.8976 0.0025
vn 0.0599 -0.9979 -0.0247
vn 0.1340 -0.9906 -0.0259
vn 0.6789 -0.7342 0.0062
vn -0.1454 -0.9892 -0.0183
vn -0.3952 -0.9185 -0.0084
vn -0.3779 -0.9254 -0.0274
vn 0.0188 -0.9986 -0.0492
vn -0.6754 0.7333 0.0782
vn -0.5124 0.8547 0.0826
vn -0.6870 -0.7264 -0.0166
vn -0.3779 -0.9255 -0.0275
vn -0.3778 -0.9255 -0.0275
vn -0.7299 0.6807 0.0632
vn -0.5746 0.8122 0.1008
vn -0.5125 0.8547 0.0827
vn -0.3440 0.9346 0.0908
vn -0.2734 0.7827 0.5591
vn -0.1024 0.9888 0.1088
vn 0.3492 0.9300 0.1152
vn -0.1023 0.9888 0.1088
vn -0.3441 0.9345 0.0908
vn -0.0527 0.9924 0.1108
vn 0.0662 0.9915 0.1120
vn -0.4440 0.8901 0.1026
vn -0.4441 0.8901 0.1026
vn 0.7674 -0.6403 -0.0316
vn 0.5650 0.8180 0.1084
vn 0.8962 -0.4436 0.0089
vn 0.6284 -0.7773 -0.0305
vn 0.6285 -0.7772 -0.0306
vn 0.7745 -0.6318 -0.0318
vn 0.6323 -0.7736 -0.0419
vn 0.5018 -0.8645 -0.0271
vn 0.5188 -0.8531 -0.0559
vn 0.7675 -0.6403 -0.0316
vn 0.5264 -0.8485 -0.0545
vn 0.7689 0.6389 0.0266
vn 0.7689 0.6388 0.0266
vn 0.8337 -0.5510 -0.0351
vn 0.2787 -0.9599 -0.0313
vn -0.2540 -0.9669 -0.0236
vn -0.1455 -0.9892 -0.0183
vn 0.5018 -0.8646 -0.0271
vn 0.2734 -0.9614 -0.0316
vn 0.6284 -0.7773 -0.0306
vn 0.5019 -0.8645 -0.0271
vn -0.0133 -0.9996 -0.0266
vn -0.1453 -0.9892 -0.0183
vn -0.2539 -0.9669 -0.0236
vn 0.0376 -0.9968 -0.0702
vn 0.0070 -0.9979 -0.0651
vn 0.0060 -0.9978 -0.0653
vn -0.7345 -0.6786 0.0004
vn -0.6870 -0.7264 -0.0161
vn -0.1342 0.9863 0.0960
vn -0.0133 -0.9996 -0.0267
vn 0.1787 -0.9839 -0.0087
vn 0.2735 -0.9614 -0.0316
vn 0.4030 -0.9147 -0.0282
vn -0.5751 -0.8181 -0.0033
vn -0.3777 -0.9257 -0.0178
vn -0.3779 -0.9257 -0.0178
vn -0.5751 -0.8180 -0.0034
vn -0.8224 0.5615 0.0921
vn -0.7567 -0.6536 0.0168
vn -0.7418 -0.6706 0.0001
vn 0.0504 -0.9960 -0.0734
vn -0.7257 0.6821 0.0900
vn -0.7822 -0.6229 0.0148
vn 0.0451 -0.9976 -0.0531
vn 0.5705 0.8180 0.0740
vn 0.3007 0.9491 0.0933
vn 0.4471 0.8931 0.0494
vn 0.2331 0.9690 0.0813
vn 0.7688 0.6389 0.0266
vn 0.6556 0.7548 0.0197
vn 0.4473 0.8930 0.0494
vn -0.2324 0.9667 0.1074
vn 0.0663 0.9915 0.1119
vn 0.2331 0.9691 0.0813
vn -0.2558 0.9614 0.1017
vn -0.3837 0.9170 0.1092
vn -0.3838 0.9169 0.1093
vn 0.0100 0.9983 0.0582
vn -0.2559 0.9614 0.1017
vn -0.1083 -0.9941 0.0006
vn 0.0487 -0.1259 0.9908
vn 0.0452 0.0893 0.9950
vn -0.2034 0.9738 0.1022
vn -0.0954 0.9841 0.1500
vn 0.0091 0.5855 0.8106
vn -0.0955 0.9841 0.1500
vn -0.0788 0.9959 0.0442
vn -0.0955 0.9841 0.1501
vn 0.0208 -0.1540 0.9879
vn 0.0241 -0.9996 -0.0154
vn -0.9603 0.2534 0.1169
vn -0.0955 0.9840 0.1501
vn -0.0721 0.1314 0.9887
vn -0.1402 0.9889 0.0481
vn -0.3841 0.9113 0.1480
vn -0.3842 0.9113 0.1480
vn -0.0736 0.9957 0.0566
vn -0.0282 -0.9974 -0.0661
vn -0.0283 -0.9974 -0.0662
vn -0.1053 0.9920 0.0703
vn -0.2277 0.9714 0.0674
vn -0.2664 -0.9619 -0.0620
vn -0.8303 0.5561 0.0359
vn -0.9104 -0.4137 -0.0025
vn -0.9938 0.1038 0.0406
vn -0.9104 -0.4138 -0.0025
vn -0.1673 0.9842 0.0570
vn -0.1673 0.9843 0.0571
vn -0.0878 0.9945 0.0565
vn -0.0878 0.9945 0.0566
vn -0.0666 0.9968 0.0449
vn -0.0924 0.9920 0.0855
vn 0.0103 -0.9973 -0.0726
vn -0.9103 -0.4138 -0.0026
vn -0.3466 0.9378 0.0197
vn -0.1823 0.9789 0.0920
vn -0.0770 -0.9952 -0.0605
vn -0.7959 0.5972 0.0993
vn -0.4453 0.8896 0.1018
vn -0.1822 0.9790 0.0920
vn -0.0844 0.9940 0.0694
vn -0.0616 0.9970 0.0476
vn -0.1387 0.9884 0.0611
vn -0.7414 -0.6710 0.0058
vn -0.2154 -0.9759 -0.0363
vn -0.2594 0.9619 0.0870
vn -0.1627 0.9833 0.0819
vn -0.7959 0.5973 0.0992
vn -0.7414 -0.6711 0.0059
vn 0.8337 -0.5511 -0.0351
vn 0.4031 -0.9147 -0.0282
vn 0.9088 -0.4117 -0.0681
vn 0.1907 -0.9810 -0.0357
vn 0.4030 -0.9148 -0.0282
vn 0.8338 -0.5510 -0.0351
vn 0.7981 -0.6003 -0.0521
vn 0.7658 0.6429 -0.0168
vn 0.2466 -0.9675 -0.0555
vn 0.9088 -0.4116 -0.0681
vn 0.9262 -0.3601 -0.1117
vn 0.8495 -0.5243 -0.0590
vn -0.0653 -0.9976 -0.0216
vn 0.1788 -0.9839 -0.0087
vn 0.1905 -0.9810 -0.0357
vn 0.1786 -0.9839 -0.0087
vn -0.6563 -0.7543 0.0139
vn 0.0439 -0.9985 -0.0334
vn 0.0776 -0.9960 -0.0453
vn 0.2360 0.9704 0.0503
vn 0.1920 0.9811 0.0242
vn -0.2525 0.9645 0.0772
vn -0.0408 0.9949 0.0927
vn -0.5124 0.8547 0.0827
vn 0.0862 -0.0884 0.9923
vn 0.2361 0.9704 0.0503
vn -0.5270 -0.8492 -0.0337
vn -0.4753 0.8784 0.0500
vn -0.8304 0.5561 0.0359
vn -0.4753 0.8784 0.0501
vn -0.7655 0.6318 0.1223
vn 0.0890 -0.9884 -0.1233
vn 0.9894 -0.0670 -0.1288
vn 0.1906 -0.9810 -0.0357
vn 0.0439 -0.9985 -0.0335
vn -0.6282 -0.7780 -0.0060
vn -0.2296 -0.9723 -0.0433
vn -0.3494 0.9361 0.0396
vn -0.6081 0.7899 0.0795
vn 0.9297 -0.3565 -0.0923
vn 0.7745 -0.6275 -0.0799
vn 0.7745 -0.6276 -0.0799
vn -0.5752 -0.8180 -0.0033
vn -0.1435 0.9885 0.0482
vn -0.5857 0.8044 0.0990
vn -0.6081 0.7898 0.0795
vn -0.6563 -0.7544 0.0140
vn -0.4644 -0.8856 -0.0016
vn -0.0713 -0.0910 -0.9933
vn 0.6396 0.7661 -0.0627
vn -0.2294 -0.9724 -0.0433
vn -0.2524 0.9645 0.0771
vn -0.2525 0.9645 0.0771
vn -0.2102 0.9766 0.0458
vn -0.1387 0.9885 0.0610
vn -0.0448 -0.9989 -0.0132
vn -0.9262 0.3634 0.1006
vn -0.2073 -0.9783 -0.0048
vn -0.9262 0.3635 0.1006
vn -0.8844 0.4584 0.0878
vt 0.011189 0.804696
vt 0.043007 0.794656
vt 0.150188 0.791667
vt 0.088786 0.807565
vt 0.009901 0.794787
vt 0.008335 0.792987
vt 0.203341 0.763670
vt 0.084472 0.777196
vt 0.374092 0.080228
vt 0.443980 0.076945
vt 0.473828 0.097434
vt 0.349769 0.068461
vt 0.455269 0.256705
vt 0.469162 0.270759
vt 0.422346 0.237268
vt 0.482037 0.238439
vt 0.496936 0.275141
vt 0.203966 0.126896
vt 0.313940 0.090418
vt 0.274113 0.120006
vt 0.643558 0.120130
vt 0.666628 0.171307
vt 0.648328 0.189832
vt 0.988736 0.084612
vt 0.991122 0.107564
vt 0.953811 0.192716
vt 0.948635 0.162801
vt 0.268672 0.127232
vt 0.155504 0.141389
vt 0.639669 0.075098
vt 0.657637 0.085479
vt 0.635700 0.098678
vt 0.648177 0.105582
vt 0.640300 0.119132
vt 0.670537 0.101290
vt 0.122014 0.142312
vt 0.124856 0.131893
vt 0.109047 0.117422
vt 0.120720 0.115095
vt 0.164579 0.833373
vt 0.055477 0.838566
vt 0.193105 0.825514
vt 0.101936 0.317849
vt 0.102753 0.303128
vt 0.151896 0.312204
vt 0.138785 0.330392
vt 0.430602 0.032590
vt 0.446738 0.052661
vt 0.550214 0.294064
vt 0.452510 0.042932
vt 0.112917 0.633086
vt 0.108818 0.616847
vt 0.137877 0.627034
vt 0.505688 0.231407
vt 0.541344 0.209603
vt 0.550903 0.241829
vt 0.371281 0.039027
vt 0.701573 0.185827
vt 0.676471 0.108023
vt 0.059610 0.621121
vt 0.913031 0.073030
vt 0.938306 0.055212
vt 0.946302 0.108391
vt 0.169101 0.321628
vt 0.152129 0.325895
vt 0.144688 0.624549
vt 0.146227 0.616891
vt 0.181953 0.628589
vt 0.113100 0.650997
vt 0.138106 0.647967
vt 0.848288 0.036149
vt 0.833569 0.021131
vt 0.954392 0.025943
vt 0.061020 0.576188
vt 0.876682 0.050830
vt 0.964833 0.037229
vt 0.877890 0.045615
vt 0.964761 0.032876
vt 0.069441 0.518422
vt 0.092882 0.548727
vt 0.666143 0.069356
vt 0.053857 0.322223
vt 0.015246 0.298667
vt 0.062992 0.309045
vt 0.036159 0.328173
vt 0.012284 0.319004
vt 0.010746 0.286671
vt 0.004744 0.315569
vt 0.705028 0.092185
vt 0.731619 0.092072
vt 0.698817 0.117052
vt 0.982491 0.045953
vt 0.076274 0.088657
vt 0.083318 0.061937
vt 0.717019 0.069851
vt 0.099349 0.074264
vt 0.028891 0.340316
vt 0.828630 0.062403
vt 0.008559 0.389589
vt 0.798518 0.076456
vt 0.998698 0.020629
vt 0.116170 0.045680
vt 0.127069 0.051388
vt 0.134395 0.125710
vt 0.348923 0.071652
vt 0.184716 0.100218
vt 0.196637 0.088390
vt 0.146188 0.089280
vt 0.188105 0.069269
vt 0.130429 0.109659
vt 0.141679 0.081608
vt 0.117590 0.091428
vt 0.135267 0.065111
vt 0.174276 0.366217
vt 0.162412 0.420020
vt 0.140502 0.345785
vt 0.142330 0.538784
vt 0.132831 0.506361
vt 0.082393 0.492134
vt 0.086989 0.476842
vt 0.147023 0.470524
vt 0.109588 0.461586
vt 0.171897 0.473116
vt 0.069290 0.461892
vt 0.018176 0.438553
vt 0.050519 0.485677
vt 0.092866 0.470763
vt 0.047652 0.471126
vt 0.859620 0.072927
vt 0.878495 0.088093
vt 0.860617 0.107406
vt 0.777881 0.151092
vt 0.845454 0.043553
vt 0.845436 0.055701
vt 0.828794 0.049260
vt 0.867620 0.044503
vt 0.861760 0.060320
vt 0.904088 0.095113
vt 0.845624 0.063799
vt 0.802155 0.062219
vt 0.431311 0.796868
vt 0.333658 0.798828
vt 0.420507 0.784356
vt 0.384181 0.724391
vt 0.391862 0.712607
vt 0.425408 0.719447
vt 0.369384 0.722392
vt 0.374559 0.711903
vt 0.431973 0.696808
vt 0.443991 0.336339
vt 0.375455 0.319541
vt 0.589612 0.349811
vt 0.337188 0.323878
vt 0.579332 0.358861
vt 0.439221 0.349756
vt 0.455835 0.345080
vt 0.518800 0.360189
vt 0.426607 0.345594
vt 0.491564 0.622925
vt 0.435201 0.634892
vt 0.423462 0.627957
vt 0.392912 0.347211
vt 0.275723 0.334693
vt 0.409314 0.634383
vt 0.411305 0.625781
vt 0.271943 0.622199
vt 0.328667 0.604576
vt 0.324291 0.223184
vt 0.233772 0.209942
vt 0.322482 0.210347
vt 0.694046 0.190177
vt 0.912195 0.172804
vt 0.865914 0.193626
vt 0.229794 0.198294
vt 0.157440 0.198042
vt 0.160093 0.176233
vt 0.272206 0.177316
vt 0.257658 0.190372
vt 0.157053 0.162938
vt 0.365432 0.656004
vt 0.312089 0.643420
vt 0.421708 0.643667
vt 0.368802 0.735404
vt 0.329120 0.730652
vt 0.296224 0.745350
vt 0.272170 0.730851
vt 0.300325 0.718161
vt 0.298535 0.711054
vt 0.280026 0.736731
vt 0.296540 0.225107
vt 0.193397 0.216195
vt 0.223605 0.211613
vt 0.333666 0.237738
vt 0.339641 0.760331
vt 0.217445 0.770484
vt 0.324320 0.754095
vt 0.236654 0.747401
vt 0.249670 0.735433
vt 0.254358 0.756281
vt 0.219660 0.754746
vt 0.231536 0.734926
vt 0.225306 0.718308
vt 0.208093 0.731033
vt 0.180423 0.761025
vt 0.258716 0.712462
vt 0.186760 0.747427
vt 0.176686 0.745346
vt 0.482215 0.083870
vt 0.475054 0.077982
vt 0.420091 0.225162
vt 0.427060 0.222201
vt 0.434381 0.233521
vt 0.392872 0.222609
vt 0.374337 0.227359
vt 0.339522 0.226419
vt 0.461767 0.275204
vt 0.445989 0.220246
vt 0.452962 0.228422
vt 0.375280 0.260405
vt 0.415525 0.285843
vt 0.312447 0.284382
vt 0.336251 0.272681
vt 0.505404 0.305017
vt 0.479072 0.310020
vt 0.178422 0.292815
vt 0.291812 0.309359
vt 0.244452 0.625719
vt 0.495704 0.070505
vt 0.478454 0.066074
vt 0.464597 0.205277
vt 0.471407 0.208241
vt 0.462081 0.051345
vt 0.191578 0.617070
vt 0.276419 0.551665
vt 0.210771 0.334897
vt 0.216850 0.342877
vt 0.213927 0.413859
vt 0.195608 0.552155
vt 0.214159 0.559161
vt 0.039321 0.177121
vt 0.147487 0.202585
vt 0.148426 0.186783
vt 0.324272 0.054948
vt 0.343677 0.062085
vt 0.191323 0.680075
vt 0.186717 0.663365
vt 0.207641 0.672793
vt 0.156969 0.670427
vt 0.217012 0.663003
vt 0.475638 0.412211
vt 0.535979 0.537790
vt 0.529270 0.567633
vt 0.498191 0.547301
vt 0.497526 0.522913
vt 0.437914 0.469608
vt 0.515380 0.457414
vt 0.549828 0.475825
vt 0.583571 0.496645
vt 0.493650 0.494516
vt 0.464742 0.487003
vt 0.439310 0.445433
vt 0.436936 0.417002
vt 0.422541 0.468173
vt 0.429787 0.558886
vt 0.432197 0.524841
vt 0.424276 0.444736
vt 0.378407 0.410974
vt 0.415282 0.546331
vt 0.418894 0.526445
vt 0.487435 0.479885
vt 0.436458 0.481609
vt 0.424119 0.486842
vt 0.472017 0.506160
vt 0.438478 0.494637
vt 0.311960 0.445525
vt 0.377520 0.497849
vt 0.421856 0.495927
vt 0.323171 0.418316
vt 0.333823 0.344028
vt 0.360656 0.530367
vt 0.355966 0.568212
vt 0.306195 0.531104
vt 0.361702 0.477674
vt 0.353375 0.459717
vt 0.304052 0.479398
vt 0.317578 0.467130
vt 0.355443 0.485457
vt 0.286686 0.485029
vt 0.306571 0.507599
vt 0.320030 0.493104
vt 0.233001 0.456834
vt 0.261130 0.467267
vt 0.274335 0.489361
vt 0.235679 0.415864
vt 0.274990 0.346556
vt 0.284941 0.424998
vt 0.219401 0.525063
vt 0.198592 0.522234
vt 0.218008 0.462623
vt 0.236356 0.474738
vt 0.214575 0.475701
vt 0.268686 0.514340
vt 0.221704 0.486085
vt 0.202814 0.480577
vt 0.202488 0.494897
vt 0.173089 0.460373
vt 0.170678 0.482007
vt 0.330549 0.785149
vt 0.580164 0.068971
vt 0.070997 0.826080
vt 0.207036 0.806353
vt 0.206956 0.819315
vt 0.026749 0.822451
vt 0.069351 0.278876
vt 0.414199 0.022217
vt 0.507930 0.203693
vt 0.734596 0.165593
vt 0.352256 0.006724
vt 0.097454 0.411289
vt 0.084725 0.364881
vt 0.053055 0.340488
vt 0.611866 0.046690
vt 0.627809 0.037530
vt 0.687238 0.063096
vt 0.107940 0.075163
vt 0.281286 0.051559
vt 0.959017 0.010040
vt 0.817247 0.006724
vt 0.148879 0.657513
vt 0.162753 0.643061
vt 0.908754 0.000197
vt 0.097424 0.447794
vt 0.142355 0.482106
vt 0.834024 0.138625
vt 0.006353 0.427664
vt 0.436502 0.732027
vt 0.394900 0.747682
vt 0.154883 0.208660
vt 0.772543 0.172627
vt 0.679202 0.202689
vt 0.852544 0.216896
vt 0.770079 0.212722
vt 0.374964 0.188999
vt 0.261853 0.161063
vt 0.207543 0.148674
vt 0.341708 0.150724
vt 0.392683 0.161615
vt 0.375086 0.177996
vt 0.266722 0.135083
vt 0.451490 0.760274
vt 0.357284 0.772767
vt 0.041541 0.210983
vt 0.129678 0.212351
vt 0.078927 0.222372
vt 0.488559 0.116880
vt 0.330412 0.811257
vt 0.218020 0.275286
vt 0.203620 0.285272
vt 0.454999 0.218537
vt 0.267213 0.634297
vt 0.845248 0.225011
vt 0.002002 0.192901
vt 0.040992 0.190373
vt 0.048394 0.139979
vt 0.045142 0.154295
vt 0.024015 0.160244
vt 0.541166 0.432765
vt 0.585849 0.461970
vt 0.584830 0.483685
vt 0.633302 0.492368
vt 0.586503 0.500465
vt 0.542168 0.520002
vt 0.532394 0.505506
vt 0.364067 0.511388
vt 0.528362 0.202909
vt 0.535307 0.192157
vt 0.543932 0.205680
vt 0.439182 0.025108
vt 0.115085 0.646948
vt 0.443768 0.003199
vt 0.961355 0.722844
vt 0.999539 0.718199
vt 0.989900 0.727816
vt 0.919905 0.720816
vt 0.946725 0.713780
vt 0.996758 0.710593
vt 0.991534 0.705085
vt 0.902363 0.709373
vt 0.881744 0.719072
vt 0.858058 0.715836
vt 0.862759 0.728805
vt 0.837677 0.718581
vt 0.807815 0.705244
vt 0.963743 0.774314
vt 0.948386 0.757899
vt 0.966082 0.743282
vt 0.944228 0.775672
vt 0.527913 0.162048
vt 0.541929 0.171194
vt 0.520601 0.189501
vt 0.543252 0.153628
vt 0.563667 0.164465
vt 0.510718 0.121216
vt 0.525099 0.128890
vt 0.559965 0.178436
vt 0.962085 0.784723
vt 0.569070 0.143309
vt 0.580420 0.158377
vt 0.474847 0.182067
vt 0.491816 0.203067
vt 0.484671 0.204076
vt 0.503066 0.178894
vt 0.488849 0.126554
vt 0.502569 0.121253
vt 0.471211 0.148641
vt 0.998010 0.751389
vt 0.477323 0.204511
vt 0.462551 0.194883
vt 0.464187 0.168817
vt 0.514064 0.118195
vt 0.511715 0.090974
vt 0.479661 0.120977
vt 0.400674 0.158869
vt 0.387641 0.144242
vt 0.467293 0.134526
vt 0.397117 0.120860
vt 0.501620 0.083874
vt 0.977275 0.627369
vt 0.974047 0.614207
vt 0.976036 0.568466
vt 0.911616 0.768232
vt 0.927614 0.748375
vt 0.901411 0.783895
vt 0.802995 0.794896
vt 0.807529 0.772737
vt 0.999585 0.410057
vt 0.809385 0.367856
vt 0.862952 0.371587
vt 0.393694 0.116075
vt 0.386759 0.132164
vt 0.796632 0.627709
vt 0.869381 0.573569
vt 0.885566 0.628277
vt 0.887593 0.388963
vt 0.804825 0.387224
vt 0.812243 0.380297
vt 0.854556 0.395770
vt 0.843831 0.453359
vt 0.801605 0.229642
vt 0.955110 0.218902
vt 0.947685 0.230532
vt 0.862762 0.643062
vt 0.751388 0.640880
vt 0.790750 0.632228
vt 0.429169 0.186647
vt 0.423733 0.170945
vt 0.962305 0.267374
vt 0.996776 0.276246
vt 0.838228 0.280148
vt 0.672492 0.760466
vt 0.795217 0.758566
vt 0.813438 0.716887
vt 0.826943 0.730654
vt 0.751288 0.727192
vt 0.750893 0.700463
vt 0.745805 0.710070
vt 0.783483 0.688853
vt 0.741779 0.714400
vt 0.666569 0.709229
vt 0.699236 0.725618
vt 0.795280 0.743385
vt 0.660217 0.748312
vt 0.692878 0.703532
vt 0.580877 0.710302
vt 0.591770 0.706267
vt 0.656876 0.704952
vt 0.635532 0.725048
vt 0.641788 0.691522
vt 0.667662 0.731985
vt 0.555850 0.733014
vt 0.587131 0.724094
vt 0.776408 0.784911
vt 0.658817 0.790654
vt 0.659578 0.353282
vt 0.782603 0.385541
vt 0.776269 0.432157
vt 0.758134 0.419089
vt 0.760220 0.627108
vt 0.770824 0.623978
vt 0.789747 0.565892
vt 0.753317 0.378209
vt 0.688899 0.366994
vt 0.686812 0.633966
vt 0.677194 0.830649
vt 0.544722 0.845050
vt 0.604869 0.825024
vt 0.612526 0.339662
vt 0.713827 0.239124
vt 0.600045 0.212023
vt 0.610895 0.366251
vt 0.725754 0.576655
vt 0.622058 0.582419
vt 0.631619 0.555825
vt 0.707196 0.625058
vt 0.543977 0.635576
vt 0.891939 0.290540
vt 0.757030 0.304902
vt 0.782864 0.292878
vt 0.670750 0.311549
vt 0.837964 0.266053
vt 0.889912 0.268902
vt 0.701173 0.285306
vt 0.775961 0.262025
vt 0.702653 0.275906
vt 0.698607 0.258322
vt 0.787053 0.242691
vt 0.585054 0.258298
vt 0.999332 0.464357
vt 0.965837 0.492736
vt 0.973426 0.495403
vt 0.964696 0.542984
vt 0.981353 0.548194
vt 0.958767 0.503983
vt 0.963127 0.516208
vt 0.952669 0.518547
vt 0.948622 0.510623
vt 0.950553 0.501875
vt 0.934642 0.505431
vt 0.910017 0.494594
vt 0.890833 0.477857
vt 0.890496 0.549283
vt 0.933711 0.530785
vt 0.933038 0.578259
vt 0.903150 0.396751
vt 0.870140 0.500857
vt 0.882533 0.506003
vt 0.882870 0.512616
vt 0.848600 0.514711
vt 0.877711 0.524870
vt 0.841293 0.497363
vt 0.773396 0.476685
vt 0.810017 0.506983
vt 0.785863 0.514095
vt 0.792633 0.533436
vt 0.762777 0.465740
vt 0.790489 0.459280
vt 0.772513 0.569450
vt 0.772969 0.534428
vt 0.727967 0.453115
vt 0.682978 0.417217
vt 0.753302 0.560154
vt 0.771004 0.497907
vt 0.752644 0.490408
vt 0.729454 0.519028
vt 0.775040 0.511075
vt 0.768055 0.506157
vt 0.728588 0.497609
vt 0.747349 0.535456
vt 0.674386 0.518365
vt 0.703557 0.502302
vt 0.608509 0.419907
vt 0.629820 0.460603
vt 0.590368 0.623405
vt 0.588877 0.564757
vt 0.688543 0.480091
vt 0.588270 0.509120
vt 0.681653 0.507610
vt 0.657189 0.535107
vt 0.560315 0.725717
vt 0.542623 0.712684
vt 0.514554 0.708209
vt 0.531030 0.702249
vt 0.455075 0.704278
vt 0.473618 0.699458
vt 0.546688 0.689277
vt 0.477586 0.725904
vt 0.485705 0.688429
vt 0.448298 0.679129
vt 0.504450 0.761348
vt 0.497023 0.771752
vt 0.457771 0.713349
vt 0.439692 0.722325
vt 0.449869 0.698731
vt 0.435389 0.709250
vt 0.626105 0.810598
vt 0.543217 0.814042
vt 0.506755 0.828267
vt 0.537288 0.645367
vt 0.519764 0.626398
vt 0.501816 0.674123
vt 0.479579 0.656754
vt 0.606450 0.668080
vt 0.563638 0.192802
vt 0.601528 0.301333
vt 0.587392 0.279964
vt 0.599081 0.529709
vt 0.863962 0.682790
vt 0.940500 0.791750
vt 0.642704 0.130171
vt 0.980591 0.392440
vt 0.986454 0.687737
vt 0.908155 0.431010
vt 0.953377 0.802404
vt 0.801720 0.806021
vt 0.876177 0.823243
vt 0.310052 0.095462
vt 0.951767 0.242142
vt 0.852438 0.669022
vt 0.960476 0.671999
vt 0.393766 0.177873
vt 0.967974 0.253693
vt 0.856407 0.255985
vt 0.717594 0.666165
vt 0.619340 0.776764
vt 0.641454 0.679587
vt 0.563324 0.746965
vt 0.727246 0.817670
vt 0.602363 0.803471
vt 0.531841 0.788009
vt 0.620201 0.844464
vt 0.830994 0.834588
vt 0.556988 0.214941
vt 0.701216 0.295184
vt 0.652608 0.334077
vt 0.683888 0.348016
vt 0.600712 0.239574
vt 0.803507 0.501859
vt 0.675051 0.455917
vt 0.479313 0.745313
vt 0.522456 0.800832
vt 0.539219 0.326710
vt 0.543148 0.400422
vt 0.543513 0.201462
vt 0.542332 0.317672
vt 0.539641 0.306644
vt 0.585311 0.270397
vt 0.140041 0.209199
vt 0.494151 0.655857
vt 0.416550 0.651997
vt 0.376858 0.197544
vt 0.000415 0.418368
s 0
usemtl Comb_LowPoly
f 3/1/1 4/2/2 1/3/3
f 1/3/3 2/4/4 3/1/1
f 5/5/5 6/6/6 7/7/7
f 7/7/8 6/6/9 8/8/10
f 8/9/11 10/10/12 9/11/13
f 8/9/10 11/12/14 10/10/12
f 12/13/15 13/14/16 14/15/17
f 12/13/18 16/16/19 17/17/20
f 18/18/21 19/19/22 15/20/23
f 12/13/24 17/17/25 13/14/16
f 6/21/6 11/22/14 8/23/11
f 21/24/26 20/25/27 13/26/28
f 13/26/16 17/27/29 21/24/30
f 13/28/31 20/29/32 15/20/33
f 20/29/34 18/18/21 15/20/35
f 22/30/36 23/31/37 3/32/38
f 3/1/1 5/5/5 4/2/39
f 24/33/40 6/21/6 5/34/41
f 24/33/42 25/35/43 6/21/44
f 23/31/45 25/35/46 24/33/47
f 20/29/48 21/36/26 29/37/49
f 21/36/26 28/38/50 29/37/51
f 29/37/51 28/38/52 30/39/53
f 31/40/54 32/41/55 33/42/56
f 38/43/57 34/44/58 35/45/59
f 39/46/60 38/43/57 35/45/61
f 10/10/12 41/47/62 40/48/63
f 17/17/20 16/16/19 26/49/64
f 41/47/62 42/50/65 40/48/63
f 44/51/66 45/52/67 46/53/68
f 47/54/69 48/55/70 49/56/71
f 50/57/72 10/10/73 11/12/74
f 50/58/72 11/22/74 51/59/75
f 44/51/66 67/60/76 45/52/67
f 49/61/77 52/62/78 26/63/64
f 53/64/79 54/65/80 35/45/61
f 54/65/81 39/46/82 35/45/83
f 56/66/84 46/53/68 57/67/85
f 46/53/86 45/52/87 57/67/88
f 56/66/89 58/68/90 59/69/91
f 58/68/92 60/70/93 59/69/91
f 60/71/94 61/72/95 62/73/96
f 45/52/97 67/60/76 65/74/98
f 48/75/70 66/76/99 52/62/78
f 59/77/91 66/76/99 48/75/100
f 59/77/91 68/78/101 66/76/102
f 65/74/103 69/79/104 70/80/105
f 22/30/106 71/81/107 23/31/37
f 55/82/108 73/83/109 72/84/110
f 74/85/111 75/86/112 55/82/113
f 55/82/113 75/86/114 73/83/115
f 37/87/116 73/83/115 76/88/117
f 73/83/115 75/86/114 76/88/117
f 51/59/118 6/21/6 25/35/119
f 25/35/119 77/89/120 51/59/75
f 77/89/121 79/90/122 78/91/123
f 52/62/78 80/92/124 26/63/64
f 80/92/125 21/24/26 26/63/64
f 52/62/126 66/76/127 80/92/125
f 28/38/52 21/36/26 80/93/125
f 80/93/125 81/94/128 28/38/50
f 76/95/129 77/89/120 25/35/119
f 81/94/130 82/96/131 28/38/52
f 74/85/132 83/97/133 75/86/114
f 77/89/120 84/98/134 79/90/122
f 75/86/114 85/99/135 76/88/136
f 86/100/137 79/90/138 84/98/134
f 60/71/139 62/73/96 68/78/101
f 68/78/140 81/101/141 66/76/127
f 68/102/101 62/103/142 81/94/141
f 27/104/143 87/105/144 19/19/22
f 30/39/53 27/104/143 29/37/145
f 88/106/146 89/107/147 87/105/148
f 89/107/149 90/108/150 91/109/151
f 88/106/146 90/108/152 89/107/147
f 92/110/153 93/111/154 90/108/155
f 92/110/156 94/112/157 93/111/158
f 30/39/159 94/112/160 92/110/156
f 94/112/161 95/113/162 93/111/154
f 28/38/52 94/112/160 30/39/163
f 97/114/164 98/115/165 99/116/166
f 65/74/98 70/80/105 100/117/167
f 70/80/168 69/79/104 100/117/169
f 69/79/104 101/118/170 100/117/169
f 103/119/171 104/120/172 101/118/173
f 105/121/174 106/122/175 276/123/176
f 106/122/177 112/124/178 111/125/179
f 69/79/180 103/119/171 101/118/173
f 69/79/104 113/126/181 103/119/182
f 106/122/183 109/127/184 112/124/185
f 113/126/186 114/128/187 104/120/172
f 115/129/188 114/130/189 113/131/190
f 109/127/191 114/128/192 112/124/185
f 104/120/193 114/128/194 109/127/195
f 79/90/196 86/100/197 65/132/103
f 118/133/198 119/134/199 116/135/200
f 111/136/179 120/137/201 118/133/202
f 119/134/199 118/133/203 120/137/204
f 112/138/178 120/137/204 111/136/179
f 86/100/137 121/139/205 113/131/181
f 121/139/206 86/100/137 84/98/207
f 119/134/208 121/139/206 84/98/209
f 121/139/205 120/137/210 115/129/211
f 120/137/204 121/139/205 119/134/212
f 120/137/213 114/130/189 115/129/211
f 117/140/214 116/135/215 84/98/209
f 122/141/216 123/142/217 124/143/218
f 127/144/219 128/145/220 126/146/221
f 131/147/222 132/148/223 127/144/224
f 126/146/221 128/145/220 134/149/225
f 134/149/226 128/145/227 132/148/223
f 127/144/219 132/148/228 128/145/227
f 137/150/229 138/151/230 139/152/231
f 137/150/232 140/153/233 138/151/230
f 141/154/234 142/155/235 143/156/236
f 141/154/237 144/157/238 142/155/235
f 143/156/236 145/158/239 137/150/229
f 135/159/240 146/160/241 147/161/242
f 140/153/243 137/150/244 145/158/239
f 145/158/245 143/156/246 142/155/247
f 145/158/248 149/162/249 150/163/250
f 147/161/242 146/160/251 151/164/252
f 151/164/253 155/165/254 147/161/255
f 151/164/256 152/166/257 155/165/254
f 152/166/258 153/167/259 155/165/254
f 156/168/260 157/169/261 158/170/262
f 282/171/263 159/172/264 160/173/265
f 157/169/266 161/174/267 158/170/262
f 157/169/268 209/175/269 161/174/270
f 213/176/271 162/177/272 163/178/273
f 213/176/274 164/179/275 162/177/276
f 165/180/277 166/181/278 154/182/279
f 131/147/222 133/183/280 168/184/281
f 127/144/282 133/183/283 131/147/284
f 168/184/285 133/183/286 170/185/287
f 171/186/288 169/187/289 131/147/284
f 171/186/288 131/147/222 168/184/290
f 131/147/291 169/187/292 132/148/293
f 169/187/292 173/188/294 132/148/293
f 168/184/281 174/189/295 171/186/288
f 168/184/281 170/185/296 174/189/295
f 169/187/292 171/186/288 173/188/297
f 173/190/298 172/191/299 132/192/223
f 173/190/297 159/193/264 172/191/299
f 176/194/300 177/195/301 130/196/302
f 7/7/8 177/195/301 5/5/303
f 178/197/304 179/198/305 174/189/306
f 178/197/307 170/185/287 175/199/308
f 170/185/309 178/197/310 174/189/295
f 175/199/311 177/195/312 180/200/313
f 174/189/295 179/198/314 171/186/288
f 179/198/314 181/201/315 182/202/316
f 178/197/317 181/201/318 179/198/314
f 180/200/319 181/201/318 178/197/307
f 180/200/319 183/203/320 182/202/321
f 9/204/322 183/203/320 180/200/319
f 171/186/323 182/202/316 173/188/297
f 179/198/314 182/202/316 171/186/323
f 173/188/297 182/202/324 185/205/325
f 183/203/326 9/204/327 184/206/328
f 9/204/329 186/207/330 184/206/328
f 186/208/330 9/11/331 187/209/332
f 184/210/333 186/211/334 188/212/335
f 183/213/320 14/15/336 13/14/31
f 182/214/316 13/14/16 185/215/325
f 185/215/337 15/216/35 159/193/338
f 183/213/320 184/210/339 14/15/340
f 186/211/341 189/217/342 188/212/343
f 190/218/344 188/212/335 189/217/345
f 188/212/346 12/13/15 14/15/336
f 190/218/347 12/13/348 188/212/349
f 191/219/350 15/216/23 19/220/351
f 193/221/352 192/222/353 136/223/354
f 194/224/355 31/225/356 193/221/357
f 138/151/230 140/153/233 195/226/358
f 151/164/253 154/182/359 197/227/360
f 151/164/361 197/227/362 152/166/258
f 186/208/363 187/209/364 189/228/342
f 10/10/12 40/48/63 200/229/365
f 187/209/366 200/229/365 189/228/342
f 201/230/367 42/231/368 190/218/369
f 201/232/367 40/48/63 42/50/370
f 140/153/233 150/163/371 53/64/372
f 152/166/257 197/227/360 204/233/373
f 152/166/258 204/233/374 253/234/375
f 53/64/79 203/235/376 54/65/80
f 203/235/377 39/46/82 54/65/378
f 202/236/379 39/46/82 203/235/377
f 202/236/379 99/116/166 39/46/82
f 205/237/380 97/114/381 202/236/379
f 202/236/379 97/114/381 99/116/166
f 204/233/382 197/227/360 58/68/92
f 204/233/374 208/238/383 206/239/384
f 56/66/84 57/67/85 204/233/373
f 56/66/385 204/233/386 58/68/387
f 204/233/373 57/67/85 208/238/383
f 212/240/388 209/175/389 210/241/390
f 209/175/269 211/242/391 213/176/392
f 215/243/393 212/244/394 89/107/395
f 215/245/393 216/246/396 217/247/397
f 215/245/393 218/248/398 216/246/396
f 216/246/399 214/249/400 217/247/397
f 142/155/235 144/157/238 219/250/401
f 221/251/402 222/252/403 220/253/404
f 221/251/405 220/253/406 223/254/407
f 229/255/408 228/256/409 227/257/410
f 224/258/411 233/259/412 226/260/413
f 219/250/401 234/261/414 235/262/415
f 234/261/416 236/263/417 235/262/415
f 148/264/418 237/265/419 220/253/420
f 237/265/419 223/254/407 220/253/406
f 238/266/421 239/267/422 145/158/423
f 238/266/421 235/262/424 236/263/417
f 155/165/254 240/268/425 148/264/426
f 148/264/418 240/268/425 241/269/427
f 241/269/427 237/265/419 148/264/426
f 242/270/428 226/260/413 229/255/429
f 229/255/430 236/263/417 234/261/416
f 226/260/431 243/271/432 229/255/429
f 243/271/432 226/260/433 244/272/434
f 244/272/435 229/255/408 243/271/436
f 223/254/407 237/265/419 231/273/437
f 223/254/407 231/273/438 233/259/439
f 233/259/439 231/273/438 245/274/440
f 226/260/433 233/259/441 244/272/435
f 245/274/442 244/272/443 233/259/439
f 238/266/421 236/263/444 246/275/445
f 229/255/446 244/272/434 236/263/447
f 241/269/448 245/274/449 237/265/450
f 241/269/451 247/276/452 248/277/453
f 239/267/422 249/278/454 196/279/455
f 239/267/422 246/275/456 249/278/457
f 153/167/458 250/280/459 251/281/460
f 153/167/259 253/234/375 254/282/461
f 255/283/462 256/284/463 236/263/444
f 255/283/464 258/285/465 257/286/466
f 244/272/467 259/287/468 255/283/462
f 258/285/465 255/283/462 259/287/469
f 259/287/470 248/277/453 260/288/471
f 247/276/472 260/288/473 248/277/453
f 261/289/474 262/290/475 247/276/452
f 262/290/476 260/288/477 247/276/452
f 268/291/478 257/286/479 263/292/480
f 263/292/481 257/286/466 258/285/465
f 260/288/482 262/290/475 266/293/483
f 258/285/465 259/287/468 260/288/484
f 267/294/485 205/237/380 202/236/379
f 267/294/485 198/295/486 252/296/487
f 267/294/488 268/291/478 205/237/380
f 205/237/489 98/115/165 97/114/381
f 208/238/383 269/297/490 206/239/384
f 208/238/383 270/298/491 269/297/490
f 268/291/478 271/299/492 205/237/493
f 268/291/478 264/300/494 271/299/492
f 264/300/495 272/301/496 271/299/492
f 269/297/490 265/302/497 253/234/375
f 273/303/498 269/297/499 270/298/500
f 260/288/501 264/300/494 258/285/465
f 266/293/502 273/303/498 260/288/477
f 274/304/503 264/300/494 260/288/477
f 273/303/504 270/298/505 275/305/506
f 273/303/498 274/304/507 260/288/508
f 271/299/509 102/306/510 98/115/511
f 271/299/509 272/301/496 102/306/510
f 272/301/496 276/123/512 102/306/510
f 275/305/513 108/307/514 274/304/507
f 1/3/515 167/308/516 2/4/517
f 177/195/301 4/2/39 5/5/5
f 1/3/3 4/2/2 177/195/301
f 22/30/36 3/32/518 2/309/519
f 190/218/369 16/16/19 12/13/18
f 18/18/21 27/104/520 19/19/22
f 21/24/521 17/27/20 26/63/522
f 24/33/40 3/32/523 23/31/45
f 24/33/524 5/34/525 3/32/526
f 51/59/75 11/22/74 6/21/6
f 20/29/34 27/104/520 18/18/21
f 27/104/527 20/29/27 29/37/51
f 36/310/528 277/311/529 199/312/530
f 36/310/531 199/312/532 33/42/533
f 277/311/534 22/313/36 2/4/519
f 277/311/529 36/310/528 22/313/106
f 32/41/535 36/310/531 33/42/536
f 34/44/537 31/225/356 35/45/59
f 31/225/356 34/44/538 32/314/535
f 37/87/116 32/314/55 34/44/539
f 34/44/539 72/84/540 37/87/116
f 38/43/57 72/84/541 34/44/537
f 72/84/542 38/43/57 55/82/543
f 44/315/66 10/10/12 50/57/72
f 16/16/19 47/54/69 26/49/522
f 42/231/544 43/316/545 16/16/19
f 43/316/546 47/54/69 16/16/19
f 67/317/76 50/58/72 78/91/547
f 78/91/547 50/58/72 51/59/75
f 50/57/72 67/318/76 44/315/66
f 49/61/71 48/75/70 52/62/78
f 39/46/82 99/116/166 55/82/548
f 278/319/549 63/320/550 99/116/166
f 65/74/98 57/67/85 45/52/97
f 55/82/108 38/43/57 39/46/551
f 74/85/111 55/82/113 64/321/552
f 99/116/166 63/320/550 55/82/548
f 64/321/553 55/82/543 63/320/554
f 59/77/91 60/71/555 68/78/101
f 36/322/528 71/81/556 22/30/106
f 32/323/557 71/81/556 36/322/531
f 32/323/557 37/324/116 71/81/556
f 73/83/115 37/87/558 72/84/542
f 25/35/559 23/31/560 37/324/116
f 78/91/123 51/59/75 77/89/561
f 79/90/122 67/317/76 78/91/547
f 82/96/131 94/112/562 28/38/52
f 74/85/111 64/321/553 83/97/563
f 63/320/554 83/97/563 64/321/553
f 81/101/564 80/92/125 66/76/99
f 62/103/142 96/325/565 81/94/130
f 81/94/566 96/325/567 82/96/131
f 65/132/103 67/317/76 79/90/196
f 84/98/568 77/89/569 117/140/570
f 77/89/121 76/95/129 117/140/570
f 27/104/520 88/106/571 87/105/148
f 218/326/398 215/243/572 91/109/573
f 91/109/574 215/243/393 89/107/395
f 95/327/162 61/72/575 218/328/398
f 61/329/95 60/70/94 279/330/576
f 95/327/162 218/328/398 91/331/574
f 93/111/577 91/109/573 90/108/578
f 95/327/162 62/73/96 61/72/95
f 93/111/154 95/113/162 91/109/151
f 27/104/579 92/110/580 90/108/152
f 90/108/152 88/106/571 27/104/520
f 92/110/156 27/104/143 30/39/581
f 96/325/582 95/113/162 94/112/157
f 62/103/96 95/113/583 96/325/584
f 82/96/585 96/325/586 94/112/562
f 278/319/587 99/116/166 98/115/165
f 98/115/165 110/332/588 278/319/587
f 65/74/98 100/117/169 57/67/85
f 270/298/491 100/117/169 101/118/170
f 278/319/549 85/99/589 63/320/554
f 110/332/590 102/306/510 276/123/591
f 104/120/172 107/333/592 101/118/173
f 106/122/593 110/332/594 276/123/595
f 107/333/596 104/120/172 109/127/191
f 111/125/597 110/332/594 106/122/593
f 104/120/172 103/119/598 113/126/186
f 83/97/563 63/320/554 85/99/599
f 86/100/137 69/334/104 65/132/103
f 69/334/600 86/100/137 113/131/181
f 116/135/601 117/140/570 76/95/117
f 118/335/203 110/332/594 111/125/597
f 112/138/178 114/130/602 120/137/201
f 113/131/181 121/139/205 115/129/603
f 119/134/208 84/98/134 116/135/601
f 126/146/221 125/336/604 129/337/605
f 127/144/282 126/146/221 129/337/606
f 127/144/282 129/337/607 133/183/280
f 132/192/223 172/191/299 134/338/608
f 159/172/264 282/171/263 172/339/609
f 193/221/357 136/223/610 194/224/355
f 235/262/415 142/155/235 219/250/401
f 142/155/247 235/262/415 145/158/423
f 148/264/418 135/159/611 147/161/242
f 154/182/359 151/164/252 146/160/251
f 155/165/612 148/264/426 147/161/613
f 156/340/614 282/171/263 210/341/615
f 156/340/260 210/341/390 157/342/261
f 163/178/273 162/177/616 283/343/617
f 285/344/618 165/345/277 284/346/619
f 286/347/620 285/344/618 284/346/621
f 285/344/622 421/348/623 162/177/624
f 161/174/625 213/176/271 163/178/273
f 213/176/626 161/174/270 209/175/269
f 154/349/279 284/346/619 165/345/277
f 129/337/627 280/350/628 176/194/629
f 130/196/302 129/337/627 176/194/629
f 167/308/516 281/351/630 124/143/631
f 123/142/217 167/308/632 124/143/218
f 280/350/628 281/351/633 176/194/634
f 130/196/635 177/195/301 175/199/636
f 277/311/534 167/308/632 123/142/217
f 176/194/629 281/351/633 177/195/301
f 129/337/605 130/196/637 133/183/280
f 133/183/280 130/196/635 170/185/296
f 130/196/635 175/199/311 170/185/296
f 159/193/638 173/190/639 185/215/640
f 191/352/350 160/353/641 159/354/264
f 1/3/3 177/195/301 281/351/633
f 281/351/630 167/308/632 1/3/515
f 178/197/307 175/199/642 180/200/643
f 180/200/644 177/195/301 7/7/645
f 181/201/646 180/200/644 182/202/324
f 191/219/350 159/193/264 15/216/23
f 180/200/313 7/7/647 9/204/329
f 9/11/329 7/355/647 8/9/10
f 187/209/648 9/11/13 10/10/12
f 13/14/31 182/214/321 183/213/649
f 185/215/640 13/14/31 15/216/35
f 184/210/650 188/212/335 14/15/336
f 192/356/353 123/142/651 122/141/216
f 31/225/356 194/224/355 195/226/652
f 123/142/651 192/356/353 277/311/534
f 199/357/532 192/222/653 193/221/654
f 193/221/654 31/225/54 33/358/533
f 150/163/655 140/153/243 145/158/423
f 150/163/371 149/162/656 196/279/657
f 239/267/422 196/279/455 149/162/658
f 150/163/371 196/279/659 198/295/660
f 150/163/661 198/295/486 202/236/662
f 253/234/375 153/167/259 152/166/258
f 199/312/530 277/311/529 192/356/353
f 199/357/532 193/221/654 33/358/533
f 140/153/233 35/45/59 195/226/652
f 2/4/519 167/308/632 277/311/534
f 35/45/59 31/225/356 195/226/663
f 35/45/61 140/153/243 53/64/79
f 10/10/12 200/229/664 187/209/665
f 200/359/365 190/218/369 189/217/666
f 201/232/367 200/229/667 40/48/668
f 200/359/669 201/230/367 190/218/670
f 16/16/19 190/218/369 42/231/544
f 203/235/671 150/163/371 202/236/379
f 203/235/672 53/64/372 150/163/655
f 198/295/486 267/294/485 202/236/379
f 279/330/673 58/68/92 207/360/674
f 58/68/92 279/330/675 60/70/93
f 282/171/263 160/173/265 210/341/615
f 210/341/390 209/361/389 157/342/268
f 19/362/22 210/241/615 160/353/676
f 210/241/390 87/363/148 212/240/388
f 19/362/22 160/353/676 191/352/677
f 19/362/678 87/363/148 210/241/390
f 214/364/679 165/345/680 285/344/681
f 285/344/622 162/177/624 214/364/682
f 214/364/679 162/177/624 164/179/275
f 166/181/278 165/180/277 279/330/673
f 211/242/683 217/365/397 213/176/626
f 215/366/684 211/242/685 209/175/389
f 215/366/572 217/365/397 211/242/683
f 213/176/686 217/365/397 164/179/687
f 165/180/688 214/249/689 216/246/690
f 279/330/576 165/180/691 216/246/396
f 212/240/388 215/366/692 209/175/269
f 217/365/397 214/364/679 164/179/687
f 87/105/144 89/107/147 212/244/388
f 218/248/398 61/329/575 216/246/693
f 216/246/396 61/329/95 279/330/576
f 287/367/694 228/256/695 219/250/401
f 135/159/611 148/264/418 220/253/404
f 220/253/404 222/252/403 135/159/611
f 227/257/410 228/256/409 288/368/696
f 242/270/697 227/257/698 289/369/699
f 224/258/411 226/260/433 290/370/700
f 224/258/701 225/371/702 233/259/412
f 227/257/703 242/270/704 229/255/705
f 226/260/706 242/270/428 290/370/707
f 221/251/708 223/254/407 230/372/709
f 230/372/709 223/254/407 232/373/710
f 233/259/439 232/373/710 223/254/711
f 234/261/414 219/250/401 228/256/712
f 235/262/415 238/266/421 145/158/239
f 238/266/421 246/275/713 239/267/422
f 240/268/425 155/165/254 251/281/460
f 251/281/460 155/165/254 153/167/259
f 241/269/427 240/268/714 251/281/460
f 241/269/427 251/281/460 250/280/459
f 229/255/408 234/261/414 228/256/712
f 245/274/715 231/273/437 237/265/419
f 246/275/716 236/263/444 256/284/717
f 236/263/444 244/272/434 255/283/462
f 241/269/427 250/280/459 247/276/452
f 248/277/453 244/272/718 245/274/719
f 248/277/720 245/274/719 241/269/448
f 248/277/721 259/287/722 244/272/443
f 254/282/461 250/280/459 153/167/259
f 249/278/454 198/295/486 196/279/657
f 252/296/487 198/295/486 249/278/457
f 254/282/723 253/234/375 265/302/497
f 257/286/479 256/284/463 255/283/724
f 256/284/717 257/286/479 246/275/716
f 247/276/725 250/280/726 291/374/727
f 250/280/459 261/289/474 291/374/728
f 247/276/472 291/374/728 261/289/729
f 252/296/730 249/278/454 246/275/713
f 252/296/731 246/275/445 268/291/478
f 246/275/716 257/286/479 268/291/732
f 263/292/733 258/285/465 264/300/494
f 261/289/474 250/280/459 254/282/461
f 254/282/461 265/302/497 261/289/474
f 262/290/476 261/289/729 266/293/502
f 265/302/734 266/293/502 261/289/474
f 206/239/384 253/234/375 204/233/374
f 253/234/375 206/239/384 269/297/490
f 100/117/169 208/238/383 57/67/735
f 208/238/383 100/117/169 270/298/491
f 252/296/487 268/291/736 267/294/488
f 264/300/494 268/291/732 263/292/480
f 273/303/737 265/302/497 269/297/738
f 273/303/498 266/293/502 265/302/734
f 98/115/165 205/237/380 271/299/509
f 98/115/165 102/306/739 110/332/594
f 275/305/513 270/298/491 101/118/170
f 107/333/592 275/305/513 101/118/170
f 274/304/740 276/123/512 272/301/496
f 108/307/741 275/305/742 107/333/596
f 49/56/71 26/49/64 47/54/69
f 278/319/549 110/332/594 118/335/198
f 10/10/12 44/315/66 41/47/62
f 37/324/116 23/31/45 71/81/743
f 37/324/116 76/95/117 25/35/119
f 145/158/239 239/267/422 149/162/658
f 272/301/744 264/300/745 274/304/746
f 274/304/507 273/303/747 275/305/748
f 109/127/191 106/122/177 105/121/749
f 107/333/596 276/123/512 108/307/750
f 276/123/512 274/304/507 108/307/514
f 107/333/596 109/127/191 105/121/749
f 105/121/751 276/123/512 107/333/752
f 46/375/753 56/376/385 59/377/754
f 43/378/546 42/50/368 41/47/755
f 46/375/756 59/377/757 48/55/100
f 41/379/755 44/51/66 46/53/68
f 41/47/758 46/380/759 43/378/760
f 292/381/761 293/382/762 294/383/763
f 292/381/764 295/384/765 296/385/766
f 297/386/767 292/381/761 296/385/766
f 298/387/768 297/386/769 296/385/770
f 295/384/771 299/388/772 296/385/773
f 300/389/774 299/388/775 295/384/776
f 302/390/777 300/389/774 301/391/778
f 302/390/777 301/391/779 303/392/780
f 303/392/781 304/393/782 302/390/783
f 302/390/784 299/388/785 300/389/786
f 306/394/787 308/395/788 307/396/789
f 306/394/790 309/397/791 308/395/792
f 311/398/793 312/399/794 310/400/795
f 313/401/796 312/399/797 311/398/798
f 312/399/797 313/401/799 314/402/800
f 311/398/793 315/403/801 316/404/802
f 316/404/803 313/401/796 311/398/798
f 312/399/797 314/402/800 306/405/804
f 306/394/790 314/406/800 309/397/791
f 317/407/805 318/408/806 314/402/807
f 314/402/807 313/401/808 317/407/809
f 319/409/810 293/410/762 297/411/769
f 320/412/811 321/413/812 322/414/813
f 323/415/814 321/413/815 320/412/811
f 319/409/810 323/415/816 320/412/817
f 310/416/818 294/383/819 293/382/820
f 310/416/818 292/381/821 294/383/822
f 292/381/764 310/416/823 307/396/824
f 310/400/825 320/412/811 311/398/826
f 298/417/768 319/409/827 297/411/767
f 319/409/827 298/417/828 496/418/829
f 319/409/810 496/418/829 325/419/830
f 315/403/801 326/420/831 316/404/802
f 326/420/832 315/403/833 327/421/834
f 321/413/835 323/415/836 328/422/837
f 323/415/836 330/423/838 331/424/839
f 328/422/840 323/415/814 332/425/841
f 328/422/837 332/425/842 329/426/843
f 321/413/815 333/427/844 322/414/813
f 321/428/815 328/429/845 334/430/846
f 308/395/792 335/431/847 336/432/848
f 337/433/849 338/434/850 339/435/851
f 335/431/852 339/435/853 336/432/848
f 326/436/854 340/437/855 341/438/856
f 328/422/837 329/426/857 342/439/858
f 332/425/842 343/440/859 329/426/843
f 351/441/860 344/442/861 342/443/862
f 346/444/863 348/445/864 345/446/865
f 349/447/866 350/448/867 348/445/868
f 352/449/869 329/450/843 343/451/859
f 329/452/843 352/453/870 353/454/871
f 325/419/830 323/415/872 319/409/810
f 354/455/873 355/456/874 325/419/875
f 355/456/876 323/415/836 325/419/877
f 356/457/878 354/458/873 357/459/879
f 339/435/853 360/460/880 361/461/881
f 303/392/780 362/462/882 304/393/782
f 364/463/883 365/464/884 362/462/885
f 366/465/886 304/393/887 363/466/888
f 305/467/889 299/388/775 304/393/782
f 367/468/890 363/466/891 362/462/882
f 368/469/892 363/466/891 367/468/893
f 365/464/884 369/470/894 367/468/890
f 370/471/895 371/472/896 365/464/884
f 366/465/897 363/466/888 372/473/898
f 373/474/899 374/475/900 368/469/892
f 368/469/901 374/475/902 375/476/903
f 369/470/894 368/469/892 367/468/904
f 363/466/891 368/469/905 372/473/906
f 377/477/907 368/469/892 369/470/894
f 372/473/908 376/478/909 366/465/910
f 372/473/898 368/469/911 375/476/912
f 375/476/912 376/478/909 372/473/906
f 368/469/892 377/477/913 373/474/899
f 378/479/914 379/480/915 377/477/916
f 379/480/915 380/481/917 377/477/918
f 375/476/919 374/475/920 376/478/921
f 382/482/922 384/483/923 339/435/851
f 338/434/924 384/483/925 382/482/926
f 345/446/865 386/484/927 340/437/928
f 387/485/929 345/446/930 348/445/931
f 387/485/932 388/486/933 389/487/934
f 390/488/935 351/441/860 353/454/871
f 390/488/935 391/489/936 351/441/860
f 392/490/937 351/441/938 391/489/936
f 345/446/939 387/485/932 393/491/940
f 394/492/941 386/484/942 345/446/865
f 353/454/943 395/493/944 390/488/935
f 352/453/869 395/493/944 353/454/943
f 399/494/945 400/495/946 401/496/947
f 340/437/948 386/484/942 402/497/949
f 403/498/950 404/499/951 352/449/869
f 393/491/940 405/500/952 394/492/953
f 408/501/954 406/502/955 407/503/956
f 394/492/953 405/500/952 141/154/234
f 396/504/957 395/493/944 409/505/958
f 411/506/959 412/507/960 413/508/961
f 412/507/962 414/509/963 413/508/961
f 357/459/879 359/510/964 358/511/965
f 359/510/964 417/512/966 416/513/967
f 416/513/967 420/514/968 418/515/969
f 418/515/970 403/498/971 419/516/972
f 421/517/623 418/515/973 420/514/968
f 327/518/974 422/519/975 326/436/976
f 327/518/974 423/520/977 422/519/978
f 424/521/979 333/522/844 334/430/846
f 423/520/980 425/523/981 422/519/978
f 425/523/981 426/524/982 427/525/983
f 430/526/984 428/527/985 425/523/981
f 430/526/986 431/528/987 428/527/988
f 422/519/989 429/529/990 432/530/991
f 431/528/992 429/529/990 428/527/993
f 437/531/994 433/532/995 434/533/996
f 425/523/997 427/525/998 430/526/999
f 344/442/1000 437/531/1001 342/443/858
f 347/534/1002 350/448/1003 349/447/866
f 431/528/1004 438/535/1005 429/529/1006
f 431/528/1004 439/536/1007 438/535/1008
f 430/526/984 435/537/1009 439/536/1010
f 441/538/1011 435/537/1012 440/539/1013
f 438/535/1014 439/536/1007 442/540/1015
f 442/540/1015 443/541/1016 432/530/991
f 441/538/1017 444/542/1018 435/537/1019
f 435/537/1009 444/542/1020 439/536/1010
f 445/543/1021 441/538/1017 446/544/1022
f 441/538/1017 445/543/1021 444/542/1018
f 388/486/933 447/545/1023 389/487/934
f 448/546/1024 443/541/1025 388/486/933
f 449/547/1026 446/544/1027 392/490/937
f 446/544/1027 449/547/1026 450/548/1028
f 451/549/1029 452/550/1030 393/491/1031
f 408/501/954 453/551/1032 396/504/957
f 443/541/1016 448/546/1033 350/448/1003
f 388/486/933 443/541/1016 447/545/1023
f 454/552/1034 455/553/1035 447/545/1036
f 392/490/937 446/544/1027 437/531/994
f 450/548/1037 456/554/1038 457/555/1039
f 456/554/1040 458/556/1041 457/555/1042
f 444/542/1043 445/543/1044 457/555/1045
f 447/545/1046 451/549/1029 389/487/934
f 454/552/1047 459/557/1048 455/553/1035
f 460/558/1049 461/559/1050 456/554/1038
f 459/557/1051 454/552/1034 458/556/1052
f 462/560/1053 459/557/1048 458/556/1041
f 464/561/1054 452/550/1030 465/562/1055
f 288/368/1056 464/561/1054 465/562/1057
f 410/563/1058 466/564/1059 406/502/955
f 455/553/1060 289/369/1061 467/565/1062
f 290/370/707 289/369/1063 459/557/1048
f 459/557/1051 224/258/411 290/370/707
f 469/566/1064 463/567/1065 461/559/1066
f 469/566/1067 461/559/1050 470/568/1068
f 463/567/1065 225/371/1069 462/560/1070
f 225/371/1069 224/258/411 462/560/1053
f 373/474/899 473/569/1071 474/570/1072
f 373/474/899 475/571/1073 374/475/1074
f 373/474/899 474/570/1072 475/571/1075
f 475/571/1075 476/572/1076 374/475/902
f 476/572/1077 376/478/1078 374/475/902
f 475/571/1079 477/573/1080 476/572/1076
f 476/572/1081 477/573/1082 478/574/1083
f 377/477/1084 380/481/1085 373/474/899
f 380/481/1086 473/569/1087 373/474/899
f 473/569/1088 380/481/1089 379/480/1090
f 476/572/1091 381/575/1092 376/478/1093
f 473/569/1088 379/480/915 482/576/1094
f 473/569/1095 482/576/1096 474/570/1097
f 483/577/1098 381/575/1099 478/574/1100
f 483/577/1098 488/578/1101 381/575/1102
f 484/579/1103 471/580/1104 280/350/628
f 482/576/1105 475/571/1073 474/570/1072
f 485/581/1106 477/573/1107 475/571/1079
f 477/573/1107 485/581/1108 486/582/1109
f 477/573/1080 487/583/1110 478/574/1100
f 478/574/1100 487/583/1111 488/578/1112
f 486/582/1113 487/583/1111 477/573/1107
f 379/480/915 125/336/604 482/576/1094
f 482/576/1096 485/581/1114 475/571/1075
f 482/576/1096 486/582/1115 485/581/1114
f 125/336/1116 486/582/1109 482/576/1096
f 487/583/1117 489/584/1118 488/578/1119
f 486/582/1120 489/584/1121 487/583/1117
f 397/585/1122 401/496/1123 490/586/1124
f 401/496/1125 136/587/354 490/586/1124
f 400/495/946 136/587/1126 401/496/947
f 139/152/1127 402/497/949 386/484/1128
f 405/500/1129 144/157/1130 141/154/237
f 395/493/944 404/588/1131 409/505/1132
f 409/505/958 146/160/241 491/589/1133
f 409/505/1132 491/589/1134 410/563/1135
f 146/160/1136 135/159/1137 491/589/1133
f 494/590/1138 282/591/263 479/592/1139
f 282/171/263 156/340/614 479/593/1139
f 493/594/1140 495/595/1141 417/512/1142
f 288/368/1056 287/367/1143 464/561/1054
f 467/565/1062 289/369/1061 288/368/696
f 221/251/405 501/596/1144 466/564/1059
f 297/386/767 293/382/1145 292/381/764
f 295/384/1146 292/381/1147 307/396/1148
f 336/432/1149 295/384/1146 307/396/824
f 336/432/1149 301/391/779 295/384/1146
f 301/391/1150 300/389/786 295/384/1151
f 299/388/785 298/387/768 296/385/1152
f 299/388/775 305/467/1153 298/387/768
f 324/597/1154 298/387/768 305/467/1155
f 370/471/895 364/463/883 301/391/779
f 361/461/1156 370/471/895 336/432/1149
f 370/471/895 301/391/1150 336/432/1149
f 303/392/780 301/391/1150 364/463/1157
f 314/406/800 318/598/1158 309/397/1159
f 313/401/796 316/404/803 317/407/809
f 316/404/803 341/599/856 317/407/805
f 316/600/1160 326/436/1161 341/438/856
f 293/410/1162 320/412/1163 310/400/795
f 320/412/811 322/414/1164 311/398/798
f 307/396/1165 310/416/1166 306/394/1167
f 306/405/790 310/400/825 312/399/797
f 308/395/792 336/432/1149 307/396/1165
f 315/403/1168 311/398/798 322/414/1164
f 325/419/875 496/418/829 354/455/873
f 298/387/768 324/597/1169 496/601/1170
f 315/403/1171 322/414/1172 327/421/1173
f 436/602/1174 347/534/1002 326/436/1161
f 331/424/1175 332/425/1176 323/415/814
f 334/430/846 333/522/1177 321/428/815
f 318/598/1158 337/433/1178 335/431/847
f 309/397/1159 335/431/852 308/395/792
f 337/433/1178 339/435/851 335/431/847
f 309/397/1179 318/598/1158 335/431/1180
f 318/598/1181 338/434/1182 337/433/1178
f 336/432/1183 339/435/853 361/461/881
f 317/603/809 383/604/1184 318/598/806
f 341/605/1185 383/604/1184 317/603/809
f 346/444/1186 340/437/948 326/436/1161
f 326/436/1161 347/534/1187 346/444/1186
f 343/440/1188 332/425/1176 331/424/1189
f 342/439/858 329/426/857 351/606/860
f 345/446/1190 340/437/948 346/444/1191
f 346/444/863 347/534/1187 349/447/866
f 348/445/931 346/444/1192 349/447/866
f 351/441/860 329/452/1193 353/454/871
f 343/451/1188 419/516/972 352/449/869
f 419/516/1194 343/451/1188 331/607/1195
f 330/423/1196 323/415/1197 355/456/1198
f 496/601/829 411/608/1199 354/609/873
f 355/456/1200 354/455/873 356/610/878
f 355/456/1198 356/610/878 330/423/1196
f 330/611/1201 356/457/1202 358/511/965
f 411/506/1199 357/459/879 354/458/873
f 411/608/959 496/601/829 324/597/1154
f 356/457/1202 357/459/1203 358/511/965
f 497/612/1204 330/611/1201 358/511/965
f 331/607/1189 330/611/1201 497/612/1205
f 497/612/1204 358/511/965 359/510/964
f 370/471/895 365/464/1206 364/463/883
f 362/462/885 303/392/780 364/463/883
f 304/393/782 366/465/886 305/467/1153
f 304/393/782 362/462/885 363/466/891
f 304/393/782 299/388/775 302/390/777
f 324/597/1207 305/467/1153 412/613/962
f 365/464/884 367/468/890 362/462/1208
f 370/471/895 361/461/881 360/460/1209
f 360/460/1210 371/472/1211 370/471/895
f 365/464/1206 371/472/896 378/479/914
f 471/580/1104 371/472/1211 360/460/1209
f 471/580/1212 360/460/1209 498/614/1213
f 369/470/1214 365/464/1215 378/479/914
f 377/477/1216 369/470/1214 378/479/914
f 480/615/1217 305/467/1153 366/465/910
f 480/615/1218 366/465/886 376/478/909
f 499/616/1219 379/480/1090 378/479/914
f 371/472/896 499/616/1219 378/479/914
f 381/575/1099 480/615/1218 376/478/1078
f 382/482/1220 339/435/851 338/434/850
f 383/604/1184 338/434/924 318/598/806
f 341/605/856 385/617/1221 383/604/1222
f 498/614/1223 339/435/851 384/483/1224
f 360/460/1225 339/435/853 498/614/1226
f 397/585/1227 338/434/850 383/604/1228
f 399/494/945 385/617/1229 341/605/1185
f 348/445/868 388/486/1230 387/485/1231
f 393/491/1232 394/492/1233 345/446/1234
f 393/491/940 387/485/932 389/487/934
f 396/504/957 390/488/1235 395/493/944
f 338/434/850 397/585/1236 384/483/1224
f 397/585/1122 383/604/1184 385/617/1229
f 397/585/1236 398/618/1237 384/483/1224
f 498/614/1223 384/483/1238 472/619/1239
f 385/617/1221 399/494/945 401/496/947
f 385/617/1229 401/496/1125 397/585/1122
f 402/620/1240 400/495/946 399/494/1241
f 402/620/949 399/494/1242 341/605/856
f 402/620/1243 341/605/856 340/621/855
f 403/498/950 284/622/619 404/499/1244
f 394/492/1233 139/152/1245 386/484/1246
f 452/550/1247 405/500/1129 393/491/940
f 395/493/1248 352/453/870 404/588/1131
f 396/504/957 410/563/1058 406/502/955
f 406/502/955 408/501/954 396/504/957
f 394/492/1233 143/156/236 139/152/1245
f 141/154/237 143/156/1249 394/492/941
f 405/500/1129 452/550/1247 464/561/1250
f 409/505/1132 410/563/1058 396/504/957
f 412/613/1251 411/608/959 324/597/1154
f 305/467/1153 480/615/1217 412/613/962
f 413/508/1252 414/509/1253 415/623/1254
f 479/624/1139 412/507/962 480/625/1255
f 479/624/1256 414/509/1257 412/507/962
f 416/513/967 497/612/1204 359/510/1258
f 417/512/1142 359/510/964 357/459/879
f 413/508/1252 415/623/1254 357/459/879
f 357/459/1259 415/623/1260 417/512/1142
f 419/516/1194 497/612/1204 416/513/967
f 419/516/972 403/498/950 352/449/869
f 420/514/1261 416/513/1262 417/512/1142
f 418/515/969 419/516/1194 416/513/1263
f 495/595/1264 420/514/1265 417/512/1142
f 418/515/970 421/517/623 286/626/620
f 286/626/620 403/498/950 418/515/969
f 286/626/620 284/622/621 403/498/971
f 436/602/1174 326/436/1266 422/519/989
f 327/421/1173 322/414/1267 333/427/1268
f 328/429/1269 424/521/1270 334/430/1271
f 424/521/1272 328/429/840 434/533/1273
f 424/521/1274 434/533/1273 433/532/995
f 327/518/974 333/522/1268 423/520/980
f 425/523/997 423/520/1275 426/524/982
f 425/523/997 428/527/988 422/519/1276
f 429/529/990 422/519/1276 428/527/993
f 430/526/1277 439/536/1007 431/528/1004
f 424/521/1278 426/524/1279 333/522/844
f 423/520/980 333/522/844 426/524/1279
f 433/532/1280 427/525/1281 424/521/1278
f 426/524/1279 424/521/1278 427/525/998
f 430/526/999 427/525/1282 435/537/1012
f 436/602/1174 350/448/1003 347/534/1002
f 342/443/862 437/531/994 434/533/1273
f 351/441/860 392/490/1283 344/442/861
f 392/490/1283 437/531/1001 344/442/861
f 422/519/978 432/530/1284 436/602/1174
f 432/530/991 350/448/1003 436/602/1174
f 429/529/990 438/535/1008 432/530/1285
f 433/532/995 437/531/1286 440/539/1287
f 433/532/995 440/539/1287 427/525/1282
f 440/539/1013 435/537/1012 427/525/1282
f 350/448/1003 432/530/991 443/541/1016
f 438/535/1005 442/540/1288 432/530/1285
f 439/536/1010 444/542/1289 500/627/1290
f 442/540/1015 439/536/1291 500/627/1292
f 446/544/1293 441/538/1017 440/539/1013
f 440/539/1287 437/531/994 446/544/1294
f 388/486/933 348/445/868 350/448/867
f 350/448/1003 448/546/1033 388/486/933
f 449/547/1295 392/490/1283 391/489/936
f 449/547/1296 391/489/1297 390/488/1235
f 390/488/935 453/551/1298 449/547/1296
f 450/548/1037 449/547/1026 453/551/1298
f 393/491/940 389/487/934 451/549/1029
f 451/549/1029 468/628/1299 452/550/1030
f 396/504/957 453/551/1298 390/488/935
f 447/545/1023 443/541/1016 454/552/1047
f 454/552/1034 443/541/1016 442/540/1015
f 454/552/1034 442/540/1288 500/627/1300
f 446/544/1027 450/548/1028 445/543/1301
f 453/551/1032 460/558/1049 450/548/1037
f 456/554/1040 450/548/1037 460/558/1302
f 467/565/1062 451/549/1029 447/545/1046
f 468/628/1299 451/549/1029 467/565/1303
f 447/545/1036 455/553/1060 467/565/1062
f 462/560/1304 458/556/1041 456/554/1040
f 461/559/1066 463/567/1305 456/554/1040
f 462/560/1053 456/554/1040 463/567/1305
f 468/628/1299 465/562/1057 452/550/1030
f 470/568/1068 460/558/1306 453/551/1032
f 453/551/1032 408/501/954 407/503/1307
f 470/568/1068 453/551/1298 407/503/1307
f 406/502/955 501/596/1144 407/503/1307
f 406/502/955 466/564/1308 501/596/1309
f 459/557/1310 289/369/699 455/553/1311
f 461/559/1312 460/558/1302 470/568/1313
f 462/560/1314 224/258/701 459/557/1315
f 468/628/1299 467/565/1062 465/562/1057
f 288/368/1056 465/562/1057 467/565/1303
f 407/503/956 501/596/1144 470/568/1068
f 469/566/1067 470/568/1313 501/596/1309
f 471/580/1104 484/579/1103 499/616/1316
f 471/580/1104 499/616/1316 371/472/896
f 472/619/1317 471/580/1212 498/614/1213
f 484/579/1103 280/350/628 481/629/1318
f 492/630/1319 124/143/218 472/619/1320
f 472/619/1317 124/143/218 471/580/1212
f 379/480/1090 499/616/1321 481/629/1318
f 481/629/1318 499/616/1316 484/579/1322
f 478/574/1100 381/575/1102 476/572/1077
f 494/590/1138 480/615/1217 381/575/1099
f 381/575/1099 488/578/1119 494/590/1323
f 479/592/1256 480/615/1217 494/590/1323
f 122/141/1324 124/143/218 492/630/1319
f 483/577/1098 478/574/1083 488/578/1119
f 481/629/1325 125/336/1326 379/480/1327
f 398/618/1237 472/619/1320 384/483/1224
f 397/585/1227 490/586/1328 398/618/1237
f 472/619/1239 398/618/1329 492/630/1319
f 490/586/1124 492/630/1330 398/618/1331
f 400/631/946 194/224/355 136/223/610
f 400/631/946 402/497/1240 138/151/1332
f 464/561/1054 287/367/1333 405/500/1129
f 502/632/1334 405/500/1129 287/367/1333
f 405/500/1129 502/632/1334 144/157/238
f 491/589/1133 466/564/1059 410/563/1058
f 415/623/1254 414/509/963 493/594/1335
f 414/633/1257 479/593/1139 156/340/614
f 156/634/260 158/635/1336 493/594/1140
f 495/595/1264 493/594/1140 158/635/1336
f 420/514/968 495/595/1264 283/636/1337
f 415/623/1254 493/594/1335 417/512/1338
f 420/514/968 283/636/1337 421/517/623
f 497/612/1205 419/516/1194 331/607/1339
f 319/409/810 320/412/1340 293/410/762
f 434/533/1273 328/429/840 342/443/858
f 411/506/1199 413/508/961 357/459/879
f 493/594/1341 414/509/963 156/634/614
f 445/543/1021 450/548/1028 457/555/1042
f 454/552/1342 500/627/1292 444/542/1020
f 457/555/1343 454/552/1047 444/542/1344
f 454/552/1342 457/555/1345 458/556/1346
f 47/54/1347 43/316/545 46/375/68
f 486/582/1120 125/336/1326 489/584/1121
f 126/146/1348 134/149/225 489/584/1118
f 488/637/1119 134/338/226 172/191/609
f 489/584/1118 125/336/604 126/146/1348
f 139/152/1245 143/156/236 137/150/244
f 154/182/359 146/160/251 409/505/958
f 192/356/353 122/141/216 492/630/1349
f 284/638/619 154/182/279 404/588/1244
f 287/367/1350 219/250/401 502/632/1334
f 219/250/401 144/157/238 502/632/1334
f 290/370/1351 242/270/697 289/369/1352
f 230/372/709 232/373/1353 469/566/1067
f 469/566/1064 232/373/710 225/371/1354
f 129/337/1355 481/629/1325 280/350/1356
f 280/350/1357 471/580/1104 281/351/633
f 129/337/605 125/336/1326 481/629/1325
f 282/591/263 494/590/1138 172/639/609
f 192/356/353 490/586/1124 136/587/610
f 402/497/1358 139/152/231 138/151/230
f 161/174/625 495/640/1264 158/170/1336
f 161/174/270 163/178/1359 495/640/1141
f 285/344/681 286/347/1360 421/348/623
f 491/589/1133 135/159/240 222/252/403
f 228/256/712 287/367/1333 288/368/1056
f 232/373/710 233/259/439 225/371/1361
f 138/151/1362 195/226/652 400/631/946
f 400/631/1363 195/226/652 194/224/355
f 46/375/1364 48/55/70 47/54/69
f 489/584/1118 134/149/225 488/578/1365
f 404/588/1131 154/182/359 409/505/1132
f 490/586/1328 192/356/353 492/630/1349
f 491/589/1133 222/252/403 466/564/1059
f 289/369/1366 227/257/410 288/368/696
f 469/566/1067 225/371/1354 463/567/1305
f 471/580/1104 124/143/218 281/351/630
f 494/590/1138 488/578/1365 172/639/609
f 495/640/1264 163/178/273 283/343/1367
f 421/348/623 283/343/1368 162/177/624
f 466/564/1059 222/252/403 221/251/405
f 230/372/1369 501/596/1370 221/251/405
f 230/372/709 469/566/1067 501/596/1309
f 76/88/117 85/99/589 116/641/601
f 118/335/203 116/641/601 85/99/1371
f 197/227/360 207/360/1372 58/68/387
f 85/99/589 75/86/1373 83/97/563
f 85/99/599 278/319/549 118/335/203
f 154/182/279 166/181/278 207/360/1374
f 197/227/360 154/182/1375 207/360/1372
f 279/330/673 207/360/1374 166/181/278
