# Blender 4.1.1
# www.blender.org
mtllib Shears_LowPoly.mtl
o Shears_LowPoly
v 0.007903 -0.000594 -0.107544
v 0.009325 -0.000505 -0.100425
v 0.007925 -0.000101 -0.124410
v 0.006298 -0.000377 -0.116320
v 0.008070 0.000989 -0.125408
v 0.009717 0.001061 -0.112193
v 0.007147 0.002667 -0.125936
v 0.006223 0.003539 -0.123404
v 0.008493 0.003501 -0.117945
v 0.006992 0.004273 -0.111919
v 0.009441 0.002542 -0.115162
v 0.004817 -0.000263 -0.112187
v 0.003518 0.003099 -0.118019
v 0.005113 0.003605 -0.111571
v 0.009525 0.002772 -0.104928
v 0.009300 -0.000026 -0.107920
v 0.006164 -0.000527 -0.103664
v 0.006191 -0.000616 -0.093716
v 0.004859 0.000433 -0.107416
v 0.010680 0.001698 -0.099995
v 0.006759 0.003977 -0.103975
v 0.009979 0.003151 -0.099784
v 0.008955 0.003454 -0.096253
v 0.007896 -0.001224 -0.092915
v 0.010467 -0.000104 -0.095369
v 0.007963 -0.001149 -0.083629
v 0.006216 -0.000076 -0.087544
v 0.010088 -0.000618 -0.083283
v 0.010964 0.000961 -0.088928
v 0.006254 -0.000240 -0.076318
v 0.009532 -0.001319 -0.074355
v 0.007937 -0.001383 -0.074524
v 0.011129 0.000277 -0.073770
v 0.007774 0.000940 -0.068685
v 0.010159 -0.000013 -0.069074
v 0.009953 0.000666 -0.064317
v 0.008150 0.000287 -0.063167
v 0.008182 -0.000790 -0.057081
v 0.010476 -0.000113 -0.062425
v 0.010221 -0.001419 -0.054717
v 0.011348 0.000611 -0.059202
v 0.011432 0.000754 -0.052552
v 0.005335 0.000358 -0.092642
v 0.005229 0.002893 -0.095805
v 0.005822 0.002877 -0.097853
v 0.010408 0.002768 -0.092215
v 0.009111 0.004033 -0.091190
v 0.005993 0.002982 -0.086815
v 0.005905 0.002470 -0.090751
v 0.009716 0.003743 -0.084687
v 0.006916 0.004197 -0.086162
v 0.006069 0.002097 -0.079303
v 0.008148 0.003834 -0.082631
v 0.006721 0.001950 -0.077048
v 0.008106 0.002284 -0.078180
v 0.010980 0.001708 -0.080685
v 0.006949 0.002406 -0.073398
v 0.006450 0.001297 -0.072972
v 0.008873 0.002186 -0.068650
v 0.010343 0.001307 -0.071996
v 0.008820 0.001252 -0.064906
v 0.010144 0.001585 -0.064199
v 0.007096 0.001605 -0.061440
v 0.009452 0.002479 -0.064482
v 0.010920 0.001774 -0.062647
v 0.008039 0.003636 -0.055800
v 0.009886 0.003468 -0.059314
v 0.007399 0.001905 -0.053541
v 0.006974 0.002853 -0.053259
v 0.010881 0.003994 -0.054758
v 0.008791 0.004633 -0.052808
v -0.009873 -0.001138 -0.102718
v -0.010584 -0.002046 -0.095659
v -0.009628 -0.002956 -0.097971
v -0.007631 -0.002944 -0.091383
v -0.007159 -0.002946 -0.094944
v -0.005469 0.000311 -0.094754
v -0.006058 -0.002478 -0.098868
v -0.010011 -0.002002 -0.090596
v -0.005822 -0.001913 -0.088918
v -0.010467 -0.002124 -0.086910
v -0.011126 0.000047 -0.086595
v -0.010004 -0.002013 -0.081846
v -0.006893 -0.002464 -0.081677
v -0.005767 0.000390 -0.085446
v -0.005822 -0.000833 -0.079102
v -0.010927 -0.001373 -0.078404
v -0.009863 -0.002553 -0.077672
v -0.007698 -0.002886 -0.072818
v -0.006545 -0.002441 -0.073341
v -0.005701 -0.000984 -0.070557
v -0.010652 -0.000639 -0.071118
v -0.009425 -0.002047 -0.070907
v -0.006446 -0.001814 -0.066856
v -0.009874 -0.002429 -0.066848
v -0.010792 -0.001068 -0.064307
v -0.006316 -0.002053 -0.064756
v -0.008315 -0.002424 -0.058614
v -0.009972 -0.001901 -0.059574
v -0.005727 0.000668 -0.059861
v -0.010271 -0.000768 -0.050833
v -0.010529 0.000088 -0.058607
v -0.007885 -0.002346 -0.053155
v -0.010527 0.000059 -0.096256
v -0.009205 0.001852 -0.097240
v -0.010277 0.000638 -0.091918
v -0.008736 0.001517 -0.094084
v -0.006698 0.001710 -0.092663
v -0.007250 0.002097 -0.099226
v -0.009247 0.001823 -0.089805
v -0.007839 0.001986 -0.084930
v -0.010618 0.000616 -0.082949
v -0.010965 0.000279 -0.074394
v -0.008666 0.002451 -0.077768
v -0.007712 0.002495 -0.078959
v -0.005619 0.000736 -0.082793
v -0.005353 0.000539 -0.103875
v 0.005134 0.001585 -0.097725
v -0.006201 0.001259 -0.074281
v -0.009556 0.002400 -0.071304
v -0.007201 0.002151 -0.071641
v -0.008883 0.002174 -0.067331
v -0.010207 0.001438 -0.061447
v -0.008695 0.002859 -0.059708
v -0.006245 0.001818 -0.062526
v -0.009881 0.002009 -0.053787
v -0.005378 0.001189 -0.057119
v -0.005919 -0.001548 -0.052675
v -0.007151 0.003141 -0.054483
v -0.005707 0.002436 -0.057795
v -0.001344 -0.002689 -0.122847
v -0.008646 -0.004352 -0.119220
v -0.009874 -0.003144 -0.118662
v -0.009701 -0.003538 -0.125746
v -0.009651 -0.002992 -0.111033
v -0.004899 -0.004477 -0.117855
v -0.008973 -0.003436 -0.110462
v -0.010253 -0.000462 -0.108036
v -0.005601 -0.003082 -0.109931
v -0.007062 -0.003454 -0.103073
v 0.000070 -0.003061 -0.125694
v -0.003120 -0.002966 -0.118751
v -0.004843 -0.002575 -0.111411
v -0.004639 0.000330 -0.114428
v -0.002188 -0.000775 -0.124938
v -0.002236 -0.000070 -0.121431
v 0.000864 0.001282 -0.121481
v -0.000260 0.002559 -0.123370
v 0.001027 0.000371 -0.123361
v 0.002589 0.000670 -0.123118
v -0.009273 -0.000016 -0.120201
v -0.009362 -0.000095 -0.116535
v -0.005974 0.000469 -0.116244
v -0.007667 -0.000152 -0.124100
v -0.008188 0.001862 -0.109307
v -0.009593 0.000404 -0.101292
v -0.008448 0.001179 -0.103839
v -0.006591 0.001650 -0.108093
v -0.005828 0.001400 -0.102790
v -0.002726 -0.000644 -0.122614
v -0.004116 -0.000547 -0.118525
v 0.003791 0.000464 -0.116732
v 0.003180 0.003669 -0.120321
v 0.001523 0.003612 -0.124719
v 0.003992 0.001576 -0.114437
v -0.017767 -0.001289 -0.017629
v -0.016736 -0.002001 -0.019260
v -0.014906 -0.002035 -0.015413
v -0.018343 -0.002047 -0.011638
v -0.018756 -0.001619 -0.013309
v -0.017733 0.005604 -0.008453
v -0.009454 -0.001655 -0.048668
v -0.007975 -0.001895 -0.039768
v -0.009144 -0.000806 -0.030847
v -0.006485 -0.001230 -0.042058
v -0.006448 -0.001510 -0.039404
v -0.007498 -0.001661 -0.031780
v -0.006114 -0.001805 -0.029515
v -0.005013 -0.000262 -0.034915
v -0.005479 -0.001312 -0.046637
v -0.013570 -0.002487 -0.020385
v -0.010067 -0.001638 -0.027181
v -0.009109 -0.002720 -0.025716
v -0.010062 0.000774 -0.029059
v -0.010407 0.000353 -0.039111
v -0.007184 -0.002447 -0.027518
v -0.008056 -0.002060 -0.023926
v -0.012273 0.000455 -0.024535
v -0.011074 -0.001960 -0.020885
v -0.009396 0.000361 -0.021164
v -0.005704 0.003135 -0.026455
v -0.013677 -0.000907 -0.016444
v -0.013744 0.001496 -0.016208
v -0.014817 -0.001851 -0.011278
v -0.013842 -0.002204 -0.007112
v -0.005165 0.001438 -0.028761
v -0.017162 0.006288 -0.019288
v -0.018098 0.003741 -0.016792
v -0.018663 0.005933 -0.013262
v -0.008850 0.003376 -0.049031
v -0.006132 0.002977 -0.048647
v -0.009441 0.003962 -0.040189
v -0.006173 0.003596 -0.042075
v -0.010761 0.001454 -0.042608
v -0.005927 0.003858 -0.037800
v -0.007721 0.004777 -0.039250
v -0.007149 0.005532 -0.037036
v -0.008966 0.004782 -0.033917
v -0.008212 0.005513 -0.035091
v -0.006637 0.004748 -0.033412
v -0.007263 0.005700 -0.028871
v -0.011901 0.005219 -0.026100
v -0.009744 0.004061 -0.030299
v -0.008726 0.005791 -0.029151
v -0.008859 0.004017 -0.022222
v -0.008588 0.005852 -0.023140
v -0.012788 0.005988 -0.018780
v -0.015526 0.006800 -0.020712
v -0.010345 0.006648 -0.024178
v -0.014978 0.007066 -0.017095
v -0.014212 0.003260 -0.010440
v -0.017425 0.007084 -0.015573
v -0.014297 0.006102 -0.015465
v -0.015456 0.006935 -0.010426
v -0.014377 0.005935 -0.010525
v -0.013404 -0.001324 -0.004615
v -0.012022 -0.000036 -0.006413
v -0.011750 -0.001347 -0.005371
v -0.011011 -0.002199 -0.000721
v -0.015106 0.000760 -0.005528
v -0.007442 -0.000793 -0.002665
v -0.007751 -0.001744 -0.000951
v -0.007458 -0.001735 0.000512
v -0.006452 0.002792 0.001879
v -0.009408 0.004709 0.000893
v -0.009786 0.000499 -0.004286
v -0.002064 -0.001549 0.003106
v -0.001517 -0.002291 -0.000327
v -0.000634 -0.003111 0.001245
v -0.004350 0.002195 -0.002148
v 0.000925 0.002859 -0.001812
v 0.003424 -0.002432 -0.000117
v 0.003655 -0.001590 -0.001218
v 0.000549 -0.002621 0.002315
v 0.010126 -0.002382 -0.004630
v 0.008871 -0.002570 -0.002197
v 0.005073 0.001520 -0.002865
v -0.001094 0.005034 0.002549
v 0.002096 0.004659 0.002436
v 0.002437 -0.001178 0.002748
v -0.014671 0.003290 -0.005332
v -0.013463 0.006336 -0.002233
v -0.015250 0.006956 -0.004908
v -0.011286 0.005980 -0.005327
v -0.012072 0.003408 -0.001096
v -0.009210 0.005983 -0.003443
v -0.005645 0.006066 0.000830
v -0.009071 0.006655 -0.002360
v -0.012613 0.007238 -0.004045
v -0.003402 0.005444 -0.001579
v 0.000644 0.005436 -0.001428
v 0.001313 0.006201 -0.000173
v 0.005824 0.005771 -0.002413
v 0.005006 0.006213 0.000613
v 0.008735 0.006074 -0.003898
v 0.000940 0.006420 0.001962
v 0.006984 0.001928 0.001191
v 0.009664 -0.000715 -0.051951
v 0.008628 -0.001082 -0.047458
v 0.010290 -0.000532 -0.035993
v 0.006362 0.000110 -0.043676
v 0.007706 -0.000843 -0.041653
v 0.006231 0.000972 -0.034636
v 0.010852 0.000282 -0.037700
v 0.007054 -0.000159 -0.033130
v 0.009978 -0.000839 -0.034705
v 0.010327 -0.000286 -0.030919
v 0.010782 0.002083 -0.031752
v 0.009434 -0.003091 -0.024207
v 0.010130 -0.002085 -0.026648
v 0.006044 -0.001973 -0.027405
v 0.005693 0.001801 -0.030502
v 0.005200 0.002661 -0.026477
v 0.010119 0.002155 -0.026130
v 0.006746 -0.002425 -0.022962
v 0.012419 -0.003019 -0.018134
v 0.006875 0.002248 -0.021692
v 0.013414 -0.002260 -0.021172
v 0.011191 -0.002029 -0.018320
v 0.010668 0.000087 -0.018326
v 0.015803 -0.003062 -0.016242
v 0.016677 -0.001904 -0.013322
v 0.012662 -0.001678 -0.014735
v 0.011942 0.003520 -0.016964
v 0.013822 -0.003032 -0.010882
v 0.012425 -0.001909 -0.009628
v 0.013153 0.002216 -0.011547
v 0.013526 0.004499 -0.014653
v 0.016754 0.003128 -0.011390
v 0.015307 0.003104 -0.006695
v 0.007036 0.004169 -0.052339
v 0.007367 0.003444 -0.047905
v 0.008931 0.004063 -0.043931
v 0.009712 0.004126 -0.048900
v 0.005852 0.002132 -0.036752
v 0.011236 0.001632 -0.048965
v 0.011117 0.002507 -0.044623
v 0.007053 0.003590 -0.039026
v 0.008852 0.004574 -0.041298
v 0.007309 0.003367 -0.034087
v 0.010044 0.002976 -0.036623
v 0.009241 0.003816 -0.026468
v 0.006154 0.003825 -0.027897
v 0.009145 0.004155 -0.024745
v 0.015369 0.003995 -0.018328
v 0.015943 0.005109 -0.015461
v 0.014561 0.005242 -0.014694
v 0.016862 0.003829 -0.014746
v 0.013762 0.004918 -0.011342
v 0.014015 0.005623 -0.009358
v 0.015632 0.005265 -0.009484
v 0.008746 -0.000723 -0.004764
v 0.011304 -0.000638 -0.007489
v 0.006569 -0.001481 0.001379
v 0.009587 -0.000437 -0.000191
v 0.011091 -0.002757 -0.003031
v 0.013884 -0.002970 -0.007977
v 0.013629 -0.001683 -0.003379
v 0.015929 -0.001750 -0.008630
v 0.011995 0.005946 -0.002500
v 0.011117 0.004900 -0.007019
v 0.010069 0.005295 -0.000783
v 0.005885 -0.000778 -0.139501
v 0.008265 0.000219 -0.143678
v 0.007671 0.000261 -0.135747
v 0.007456 0.002683 -0.142990
v 0.007723 0.001631 -0.133916
v 0.006667 0.002947 -0.136996
v 0.005887 -0.000952 -0.135327
v 0.007014 -0.000105 -0.131945
v 0.006612 0.002577 -0.133481
v 0.007675 0.002346 -0.130970
v 0.006011 -0.000238 -0.129209
v -0.009369 -0.003423 -0.152810
v -0.008921 -0.003316 -0.139919
v -0.009284 -0.002877 -0.146432
v -0.008732 -0.000749 -0.142237
v -0.009343 -0.002480 -0.137888
v -0.009433 -0.002515 -0.132835
v -0.006580 -0.004005 -0.144764
v -0.009104 -0.003873 -0.128440
v -0.006188 -0.004154 -0.133717
v -0.003554 -0.004423 -0.128494
v -0.009407 -0.001548 -0.124144
v -0.001004 -0.003992 -0.138838
v 0.001058 -0.003143 -0.146505
v 0.001294 -0.003590 -0.136277
v 0.002073 -0.001972 -0.142908
v 0.002435 -0.003626 -0.132477
v 0.000903 -0.000776 -0.140564
v 0.002852 -0.002948 -0.127811
v 0.003401 -0.002561 -0.130285
v 0.002466 -0.002400 -0.136580
v 0.001967 -0.001701 -0.127607
v -0.007445 -0.000308 -0.149205
v -0.007623 -0.000350 -0.137965
v -0.008721 -0.000610 -0.134240
v -0.006636 -0.000001 -0.130882
v -0.004592 -0.000120 -0.134789
v -0.008385 -0.000481 -0.129978
v 0.000477 -0.000831 -0.139825
v -0.003906 0.001349 -0.130257
v -0.003175 0.001772 -0.140770
v -0.003606 0.003144 -0.127825
v 0.001945 0.003089 -0.141673
v 0.000031 -0.001126 -0.134132
v 0.006155 0.001901 -0.148214
v -0.000776 0.003332 -0.133521
v -0.001718 0.000001 -0.131565
v -0.001015 -0.000545 -0.132601
v -0.001680 -0.000179 -0.128773
v -0.004380 0.002428 -0.127263
v -0.003236 0.001236 -0.125900
v 0.000878 -0.000460 -0.130287
v 0.002374 -0.000853 -0.131639
v 0.001491 -0.000508 -0.126061
v -0.006516 -0.002973 -0.198351
v -0.008805 -0.002716 -0.188417
v -0.007262 -0.002160 -0.196864
v -0.005242 -0.003102 -0.197106
v -0.007635 -0.003036 -0.189850
v -0.006006 -0.001520 -0.198568
v -0.007756 -0.001117 -0.192209
v -0.006291 -0.000958 -0.193317
v -0.005501 -0.001131 -0.188370
v -0.003433 -0.001668 -0.191785
v 0.000622 -0.000439 -0.199445
v -0.003769 -0.002346 -0.189135
v -0.001268 -0.001141 -0.193141
v -0.000282 0.000125 -0.195083
v -0.001362 -0.000620 -0.188588
v -0.001226 0.000199 -0.186659
v 0.002843 -0.001120 -0.192606
v 0.003921 0.000390 -0.188456
v 0.002507 -0.001433 -0.187432
v 0.004434 -0.001049 -0.184543
v 0.002872 0.001000 -0.185150
v -0.004616 -0.003765 -0.181242
v -0.008339 -0.003655 -0.177753
v -0.009052 -0.002766 -0.183794
v -0.008499 -0.003555 -0.172074
v -0.009438 -0.003248 -0.172638
v -0.002217 -0.003589 -0.173164
v -0.007945 -0.003808 -0.166884
v -0.008760 -0.000912 -0.172085
v -0.005355 -0.002917 -0.169909
v -0.002630 -0.003080 -0.183158
v -0.001530 -0.003320 -0.169192
v -0.000837 -0.002618 -0.168534
v -0.009790 -0.002609 -0.162798
v -0.006206 -0.003369 -0.160468
v -0.009034 -0.003619 -0.158882
v -0.007400 -0.004049 -0.152627
v -0.004043 -0.003777 -0.164167
v -0.002489 -0.003633 -0.159993
v -0.000472 -0.002237 -0.163006
v -0.003329 -0.004029 -0.156608
v 0.000129 -0.002593 -0.158167
v -0.000548 -0.003812 -0.151411
v -0.000217 -0.001784 -0.156468
v -0.008747 -0.001553 -0.185528
v -0.006878 -0.000994 -0.182548
v -0.009097 -0.001393 -0.180498
v -0.008807 -0.000932 -0.177801
v -0.007872 -0.000631 -0.168885
v -0.003045 -0.001099 -0.187690
v 0.000725 -0.001168 -0.185473
v -0.001557 -0.000856 -0.185363
v -0.000298 0.001270 -0.177886
v -0.001505 0.000416 -0.180438
v -0.002213 -0.001134 -0.180390
v -0.001523 -0.000879 -0.176791
v -0.001596 -0.001030 -0.181785
v 0.000393 -0.001140 -0.180708
v 0.004213 -0.001390 -0.177714
v -0.001150 -0.000424 -0.175452
v 0.004515 0.000719 -0.178826
v 0.005179 -0.000714 -0.178759
v -0.001708 -0.000963 -0.170901
v -0.001044 -0.000339 -0.167551
v -0.001661 0.000954 -0.172960
v -0.000474 0.001583 -0.169742
v -0.001483 0.001114 -0.165475
v 0.004263 0.001677 -0.173583
v 0.003483 -0.001256 -0.170624
v 0.005903 0.000661 -0.168719
v 0.001532 -0.000961 -0.165502
v 0.005559 -0.000592 -0.170656
v 0.003086 0.001723 -0.168415
v 0.006167 0.001554 -0.164862
v -0.009267 -0.001079 -0.158009
v -0.009019 -0.000800 -0.153187
v -0.003251 -0.000820 -0.159852
v -0.001856 -0.000970 -0.163670
v 0.000096 -0.000199 -0.163128
v -0.001160 0.001648 -0.163400
v -0.001073 -0.000108 -0.161046
v -0.002280 0.000784 -0.155508
v -0.001393 0.002262 -0.150377
v 0.003964 -0.000650 -0.157923
v 0.006023 0.000042 -0.164041
v 0.005945 -0.000466 -0.157077
v 0.005771 0.001045 -0.161729
v 0.000784 0.000250 -0.159638
v 0.002901 0.002205 -0.160779
v 0.006527 0.001856 -0.157105
v 0.002418 0.002426 -0.149317
v 0.007140 0.000014 -0.146511
v 0.007326 0.001115 -0.147881
v -0.000083 0.000662 -0.123414
v 0.000631 -0.000469 -0.143230
v -0.000896 0.000101 -0.143113
v 0.000986 0.000026 -0.136091
v 0.001741 -0.000518 -0.131974
v 0.006156 -0.000858 -0.144486
v -0.001876 0.000330 -0.143586
v -0.001893 0.001562 -0.147773
v -0.003002 -0.000314 -0.143098
v 0.001460 -0.002367 -0.147230
v -0.003393 -0.000608 -0.149363
v -0.000230 -0.001339 -0.150547
v -0.001463 0.000530 -0.151209
v -0.000725 -0.000614 -0.146802
v -0.000582 -0.000250 -0.146325
v 0.005192 -0.000974 -0.150139
v 0.000809 0.000232 -0.150776
v -0.000243 -0.000066 -0.144427
v 0.001055 -0.000737 -0.145306
vn 0.5984 -0.7995 -0.0522
vn 0.9778 -0.2014 -0.0582
vn 0.6941 -0.7175 -0.0586
vn 0.7645 0.6361 -0.1045
vn 0.1259 0.9891 -0.0760
vn 0.6088 0.7879 -0.0927
vn 0.0861 0.9963 0.0018
vn 0.6088 0.7879 -0.0926
vn 0.9801 0.1489 -0.1310
vn 0.7645 0.6361 -0.1044
vn 0.9596 0.2661 -0.0914
vn 0.9778 -0.2013 -0.0582
vn 0.9801 0.1488 -0.1310
vn 0.6941 -0.7175 -0.0587
vn -0.0647 -0.9978 -0.0156
vn -0.8154 0.4793 0.3245
vn -0.7534 0.6533 0.0756
vn 0.0860 0.9963 0.0018
vn -0.7533 0.6533 0.0756
vn -0.0121 0.9991 0.0395
vn 0.6089 0.7878 -0.0926
vn 0.7756 0.6303 -0.0336
vn 0.9596 0.2661 -0.0913
vn 0.7756 0.6304 -0.0336
vn -0.0402 -0.9988 -0.0271
vn -0.3203 -0.9467 0.0343
vn 0.6940 -0.7175 -0.0587
vn -0.5746 -0.8184 0.0104
vn -0.7999 -0.5976 0.0555
vn -0.3210 -0.9462 -0.0412
vn 0.9958 -0.0359 -0.0840
vn 0.5694 -0.8200 -0.0581
vn 0.5503 0.8336 -0.0470
vn 0.9958 -0.0359 -0.0839
vn -0.0120 0.9991 0.0395
vn 0.0519 0.9986 -0.0047
vn 0.5503 0.8337 -0.0469
vn -0.0120 0.9991 0.0396
vn 0.1210 -0.9924 -0.0220
vn 0.5693 -0.8201 -0.0580
vn -0.0401 -0.9988 -0.0271
vn 0.6963 -0.7166 -0.0405
vn 0.1210 -0.9924 -0.0221
vn -0.2156 -0.9765 -0.0082
vn -0.9110 -0.4105 0.0391
vn -0.2156 -0.9765 -0.0083
vn -0.5745 -0.8184 0.0103
vn 0.5665 -0.8237 -0.0225
vn -0.2155 -0.9765 -0.0082
vn -0.2156 -0.9764 -0.0083
vn -0.8561 -0.5122 0.0696
vn 0.5665 -0.8237 -0.0226
vn 0.3979 -0.9172 0.0188
vn -0.2155 -0.9765 -0.0083
vn -0.3728 -0.9155 0.1512
vn 0.9989 0.0444 -0.0172
vn 0.9352 -0.3532 0.0259
vn 0.5666 -0.8237 -0.0225
vn -0.3729 -0.9155 0.1512
vn -0.8560 -0.5122 0.0696
vn -0.3729 -0.9155 0.1513
vn -0.9483 -0.1257 0.2915
vn -0.8560 -0.5122 0.0697
vn 0.9352 -0.3532 0.0260
vn 0.3980 -0.9172 0.0189
vn 0.7377 -0.6561 0.1594
vn -0.3728 -0.9155 0.1513
vn 0.1329 -0.9910 0.0166
vn 0.3270 -0.9197 -0.2172
vn -0.4860 -0.8348 -0.2588
vn -0.6412 -0.7674 -0.0028
vn 0.3271 -0.9197 -0.2172
vn -0.6411 -0.7674 -0.0028
vn 0.3271 -0.9197 -0.2171
vn 0.4735 -0.8807 -0.0130
vn 0.9967 -0.0268 -0.0769
vn 0.9967 -0.0268 -0.0768
vn 0.9371 -0.3482 0.0243
vn 0.4735 -0.8807 -0.0131
vn -0.3209 -0.9462 -0.0412
vn -0.5746 -0.8184 0.0103
vn -0.9874 -0.1400 0.0744
vn -0.9973 0.0545 0.0489
vn -0.5746 -0.8183 0.0103
vn 0.5694 -0.8200 -0.0580
vn -0.0121 0.9991 0.0396
vn -0.5529 0.8305 0.0684
vn -0.6078 0.7938 0.0212
vn 0.8143 0.5803 0.0091
vn 0.8143 0.5804 0.0092
vn -0.9110 -0.4106 0.0391
vn -0.9873 -0.1401 0.0743
vn -0.9880 0.1460 0.0497
vn -0.9873 -0.1401 0.0744
vn 0.9958 -0.0360 -0.0839
vn 0.9989 0.0443 -0.0172
vn 0.6963 -0.7166 -0.0404
vn -0.7071 0.7071 -0.0063
vn 0.1631 0.9858 -0.0404
vn -0.6077 0.7939 0.0212
vn 0.1630 0.9858 -0.0405
vn 0.6492 0.7603 0.0243
vn 0.7107 0.6963 0.1002
vn -0.7072 0.7070 -0.0063
vn -0.3512 0.9363 0.0071
vn -0.9209 0.3725 0.1146
vn 0.0872 0.9593 0.2686
vn 0.9989 0.0444 -0.0171
vn 0.1630 0.9858 -0.0404
vn 0.6491 0.7603 0.0243
vn 0.0872 0.9593 0.2685
vn 0.6491 0.7603 0.0244
vn -0.8561 -0.5122 0.0695
vn -0.9209 0.3726 0.1146
vn -0.8100 0.5847 0.0449
vn 0.2036 0.9743 0.0967
vn 0.2037 0.9742 0.0968
vn 0.7107 0.6964 0.1002
vn 0.0873 0.9593 0.2686
vn 0.7106 0.6964 0.1002
vn 0.9352 -0.3531 0.0259
vn -0.8100 0.5847 0.0450
vn -0.9209 0.3725 0.1147
vn -0.9847 0.1075 0.1370
vn -0.9847 0.1075 0.1371
vn -0.4440 0.8889 0.1128
vn 0.2037 0.9743 0.0968
vn 0.6424 0.7657 0.0324
vn 0.0389 0.9987 0.0324
vn 0.6423 0.7657 0.0324
vn -0.4439 0.8889 0.1127
vn -0.8709 -0.4896 0.0432
vn -0.9483 -0.1257 0.2916
vn -0.4440 0.8889 0.1127
vn -0.1821 0.9682 -0.1717
vn -0.8709 -0.4896 0.0431
vn -0.3729 -0.9154 0.1513
vn 0.7376 -0.6561 0.1595
vn 0.9852 0.1679 -0.0343
vn 0.1329 -0.9910 0.0167
vn 0.6424 0.7657 0.0323
vn 0.9852 0.1679 -0.0344
vn -0.1821 0.9682 -0.1716
vn 0.0390 0.9987 0.0324
vn -0.9482 -0.1257 0.2916
vn -0.1820 0.9682 -0.1716
vn 0.7107 0.6963 0.1001
vn 0.9352 -0.3532 0.0258
vn -0.4860 -0.8347 -0.2588
vn -0.9802 0.1429 -0.1368
vn 0.1330 -0.9910 0.0166
vn -0.4860 -0.8347 -0.2589
vn -0.9802 0.1428 -0.1369
vn -0.9803 0.1427 -0.1369
vn 0.9262 0.3301 -0.1822
vn 0.9852 0.1680 -0.0343
vn 0.9852 0.1680 -0.0344
vn -0.5271 0.8268 -0.1965
vn 0.4394 0.8784 -0.1881
vn 0.9262 0.3300 -0.1822
vn -0.8394 -0.5424 -0.0341
vn -0.9802 0.1428 -0.1368
vn -0.9863 0.1573 -0.0498
vn -0.9802 0.1428 -0.1370
vn -0.8394 -0.5425 -0.0341
vn -0.9863 0.1574 -0.0498
vn -0.5270 0.8268 -0.1964
vn 0.4393 0.8784 -0.1881
vn -0.5271 0.8268 -0.1964
vn -0.0864 0.9960 -0.0243
vn -0.0863 0.9960 -0.0244
vn 0.8146 0.5797 -0.0219
vn 0.9967 -0.0269 -0.0769
vn 0.9262 0.3301 -0.1821
vn 0.4393 0.8785 -0.1881
vn 0.8146 0.5797 -0.0220
vn 0.8145 0.5797 -0.0220
vn -0.9932 -0.1107 -0.0364
vn -0.4770 -0.8784 0.0283
vn -0.9748 -0.2229 -0.0073
vn -0.4770 -0.8785 0.0283
vn 0.5358 -0.8437 0.0338
vn -0.0505 -0.9979 0.0407
vn 0.9896 -0.1427 0.0158
vn 0.5358 -0.8437 0.0339
vn 0.9059 -0.4230 0.0181
vn -0.7961 -0.6051 -0.0030
vn -0.0506 -0.9979 0.0408
vn -0.7962 -0.6051 -0.0030
vn 0.9896 -0.1427 0.0157
vn 0.8878 -0.4602 -0.0026
vn 0.5357 -0.8437 0.0338
vn 0.8879 -0.4601 -0.0026
vn -0.6507 -0.7594 -0.0005
vn -0.9473 0.3204 0.0029
vn -0.6506 -0.7594 -0.0005
vn -0.0505 -0.9979 0.0408
vn -0.5324 -0.8463 0.0144
vn 0.2802 -0.9599 -0.0033
vn -0.5325 -0.8463 0.0144
vn -0.6507 -0.7593 -0.0005
vn -0.5324 -0.8463 0.0145
vn -0.9473 0.3204 0.0030
vn 0.2803 -0.9599 -0.0032
vn 0.8878 -0.4602 -0.0025
vn 0.9974 -0.0716 0.0121
vn -0.4080 -0.9130 0.0050
vn -0.9986 0.0483 -0.0216
vn -0.4079 -0.9130 0.0050
vn 0.9974 -0.0717 0.0120
vn 0.7388 -0.6739 0.0015
vn 0.2802 -0.9599 -0.0032
vn 0.0109 -0.9995 0.0311
vn 0.9993 -0.0359 -0.0115
vn 0.7388 -0.6739 0.0016
vn -0.8459 -0.5332 0.0152
vn -0.9986 0.0483 -0.0217
vn -0.8458 -0.5332 0.0152
vn -0.6021 -0.7984 0.0085
vn -0.6020 -0.7984 0.0085
vn 0.0110 -0.9995 0.0311
vn 0.2803 -0.9599 -0.0033
vn 0.3662 -0.9285 0.0609
vn 0.0109 -0.9995 0.0312
vn -0.2688 -0.9632 -0.0011
vn -0.2686 -0.9632 -0.0012
vn -0.9959 0.0877 0.0231
vn 0.3663 -0.9285 0.0609
vn 0.7388 -0.6740 0.0016
vn -0.2687 -0.9632 -0.0012
vn 0.3663 -0.9285 0.0608
vn 0.6293 -0.7745 0.0634
vn 0.3937 -0.9192 0.0051
vn -0.5764 -0.8146 0.0647
vn -0.5765 -0.8145 0.0647
vn 0.6293 -0.7745 0.0635
vn 0.3936 -0.9193 0.0051
vn -0.2686 -0.9632 -0.0011
vn 0.6294 -0.7745 0.0635
vn 0.9073 -0.4204 -0.0008
vn 0.3936 -0.9193 0.0052
vn -0.8671 -0.4970 0.0340
vn -0.9717 0.2360 -0.0083
vn -0.9959 0.0876 0.0231
vn -0.0615 -0.9976 0.0313
vn -0.5764 -0.8146 0.0646
vn -0.9932 -0.1107 -0.0365
vn -0.9255 0.3751 -0.0526
vn -0.7610 0.6460 -0.0596
vn -0.9255 0.3752 -0.0526
vn -0.4549 0.8902 -0.0231
vn -0.9504 0.3082 -0.0422
vn -0.9255 0.3751 -0.0525
vn -0.4474 0.8943 -0.0070
vn -0.9504 0.3082 -0.0423
vn 0.3369 0.9411 0.0283
vn 0.8183 0.5748 0.0057
vn 0.5746 0.8185 0.0021
vn -0.0883 0.9934 -0.0738
vn 0.3369 0.9411 0.0282
vn 0.5745 0.8185 0.0021
vn -0.4549 0.8903 -0.0231
vn -0.0883 0.9934 -0.0737
vn -0.9473 0.3203 0.0029
vn -0.3794 0.9252 -0.0075
vn -0.3795 0.9252 -0.0075
vn 0.3368 0.9411 0.0282
vn -0.0573 0.9981 -0.0234
vn -0.8453 0.5343 -0.0051
vn -0.9473 0.3203 0.0030
vn -0.0573 0.9981 -0.0233
vn 0.8183 0.5747 0.0056
vn -0.0574 0.9981 -0.0234
vn -0.5869 0.8082 -0.0476
vn -0.9986 0.0482 -0.0216
vn 0.8183 0.5747 0.0057
vn 0.6424 0.7661 -0.0208
vn 0.9600 0.2734 0.0611
vn 0.9599 0.2735 0.0611
vn 0.9974 -0.0717 0.0121
vn -0.8453 0.5343 -0.0052
vn -0.5869 0.8083 -0.0476
vn 0.6424 0.7661 -0.0207
vn 0.9060 -0.4230 0.0181
vn 0.9848 -0.1611 0.0655
vn 0.5746 0.8184 0.0021
vn 0.8184 0.5747 0.0057
vn -0.9973 0.0544 0.0489
vn -0.9874 -0.1400 0.0743
vn -0.9973 0.0544 0.0488
vn -0.7071 0.7070 -0.0064
vn 0.8878 -0.4601 -0.0026
vn 0.9600 0.2734 0.0610
vn -0.9100 0.4124 -0.0432
vn -0.9986 0.0482 -0.0217
vn -0.8459 -0.5331 0.0152
vn 0.6425 0.7660 -0.0207
vn 0.2830 0.9591 -0.0096
vn 0.2831 0.9590 -0.0096
vn 0.8955 0.4432 -0.0418
vn -0.6334 0.7723 0.0488
vn 0.2830 0.9591 -0.0095
vn -0.5870 0.8082 -0.0476
vn -0.9959 0.0877 0.0232
vn -0.6187 0.7851 -0.0280
vn -0.6334 0.7723 0.0489
vn -0.9717 0.2361 -0.0083
vn -0.8607 0.5075 -0.0410
vn -0.8606 0.5076 -0.0409
vn -0.2222 0.9740 -0.0447
vn -0.6187 0.7851 -0.0281
vn -0.2222 0.9740 -0.0448
vn 0.6866 0.7250 -0.0555
vn -0.9772 0.2122 0.0065
vn -0.8671 -0.4969 0.0340
vn -0.2221 0.9740 -0.0447
vn -0.7534 0.6546 -0.0625
vn 0.9073 -0.4204 -0.0009
vn 0.9994 0.0332 0.0007
vn 0.7499 -0.6549 -0.0936
vn -0.0401 0.9979 -0.0510
vn -0.0400 0.9979 -0.0511
vn 0.7171 0.6915 -0.0872
vn 0.7171 0.6915 -0.0871
vn 0.9974 -0.0716 0.0120
vn 0.8955 0.4431 -0.0418
vn 0.9993 -0.0358 -0.0115
vn 0.6293 -0.7746 0.0634
vn 0.9073 -0.4205 -0.0009
vn 0.9994 0.0333 0.0007
vn -0.2293 -0.9734 0.0011
vn -0.9933 -0.1131 -0.0219
vn -0.7292 -0.6828 -0.0454
vn -0.2293 -0.9733 0.0011
vn -0.9016 -0.4318 0.0259
vn -0.9933 -0.1131 -0.0220
vn -0.2294 -0.9733 0.0011
vn -0.0907 -0.9934 0.0700
vn -0.9016 -0.4317 0.0259
vn -0.9650 0.2614 -0.0191
vn -0.9933 -0.1132 -0.0220
vn -0.2293 -0.9734 0.0012
vn 0.2337 -0.9661 0.1095
vn -0.0906 -0.9934 0.0701
vn 0.5372 -0.8289 0.1559
vn 0.4309 -0.9013 0.0440
vn -0.9932 -0.1108 -0.0365
vn -0.9651 0.2614 -0.0191
vn -0.9016 -0.4317 0.0260
vn 0.4310 -0.9013 0.0440
vn 0.9059 -0.4230 0.0180
vn 0.5876 -0.7437 0.3187
vn 0.9433 -0.1134 0.3120
vn 0.2337 -0.9661 0.1096
vn 0.9068 0.3353 0.2554
vn 0.9433 -0.1135 0.3120
vn 0.5875 -0.7438 0.3188
vn 0.9611 -0.2137 0.1751
vn 0.9068 0.3354 0.2553
vn 0.6369 0.7084 0.3042
vn 0.8445 0.4433 0.3006
vn -0.8395 -0.1475 0.5230
vn -0.7100 0.3795 0.5932
vn -0.3753 -0.9215 0.1000
vn -0.7265 0.6836 -0.0704
vn -0.7117 0.6937 -0.1111
vn -0.7265 0.6835 -0.0702
vn 0.0556 0.9897 -0.1317
vn -0.0394 0.9991 -0.0156
vn -0.7265 0.6835 -0.0703
vn 0.4070 0.9133 0.0128
vn -0.0394 0.9991 -0.0157
vn -0.7117 0.6937 -0.1112
vn -0.3445 0.9346 -0.0883
vn 0.8335 0.5516 0.0302
vn -0.9651 0.2613 -0.0191
vn -0.3444 0.9346 -0.0883
vn -0.1999 0.9798 0.0060
vn 0.2049 0.9788 -0.0047
vn -0.7610 0.6460 -0.0597
vn 0.9847 -0.1612 0.0656
vn 0.5372 -0.8290 0.1559
vn 0.0491 0.9981 0.0361
vn 0.4069 0.9134 0.0128
vn 0.8335 0.5517 0.0302
vn 0.9611 -0.2136 0.1751
vn 0.8335 0.5517 0.0303
vn 0.0557 0.9897 -0.1317
vn 0.4070 0.9134 0.0128
vn 0.2050 0.9788 -0.0048
vn -0.1801 -0.9639 0.1963
vn -0.1159 -0.9911 0.0661
vn -0.7191 -0.6733 0.1719
vn -0.7191 -0.6733 0.1718
vn -0.8154 0.4794 0.3246
vn -0.9868 0.1276 0.0993
vn -0.8154 0.4794 0.3245
vn 0.0861 0.9963 0.0017
vn -0.2078 0.9742 0.0876
vn -0.0648 -0.9978 -0.0156
vn -0.7999 -0.5976 0.0554
vn -0.9868 0.1277 0.0994
vn 0.5746 0.8185 0.0020
vn -0.0402 -0.9988 -0.0270
vn -0.7999 -0.5975 0.0555
vn -0.7999 -0.5975 0.0554
vn -0.9354 -0.0730 -0.3460
vn -0.7455 -0.3406 -0.5729
vn -0.9284 -0.3716 -0.0017
vn 0.1737 -0.9824 0.0693
vn -0.7013 -0.6031 0.3800
vn -0.9284 -0.3717 -0.0017
vn -0.7013 -0.6032 0.3800
vn -0.9026 -0.0176 0.4301
vn -0.0616 -0.9976 0.0314
vn -0.8671 -0.4970 0.0339
vn -0.6254 -0.7796 0.0324
vn -0.0668 -0.9970 0.0401
vn -0.6253 -0.7797 0.0324
vn -0.0615 -0.9976 0.0314
vn 0.7499 -0.6550 -0.0935
vn 0.9436 -0.3260 0.0571
vn 0.9436 -0.3260 0.0570
vn -0.0667 -0.9970 0.0401
vn -0.6254 -0.7797 0.0324
vn -0.7001 -0.7140 0.0010
vn -0.7002 -0.7140 0.0010
vn -0.9815 -0.1883 0.0344
vn -0.0666 -0.9970 0.0400
vn 0.9571 -0.2632 0.1210
vn 0.8534 -0.5086 -0.1143
vn -0.1803 -0.9793 -0.0921
vn 0.6331 -0.7738 0.0180
vn 0.8534 -0.5087 -0.1143
vn 0.9982 0.0256 -0.0537
vn -0.0668 -0.9970 0.0400
vn -0.1803 -0.9793 -0.0920
vn -0.7001 -0.7141 0.0010
vn -0.0021 -0.9975 0.0700
vn -0.1039 -0.9887 -0.1085
vn -0.9648 -0.1427 -0.2210
vn -0.7192 -0.5022 -0.4803
vn -0.7002 -0.7140 0.0011
vn -0.7191 -0.5022 -0.4803
vn 0.8453 -0.4405 0.3025
vn -0.1039 -0.9886 -0.1085
vn 0.6332 -0.7738 0.0180
vn -0.1804 -0.9793 -0.0920
vn -0.1039 -0.9887 -0.1084
vn 0.8452 -0.4405 0.3025
vn 0.7886 -0.4288 0.4408
vn -0.7191 -0.5021 -0.4803
vn -0.7455 -0.3406 -0.5730
vn -0.9647 -0.1428 -0.2211
vn -0.8036 -0.1231 -0.5823
vn 0.7885 -0.4288 0.4409
vn 0.7847 -0.1081 0.6104
vn 0.5154 -0.7423 0.4282
vn 0.7886 -0.4287 0.4408
vn 0.7885 -0.4287 0.4409
vn 0.9489 0.1649 0.2689
vn -0.7455 -0.3405 -0.5730
vn -0.7454 -0.3406 -0.5730
vn -0.0020 -0.9975 0.0700
vn 0.1736 -0.9824 0.0693
vn 0.1983 -0.9799 -0.0198
vn 0.1738 -0.9823 0.0692
vn 0.9805 -0.1563 -0.1192
vn 0.1984 -0.9799 -0.0199
vn 0.8400 -0.2804 0.4645
vn 0.9805 -0.1564 -0.1191
vn 0.5154 -0.7422 0.4282
vn 0.8400 -0.2805 0.4645
vn 0.6331 -0.7739 0.0180
vn 0.9527 -0.2133 0.2165
vn -0.9354 -0.0731 -0.3460
vn -0.8494 0.0681 -0.5234
vn -0.8493 0.0681 -0.5235
vn -0.9353 -0.0731 -0.3461
vn -0.9709 0.0648 -0.2305
vn -0.9284 -0.3717 -0.0018
vn -0.9474 0.3174 0.0408
vn -0.9709 0.0648 -0.2304
vn -0.9284 -0.3716 -0.0018
vn -0.9474 0.3173 0.0408
vn -0.0401 0.9979 -0.0511
vn -0.7533 0.6547 -0.0625
vn -0.1834 0.9764 -0.1139
vn 0.7830 0.6214 -0.0272
vn -0.1833 0.9764 -0.1139
vn 0.7831 0.6213 -0.0272
vn -0.9772 0.2121 0.0065
vn -0.7201 0.6906 -0.0663
vn -0.7201 0.6907 -0.0663
vn 0.0010 0.9873 -0.1589
vn 0.0011 0.9873 -0.1589
vn 0.9792 0.2030 -0.0028
vn 0.9802 0.1791 -0.0839
vn 0.5099 0.8557 -0.0879
vn 0.9792 0.2031 -0.0028
vn -0.7202 0.6906 -0.0663
vn -0.9075 0.4199 -0.0077
vn -0.1698 0.9814 -0.0896
vn -0.1699 0.9814 -0.0897
vn 0.5100 0.8557 -0.0878
vn 0.9802 0.1792 -0.0838
vn 0.9802 0.1792 -0.0839
vn 0.5100 0.8557 -0.0879
vn 0.8830 0.4694 0.0010
vn 0.8830 0.4693 0.0011
vn 0.8830 0.4693 0.0010
vn -0.1699 0.9814 -0.0896
vn 0.5758 0.8173 0.0227
vn 0.9994 0.0333 0.0008
vn -0.7892 0.1484 -0.5959
vn -0.7893 0.1484 -0.5959
vn -0.9493 0.2661 -0.1674
vn -0.9815 -0.1882 0.0344
vn -0.4441 0.8664 -0.2282
vn -0.1698 0.9814 -0.0897
vn -0.9075 0.4200 -0.0078
vn -0.4441 0.8664 -0.2283
vn -0.9648 -0.1427 -0.2211
vn 0.9527 -0.2132 0.2166
vn 0.8452 -0.4406 0.3026
vn 0.7546 0.1474 0.6395
vn 0.6579 0.6677 0.3483
vn 0.7658 0.2575 0.5893
vn -0.2644 0.9162 -0.3010
vn 0.0069 0.9933 -0.1152
vn -0.7893 0.1484 -0.5958
vn -0.4442 0.8664 -0.2282
vn 0.5758 0.8173 0.0228
vn 0.6578 0.6678 0.3483
vn 0.3749 0.9176 0.1318
vn 0.6578 0.6677 0.3484
vn 0.9805 -0.1565 -0.1191
vn 0.9212 0.0546 0.3854
vn 0.9573 -0.0307 -0.2876
vn -0.8493 0.0682 -0.5235
vn -0.2643 0.9163 -0.3010
vn -0.8493 0.0681 -0.5234
vn -0.3786 0.9237 -0.0586
vn -0.3786 0.9237 -0.0585
vn 0.3750 0.9176 0.1318
vn 0.9529 0.2405 0.1850
vn 0.7658 0.2575 0.5892
vn 0.3750 0.9176 0.1319
vn 0.2919 0.9474 -0.1311
vn 0.9493 0.2875 -0.1269
vn 0.6579 0.6677 0.3484
vn 0.7658 0.2576 0.5893
vn 0.9982 0.0257 -0.0537
vn 0.9527 -0.2133 0.2166
vn -0.8114 -0.1537 0.5639
vn -0.7014 -0.6031 0.3800
vn -0.5722 -0.7141 0.4033
vn -0.7013 -0.6032 0.3799
vn -0.5721 -0.7142 0.4033
vn 0.8029 -0.0911 -0.5892
vn 0.9805 -0.1565 -0.1192
vn 0.2717 -0.9004 -0.3397
vn 0.1984 -0.9799 -0.0198
vn 0.9572 -0.0307 -0.2877
vn 0.8029 -0.0911 -0.5891
vn 0.2718 -0.9004 -0.3397
vn -0.5722 -0.7141 0.4032
vn -0.5561 -0.4266 0.7133
vn 0.3692 -0.4495 -0.8134
vn 0.2718 -0.9004 -0.3396
vn 0.0558 -0.9567 -0.2857
vn -0.5562 -0.4266 0.7132
vn -0.3218 -0.5853 0.7443
vn -0.5562 -0.4265 0.7132
vn -0.3219 -0.5852 0.7443
vn -0.2926 0.0164 0.9561
vn -0.2927 0.0164 0.9561
vn -0.4232 0.1468 0.8941
vn 0.3691 -0.4495 -0.8135
vn -0.1361 -0.0977 0.9859
vn 0.0589 -0.4891 -0.8702
vn 0.0557 -0.9567 -0.2858
vn 0.3691 -0.4494 -0.8135
vn 0.0590 -0.4892 -0.8702
vn -0.0729 -0.9961 -0.0494
vn 0.0558 -0.9567 -0.2858
vn 0.2438 -0.0538 -0.9683
vn 0.0590 -0.4891 -0.8702
vn -0.0831 -0.9404 -0.3299
vn -0.3306 -0.3715 -0.8675
vn -0.0832 -0.9404 -0.3299
vn 0.0589 -0.4892 -0.8702
vn -0.0832 -0.9403 -0.3299
vn 0.0581 -0.8675 0.4941
vn -0.3306 -0.3716 -0.8675
vn -0.5798 -0.6084 -0.5418
vn -0.0832 -0.9404 -0.3298
vn 0.0955 -0.9682 0.2311
vn -0.5799 -0.6084 -0.5419
vn 0.0956 -0.9682 0.2311
vn 0.0580 -0.8674 0.4941
vn -0.0867 -0.1764 -0.9805
vn -0.3306 -0.3715 -0.8676
vn -0.3420 -0.0148 -0.9396
vn 0.0580 -0.8675 0.4941
vn -0.1360 -0.0976 0.9859
vn -0.3219 -0.5852 0.7442
vn -0.1361 -0.0976 0.9859
vn -0.1228 0.2224 0.9672
vn -0.2926 0.0165 0.9561
vn 0.1958 0.1465 0.9696
vn 0.2102 -0.0401 0.9768
vn -0.8114 -0.1536 0.5639
vn -0.9026 -0.0177 0.4302
vn -0.8032 -0.1092 0.5856
vn -0.9026 -0.0176 0.4302
vn -0.6143 0.3966 0.6821
vn -0.4274 0.8883 0.1680
vn -0.8032 -0.1093 0.5855
vn -0.6143 0.3967 0.6822
vn 0.9493 0.2876 -0.1269
vn 0.8144 0.1220 -0.5673
vn -0.7480 -0.0662 0.6604
vn -0.7480 -0.0661 0.6604
vn -0.8033 -0.1092 0.5855
vn -0.8115 -0.1536 0.5638
vn -0.8033 -0.1093 0.5855
vn 0.4440 0.1864 -0.8764
vn 0.4803 0.0248 -0.8768
vn 0.4802 0.0248 -0.8768
vn -0.6143 0.3967 0.6821
vn -0.1736 0.7204 0.6714
vn 0.1259 0.9902 -0.0603
vn -0.4274 0.8883 0.1681
vn 0.8144 0.1220 -0.5674
vn 0.0206 0.9975 0.0679
vn 0.1259 0.9902 -0.0604
vn 0.0206 0.9975 0.0680
vn -0.4273 0.8884 0.1680
vn 0.1258 0.9902 -0.0603
vn -0.0866 -0.1764 -0.9805
vn -0.0934 0.2998 -0.9494
vn 0.2066 0.1820 -0.9613
vn 0.0437 0.9374 -0.3456
vn 0.2067 0.1820 -0.9613
vn -0.0934 0.2997 -0.9494
vn 0.2291 0.8064 0.5453
vn 0.0437 0.9374 -0.3455
vn 0.0137 0.9345 0.3558
vn -0.3420 -0.0147 -0.9396
vn -0.3399 0.2195 -0.9145
vn -0.3400 0.2195 -0.9144
vn 0.0438 0.9374 -0.3455
vn 0.2290 0.8064 0.5453
vn -0.4679 0.6871 -0.5559
vn 0.2291 0.8064 0.5452
vn 0.1959 0.1466 0.9696
vn 0.4440 0.1863 -0.8764
vn 0.1258 0.9902 -0.0604
vn 0.0438 0.9374 -0.3456
vn 0.2066 0.1820 -0.9614
vn 0.4439 0.1864 -0.8765
vn -0.1228 0.2225 0.9672
vn -0.1736 0.7204 0.6715
vn 0.2102 -0.0400 0.9768
vn 0.3645 0.1247 0.9228
vn 0.1959 0.1465 0.9696
vn 0.3645 0.1248 0.9228
vn -0.6411 -0.7675 -0.0027
vn -0.0739 -0.9970 -0.0249
vn -0.0739 -0.9970 -0.0250
vn 0.9371 -0.3482 0.0244
vn 0.8277 -0.5611 -0.0032
vn -0.1553 -0.9870 -0.0417
vn -0.9239 -0.3695 -0.0995
vn -0.1554 -0.9870 -0.0417
vn -0.4100 -0.9094 0.0691
vn -0.7419 -0.6701 -0.0233
vn -0.4101 -0.9094 0.0691
vn -0.0738 -0.9970 -0.0250
vn -0.0826 -0.9914 -0.1018
vn -0.1553 -0.9870 -0.0418
vn -0.0827 -0.9914 -0.1018
vn -0.0827 -0.9914 -0.1017
vn -0.4100 -0.9095 0.0691
vn -0.7420 -0.6700 -0.0233
vn -0.4125 -0.8399 -0.3528
vn 0.9993 -0.0196 0.0306
vn 0.9888 -0.1382 0.0556
vn 0.8278 -0.5611 -0.0032
vn 0.0066 -0.9924 -0.1226
vn -0.6691 -0.7258 -0.1598
vn 0.8697 -0.4015 -0.2871
vn 0.0065 -0.9924 -0.1225
vn -0.7419 -0.6701 -0.0234
vn -0.6690 -0.7258 -0.1599
vn -0.9924 0.0837 0.0897
vn -0.9919 0.0899 -0.0898
vn -0.0825 -0.9914 -0.1019
vn 0.8279 -0.5608 -0.0032
vn 0.8697 -0.4013 -0.2873
vn 0.9231 0.0726 -0.3776
vn 0.8697 -0.4014 -0.2872
vn 0.9888 -0.1382 0.0557
vn 0.0066 -0.9924 -0.1225
vn -0.7813 -0.4670 0.4140
vn -0.2264 -0.9665 0.1213
vn 0.0066 -0.9925 -0.1225
vn 0.7347 -0.6103 -0.2961
vn -0.7813 -0.4671 0.4140
vn -0.9924 0.0837 0.0898
vn 0.9231 0.0727 -0.3777
vn 0.8577 -0.0373 -0.5128
vn 0.7348 -0.6103 -0.2960
vn 0.8577 -0.0372 -0.5128
vn 0.7348 -0.6103 -0.2961
vn -0.7812 -0.4672 0.4140
vn -0.2264 -0.9665 0.1212
vn -0.7955 -0.3649 0.4838
vn -0.7955 -0.3648 0.4838
vn -0.7564 -0.0891 0.6480
vn -0.7847 0.0961 0.6123
vn -0.7565 -0.0891 0.6479
vn -0.9703 0.0273 0.2405
vn -0.2400 -0.9707 0.0135
vn -0.2264 -0.9664 0.1213
vn -0.2401 -0.9707 0.0135
vn -0.2401 -0.9707 0.0134
vn -0.9703 0.0274 0.2405
vn -0.9532 -0.1658 -0.2528
vn 0.9194 -0.3915 0.0381
vn -0.9532 -0.1658 -0.2527
vn -0.9638 0.1072 -0.2441
vn -0.9703 0.0274 0.2404
vn 0.9821 0.0464 0.1827
vn 0.8967 0.1135 0.4278
vn 0.9280 -0.2349 0.2892
vn 0.9194 -0.3915 0.0382
vn 0.9280 -0.2349 0.2891
vn -0.8200 0.5720 -0.0200
vn -0.9863 0.1574 -0.0497
vn -0.9239 -0.3695 -0.0996
vn -0.8394 -0.5424 -0.0342
vn -0.6940 0.7188 -0.0416
vn -0.0864 0.9960 -0.0244
vn -0.5270 0.8268 -0.1965
vn -0.6940 0.7187 -0.0416
vn 0.3530 0.9349 0.0364
vn 0.7926 0.6057 0.0704
vn 0.9901 0.1350 0.0384
vn 0.8277 -0.5611 -0.0031
vn 0.8665 0.4966 0.0509
vn 0.9993 -0.0197 0.0306
vn -0.9547 0.2944 -0.0432
vn 0.8665 0.4966 0.0510
vn 0.6676 0.7438 0.0306
vn 0.9993 -0.0197 0.0307
vn -0.6298 0.7767 0.0017
vn -0.9547 0.2944 -0.0431
vn -0.0109 0.9984 0.0547
vn -0.6298 0.7768 0.0018
vn -0.9547 0.2943 -0.0431
vn -0.2819 0.9593 -0.0182
vn -0.0109 0.9984 0.0548
vn -0.6297 0.7768 0.0018
vn -0.2820 0.9593 -0.0182
vn -0.9919 0.0900 -0.0899
vn -0.9547 0.2943 -0.0432
vn -0.9547 0.2943 -0.0430
vn -0.9919 0.0900 -0.0898
vn 0.9687 0.2457 0.0364
vn 0.6677 0.7438 0.0306
vn 0.4357 0.8773 -0.2015
vn 0.9686 0.2458 0.0364
vn -0.0108 0.9984 0.0547
vn 0.9231 0.0726 -0.3777
vn -0.3275 0.9433 0.0538
vn -0.2818 0.9593 -0.0182
vn -0.9924 0.0837 0.0896
vn -0.2814 0.9567 0.0745
vn -0.7506 0.4450 0.4884
vn 0.4357 0.8772 -0.2015
vn 0.3594 0.9116 -0.1995
vn 0.8584 0.1036 -0.5024
vn -0.7847 0.0961 0.6124
vn -0.7506 0.4450 0.4885
vn -0.3562 0.9279 0.1099
vn -0.9503 0.2533 0.1812
vn 0.4356 0.8773 -0.2015
vn 0.8584 0.1037 -0.5024
vn 0.9791 0.0915 -0.1815
vn 0.8584 0.1037 -0.5023
vn -0.8281 0.4936 -0.2659
vn -0.9503 0.2532 0.1812
vn -0.0950 0.9846 -0.1469
vn -0.8281 0.4935 -0.2659
vn 0.9791 0.0914 -0.1815
vn 0.7048 0.6872 0.1762
vn 0.9821 0.0465 0.1827
vn -0.8334 -0.0258 -0.5520
vn -0.5574 -0.0524 -0.8286
vn -0.4678 0.6871 -0.5559
vn -0.5798 -0.6084 -0.5419
vn -0.3306 -0.3716 -0.8676
vn -0.5574 -0.0525 -0.8286
vn 0.3757 -0.5198 0.7673
vn 0.5625 -0.1569 0.8118
vn 0.1802 -0.9297 0.3212
vn -0.9532 -0.1659 -0.2527
vn -0.5799 -0.6084 -0.5418
vn -0.8335 -0.0259 -0.5520
vn -0.2401 -0.9707 0.0133
vn 0.0954 -0.9682 0.2311
vn -0.5800 -0.6083 -0.5419
vn 0.1802 -0.9298 0.3211
vn 0.0955 -0.9682 0.2310
vn 0.1802 -0.9297 0.3211
vn 0.4009 -0.9030 0.1545
vn 0.7687 -0.1892 0.6110
vn 0.9194 -0.3914 0.0381
vn 0.4010 -0.9030 0.1545
vn 0.6345 0.5575 0.5354
vn 0.5625 -0.1570 0.8118
vn -0.4678 0.6872 -0.5559
vn -0.8318 0.1880 -0.5223
vn -0.8334 -0.0258 -0.5521
vn -0.3421 -0.0147 -0.9396
vn 0.4621 0.2142 0.8606
vn 0.3646 0.1247 0.9228
vn -0.5573 -0.0524 -0.8286
vn 0.6345 0.5574 0.5354
vn -0.4679 0.6871 -0.5558
vn 0.6344 0.5575 0.5355
vn -0.0949 0.9846 -0.1469
vn 0.4620 0.2143 0.8606
vn 0.2290 0.8064 0.5452
vn 0.4620 0.2142 0.8606
vn 0.6344 0.5575 0.5354
vn -0.9638 0.1072 -0.2442
vn -0.8318 0.1880 -0.5222
vn -0.8334 -0.0259 -0.5520
vn -0.9638 0.1071 -0.2441
vn -0.0950 0.9846 -0.1470
vn -0.8281 0.4935 -0.2660
vn -0.8319 0.1880 -0.5222
vn -0.8318 0.1881 -0.5222
vn 0.0491 0.9981 0.0360
vn 0.1258 0.9891 -0.0760
vn -0.3209 -0.9462 -0.0413
vn 0.0861 0.9963 0.0019
vn 0.9778 -0.2013 -0.0581
vn 0.7756 0.6303 -0.0337
vn 0.6940 -0.7176 -0.0587
vn -0.7533 0.6533 0.0755
vn -0.5528 0.8305 0.0684
vn 0.5665 -0.8238 -0.0225
vn 0.7376 -0.6561 0.1594
vn -0.9880 0.1461 0.0496
vn -0.3512 0.9363 0.0070
vn 0.1631 0.9858 -0.0405
vn -0.9880 0.1461 0.0497
vn -0.9209 0.3726 0.1145
vn 0.2036 0.9743 0.0968
vn 0.0871 0.9593 0.2686
vn -0.9847 0.1076 0.1370
vn 0.4393 0.8785 -0.1880
vn 0.7499 -0.6549 -0.0935
vn 0.9073 -0.4205 -0.0008
vn 0.3368 0.9411 0.0283
vn -0.5325 -0.8463 0.0145
vn 0.8183 0.5748 0.0056
vn 0.9897 -0.1426 0.0158
vn -0.9100 0.4124 -0.0433
vn 0.6865 0.7250 -0.0554
vn 0.6866 0.7249 -0.0555
vn 0.9848 -0.1611 0.0656
vn 0.9611 -0.2136 0.1752
vn -0.7117 0.6936 -0.1111
vn -0.3444 0.9346 -0.0884
vn -0.7100 0.3794 0.5932
vn 0.0211 0.9987 -0.0458
vn 0.5746 0.8184 0.0020
vn 0.2050 0.9788 -0.0047
vn -0.9868 0.1277 0.0993
vn -0.7534 0.6532 0.0755
vn -0.9868 0.1278 0.0993
vn -0.9973 0.0545 0.0488
vn -0.5529 0.8304 0.0684
vn -0.7534 0.6532 0.0756
vn 0.9437 -0.3260 0.0569
vn 0.8534 -0.5086 -0.1142
vn 0.8452 -0.4406 0.3025
vn 0.9490 0.1649 0.2689
vn 0.5154 -0.7423 0.4283
vn -0.9709 0.0648 -0.2303
vn -0.4273 0.8883 0.1680
vn -0.9474 0.3174 0.0407
vn -0.7533 0.6547 -0.0626
vn 0.9571 -0.2632 0.1211
vn 0.9437 -0.3260 0.0570
vn -0.9076 0.4199 -0.0077
vn 0.9994 0.0332 0.0008
vn 0.9982 0.0257 -0.0536
vn 0.7847 -0.1080 0.6104
vn 0.9489 0.1648 0.2690
vn 0.7546 0.1474 0.6394
vn 0.5758 0.8172 0.0227
vn 0.9211 0.0546 0.3854
vn 0.9528 0.2405 0.1851
vn 0.8400 -0.2804 0.4644
vn 0.9212 0.0546 0.3853
vn 0.9573 -0.0306 -0.2876
vn 0.2919 0.9474 -0.1310
vn 0.3749 0.9177 0.1318
vn -0.4273 0.8883 0.1681
vn 0.3749 0.9176 0.1319
vn 0.9528 0.2406 0.1851
vn -0.8115 -0.1537 0.5638
vn 0.8028 -0.0911 -0.5892
vn 0.3692 -0.4494 -0.8135
vn 0.4803 0.0247 -0.8768
vn 0.2438 -0.0539 -0.9683
vn -0.1737 0.7204 0.6715
vn -0.6144 0.3966 0.6821
vn -0.4231 0.1468 0.8941
vn 0.0205 0.9975 0.0680
vn -0.6143 0.3966 0.6822
vn -0.4231 0.1469 0.8941
vn 0.4440 0.1864 -0.8765
vn 0.1958 0.1466 0.9696
vn 0.8278 -0.5611 -0.0031
vn -0.7564 -0.0892 0.6480
vn -0.7956 -0.3648 0.4838
vn 0.8577 -0.0373 -0.5127
vn 0.8584 0.1035 -0.5024
vn 0.9791 0.0914 -0.1814
vn 0.9821 0.0464 0.1826
vn -0.8394 -0.5425 -0.0342
vn -0.0863 0.9960 -0.0243
vn 0.3530 0.9349 0.0365
vn 0.7925 0.6058 0.0704
vn 0.8145 0.5797 -0.0221
vn 0.9993 -0.0198 0.0307
vn 0.8277 -0.5612 -0.0031
vn 0.9901 0.1349 0.0385
vn -0.6298 0.7768 0.0017
vn 0.3529 0.9349 0.0365
vn 0.6677 0.7438 0.0307
vn 0.4357 0.8773 -0.2014
vn -0.2815 0.9567 0.0746
vn -0.3276 0.9433 0.0539
vn -0.2815 0.9567 0.0745
vn -0.9503 0.2532 0.1811
vn -0.9503 0.2533 0.1811
vn -0.9638 0.1072 -0.2440
vn 0.3594 0.9116 -0.1994
vn 0.8967 0.1136 0.4277
vn 0.5624 -0.1570 0.8118
vn 0.3757 -0.5198 0.7672
vn 0.5624 -0.1569 0.8118
vn 0.3757 -0.5197 0.7673
vn 0.7687 -0.1892 0.6109
vn 0.7688 -0.1892 0.6109
vn 0.8967 0.1136 0.4278
vn 0.6344 0.5574 0.5355
vn -0.1800 -0.9639 0.1962
vn -0.8395 -0.1475 0.5229
vn -0.3752 -0.9215 0.1001
vn 0.9362 -0.3510 -0.0204
vn 0.7164 -0.6962 0.0465
vn 0.1539 -0.9876 -0.0296
vn 0.4923 0.8664 -0.0837
vn 0.9839 0.1787 0.0090
vn 0.9361 -0.3511 -0.0204
vn 0.7164 -0.6962 0.0464
vn 0.0256 -0.9982 0.0536
vn 0.1538 -0.9877 -0.0297
vn 0.9839 0.1786 0.0090
vn 0.4248 -0.9040 0.0479
vn 0.7164 -0.6961 0.0465
vn 0.4924 0.8663 -0.0837
vn 0.1556 0.9877 0.0170
vn 0.9839 0.1786 0.0089
vn 0.1381 0.9895 -0.0423
vn 0.9839 0.1786 0.0091
vn 0.1556 0.9877 0.0171
vn 0.0255 -0.9982 0.0536
vn 0.7163 -0.6962 0.0465
vn -0.0112 -0.9994 0.0320
vn 0.8420 0.5382 -0.0379
vn 0.5984 -0.7995 -0.0523
vn 0.1382 0.9895 -0.0423
vn 0.8420 0.5382 -0.0378
vn 0.9801 0.1489 -0.1309
vn 0.8419 0.5382 -0.0379
vn -0.7599 -0.6499 0.0149
vn -0.0232 -0.9997 0.0006
vn -0.5840 -0.8115 0.0206
vn -0.7599 -0.6499 0.0151
vn -0.5840 -0.8115 0.0207
vn -0.9925 0.1185 0.0298
vn -0.9925 0.1186 0.0297
vn -0.5841 -0.8114 0.0206
vn -0.8330 0.5526 0.0265
vn -0.9539 -0.2967 -0.0456
vn -0.9322 0.3595 -0.0414
vn -0.2762 -0.9599 -0.0477
vn -0.7291 -0.6829 -0.0455
vn -0.1098 -0.9937 -0.0215
vn 0.0544 -0.9985 0.0040
vn -0.2763 -0.9599 -0.0477
vn -0.2763 -0.9599 -0.0476
vn 0.0544 -0.9985 0.0041
vn -0.7292 -0.6828 -0.0455
vn -0.8581 0.5101 -0.0592
vn -0.9539 -0.2966 -0.0455
vn -0.0231 -0.9997 0.0006
vn 0.0852 -0.9959 -0.0304
vn 0.3294 -0.9435 -0.0354
vn 0.2233 -0.9737 -0.0458
vn 0.3295 -0.9435 -0.0355
vn 0.9943 -0.0683 -0.0823
vn 0.3295 -0.9435 -0.0354
vn 0.2233 -0.9737 -0.0459
vn 0.0853 -0.9959 -0.0304
vn 0.9943 -0.0683 -0.0822
vn 0.3820 -0.9241 -0.0085
vn 0.2234 -0.9737 -0.0458
vn 0.2236 -0.9726 0.0637
vn 0.7749 0.6245 -0.0972
vn 0.7749 0.6245 -0.0973
vn 0.0545 -0.9985 0.0041
vn 0.3819 -0.9241 -0.0085
vn 0.3749 -0.8965 0.2360
vn 0.5875 -0.7438 0.3187
vn 0.0545 -0.9985 0.0040
vn 0.3819 -0.9241 -0.0084
vn 0.7750 0.6244 -0.0972
vn 0.9896 0.1434 0.0073
vn 0.3750 -0.8965 0.2361
vn 0.4469 0.8435 0.2980
vn 0.4468 0.8435 0.2980
vn 0.3750 -0.8965 0.2360
vn 0.5876 -0.7437 0.3188
vn -0.8330 0.5527 0.0265
vn -0.1909 0.9815 -0.0140
vn -0.0260 0.9996 -0.0143
vn -0.1908 0.9815 -0.0140
vn -0.9539 -0.2967 -0.0455
vn -0.6907 0.7222 -0.0373
vn -0.6907 0.7221 -0.0374
vn -0.0691 0.9976 -0.0002
vn -0.6630 0.7486 -0.0050
vn -0.0395 0.9991 -0.0157
vn -0.6630 0.7486 -0.0051
vn -0.9851 0.1203 -0.1233
vn -0.3448 0.9386 0.0113
vn -0.2771 0.9590 -0.0589
vn -0.0196 0.9994 -0.0288
vn 0.0224 0.9976 -0.0654
vn -0.2770 0.9591 -0.0589
vn 0.2663 0.9620 -0.0600
vn 0.1589 0.9814 0.1077
vn 0.0861 0.9959 -0.0263
vn 0.1537 -0.9877 -0.0296
vn 0.1957 0.9776 -0.0780
vn 0.0669 0.9971 -0.0353
vn 0.0225 0.9976 -0.0654
vn 0.2235 -0.9726 0.0637
vn 0.1590 0.9814 0.1077
vn 0.7750 0.6244 -0.0973
vn 0.0224 0.9976 -0.0653
vn 0.1382 0.9895 -0.0422
vn 0.0861 0.9959 -0.0264
vn 0.0864 0.9957 -0.0321
vn 0.1994 0.9796 -0.0241
vn 0.1588 0.9850 0.0671
vn 0.0863 0.9958 -0.0320
vn -0.0690 0.9976 -0.0002
vn -0.4470 -0.8945 0.0105
vn -0.9528 0.2530 0.1675
vn -0.9529 0.2530 0.1675
vn -0.4470 -0.8945 0.0106
vn -0.6545 -0.6055 0.4528
vn -0.9528 0.2531 0.1675
vn -0.7100 0.3794 0.5933
vn -0.9528 0.2531 0.1674
vn -0.6544 -0.6056 0.4528
vn 0.9343 -0.1319 0.3312
vn -0.0113 -0.9994 0.0320
vn -0.1042 -0.9935 0.0449
vn -0.1042 -0.9936 0.0448
vn -0.0113 -0.9994 0.0319
vn 0.0033 -0.9899 0.1415
vn 0.0033 -0.9899 0.1416
vn -0.4277 -0.8808 -0.2033
vn -0.5910 -0.7992 -0.1095
vn -0.9553 0.1677 -0.2437
vn -0.4278 -0.8807 -0.2032
vn 0.4395 -0.8935 -0.0918
vn 0.0588 -0.9969 -0.0524
vn -0.4617 0.8839 -0.0752
vn 0.2592 0.9000 -0.3505
vn -0.9553 0.1677 -0.2436
vn -0.4277 -0.8808 -0.2032
vn -0.5909 -0.7993 -0.1095
vn -0.4616 0.8839 -0.0752
vn 0.1306 0.9904 -0.0443
vn 0.2592 0.9000 -0.3504
vn 0.0450 0.9988 -0.0175
vn 0.1307 0.9904 -0.0443
vn 0.6927 0.6998 -0.1745
vn -0.1857 0.9772 -0.1029
vn 0.6456 0.1201 -0.7542
vn -0.3862 -0.9183 -0.0866
vn 0.4395 -0.8936 -0.0917
vn 0.4228 -0.9040 -0.0636
vn 0.0589 -0.9969 -0.0524
vn 0.0452 0.9988 -0.0176
vn 0.6928 0.6997 -0.1745
vn 0.1308 0.9904 -0.0443
vn -0.3862 -0.9183 -0.0867
vn -0.8119 0.5771 -0.0882
vn 0.6359 0.7546 -0.1618
vn 0.6455 0.1202 -0.7542
vn 0.6455 0.1202 -0.7543
vn 0.4281 -0.8887 -0.1643
vn -0.3862 -0.9184 -0.0866
vn -0.0443 -0.9989 0.0139
vn -0.3821 -0.9191 0.0961
vn -0.0443 -0.9989 0.0138
vn 0.4830 -0.8729 -0.0692
vn 0.4281 -0.8887 -0.1642
vn 0.1710 0.9834 -0.0611
vn 0.0133 -0.9985 -0.0524
vn -0.5909 -0.7993 -0.1094
vn -0.3098 -0.9506 -0.0216
vn -0.9797 -0.2002 -0.0028
vn -0.5910 -0.7992 -0.1094
vn -0.3098 -0.9506 -0.0215
vn 0.0146 -0.9988 0.0459
vn -0.9259 -0.3739 -0.0544
vn 0.0134 -0.9985 -0.0524
vn 0.1340 -0.9905 0.0301
vn -0.3098 -0.9506 -0.0214
vn 0.0146 -0.9988 0.0460
vn 0.0067 -0.9997 -0.0252
vn 0.6995 -0.6996 -0.1457
vn 0.1341 -0.9905 0.0301
vn 0.6995 -0.6996 -0.1456
vn 0.9787 -0.1899 -0.0785
vn 0.2228 -0.9747 -0.0178
vn 0.0402 -0.9990 -0.0217
vn 0.0066 -0.9997 -0.0252
vn -0.3946 -0.9186 -0.0225
vn -0.9258 -0.3740 -0.0544
vn -0.3946 -0.9186 -0.0226
vn -0.9958 0.0916 -0.0020
vn -0.0077 -0.9999 -0.0103
vn 0.0068 -0.9997 -0.0252
vn -0.1053 -0.9944 -0.0089
vn -0.7598 -0.6499 0.0150
vn -0.7470 0.6648 0.0068
vn 0.0137 -0.9990 -0.0417
vn 0.2752 -0.9602 -0.0484
vn 0.9746 -0.2206 -0.0389
vn 0.2753 -0.9601 -0.0485
vn -0.0078 -0.9999 -0.0103
vn 0.0136 -0.9990 -0.0417
vn 0.0201 -0.9991 -0.0380
vn -0.0077 -0.9999 -0.0104
vn 0.8559 -0.4984 -0.1378
vn 0.2752 -0.9602 -0.0485
vn 0.0201 -0.9991 -0.0379
vn 0.2165 -0.9763 -0.0030
vn 0.3296 -0.9435 -0.0355
vn 0.2166 -0.9763 -0.0030
vn -0.1053 -0.9944 -0.0088
vn -0.9798 -0.2002 -0.0027
vn -0.6729 0.7380 -0.0503
vn -0.0639 0.9978 -0.0176
vn -0.6729 0.7380 -0.0504
vn -0.0639 0.9978 -0.0175
vn -0.9015 0.4327 0.0021
vn -0.9798 -0.2002 -0.0028
vn -0.9016 0.4327 0.0021
vn -0.3098 -0.9505 -0.0215
vn -0.2820 0.9581 -0.0496
vn -0.9015 0.4328 0.0021
vn -0.9015 0.4327 0.0022
vn -0.9958 0.0915 -0.0019
vn -0.8517 0.5235 -0.0244
vn -0.8517 0.5234 -0.0245
vn -0.9093 0.4162 0.0061
vn -0.0205 0.9997 -0.0127
vn -0.2820 0.9581 -0.0495
vn -0.8517 0.5235 -0.0245
vn 0.6928 0.6997 -0.1744
vn 0.0451 0.9988 -0.0176
vn 0.7781 0.6120 -0.1416
vn 0.2196 0.9743 -0.0495
vn 0.7781 0.6120 -0.1415
vn -0.3821 -0.9191 0.0960
vn -0.3861 -0.9184 -0.0865
vn -0.3822 -0.9191 0.0961
vn -0.0893 -0.9959 -0.0176
vn -0.8119 0.5771 -0.0883
vn -0.8230 -0.5328 -0.1968
vn -0.8118 0.5772 -0.0882
vn -0.0893 -0.9958 -0.0176
vn -0.8118 0.5772 -0.0883
vn -0.1112 0.9924 -0.0523
vn -0.1858 0.9772 -0.1029
vn -0.9948 0.1014 0.0052
vn -0.1112 0.9924 -0.0522
vn -0.2819 0.9582 -0.0495
vn 0.2196 0.9743 -0.0496
vn -0.0638 0.9978 -0.0175
vn -0.0893 -0.9958 -0.0177
vn -0.3971 -0.9111 0.1108
vn 0.7780 0.6121 -0.1415
vn 0.2197 0.9743 -0.0495
vn -0.8230 -0.5329 -0.1969
vn -0.9948 0.1015 0.0052
vn -0.3972 -0.9110 0.1108
vn -0.8229 -0.5329 -0.1969
vn -0.0894 -0.9958 -0.0176
vn -0.2032 -0.9788 0.0269
vn -0.3971 -0.9111 0.1107
vn 0.1179 -0.9930 -0.0042
vn 0.1711 0.9834 -0.0611
vn 0.9870 0.1331 -0.0904
vn 0.9870 0.1332 -0.0904
vn 0.1710 0.9834 -0.0610
vn 0.4489 0.8870 -0.1082
vn 0.1180 -0.9930 -0.0043
vn -0.0893 -0.9959 -0.0177
vn 0.4830 -0.8729 -0.0691
vn 0.9870 0.1331 -0.0903
vn 0.1180 -0.9930 -0.0042
vn 0.2197 0.9743 -0.0496
vn 0.3482 0.9357 -0.0566
vn 0.6994 -0.6997 -0.1457
vn 0.3480 0.9358 -0.0568
vn -0.9948 0.1014 0.0053
vn -0.6405 0.7673 -0.0319
vn -0.7380 -0.6747 -0.0132
vn -0.6406 0.7672 -0.0319
vn 0.3163 0.9487 0.0030
vn 0.9786 -0.1900 -0.0785
vn 0.3480 0.9358 -0.0567
vn 0.9787 -0.1900 -0.0785
vn -0.2033 -0.9787 0.0269
vn -0.5387 -0.8407 0.0556
vn -0.7574 0.6496 0.0661
vn -0.1349 0.9905 -0.0269
vn -0.1348 0.9905 -0.0269
vn 0.0908 0.9941 -0.0593
vn -0.6406 0.7673 -0.0319
vn 0.6031 -0.7977 -0.0048
vn 0.0575 -0.9980 0.0264
vn 0.6031 -0.7976 -0.0048
vn 0.0908 0.9941 -0.0592
vn 0.4490 0.8870 -0.1082
vn 0.8343 0.5444 -0.0875
vn -0.2033 -0.9788 0.0269
vn -0.1737 -0.9835 0.0515
vn 0.0360 0.9982 -0.0487
vn -0.7574 0.6495 0.0662
vn -0.1348 0.9905 -0.0268
vn 0.0909 0.9941 -0.0592
vn -0.7470 0.6648 0.0067
vn -0.0204 0.9997 -0.0127
vn 0.1277 0.9917 -0.0116
vn 0.2651 0.9642 -0.0048
vn -0.9092 0.4162 0.0061
vn -0.3947 -0.9186 -0.0225
vn -0.9093 0.4162 0.0062
vn -0.0260 0.9996 -0.0142
vn -0.7471 0.6647 0.0068
vn -0.5388 -0.8406 0.0556
vn -0.4426 -0.8885 0.1212
vn 0.9746 -0.2205 -0.0388
vn 0.8559 -0.4984 -0.1377
vn -0.4272 0.8990 -0.0961
vn -0.5165 -0.8548 -0.0510
vn -0.4273 0.8990 -0.0962
vn 0.4280 0.9029 -0.0403
vn 0.8559 -0.4985 -0.1378
vn 0.4279 0.9029 -0.0402
vn -0.5164 -0.8548 -0.0510
vn -0.8910 -0.4539 0.0056
vn -0.8910 -0.4539 0.0057
vn -0.4272 0.8990 -0.0962
vn -0.4425 -0.8885 0.1212
vn -0.1483 -0.9882 0.0380
vn -0.1736 -0.9835 0.0515
vn 0.6031 -0.7976 -0.0049
vn 0.6176 -0.7859 -0.0299
vn 0.0576 -0.9980 0.0263
vn 0.6031 -0.7976 -0.0047
vn 0.9869 -0.1586 -0.0303
vn 0.6175 -0.7860 -0.0298
vn 0.5271 0.8479 -0.0574
vn 0.4535 0.8902 -0.0430
vn 0.0285 0.9988 -0.0409
vn 0.4535 0.8902 -0.0431
vn -0.1484 -0.9882 0.0380
vn -0.1758 -0.9834 0.0459
vn 0.6176 -0.7859 -0.0298
vn 0.0284 0.9988 -0.0409
vn 0.0359 0.9982 -0.0487
vn -0.4271 0.8991 -0.0962
vn 0.5420 0.8381 -0.0612
vn 0.5271 0.8479 -0.0575
vn 0.6031 -0.7977 -0.0049
vn 0.8343 0.5443 -0.0875
vn 0.4489 0.8870 -0.1081
vn 0.9869 -0.1585 -0.0304
vn 0.4536 0.8902 -0.0431
vn 0.9869 -0.1585 -0.0303
vn 0.5421 0.8381 -0.0613
vn 0.5272 0.8478 -0.0575
vn 0.5421 0.8381 -0.0612
vn 0.9796 0.1516 -0.1319
vn 0.9796 0.1516 -0.1318
vn 0.6826 -0.7255 -0.0879
vn 0.6176 -0.7860 -0.0298
vn 0.1957 0.9775 -0.0780
vn 0.9361 -0.3510 -0.0204
vn 0.9796 0.1517 -0.1319
vn 0.9361 -0.3510 -0.0203
vn 0.4229 -0.9040 -0.0636
vn 0.4831 -0.8729 -0.0691
vn 0.4282 -0.8886 -0.1643
vn 0.4396 -0.8935 -0.0917
vn 0.6927 0.6998 -0.1744
vn 0.4229 -0.9039 -0.0636
vn -0.4278 -0.8807 -0.2033
vn -0.9552 0.1677 -0.2437
vn -0.1757 -0.9834 0.0459
vn -0.8910 -0.4540 0.0057
vn -0.3753 -0.9215 0.1001
vn -0.1042 -0.9935 0.0448
vn 0.9343 -0.1320 0.3312
vn 0.1995 0.9796 -0.0241
vn 0.1589 0.9850 0.0671
vn 0.9343 -0.1319 0.3311
vn 0.1994 0.9796 -0.0240
vn 0.6370 0.7084 0.3042
vn 0.8419 0.5383 -0.0379
vn -0.1099 -0.9937 -0.0215
vn -0.3447 0.9386 0.0113
vn 0.1957 0.9776 -0.0781
vn 0.0210 0.9987 -0.0458
vn 0.0402 -0.9990 -0.0216
vn 0.1340 -0.9905 0.0302
vn 0.0067 -0.9997 -0.0253
vn 0.2227 -0.9747 -0.0178
vn 0.0136 -0.9990 -0.0418
vn 0.0200 -0.9991 -0.0379
vn -0.1054 -0.9944 -0.0089
vn -0.7599 -0.6499 0.0150
vn -0.0444 -0.9989 0.0139
vn -0.0894 -0.9958 -0.0177
vn -0.2819 0.9581 -0.0496
vn 0.3163 0.9486 0.0030
vn -0.1111 0.9924 -0.0522
vn 0.0909 0.9941 -0.0593
vn 0.0285 0.9988 -0.0408
vn 0.0668 0.9971 -0.0353
vn 0.5271 0.8478 -0.0574
vn 0.9746 -0.2206 -0.0390
vn -0.0112 -0.9994 0.0319
vn -0.0646 -0.9978 -0.0156
vn 0.2338 -0.9661 0.1095
vn -0.1158 -0.9911 0.0661
vn -0.2079 0.9742 0.0877
vn -0.3447 0.9386 0.0114
vn -0.7264 0.6836 -0.0703
vn 0.6370 0.7083 0.3042
vn 0.0492 0.9981 0.0360
vn -0.6545 -0.6056 0.4527
vn 0.0032 -0.9899 0.1416
vn -0.3098 -0.9505 -0.0214
vn -0.8517 0.5234 -0.0244
vn -0.4469 -0.8945 0.0104
vn -0.3752 -0.9215 0.1000
vn 0.5195 -0.7997 -0.3011
vn 0.2236 -0.9726 0.0636
vn 0.9896 0.1435 0.0073
vn 0.7750 0.6245 -0.0972
vn 0.2662 0.9620 -0.0600
vn -0.2087 -0.9760 0.0615
vn 0.0255 -0.9982 0.0535
vn -0.1909 -0.9704 -0.1481
vn -0.1909 -0.9704 -0.1480
vn 0.4248 -0.9040 0.0480
vn -0.1908 -0.9704 -0.1481
vn -0.1908 -0.9704 -0.1480
vn -0.3300 -0.9414 0.0705
vn -0.3300 -0.9414 0.0704
vn 0.1589 0.9814 0.1078
vn -0.3300 -0.9413 0.0705
vn 0.2237 -0.9726 0.0636
vn -0.3751 -0.9216 0.1000
vn 0.5195 -0.7996 -0.3011
vn 0.1538 -0.9877 -0.0296
vn 0.0411 -0.9990 0.0199
vn -0.6851 -0.7238 -0.0822
vn -0.9850 0.1204 -0.1233
vn -0.9034 -0.4121 -0.1185
vn -0.9850 0.1204 -0.1232
vn 0.0144 0.9998 -0.0127
vn 0.4280 0.9029 -0.0402
vn 0.8691 0.4689 -0.1573
vn 0.8559 -0.4985 -0.1377
vn 0.8692 0.4688 -0.1573
vn 0.3294 -0.9435 -0.0355
vn -0.0259 0.9996 -0.0142
vn 0.1505 0.9876 -0.0457
vn 0.1505 0.9875 -0.0457
vn 0.3747 0.9226 -0.0920
vn 0.3748 0.9225 -0.0920
vn -0.4663 -0.8846 -0.0118
vn 0.2204 0.9608 -0.1684
vn -0.4663 -0.8845 -0.0117
vn -0.4663 -0.8846 -0.0117
vn -0.2622 -0.9645 -0.0316
vn -0.9850 0.1203 -0.1233
vn -0.0181 -0.9993 -0.0328
vn 0.6825 -0.7256 -0.0879
vn -0.0182 -0.9993 -0.0328
vn 0.9362 -0.3510 -0.0203
vn 0.0411 -0.9990 0.0198
vn 0.2204 0.9608 -0.1683
vn -0.4662 -0.8846 -0.0117
vn -0.2240 -0.9735 -0.0458
vn 0.0143 0.9998 -0.0127
vn 0.6825 -0.7255 -0.0879
vn 0.5194 -0.7997 -0.3011
vn -0.0432 -0.9941 -0.0991
vn -0.6850 -0.7239 -0.0822
vn -0.0431 -0.9941 -0.0991
vn 0.6468 0.7335 -0.2089
vn -0.9034 -0.4121 -0.1184
vn -0.2623 -0.9645 -0.0315
vn -0.0182 -0.9993 -0.0327
vn -0.2623 -0.9645 -0.0316
vn 0.8691 0.4689 -0.1572
vn -0.6850 -0.7238 -0.0823
vn -0.0432 -0.9941 -0.0990
vn 0.0145 0.9998 -0.0126
vn -0.6851 -0.7238 -0.0823
vn -0.0431 -0.9941 -0.0992
vn 0.2204 0.9607 -0.1684
vn 0.9943 -0.0683 -0.0821
vn 0.6468 0.7335 -0.2088
vt 0.904408 0.800862
vt 0.957335 0.890046
vt 0.964831 0.926872
vt 0.923361 0.777070
vt 0.943833 0.788986
vt 0.955678 0.837710
vt 0.993934 0.873930
vt 0.910574 0.789451
vt 0.957569 0.863183
vt 0.913840 0.870396
vt 0.556771 0.052540
vt 0.616899 0.075845
vt 0.608110 0.087682
vt 0.676803 0.094589
vt 0.999795 0.938544
vt 0.546638 0.974899
vt 0.463260 0.945913
vt 0.518259 0.952637
vt 0.953846 0.934372
vt 0.362796 0.887463
vt 0.482794 0.930848
vt 0.441981 0.923659
vt 0.656519 0.157058
vt 0.708099 0.132968
vt 0.706021 0.158010
vt 0.666187 0.120283
vt 0.710663 0.120079
vt 0.741251 0.111322
vt 0.347169 0.891548
vt 0.756570 0.180854
vt 0.657309 0.170264
vt 0.747357 0.150507
vt 0.292389 0.818368
vt 0.326357 0.837730
vt 0.277652 0.825476
vt 0.265348 0.750401
vt 0.239147 0.748355
vt 0.247286 0.741691
vt 0.295882 0.877540
vt 0.225195 0.753846
vt 0.482017 0.856088
vt 0.487685 0.805821
vt 0.493205 0.873208
vt 0.199560 0.716004
vt 0.176993 0.678566
vt 0.443690 0.753123
vt 0.464401 0.756300
vt 0.452302 0.774233
vt 0.453525 0.707089
vt 0.435549 0.694390
vt 0.427945 0.731577
vt 0.418164 0.678175
vt 0.775808 0.061460
vt 0.725511 0.072885
vt 0.766742 0.052766
vt 0.725736 0.085130
vt 0.744332 0.081382
vt 0.774693 0.124979
vt 0.814516 0.034988
vt 0.197975 0.902362
vt 0.224355 0.888639
vt 0.192726 0.949119
vt 0.801311 0.141296
vt 0.326612 0.908181
vt 0.789726 0.081675
vt 0.785250 0.110620
vt 0.256448 0.857896
vt 0.250271 0.814281
vt 0.221208 0.924940
vt 0.236435 0.876794
vt 0.206358 0.822189
vt 0.235493 0.843609
vt 0.254462 0.913980
vt 0.181717 0.801462
vt 0.203053 0.799736
vt 0.219788 0.802868
vt 0.166624 0.733071
vt 0.181990 0.770811
vt 0.189704 0.769331
vt 0.206186 0.743154
vt 0.178543 0.728456
vt 0.472093 0.774558
vt 0.489418 0.767617
vt 0.446588 0.805657
vt 0.438767 0.776709
vt 0.427082 0.827286
vt 0.156626 0.700920
vt 0.427251 0.781812
vt 0.476028 0.738496
vt 0.433003 0.762068
vt 0.492350 0.689858
vt 0.408247 0.739495
vt 0.469217 0.671294
vt 0.477722 0.667958
vt 0.505430 0.721363
vt 0.499070 0.663011
vt 0.515779 0.680882
vt 0.400948 0.707719
vt 0.374554 0.630166
vt 0.391038 0.670131
vt 0.381847 0.690917
vt 0.052119 0.606473
vt 0.032572 0.582607
vt 0.032724 0.550892
vt 0.008937 0.581473
vt 0.030759 0.620140
vt 0.384391 0.735013
vt 0.402578 0.727836
vt 0.517983 0.933312
vt 0.532450 0.881603
vt 0.544901 0.932083
vt 0.548290 0.901478
vt 0.386067 0.766018
vt 0.368694 0.770300
vt 0.568048 0.861132
vt 0.563036 0.817643
vt 0.536448 0.818976
vt 0.589444 0.856475
vt 0.517700 0.798594
vt 0.556319 0.782087
vt 0.570065 0.787201
vt 0.527185 0.747863
vt 0.535842 0.742032
vt 0.513468 0.725096
vt 0.566687 0.724351
vt 0.550587 0.724279
vt 0.519593 0.692574
vt 0.548374 0.689279
vt 0.559306 0.666057
vt 0.517919 0.674569
vt 0.527817 0.619819
vt 0.544179 0.626890
vt 0.834050 0.927743
vt 0.812859 0.886370
vt 0.842033 0.877883
vt 0.545447 0.550923
vt 0.562658 0.615952
vt 0.524135 0.570561
vt 0.366767 0.686655
vt 0.361129 0.642742
vt 0.349861 0.678972
vt 0.362829 0.724808
vt 0.346792 0.705989
vt 0.328550 0.717189
vt 0.311954 0.779047
vt 0.323120 0.629472
vt 0.335661 0.660386
vt 0.348823 0.742469
vt 0.336558 0.784707
vt 0.589904 0.824762
vt 0.620773 0.837667
vt 0.606879 0.777935
vt 0.327782 0.835197
vt 0.312082 0.802182
vt 0.931700 0.694026
vt 0.914163 0.659277
vt 0.945447 0.663047
vt 0.616207 0.786981
vt 0.015391 0.663555
vt 0.311085 0.698346
vt 0.511527 0.832217
vt 0.577975 0.750577
vt 0.613419 0.723612
vt 0.921935 0.598042
vt 0.931773 0.620689
vt 0.595053 0.720989
vt 0.595865 0.687432
vt 0.577623 0.638799
vt 0.593666 0.622125
vt 0.916780 0.497104
vt 0.937192 0.523818
vt 0.555361 0.478769
vt 0.575135 0.572759
vt 0.809062 0.862068
vt 0.831922 0.824856
vt 0.599029 0.571826
vt 0.611570 0.599142
vt 0.939296 0.482212
vt 0.954154 0.591807
vt 0.827192 0.975052
vt 0.799977 0.869554
vt 0.401604 0.486952
vt 0.387825 0.492277
vt 0.390180 0.430596
vt 0.388427 0.558170
vt 0.394581 0.562577
vt 0.369444 0.584015
vt 0.095051 0.792310
vt 0.057751 0.790755
vt 0.074251 0.716035
vt 0.043923 0.720131
vt 0.045110 0.658248
vt 0.033363 0.870509
vt 0.038468 0.803170
vt 0.033320 0.842130
vt 0.038041 0.735347
vt 0.018529 0.856227
vt 0.016569 0.825904
vt 0.736507 0.197987
vt 0.755295 0.188687
vt 0.783233 0.202379
vt 0.360908 0.479072
vt 0.360992 0.511136
vt 0.331704 0.512802
vt 0.349293 0.444940
vt 0.315707 0.492059
vt 0.345251 0.573153
vt 0.318428 0.527648
vt 0.348865 0.620776
vt 0.332816 0.584386
vt 0.625074 0.340033
vt 0.591395 0.359385
vt 0.604505 0.306377
vt 0.019595 0.795545
vt 0.015417 0.758047
vt 0.754353 0.206197
vt 0.748707 0.215301
vt 0.693196 0.214487
vt 0.866227 0.825778
vt 0.891880 0.871354
vt 0.694455 0.188388
vt 0.596315 0.056612
vt 0.569281 0.038997
vt 0.979884 0.796140
vt 0.991038 0.813073
vt 0.562186 0.968055
vt 0.647265 0.055938
vt 0.314792 0.619252
vt 0.338073 0.288459
vt 0.355245 0.292215
vt 0.302151 0.299292
vt 0.810862 0.488915
vt 0.827767 0.450509
vt 0.831886 0.457129
vt 0.288147 0.304918
vt 0.250525 0.246550
vt 0.532816 0.531190
vt 0.515330 0.458553
vt 0.509249 0.567778
vt 0.502000 0.516840
vt 0.521742 0.381025
vt 0.542740 0.450011
vt 0.504583 0.477899
vt 0.503879 0.455056
vt 0.508091 0.389874
vt 0.830479 0.629707
vt 0.833463 0.713146
vt 0.812663 0.674880
vt 0.830905 0.527049
vt 0.843551 0.505024
vt 0.838790 0.587686
vt 0.534098 0.364157
vt 0.441845 0.274988
vt 0.451102 0.251060
vt 0.470370 0.261645
vt 0.485265 0.271642
vt 0.461147 0.291868
vt 0.439436 0.291905
vt 0.479033 0.287132
vt 0.833642 0.609841
vt 0.821664 0.581089
vt 0.409794 0.262479
vt 0.799324 0.555833
vt 0.819171 0.544551
vt 0.782995 0.610516
vt 0.804115 0.422026
vt 0.802060 0.457409
vt 0.800699 0.502395
vt 0.799480 0.627592
vt 0.341722 0.224376
vt 0.323841 0.249693
vt 0.291480 0.239857
vt 0.585232 0.530171
vt 0.608579 0.525800
vt 0.576170 0.454907
vt 0.591073 0.445655
vt 0.777159 0.740343
vt 0.776664 0.705775
vt 0.606123 0.469736
vt 0.594834 0.425208
vt 0.576126 0.400737
vt 0.586255 0.409209
vt 0.755897 0.698642
vt 0.764889 0.669183
vt 0.748693 0.681436
vt 0.757574 0.629989
vt 0.786977 0.794498
vt 0.830055 0.774487
vt 0.414086 0.219846
vt 0.563949 0.370334
vt 0.745662 0.630644
vt 0.722771 0.626040
vt 0.725194 0.598577
vt 0.579213 0.358767
vt 0.770490 0.569174
vt 0.758800 0.579880
vt 0.743268 0.533274
vt 0.714857 0.544420
vt 0.742730 0.583365
vt 0.726961 0.516289
vt 0.779726 0.502953
vt 0.755057 0.458701
vt 0.704965 0.529789
vt 0.709252 0.500360
vt 0.736962 0.502701
vt 0.720797 0.462609
vt 0.732877 0.462247
vt 0.539947 0.213830
vt 0.569454 0.268148
vt 0.517240 0.220993
vt 0.525848 0.242595
vt 0.505807 0.244743
vt 0.538138 0.277174
vt 0.504275 0.231267
vt 0.773476 0.415663
vt 0.485148 0.198174
vt 0.459751 0.217985
vt 0.459118 0.201036
vt 0.457523 0.186953
vt 0.464501 0.145289
vt 0.496724 0.146031
vt 0.413606 0.162890
vt 0.406995 0.195468
vt 0.399271 0.182229
vt 0.170476 0.157291
vt 0.199398 0.136592
vt 0.224556 0.173520
vt 0.362087 0.192460
vt 0.358840 0.202192
vt 0.389976 0.172533
vt 0.300479 0.203212
vt 0.314015 0.195053
vt 0.245343 0.130136
vt 0.269821 0.167224
vt 0.283979 0.138370
vt 0.440622 0.102757
vt 0.596849 0.257048
vt 0.577525 0.247577
vt 0.598310 0.171343
vt 0.617496 0.174285
vt 0.622290 0.200186
vt 0.588500 0.198037
vt 0.548308 0.192416
vt 0.542825 0.154519
vt 0.568408 0.162460
vt 0.722697 0.414057
vt 0.518179 0.168103
vt 0.119944 0.147786
vt 0.152143 0.110163
vt 0.146953 0.146423
vt 0.478858 0.118016
vt 0.519503 0.123511
vt 0.216258 0.225175
vt 0.411173 0.317846
vt 0.496065 0.300460
vt 0.467409 0.310290
vt 0.608461 0.133070
vt 0.552149 0.142099
vt 0.491676 0.306433
vt 0.239957 0.108767
vt 0.205186 0.111335
vt 0.584580 0.290878
vt 0.579556 0.299919
vt 0.544634 0.300568
vt 0.616206 0.282083
vt 0.580750 0.272890
vt 0.285005 0.101450
vt 0.624755 0.308437
vt 0.653021 0.315085
vt 0.440862 0.082232
vt 0.640803 0.245518
vt 0.432088 0.662522
vt 0.895491 0.600773
vt 0.895527 0.460676
vt 0.912383 0.594051
vt 0.431753 0.619088
vt 0.447840 0.587329
vt 0.433484 0.570272
vt 0.446071 0.508371
vt 0.408569 0.515751
vt 0.898390 0.449584
vt 0.432567 0.496968
vt 0.888608 0.475641
vt 0.888803 0.418250
vt 0.396102 0.424095
vt 0.424833 0.447102
vt 0.899751 0.381005
vt 0.912343 0.360502
vt 0.456456 0.436972
vt 0.455297 0.473187
vt 0.862016 0.380435
vt 0.415579 0.407731
vt 0.946391 0.086413
vt 0.889202 0.069809
vt 0.978594 0.072742
vt 0.883579 0.037651
vt 0.886812 0.015991
vt 0.937100 0.052790
vt 0.881532 0.092630
vt 0.939273 0.097899
vt 0.935610 0.115117
vt 0.942608 0.150087
vt 0.969577 0.111840
vt 0.999166 0.106452
vt 0.380486 0.161891
vt 0.370723 0.152255
vt 0.419660 0.144643
vt 0.783087 0.244247
vt 0.818318 0.272740
vt 0.790633 0.280578
vt 0.390843 0.117528
vt 0.754528 0.323678
vt 0.724087 0.300165
vt 0.758345 0.267717
vt 0.480171 0.619531
vt 0.486071 0.658984
vt 0.494677 0.585589
vt 0.865658 0.622666
vt 0.855295 0.530770
vt 0.861361 0.572449
vt 0.885991 0.569044
vt 0.876313 0.534581
vt 0.459510 0.526170
vt 0.863828 0.470303
vt 0.474777 0.543177
vt 0.491017 0.563008
vt 0.476341 0.501840
vt 0.869828 0.427797
vt 0.847023 0.384301
vt 0.500956 0.521502
vt 0.489059 0.434213
vt 0.468869 0.446310
vt 0.488440 0.419113
vt 0.455909 0.393335
vt 0.882713 0.000307
vt 0.992908 0.001366
vt 0.969003 0.010914
vt 0.893084 0.122912
vt 0.958281 0.174785
vt 0.964435 0.168639
vt 0.830767 0.430858
vt 0.767197 0.362294
vt 0.843282 0.436577
vt 0.755513 0.364545
vt 0.999656 0.014098
vt 0.418653 0.097463
vt 0.970227 0.193752
vt 0.717491 0.335923
vt 0.727674 0.350813
vt 0.730179 0.330731
vt 0.770692 0.347578
vt 0.351134 0.148361
vt 0.321232 0.154555
vt 0.312862 0.096053
vt 0.336674 0.178299
vt 0.688246 0.214886
vt 0.652130 0.217145
vt 0.672780 0.237077
vt 0.706211 0.229269
vt 0.323252 0.189626
vt 0.757136 0.246717
vt 0.715944 0.249447
vt 0.674320 0.296283
vt 0.346989 0.102575
vt 0.657665 0.282435
vt 0.685578 0.333848
vt 0.905048 0.368873
vt 0.887508 0.342576
vt 0.885919 0.331031
vt 0.513154 0.853999
vt 0.971531 0.757899
vt 0.548099 0.280326
vt 0.309670 0.222651
vt 0.830803 0.735545
vt 0.451846 0.219835
vt 0.649026 0.112800
vt 0.127963 0.111405
vt 0.506940 0.321841
vt 0.390548 0.095523
vt 0.143406 0.258768
vt 0.179458 0.201373
vt 0.181122 0.237709
vt 0.128797 0.243582
vt 0.175948 0.182857
vt 0.258131 0.692678
vt 0.247827 0.700850
vt 0.246963 0.655819
vt 0.883345 0.721948
vt 0.876026 0.743901
vt 0.866973 0.712659
vt 0.149168 0.198080
vt 0.166163 0.174173
vt 0.854358 0.721120
vt 0.875789 0.767798
vt 0.899133 0.742377
vt 0.896090 0.719039
vt 0.082860 0.512812
vt 0.102453 0.581736
vt 0.079302 0.621107
vt 0.076825 0.566225
vt 0.057737 0.601027
vt 0.069207 0.679576
vt 0.070877 0.638030
vt 0.389441 0.397960
vt 0.375602 0.369972
vt 0.389786 0.350781
vt 0.415647 0.379590
vt 0.371755 0.443919
vt 0.125716 0.844971
vt 0.075626 0.883950
vt 0.145374 0.634848
vt 0.099263 0.674583
vt 0.167918 0.571608
vt 0.163142 0.657625
vt 0.179857 0.602145
vt 0.169300 0.690271
vt 0.718914 0.459201
vt 0.697829 0.479193
vt 0.693522 0.443930
vt 0.177527 0.655559
vt 0.035896 0.934722
vt 0.030207 0.899372
vt 0.027581 0.972871
vt 0.025514 0.922043
vt 0.022088 0.896387
vt 0.859287 0.312161
vt 0.845182 0.289258
vt 0.874521 0.310449
vt 0.617918 0.521331
vt 0.620310 0.481605
vt 0.641655 0.581937
vt 0.608127 0.483155
vt 0.365898 0.327486
vt 0.356332 0.357984
vt 0.350555 0.325199
vt 0.607522 0.448312
vt 0.616289 0.415775
vt 0.354463 0.394336
vt 0.599113 0.411298
vt 0.047601 0.184823
vt 0.101860 0.096089
vt 0.040281 0.256678
vt 0.111587 0.145980
vt 0.096349 0.213505
vt 0.673142 0.436129
vt 0.688097 0.479533
vt 0.637770 0.446655
vt 0.221761 0.655898
vt 0.099750 0.277735
vt 0.068441 0.270209
vt 0.655001 0.416746
vt 0.664005 0.425004
vt 0.649521 0.392241
vt 0.830663 0.146872
vt 0.808961 0.150667
vt 0.864773 0.082612
vt 0.798415 0.149579
vt 0.796708 0.170105
vt 0.838915 0.758885
vt 0.831888 0.773200
vt 0.848301 0.804303
vt 0.949218 0.685218
vt 0.050412 0.153540
vt 0.079326 0.074080
vt 0.060107 0.141247
vt 0.034540 0.155982
vt 0.064745 0.092997
vt 0.082984 0.104829
vt 0.052749 0.171137
vt 0.873195 0.914840
vt 0.880716 0.902738
vt 0.930672 0.910671
vt 0.841605 0.914559
vt 0.870448 0.878781
vt 0.251093 0.001089
vt 0.287658 0.018314
vt 0.233105 0.013245
vt 0.034068 0.082559
vt 0.178887 0.007757
vt 0.174397 0.082609
vt 0.239644 0.092802
vt 0.144009 0.105227
vt 0.234137 0.045627
vt 0.190631 0.047814
vt 0.195455 0.013106
vt 0.168778 0.067228
vt 0.262058 0.075014
vt 0.653767 0.959115
vt 0.626228 0.904654
vt 0.661623 0.936028
vt 0.639432 0.869880
vt 0.657612 0.904296
vt 0.098617 0.353105
vt 0.090065 0.348121
vt 0.097776 0.308207
vt 0.590119 0.865436
vt 0.101941 0.395747
vt 0.620874 0.929868
vt 0.175801 0.267564
vt 0.164511 0.384587
vt 0.154743 0.344557
vt 0.156873 0.378948
vt 0.125563 0.371383
vt 0.089118 0.461605
vt 0.080122 0.428685
vt 0.114031 0.449833
vt 0.099988 0.515214
vt 0.060837 0.508638
vt 0.134014 0.420042
vt 0.145521 0.455875
vt 0.166767 0.431328
vt 0.136147 0.483780
vt 0.168514 0.472474
vt 0.155840 0.528992
vt 0.669504 0.915258
vt 0.682269 0.974811
vt 0.680737 0.887020
vt 0.697523 0.937868
vt 0.661980 0.875234
vt 0.659310 0.845211
vt 0.634737 0.801316
vt 0.629498 0.710942
vt 0.653264 0.793030
vt 0.635149 0.665010
vt 0.657648 0.762833
vt 0.720132 0.966061
vt 0.716953 0.929067
vt 0.715776 0.861854
vt 0.172267 0.035309
vt 0.213054 0.254884
vt 0.205123 0.243605
vt 0.231490 0.247356
vt 0.236202 0.047556
vt 0.307972 0.027178
vt 0.283318 0.024952
vt 0.214243 0.285224
vt 0.733643 0.887525
vt 0.204247 0.298652
vt 0.205248 0.109702
vt 0.273683 0.096695
vt 0.225928 0.297502
vt 0.256742 0.325829
vt 0.320347 0.080738
vt 0.316396 0.067758
vt 0.260205 0.266169
vt 0.267337 0.316844
vt 0.713385 0.827331
vt 0.722002 0.751937
vt 0.197781 0.363070
vt 0.190278 0.319026
vt 0.210586 0.341850
vt 0.709015 0.774343
vt 0.714960 0.701579
vt 0.209495 0.409737
vt 0.341582 0.360459
vt 0.348336 0.422842
vt 0.334062 0.388882
vt 0.291394 0.361203
vt 0.198704 0.427999
vt 0.267207 0.387638
vt 0.248705 0.386720
vt 0.327372 0.321101
vt 0.281686 0.316579
vt 0.278031 0.404573
vt 0.230308 0.429926
vt 0.305325 0.404006
vt 0.632465 0.620570
vt 0.685657 0.675206
vt 0.700524 0.709152
vt 0.066038 0.468441
vt 0.216535 0.450086
vt 0.715403 0.657245
vt 0.197078 0.446123
vt 0.207939 0.468403
vt 0.707921 0.641875
vt 0.194192 0.516168
vt 0.012283 0.307939
vt 0.000066 0.377179
vt 0.249275 0.497144
vt 0.266093 0.505033
vt 0.272081 0.445124
vt 0.282862 0.464636
vt 0.283901 0.437293
vt 0.312928 0.469482
vt 0.221400 0.481984
vt 0.347125 0.440016
vt 0.286734 0.505923
vt 0.277855 0.585923
vt 0.269106 0.597453
vt 0.070356 0.348492
vt 0.111548 0.280446
vt 0.276030 0.621189
vt 0.843731 0.801992
vt 0.864592 0.854756
vt 0.851695 0.844650
vt 0.922582 0.896873
vt 0.768607 0.218515
vt 0.809429 0.247165
vt 0.012045 0.933451
vt 0.841559 0.231906
vt 0.862695 0.273370
vt 0.827048 0.254908
vt 0.119248 0.719565
vt 0.994074 0.712023
vt 0.033848 0.028863
vt 0.033850 0.366600
vt 0.994223 0.758845
vt 0.212763 0.625354
vt 0.220072 0.687979
vt 0.214786 0.708871
vt 0.834248 0.754208
vt 0.203285 0.672443
vt 0.216389 0.665721
vt 0.852085 0.209658
vt 0.855694 0.222951
vt 0.912744 0.141262
vt 0.853415 0.208168
vt 0.871098 0.220670
vt 0.207330 0.640714
vt 0.162588 0.262942
vt 0.031413 0.200577
vt 0.038163 0.237778
vt 0.005224 0.109004
vt 0.674122 0.521502
vt 0.176998 0.486386
vt 0.175273 0.565446
vt 0.675267 0.581143
vt 0.701754 0.588004
vt 0.186541 0.535462
vt 0.022408 0.270996
vt 0.694117 0.553979
vt 0.023035 0.235901
vt 0.254264 0.564824
vt 0.258059 0.615141
vt 0.197829 0.565361
vt 0.199605 0.553871
vt 0.218136 0.557649
vt 0.205084 0.596806
vt 0.206587 0.613413
vt 0.023863 0.201780
vt 0.023898 0.192881
vt 0.687494 0.505052
vt 0.188792 0.580927
vt 0.696106 0.532938
vt 0.021304 0.217175
vt 0.200679 0.585879
s 0
usemtl Shears_LowPoly
f 3/1/1 6/2/2 16/3/3
f 7/4/4 8/5/5 9/6/6
f 8/5/5 10/7/7 9/6/8
f 5/8/9 7/4/10 9/6/8
f 11/9/11 6/2/12 5/8/13
f 3/1/1 16/3/14 4/10/15
f 13/11/16 14/12/17 10/13/18
f 10/13/18 14/12/19 21/14/20
f 9/6/21 15/15/22 11/9/23
f 10/7/7 15/15/24 9/6/8
f 4/16/15 1/17/25 12/18/26
f 4/10/15 16/3/27 1/19/25
f 18/20/28 19/21/29 17/22/30
f 16/23/14 20/24/31 2/25/32
f 20/24/31 16/23/3 15/26/22
f 22/27/33 20/24/34 15/26/22
f 21/14/35 22/27/33 15/26/22
f 23/28/36 22/27/37 21/14/38
f 1/17/25 24/29/39 18/20/28
f 2/25/40 24/30/39 1/31/41
f 2/25/40 25/32/42 24/30/43
f 18/20/28 26/33/44 27/34/45
f 24/29/43 26/33/46 18/20/47
f 24/29/39 28/35/48 26/33/49
f 27/34/45 26/33/50 30/36/51
f 28/35/52 31/37/53 26/33/54
f 26/33/54 31/37/53 32/38/55
f 29/39/56 33/40/57 28/35/58
f 26/33/46 32/38/59 30/36/60
f 32/41/61 34/42/62 30/43/63
f 28/35/58 33/40/64 31/37/65
f 31/37/53 35/44/66 32/38/67
f 35/44/66 36/45/68 32/38/59
f 39/46/69 37/47/70 36/48/68
f 38/49/71 37/47/70 39/46/72
f 38/49/73 39/46/74 40/50/75
f 41/51/76 40/50/75 39/46/72
f 41/51/77 42/52/78 40/50/79
f 17/22/80 1/17/25 18/20/81
f 43/53/82 118/54/83 18/55/84
f 20/24/34 25/32/42 2/25/85
f 21/14/86 45/56/87 23/28/36
f 45/56/87 44/57/88 23/28/36
f 46/58/89 20/24/31 22/27/33
f 22/27/37 23/28/36 46/58/90
f 27/59/91 43/53/92 18/55/28
f 27/60/45 48/61/93 43/62/94
f 20/24/95 29/63/96 25/32/97
f 25/64/42 29/39/56 28/35/58
f 49/65/98 47/66/99 44/57/100
f 23/28/36 44/57/88 47/66/101
f 50/67/102 56/68/103 29/39/56
f 49/69/104 48/61/93 51/70/105
f 51/70/105 52/71/106 53/72/107
f 29/39/108 47/73/109 50/67/110
f 51/70/105 53/72/111 50/67/112
f 51/70/105 50/67/110 47/73/101
f 30/74/113 52/71/114 27/60/45
f 54/75/115 55/76/116 52/71/114
f 53/72/107 55/76/117 56/68/118
f 50/67/112 53/72/119 56/68/118
f 29/39/108 56/68/120 33/40/121
f 30/74/63 54/75/122 52/71/123
f 34/77/62 58/78/124 30/74/51
f 58/78/125 57/79/126 54/75/122
f 56/68/103 55/76/127 60/80/128
f 55/76/117 59/81/129 60/80/130
f 57/79/131 55/76/117 54/75/115
f 61/82/132 34/42/133 32/41/55
f 58/78/124 34/77/133 57/79/134
f 34/77/133 59/81/129 57/79/126
f 64/83/135 34/42/133 61/82/136
f 32/41/137 36/48/68 61/82/132
f 35/84/138 62/85/139 36/48/140
f 60/86/141 62/85/142 35/84/138
f 64/87/143 60/80/128 59/81/144
f 64/87/143 59/81/129 34/77/145
f 64/88/146 62/85/142 60/86/128
f 56/68/147 60/80/128 33/40/148
f 35/44/66 33/40/57 60/80/128
f 37/47/149 38/49/71 63/89/150
f 61/82/136 36/48/151 37/47/152
f 61/82/132 37/47/70 63/89/153
f 63/89/154 64/83/143 61/82/136
f 64/88/143 65/90/155 62/85/156
f 39/46/74 36/48/68 65/90/155
f 36/48/68 62/85/157 65/90/155
f 63/89/153 66/91/158 64/83/143
f 64/88/143 67/92/159 65/90/160
f 38/49/73 68/93/161 63/89/162
f 69/94/163 63/89/164 68/93/165
f 69/94/166 66/91/158 63/89/153
f 64/83/143 66/91/167 67/95/168
f 66/91/169 71/96/170 67/95/168
f 71/96/171 70/97/172 67/95/168
f 41/51/173 39/46/72 65/90/174
f 67/92/175 70/98/176 41/51/76
f 70/98/177 42/52/78 41/51/76
f 72/99/178 74/100/179 73/101/180
f 74/102/181 76/103/182 75/104/183
f 77/105/184 76/103/185 78/106/186
f 74/100/179 79/107/187 73/101/180
f 74/100/181 75/108/188 79/107/189
f 77/109/190 80/110/191 76/111/192
f 76/111/185 80/110/193 75/112/183
f 81/113/194 82/114/195 79/107/189
f 79/107/189 75/108/183 81/113/196
f 81/115/194 75/112/197 83/116/198
f 75/112/197 84/117/199 83/116/200
f 81/115/201 83/116/202 82/118/203
f 75/112/197 80/110/191 84/117/204
f 80/110/205 86/119/206 84/117/199
f 83/116/200 88/120/207 87/121/208
f 83/116/200 84/117/199 88/120/209
f 86/119/210 90/122/211 84/117/212
f 89/123/213 88/120/207 84/117/199
f 91/124/214 90/122/215 86/119/210
f 88/120/207 92/125/216 87/121/217
f 92/125/218 88/120/207 93/126/219
f 93/126/220 88/120/209 89/123/213
f 90/122/211 89/123/221 84/117/222
f 90/122/215 91/124/214 94/127/223
f 89/123/224 95/128/225 93/126/219
f 95/128/226 96/129/227 92/125/216
f 94/127/228 89/123/221 90/122/229
f 89/123/221 94/127/223 95/128/230
f 94/127/231 91/124/214 97/130/232
f 95/128/230 98/131/233 99/132/234
f 99/132/235 96/129/227 95/128/230
f 94/127/231 97/130/236 95/128/230
f 97/130/236 98/131/237 95/128/238
f 97/133/239 100/134/240 98/135/241
f 99/132/235 101/136/242 96/129/227
f 101/136/242 102/137/243 96/129/244
f 98/131/233 103/138/245 99/132/246
f 72/99/247 73/101/180 104/139/248
f 72/99/247 104/139/248 156/140/249
f 104/139/250 105/141/251 156/140/249
f 73/101/180 106/142/252 104/139/253
f 107/143/254 104/139/248 106/142/255
f 108/144/256 85/145/257 159/146/258
f 104/139/248 107/143/254 105/141/251
f 109/147/259 156/140/249 105/141/251
f 109/147/259 108/144/260 159/146/261
f 105/141/262 108/144/260 109/147/263
f 107/143/254 108/144/256 105/141/262
f 73/101/180 79/107/189 106/142/252
f 106/142/255 82/114/264 110/148/265
f 110/148/266 107/143/254 106/142/255
f 108/144/267 110/148/265 111/149/268
f 112/150/269 82/118/264 83/116/200
f 82/118/270 112/150/269 111/151/271
f 85/145/272 108/144/260 111/149/273
f 114/152/274 112/150/269 87/121/275
f 85/145/276 115/153/277 116/154/278
f 116/155/279 115/156/277 86/157/280
f 111/151/268 112/150/281 114/152/274
f 111/151/273 114/152/282 115/158/283
f 78/106/284 117/159/285 77/105/184
f 77/160/184 159/146/286 85/145/287
f 45/56/87 118/54/288 44/57/88
f 43/53/289 44/57/88 118/54/290
f 43/53/82 49/65/291 44/57/100
f 80/110/292 116/161/293 86/119/206
f 113/162/294 114/152/274 87/121/275
f 87/121/295 92/125/296 113/162/294
f 115/158/297 114/152/274 121/163/298
f 115/156/277 121/164/299 119/165/300
f 120/166/301 121/163/302 114/152/303
f 113/162/294 92/125/296 96/129/304
f 120/166/301 113/162/294 96/129/227
f 96/129/244 122/167/305 120/166/306
f 122/167/305 121/163/298 120/166/306
f 102/137/307 123/168/308 96/129/227
f 123/168/309 124/169/310 122/167/311
f 121/163/298 122/167/311 124/169/312
f 121/164/299 124/170/312 125/171/313
f 204/172/314 102/137/243 101/136/315
f 124/169/316 102/137/307 126/173/317
f 100/134/318 127/174/319 128/175/320
f 126/173/317 129/176/321 124/169/310
f 129/176/322 130/177/323 124/169/316
f 124/170/310 130/178/324 125/171/313
f 86/157/325 119/165/326 91/179/327
f 91/180/214 100/134/240 97/133/328
f 91/180/214 130/181/323 100/134/240
f 100/134/329 130/181/324 127/174/330
f 132/182/331 133/183/332 134/184/333
f 132/182/334 135/185/335 133/183/336
f 132/182/337 137/186/338 135/185/335
f 135/185/339 138/187/340 133/183/341
f 132/188/342 136/189/343 137/190/338
f 137/190/344 136/189/343 139/191/345
f 139/191/345 140/192/346 137/190/338
f 135/185/339 72/99/347 138/187/348
f 74/100/179 135/185/349 137/186/338
f 135/185/339 74/100/181 72/99/247
f 140/192/350 76/103/182 74/102/181
f 78/106/351 76/103/185 140/192/350
f 140/192/346 117/159/285 78/106/351
f 141/193/352 142/194/353 136/189/354
f 131/195/355 142/194/356 141/193/357
f 143/196/358 139/191/345 136/189/343
f 131/195/359 145/197/360 146/198/361
f 147/199/362 148/200/363 480/201/364
f 151/202/365 133/183/336 152/203/366
f 151/202/367 153/204/368 154/205/369
f 151/202/370 152/203/366 153/204/368
f 153/204/368 161/206/371 154/205/372
f 138/187/340 152/203/373 133/183/336
f 153/204/368 155/207/374 144/208/375
f 72/99/247 156/140/249 138/187/376
f 138/187/340 156/140/249 155/207/377
f 157/209/378 158/210/379 155/207/374
f 157/209/378 155/207/377 156/140/380
f 156/140/249 109/147/259 157/209/378
f 143/196/358 117/159/381 139/191/382
f 157/209/378 109/147/259 159/146/286
f 157/209/378 159/146/286 158/210/379
f 160/211/383 154/212/369 161/213/384
f 146/198/361 161/214/371 142/194/353
f 131/195/355 146/198/361 142/194/353
f 142/194/353 144/215/385 143/196/386
f 161/214/384 144/215/387 142/194/356
f 153/204/388 144/208/387 161/206/389
f 144/215/387 117/159/285 143/196/386
f 158/210/390 144/208/387 155/207/374
f 149/216/391 150/217/392 162/218/393
f 150/219/392 4/10/15 162/220/393
f 162/218/394 13/221/395 147/199/362
f 165/222/396 13/11/397 162/223/393
f 10/7/398 163/224/399 13/225/397
f 162/226/393 4/16/400 12/18/26
f 162/223/393 19/227/401 165/222/402
f 162/226/393 12/18/26 19/21/401
f 165/222/402 14/12/17 13/11/16
f 117/228/381 159/146/403 77/160/190
f 12/18/26 1/17/404 19/21/405
f 19/227/406 18/55/81 118/54/288
f 166/229/407 167/230/408 170/231/409
f 168/232/410 169/233/411 170/234/412
f 170/231/409 169/235/413 171/236/414
f 99/132/234 103/138/415 101/136/416
f 103/138/415 172/237/417 101/136/242
f 103/138/415 173/238/418 172/237/419
f 103/138/420 128/239/421 180/240/422
f 180/240/423 173/238/424 103/138/420
f 172/237/425 173/238/418 174/241/426
f 172/237/417 174/241/427 185/242/428
f 173/238/429 175/243/430 176/244/431
f 173/238/424 176/244/431 177/245/432
f 178/246/433 176/247/434 179/248/435
f 173/238/436 177/245/437 174/241/438
f 181/249/439 167/250/408 183/251/440
f 174/241/427 184/252/441 185/242/428
f 182/253/442 184/254/441 174/255/443
f 177/256/437 182/253/444 174/255/426
f 186/257/445 183/258/446 178/259/447
f 177/256/448 183/258/449 182/253/444
f 177/256/432 178/259/433 183/258/440
f 186/260/450 187/261/451 183/251/440
f 182/253/452 183/258/440 167/230/453
f 184/254/454 182/253/452 188/262/455
f 187/261/456 190/263/457 189/264/458
f 189/264/458 183/251/449 187/261/459
f 187/261/460 191/265/461 190/263/457
f 167/230/462 188/262/455 182/253/444
f 181/249/439 170/234/412 167/250/463
f 170/234/412 181/249/464 168/232/410
f 189/264/458 168/232/410 181/249/464
f 168/232/465 195/266/466 169/233/411
f 168/232/467 194/267/468 195/266/469
f 168/232/410 192/268/470 194/267/471
f 189/264/472 190/263/457 192/268/473
f 178/246/474 179/248/435 196/269/475
f 167/230/408 166/229/476 197/270/477
f 197/270/478 166/229/479 198/271/480
f 170/231/481 199/272/482 198/271/483
f 170/231/484 171/236/414 199/272/485
f 102/137/307 204/172/314 126/173/317
f 129/176/486 126/173/487 200/273/488
f 129/176/322 201/274/489 130/177/323
f 200/273/490 201/274/491 129/176/322
f 101/136/242 172/237/417 185/242/428
f 101/136/315 185/242/428 204/172/492
f 204/172/314 202/275/493 126/173/317
f 202/275/494 206/276/495 200/273/488
f 200/273/490 206/276/496 201/274/489
f 176/247/431 203/277/497 205/278/498
f 206/276/495 203/279/497 201/274/489
f 206/276/495 207/280/499 203/279/500
f 202/275/501 204/172/314 208/281/502
f 209/282/503 202/275/494 208/281/502
f 202/275/494 209/282/504 206/276/495
f 203/277/500 207/283/505 205/278/506
f 205/278/507 207/283/508 210/284/509
f 209/285/504 210/284/510 207/283/499
f 210/284/511 209/285/512 211/286/513
f 206/276/495 209/282/504 207/280/508
f 127/174/514 130/181/324 201/287/489
f 127/174/514 201/287/489 180/288/423
f 212/289/515 188/262/455 167/230/462
f 197/270/478 212/289/516 167/230/453
f 184/252/441 213/290/517 185/242/518
f 214/291/519 213/292/517 212/293/516
f 209/282/520 208/281/521 214/294/522
f 188/262/455 212/289/516 184/254/523
f 196/269/524 191/265/461 186/260/525
f 215/295/526 216/296/527 217/297/528
f 218/298/529 219/299/530 212/293/531
f 212/293/515 219/299/530 214/291/519
f 214/291/532 211/286/533 209/285/503
f 214/291/519 219/299/530 211/286/533
f 216/296/534 219/299/530 220/300/535
f 219/299/530 216/296/536 211/286/533
f 194/267/537 193/301/538 221/302/539
f 197/303/540 218/298/541 212/293/515
f 197/303/542 222/304/543 218/298/529
f 219/299/530 222/304/544 220/300/535
f 220/300/545 223/305/546 217/297/547
f 220/300/548 224/306/549 225/307/550
f 216/296/551 220/300/535 217/297/552
f 179/248/553 191/265/461 196/269/554
f 230/308/555 169/309/556 226/310/557
f 169/309/558 195/311/469 226/310/559
f 227/312/560 195/311/466 194/313/561
f 228/314/562 195/311/563 227/312/560
f 194/267/561 221/302/564 227/315/565
f 195/311/563 228/314/566 226/310/567
f 226/310/557 228/314/566 229/316/568
f 227/312/560 231/317/569 228/314/570
f 232/318/571 229/316/572 228/314/570
f 229/316/568 232/318/571 233/319/573
f 229/316/574 233/319/575 234/320/576
f 229/316/574 234/320/577 235/321/578
f 231/317/579 232/318/571 228/314/566
f 233/319/575 237/322/580 234/320/577
f 238/323/581 232/318/582 231/317/583
f 232/318/582 238/323/584 239/324/585
f 232/318/586 239/324/585 233/319/573
f 231/325/583 240/326/587 238/327/588
f 242/328/589 239/324/585 238/323/588
f 243/329/590 242/328/591 238/323/592
f 242/328/593 244/330/594 239/324/585
f 243/329/595 245/331/596 242/328/597
f 246/332/598 242/328/597 245/331/599
f 246/332/600 244/330/601 242/328/597
f 238/327/581 241/333/602 243/334/603
f 243/334/603 241/333/602 247/335/604
f 244/330/605 237/322/606 233/319/607
f 233/319/575 239/324/585 244/330/605
f 237/322/608 248/336/609 234/320/610
f 249/337/611 248/338/609 237/339/608
f 244/340/605 250/341/612 237/339/580
f 230/308/613 171/342/614 169/309/411
f 230/308/613 251/343/615 171/342/616
f 171/342/616 252/344/617 253/345/618
f 251/343/619 252/344/620 171/342/614
f 221/302/564 225/307/621 254/346/622
f 230/308/613 229/316/572 255/347/623
f 255/347/624 251/343/625 230/308/626
f 255/347/623 252/344/620 251/343/627
f 235/321/578 252/344/617 255/347/624
f 227/348/560 256/349/628 236/350/629
f 256/349/628 240/326/587 236/350/630
f 252/344/631 257/351/632 258/352/633
f 199/272/482 171/236/614 253/353/634
f 224/354/549 258/355/633 254/356/635
f 224/357/549 259/358/636 258/352/637
f 252/344/620 259/358/638 253/345/639
f 256/359/628 254/356/635 258/355/640
f 238/327/588 240/326/587 241/333/641
f 261/360/642 240/326/587 260/361/643
f 262/362/644 261/363/642 260/364/645
f 240/326/587 261/360/646 241/333/602
f 264/365/647 262/362/648 266/366/649
f 241/333/602 261/360/646 247/335/650
f 261/360/646 263/367/651 247/335/650
f 261/363/642 262/362/644 263/368/652
f 262/362/653 264/365/654 265/369/655
f 264/365/656 266/366/649 249/337/657
f 256/359/658 258/355/659 262/362/660
f 260/364/661 256/359/662 262/362/644
f 258/352/640 257/351/632 266/370/649
f 248/336/663 257/351/664 234/320/610
f 257/351/664 248/336/609 266/370/649
f 250/341/665 267/371/666 249/337/667
f 249/337/657 267/371/668 264/365/656
f 38/49/669 40/50/79 268/372/670
f 68/93/165 38/49/71 268/372/671
f 42/52/78 268/372/671 40/50/79
f 42/373/672 270/374/673 268/375/670
f 268/372/670 269/376/674 271/377/675
f 269/376/676 272/378/677 271/377/675
f 273/379/678 271/377/675 272/378/679
f 268/372/680 276/380/681 269/376/682
f 270/374/673 276/381/683 268/375/670
f 269/376/674 276/380/684 272/378/685
f 272/378/685 276/380/683 273/379/686
f 275/382/687 273/379/686 276/380/683
f 274/383/688 277/384/689 270/374/690
f 276/380/683 279/385/691 281/386/692
f 280/387/693 279/388/694 276/381/684
f 275/382/687 276/380/683 281/386/692
f 273/379/695 275/382/687 281/386/696
f 281/386/692 283/389/697 282/390/698
f 276/381/699 270/374/700 280/387/701
f 284/391/702 280/387/703 277/384/704
f 279/385/705 285/392/706 281/386/692
f 286/393/707 279/394/708 291/395/709
f 285/392/710 283/389/711 281/386/692
f 280/396/703 284/397/712 288/398/713
f 279/394/705 280/396/703 291/395/714
f 280/396/703 288/398/715 291/395/716
f 285/399/717 286/393/718 289/400/719
f 289/400/720 290/401/721 285/399/710
f 294/402/722 290/401/723 293/403/724
f 291/395/716 295/404/725 286/393/718
f 286/393/726 295/404/727 289/400/720
f 289/400/720 295/404/728 293/403/729
f 295/405/728 296/406/730 293/407/724
f 295/408/728 291/409/714 292/410/731
f 296/406/732 297/411/733 293/407/734
f 299/412/735 300/413/736 329/414/737
f 292/410/738 299/412/735 329/414/739
f 271/377/675 302/415/740 69/94/741
f 271/377/742 69/94/163 68/93/743
f 69/94/163 302/415/740 301/416/744
f 71/96/745 66/91/746 301/416/744
f 301/416/747 302/415/740 71/96/170
f 302/415/740 303/417/748 71/96/745
f 70/418/177 303/419/748 304/420/749
f 306/421/750 270/374/751 42/373/78
f 306/421/750 70/418/177 304/420/749
f 306/421/750 307/422/752 274/383/753
f 271/377/675 273/379/686 305/423/754
f 307/422/755 311/424/756 274/383/757
f 308/425/758 302/415/740 305/423/759
f 302/415/740 309/426/760 303/417/748
f 308/425/761 305/423/762 310/427/763
f 309/426/764 308/425/765 310/427/766
f 273/379/686 282/390/767 305/423/768
f 310/427/763 305/423/769 282/390/770
f 274/383/757 278/428/771 277/384/704
f 311/424/772 312/429/773 278/428/774
f 310/427/763 311/430/772 309/426/775
f 303/419/748 311/424/772 307/422/752
f 281/386/692 282/390/698 273/379/678
f 283/389/697 310/427/763 282/390/767
f 312/429/773 284/391/776 278/428/774
f 311/430/772 310/427/763 312/431/773
f 313/432/777 310/427/778 283/389/779
f 314/433/780 312/431/773 313/432/777
f 287/434/781 313/432/777 283/389/697
f 285/392/710 287/434/781 283/389/711
f 312/435/782 316/436/783 315/437/784
f 290/401/721 294/402/785 287/438/781
f 287/438/786 294/402/785 317/439/787
f 298/440/788 294/402/785 293/403/724
f 284/397/712 312/435/789 315/437/790
f 314/441/780 316/442/783 312/443/773
f 317/444/787 316/442/783 314/441/780
f 318/445/791 315/437/792 316/436/783
f 297/411/733 298/446/788 293/407/734
f 319/447/793 317/439/787 298/440/794
f 320/448/795 317/444/787 319/449/796
f 315/437/784 318/445/797 291/395/714
f 321/450/798 318/451/797 316/442/783
f 299/412/799 318/451/791 321/450/798
f 323/452/800 322/453/801 265/454/802
f 245/455/803 243/334/804 322/453/805
f 246/456/598 324/457/806 244/340/594
f 325/458/807 246/456/598 326/459/808
f 296/406/809 295/405/725 245/455/810
f 296/406/732 245/455/599 323/452/811
f 295/405/812 246/460/813 245/455/814
f 295/408/725 326/459/815 246/456/816
f 326/459/817 327/461/818 328/462/819
f 295/408/728 292/410/820 327/461/818
f 292/410/738 329/414/737 327/461/821
f 328/462/819 330/463/822 325/458/823
f 250/341/665 324/457/806 267/371/666
f 265/454/824 331/464/825 323/452/826
f 247/335/827 263/367/652 322/453/801
f 325/458/823 332/465/828 267/371/829
f 263/367/652 265/454/824 322/453/830
f 262/362/644 265/369/802 263/368/652
f 265/369/655 264/365/656 330/463/831
f 265/369/832 330/463/833 320/448/834
f 267/371/666 332/465/835 264/365/656
f 264/365/836 332/465/837 330/463/838
f 297/411/839 323/452/800 331/464/840
f 296/406/732 323/452/841 297/411/842
f 320/448/843 319/449/844 331/466/845
f 331/466/846 265/369/655 320/448/795
f 330/463/838 332/465/828 325/458/823
f 161/467/371 146/468/361 160/469/847
f 3/1/1 5/8/9 6/2/12
f 163/224/399 10/7/18 8/5/848
f 9/6/8 11/9/23 5/8/9
f 19/21/406 1/17/25 17/22/849
f 10/13/850 21/14/86 15/26/24
f 11/9/23 15/15/22 6/2/12
f 16/3/14 6/2/851 15/15/852
f 16/23/853 2/25/40 1/31/404
f 21/14/35 14/12/854 45/56/855
f 24/29/43 25/64/97 28/35/856
f 31/37/65 33/40/57 35/44/857
f 46/58/89 29/63/56 20/24/31
f 43/62/82 48/61/858 49/69/104
f 51/70/859 47/73/860 49/69/98
f 47/66/860 46/58/90 23/28/36
f 46/58/90 47/66/101 29/63/96
f 48/61/93 27/60/45 52/71/106
f 51/70/105 48/61/861 52/71/114
f 52/71/862 55/76/863 53/72/864
f 54/75/115 30/74/60 58/78/865
f 55/76/863 57/79/134 59/81/129
f 67/92/866 41/51/76 65/90/174
f 95/128/230 92/125/218 93/126/219
f 128/175/867 98/135/237 100/134/868
f 103/138/420 98/131/237 128/239/421
f 106/142/252 79/107/189 82/114/264
f 108/144/869 107/143/254 110/148/265
f 111/149/268 110/148/266 82/114/264
f 87/121/275 112/150/281 83/116/870
f 115/153/277 85/145/871 111/149/268
f 80/110/292 77/109/872 85/470/276
f 116/161/278 80/110/205 85/470/276
f 114/152/274 113/162/873 120/166/301
f 115/156/283 119/165/300 86/157/325
f 119/165/326 125/171/874 91/179/327
f 123/168/308 122/167/305 96/129/227
f 91/179/214 125/171/875 130/178/323
f 125/171/875 119/165/326 121/164/299
f 124/169/312 123/168/309 102/137/243
f 140/192/350 74/102/181 137/190/338
f 117/159/876 140/192/346 139/191/345
f 136/189/354 142/194/353 143/196/877
f 138/187/340 155/207/374 152/203/366
f 152/203/878 155/207/879 153/204/368
f 147/199/362 13/221/16 148/200/880
f 164/471/881 163/224/399 8/5/848
f 159/146/882 117/228/285 144/208/385
f 158/210/883 159/146/261 144/208/387
f 165/222/884 19/227/405 118/54/288
f 14/12/885 165/222/886 118/54/887
f 118/54/83 45/56/888 14/12/889
f 175/243/430 173/238/424 180/240/890
f 178/259/447 177/256/437 176/472/891
f 196/269/554 186/260/892 178/246/474
f 181/249/464 183/251/440 189/264/458
f 187/261/451 186/260/892 191/265/893
f 168/232/410 189/264/894 192/268/473
f 170/231/484 198/271/483 166/229/476
f 197/270/542 198/271/895 222/473/544
f 198/271/483 199/272/482 222/473/544
f 253/353/896 222/473/543 199/272/897
f 126/173/898 202/275/494 200/273/488
f 175/474/899 180/288/900 203/277/500
f 175/474/430 203/277/497 176/247/891
f 208/281/901 204/172/314 185/242/428
f 208/281/502 185/242/428 213/290/517
f 128/175/867 127/174/902 180/288/423
f 203/277/497 180/288/422 201/287/489
f 205/278/498 179/248/435 176/247/431
f 205/278/506 210/284/511 179/248/903
f 212/289/531 213/475/517 184/254/441
f 214/294/519 208/281/502 213/290/517
f 210/284/509 211/286/513 191/265/461
f 190/263/904 191/265/905 215/295/906
f 211/286/907 216/296/527 191/265/893
f 216/296/527 215/295/906 191/265/461
f 190/263/457 193/301/908 192/268/470
f 217/297/547 223/305/909 193/301/908
f 194/267/537 192/268/910 193/301/911
f 225/307/550 221/302/912 193/301/911
f 225/307/550 193/301/911 223/305/546
f 215/295/906 217/297/547 193/301/908
f 190/263/904 215/295/906 193/301/908
f 222/304/544 219/299/530 218/298/541
f 222/304/544 224/306/913 220/300/914
f 253/345/915 224/357/913 222/476/544
f 220/300/916 225/307/621 223/305/917
f 179/248/553 210/284/511 191/265/893
f 229/316/572 230/308/918 226/310/557
f 231/325/569 227/348/560 236/350/630
f 249/337/611 237/339/608 250/341/665
f 324/457/806 250/341/612 244/340/605
f 221/302/564 254/346/622 227/315/565
f 256/349/628 227/348/919 254/477/635
f 229/316/574 235/321/578 255/347/624
f 231/325/920 236/350/921 240/326/922
f 257/351/923 252/344/924 235/321/925
f 259/358/926 224/357/549 253/345/915
f 225/307/550 224/306/549 254/346/622
f 259/358/638 252/344/927 258/352/633
f 235/321/928 234/320/610 257/351/664
f 260/361/645 240/326/587 256/349/929
f 258/355/637 266/366/649 262/362/648
f 248/338/609 249/337/930 266/366/649
f 270/374/931 277/384/704 280/387/703
f 285/399/706 279/394/705 286/393/707
f 290/401/932 287/438/786 285/399/710
f 289/400/933 293/403/724 290/401/723
f 291/395/714 288/398/934 315/437/935
f 318/451/797 292/410/731 291/409/709
f 318/451/936 299/412/937 292/410/820
f 68/93/938 268/372/670 271/377/742
f 66/91/167 69/94/166 301/416/744
f 71/96/939 303/417/748 70/97/176
f 271/377/742 305/423/762 302/415/740
f 307/422/752 306/421/750 304/420/749
f 303/419/940 307/422/755 304/420/941
f 42/373/78 70/418/942 306/421/750
f 274/383/943 270/374/944 306/421/945
f 274/383/757 311/424/772 278/428/771
f 308/425/946 309/426/760 302/415/740
f 303/417/947 309/426/760 311/430/948
f 278/428/771 284/391/712 277/384/704
f 313/432/777 312/431/949 310/427/763
f 314/433/950 313/432/951 287/434/786
f 314/433/952 287/434/786 317/478/787
f 284/397/702 315/437/784 288/398/713
f 294/402/785 298/440/953 317/439/787
f 298/446/954 297/411/955 319/479/796
f 320/448/834 321/450/798 317/444/787
f 317/444/787 321/450/798 316/442/956
f 300/413/957 299/412/735 321/450/798
f 245/455/599 322/453/805 323/452/800
f 246/456/816 325/458/958 324/457/959
f 322/453/805 243/334/603 247/335/827
f 325/458/960 267/371/666 324/457/961
f 295/408/725 327/461/818 326/459/815
f 328/462/962 327/461/821 329/414/737
f 300/413/736 328/462/963 329/414/737
f 326/459/817 328/462/962 325/458/823
f 300/413/736 330/463/822 328/462/963
f 331/464/846 319/479/844 297/411/733
f 300/413/964 321/450/798 330/463/822
f 321/450/798 320/448/834 330/463/965
f 162/218/393 147/199/362 149/216/966
f 149/216/391 147/199/967 480/201/968
f 334/480/969 335/481/970 333/482/971
f 336/483/972 337/484/973 334/480/974
f 335/485/975 339/486/976 333/487/977
f 337/488/978 340/489/979 335/490/980
f 336/483/981 338/491/982 337/484/983
f 341/492/984 337/484/985 338/491/986
f 340/489/979 339/493/987 335/490/988
f 340/489/979 3/1/1 343/494/989
f 340/489/979 337/488/973 3/1/1
f 337/488/978 342/495/990 3/1/991
f 341/496/992 342/495/990 337/488/978
f 342/495/993 7/4/10 5/8/994
f 342/495/995 8/5/848 7/4/10
f 344/497/996 350/498/997 345/499/998
f 344/497/999 345/499/1000 346/500/1001
f 346/500/1002 345/499/1003 347/501/1004
f 349/502/1005 348/503/1006 345/499/998
f 351/504/1007 134/184/1008 349/505/1005
f 352/506/1009 353/507/1010 351/504/1011
f 351/504/1012 353/507/1013 134/184/1014
f 134/184/333 354/508/1015 349/505/1016
f 134/509/333 353/510/1010 132/188/334
f 350/498/1017 355/511/1018 352/512/1009
f 355/511/1018 350/498/1017 356/513/1019
f 355/511/1018 357/514/1020 352/512/1009
f 356/513/1021 358/515/1022 357/514/1020
f 356/513/1023 357/514/1024 355/511/1025
f 358/515/1026 359/516/1027 357/514/1028
f 358/517/1026 360/518/1029 363/519/1030
f 358/515/1022 363/520/1031 359/516/1027
f 353/510/1032 359/521/1033 361/522/1034
f 361/522/1034 141/193/1035 353/510/1036
f 359/521/1037 363/523/1038 362/524/1039
f 362/524/1039 361/522/1040 359/521/1027
f 361/522/1040 362/524/1039 364/525/1041
f 141/526/352 364/527/1042 145/528/360
f 361/522/1043 364/525/1042 141/193/1044
f 345/499/1000 348/503/1006 347/501/1045
f 347/529/1045 366/530/1046 365/531/1047
f 348/532/1006 366/530/1048 347/529/1045
f 348/533/1006 349/505/1049 367/534/1050
f 348/533/1006 367/534/1051 366/535/1046
f 366/530/1046 367/536/1050 368/537/1052
f 349/505/1005 370/538/1053 367/534/1051
f 154/212/1054 368/537/1052 370/539/1053
f 354/508/1015 370/538/1055 349/505/1005
f 370/538/1053 354/508/1015 154/205/372
f 373/540/1056 374/541/1057 469/542/1058
f 378/543/1059 375/544/1060 469/542/1061
f 376/545/1062 371/546/1063 369/547/1064
f 333/487/1065 339/486/987 360/548/1029
f 377/549/1066 477/550/1067 375/544/1068
f 360/518/1069 371/546/1070 363/519/1071
f 378/543/1059 338/491/982 375/544/1072
f 338/491/986 378/543/1059 341/492/1073
f 375/544/1060 338/491/982 336/483/972
f 369/547/1074 379/551/1075 380/552/1076
f 381/553/1077 379/551/1078 368/537/1079
f 372/554/1080 382/555/1081 373/556/1056
f 382/555/1082 374/557/1057 373/556/1056
f 372/554/1083 383/558/1084 382/555/1085
f 148/200/1086 382/555/1087 383/558/1088
f 385/559/1089 343/494/1090 384/560/1091
f 384/560/1092 343/494/1093 386/561/1094
f 164/471/881 341/496/984 378/562/1059
f 343/494/989 150/219/392 386/561/1095
f 164/471/881 8/5/848 341/496/984
f 387/563/1096 388/564/1097 389/565/1098
f 387/563/1099 390/566/1100 391/567/1101
f 393/568/1102 392/569/1103 389/565/1104
f 387/563/1105 391/567/1101 388/564/1106
f 389/565/1104 388/564/1097 393/568/1107
f 393/570/1107 394/571/1108 392/572/1109
f 394/571/1108 393/570/1107 395/573/1110
f 392/572/1109 394/571/1111 396/574/1112
f 400/575/1113 397/576/1114 399/577/1115
f 390/566/1116 398/578/1117 391/567/1118
f 395/573/1119 396/574/1120 394/571/1121
f 400/575/1113 399/577/1122 402/579/1123
f 400/580/1113 404/581/1124 397/582/1125
f 397/576/1126 403/583/1127 399/577/1115
f 399/577/1128 405/584/1129 401/585/1130
f 399/577/1128 403/583/1127 405/584/1131
f 406/586/1132 405/584/1129 403/583/1133
f 400/580/1113 407/587/1134 404/581/1124
f 391/588/1101 408/589/1135 388/590/1136
f 388/590/1106 409/591/1137 410/592/1138
f 388/590/1139 408/589/1135 409/591/1140
f 411/593/1141 412/594/1142 409/595/1140
f 408/589/1143 413/596/1144 409/591/1145
f 411/593/1146 414/597/1147 412/594/1142
f 417/598/1148 413/596/1149 408/589/1143
f 417/599/1150 419/600/1151 413/601/1144
f 413/601/1144 419/600/1151 418/602/1152
f 418/602/1152 416/603/1153 413/601/1144
f 414/597/1154 422/604/1155 412/594/1142
f 412/594/1156 422/604/1157 420/605/1158
f 421/606/1159 422/604/1157 414/597/1160
f 422/604/1157 423/607/1161 344/497/1162
f 344/497/1162 346/500/1002 462/608/1163
f 424/609/1164 418/602/1152 425/610/1165
f 419/600/1151 426/611/1166 418/602/1152
f 418/602/1152 426/611/1166 425/610/1167
f 421/606/1168 424/609/1169 425/610/1165
f 425/610/1165 427/612/1170 421/606/1171
f 426/611/1166 428/613/1172 425/610/1173
f 427/612/1174 425/610/1165 429/614/1175
f 428/613/1172 356/513/1176 429/614/1177
f 427/612/1174 350/498/997 423/607/1178
f 356/513/1019 350/498/997 429/614/1175
f 410/592/1179 431/615/1180 388/590/1139
f 388/590/1139 431/615/1180 393/616/1107
f 432/617/1181 395/618/1110 393/616/1107
f 393/616/1107 431/615/1182 432/617/1183
f 432/617/1181 431/615/1182 433/619/1184
f 410/592/1185 433/619/1186 431/615/1182
f 410/592/1179 409/591/1187 433/619/1184
f 409/591/1145 434/620/1188 433/619/1189
f 433/619/1190 434/620/1188 432/617/1181
f 412/621/1156 420/622/1191 415/623/1192
f 415/623/1193 420/622/1191 461/624/1194
f 461/624/1194 435/625/1195 415/623/1192
f 434/620/1196 415/623/1197 435/625/1195
f 396/626/1198 395/618/1199 436/627/1200
f 395/618/1199 441/628/1201 436/627/1202
f 401/585/1203 402/579/1123 399/577/1204
f 401/585/1205 437/629/1206 402/579/1207
f 438/630/1208 402/631/1209 437/632/1210
f 402/633/1211 439/634/1212 400/580/1213
f 402/633/1123 440/635/1214 439/634/1215
f 434/620/1216 441/628/1217 432/617/1218
f 438/630/1208 437/632/1219 443/636/1220
f 436/627/1221 441/628/1222 417/637/1148
f 438/630/1223 440/638/1224 402/631/1123
f 443/636/1225 440/638/1214 438/630/1226
f 406/586/1132 437/629/1210 405/584/1129
f 403/639/1127 404/581/1124 406/640/1132
f 437/632/1227 444/641/1228 443/636/1229
f 444/641/1228 437/632/1210 445/642/1230
f 404/581/1124 407/587/1231 448/643/1232
f 448/643/1233 407/587/1234 447/644/1235
f 406/645/1132 445/642/1236 437/632/1237
f 406/645/1238 448/646/1239 445/642/1240
f 441/628/1241 442/647/1242 417/637/1243
f 419/648/1151 417/637/1148 442/647/1244
f 440/638/1245 451/649/1246 439/650/1215
f 446/651/1247 451/649/1248 440/638/1245
f 449/652/1249 419/648/1250 442/647/1251
f 426/653/1166 419/648/1252 449/652/1249
f 446/651/1247 444/641/1253 450/654/1254
f 446/651/1247 450/654/1254 451/649/1248
f 451/655/1246 453/656/1255 452/657/1256
f 451/655/1246 452/657/1257 454/658/1258
f 450/654/1254 453/659/1255 451/649/1259
f 445/642/1236 458/660/1260 455/661/1261
f 448/646/1239 458/660/1262 445/642/1236
f 439/662/1215 451/655/1259 454/658/1263
f 447/663/1264 454/658/1263 456/664/1265
f 444/641/1266 457/665/1267 450/654/1254
f 452/657/1257 459/666/1268 454/658/1263
f 453/656/1269 459/666/1268 452/657/1270
f 454/658/1271 459/666/1268 456/664/1265
f 462/667/1272 435/625/1273 461/624/1194
f 435/625/1273 463/668/1274 464/669/1275
f 420/605/1191 422/604/1157 461/670/1276
f 422/604/1277 344/497/1162 461/670/1278
f 344/497/1162 462/608/1163 461/670/1194
f 365/531/1279 435/625/1195 462/667/1280
f 462/667/1163 347/529/1004 365/531/1279
f 462/608/1163 346/500/1002 347/501/1004
f 450/654/1281 465/671/1282 453/659/1255
f 426/653/1283 464/669/1275 428/672/1284
f 466/673/1285 465/671/1282 467/674/1286
f 466/673/1287 453/659/1255 465/671/1282
f 464/669/1275 430/675/1288 428/672/1289
f 464/669/1275 463/668/1274 430/675/1290
f 467/674/1291 468/676/1292 466/673/1285
f 468/677/1293 469/542/1061 466/678/1294
f 450/654/1254 457/665/1267 465/671/1295
f 470/679/1296 457/665/1297 455/661/1261
f 470/679/1296 465/671/1282 457/665/1267
f 458/660/1298 472/680/1299 455/661/1300
f 458/660/1301 471/681/1302 472/680/1303
f 473/682/1304 460/683/1305 475/684/1306
f 475/684/1306 460/683/1307 459/666/1268
f 465/671/1282 470/679/1308 474/685/1309
f 455/661/1261 472/680/1310 470/679/1296
f 475/684/1311 459/666/1312 466/686/1313
f 475/684/1306 476/687/1314 473/682/1315
f 448/646/1232 456/664/1265 458/660/1316
f 456/664/1317 448/646/1233 447/663/1318
f 456/664/1265 471/681/1319 458/660/1316
f 456/664/1265 460/683/1320 471/681/1321
f 476/687/1322 471/681/1319 473/682/1323
f 472/680/1310 471/681/1321 476/687/1324
f 476/687/1324 479/688/1325 472/680/1299
f 479/688/1326 478/689/1327 472/680/1328
f 477/550/1067 377/549/1066 476/690/1314
f 377/549/1329 479/691/1326 476/690/1324
f 334/692/1330 478/689/1327 479/688/1331
f 334/480/1332 479/691/1331 336/483/972
f 417/693/1148 398/694/1333 436/695/1200
f 406/640/1334 404/581/1124 448/643/1239
f 397/582/1125 404/581/1124 403/639/1335
f 390/566/1336 387/563/1099 392/569/1109
f 396/574/1337 398/694/1338 390/696/1336
f 390/696/1100 392/572/1103 396/574/1112
f 392/569/1103 387/563/1339 389/565/1340
f 467/674/1286 465/671/1282 474/685/1341
f 474/685/1341 468/676/1342 467/674/1286
f 386/697/1094 480/201/1343 384/698/1344
f 364/525/1041 362/524/1039 385/699/1345
f 380/700/1346 381/701/1347 364/527/1041
f 385/702/1348 384/698/1091 480/201/968
f 380/552/1349 379/551/1078 381/553/1077
f 364/527/1041 381/701/1347 145/528/1350
f 335/481/975 334/480/969 337/484/978
f 5/8/13 3/1/1 342/495/1351
f 342/495/993 341/496/992 8/5/5
f 352/512/1352 345/499/998 350/498/997
f 349/502/1016 345/499/1000 352/512/1352
f 349/505/1016 352/506/1009 351/504/1011
f 353/703/1036 352/512/1009 357/514/1020
f 359/516/1027 353/703/1036 357/514/1020
f 370/539/1055 368/537/1052 367/536/1050
f 369/547/1064 366/530/1048 368/537/1079
f 369/547/1074 368/537/1079 379/551/1078
f 381/553/1077 368/537/1079 154/212/369
f 469/542/1061 374/541/1353 378/543/1059
f 336/483/972 377/549/1354 375/544/1060
f 378/562/1059 374/704/1353 164/471/1355
f 417/598/1150 408/589/1143 391/588/1118
f 409/595/1145 413/601/1144 411/593/1146
f 416/603/1356 411/593/1146 413/601/1357
f 416/603/1153 414/597/1358 411/593/1141
f 414/597/1358 416/603/1153 424/609/1164
f 418/602/1359 424/609/1360 416/603/1153
f 414/597/1147 424/609/1169 421/606/1159
f 422/604/1157 427/612/1361 423/607/1161
f 423/607/1362 350/498/997 344/497/1363
f 421/606/1171 427/612/1170 422/604/1157
f 429/614/1177 425/610/1167 428/613/1172
f 427/612/1174 429/614/1175 350/498/997
f 417/705/1148 391/567/1118 398/578/1333
f 435/625/1273 442/647/1251 434/620/1216
f 432/617/1181 441/628/1241 395/618/1110
f 405/584/1364 437/629/1365 401/585/1205
f 439/634/1215 407/587/1234 400/580/1113
f 441/628/1241 434/620/1366 442/647/1251
f 449/652/1249 442/647/1251 435/625/1273
f 464/669/1275 449/652/1367 435/625/1273
f 444/641/1228 445/642/1240 455/661/1261
f 447/644/1235 407/587/1234 439/634/1368
f 439/662/1215 454/658/1369 447/663/1235
f 444/641/1228 455/661/1261 457/665/1297
f 435/625/1273 365/531/1279 463/668/1274
f 475/706/1370 466/678/1285 469/542/1061
f 453/656/1255 466/686/1285 459/666/1268
f 456/664/1317 459/666/1268 460/683/1307
f 375/544/1060 477/550/1067 469/542/1061
f 477/550/1067 476/690/1324 475/706/1370
f 475/706/1370 469/542/1061 477/550/1371
f 460/683/1305 473/682/1372 471/681/1321
f 479/691/1325 377/549/1066 336/483/972
f 444/641/1266 446/651/1247 440/638/1245
f 440/638/1214 443/636/1225 444/641/1253
f 426/653/1373 449/652/1367 464/669/1275
f 343/494/1374 3/1/1 4/10/1375
f 141/193/357 136/189/1376 353/510/1036
f 134/184/333 133/183/336 151/202/365
f 386/697/1095 150/217/1377 149/216/966
f 13/225/397 163/224/1378 148/707/880
f 164/471/1355 374/704/1379 163/224/399
f 136/189/343 132/188/331 353/510/1010
f 150/219/392 343/494/1090 4/10/15
f 134/184/333 151/202/1380 354/508/1015
f 354/508/1015 151/202/365 154/205/372
f 160/469/847 145/528/1381 381/701/1077
f 381/553/1077 154/212/369 160/211/383
f 145/197/1381 131/195/359 141/193/1035
f 146/468/361 145/528/1381 160/469/1382
f 383/558/1383 480/201/968 148/200/363
f 148/200/363 374/557/1353 382/555/1085
f 149/216/391 480/201/968 386/697/1384
f 374/704/1353 148/707/363 163/224/399
f 412/621/1142 434/620/1196 409/591/1385
f 434/620/1188 412/621/1156 415/623/1386
f 398/694/1117 396/574/1198 436/695/1202
f 383/558/1088 372/554/1387 480/201/1388
f 481/708/1389 333/487/977 360/548/1390
f 362/524/1391 363/523/1392 385/699/1089
f 369/547/1064 380/552/1076 376/545/1393
f 363/519/1030 371/546/1063 376/545/1062
f 360/548/1390 339/486/987 483/709/1394
f 339/486/1395 484/710/1396 483/709/1394
f 484/711/1397 339/493/976 340/489/1398
f 484/711/1399 343/494/1374 385/559/1348
f 340/489/979 343/494/1374 484/711/1400
f 482/712/1401 483/709/1394 484/710/1396
f 482/712/1402 371/713/1403 483/709/1394
f 484/714/1397 376/715/1062 380/700/1076
f 380/700/1349 364/527/1041 385/702/1348
f 372/554/1080 482/716/1404 480/201/1388
f 480/201/1388 482/716/1404 484/714/1397
f 385/717/1348 363/718/1031 484/714/1397
f 385/702/1089 480/201/1388 380/700/1076
f 484/714/1397 363/718/1392 376/715/1062
f 371/713/1403 360/548/1405 483/709/1394
f 484/714/1396 380/700/1076 480/201/1406
f 358/719/1026 481/708/1407 360/548/1069
f 334/480/969 333/482/1408 485/720/1409
f 486/721/1410 373/540/1411 487/722/1412
f 486/721/1410 372/723/1080 373/540/1413
f 369/547/1064 371/546/1063 488/724/1414
f 428/613/1172 430/725/1415 489/726/1416
f 428/613/1417 489/726/1418 356/513/1419
f 463/668/1274 365/531/1420 490/727/1421
f 365/531/1047 488/724/1414 490/727/1421
f 430/675/1290 463/668/1274 490/727/1422
f 490/727/1421 491/728/1423 430/675/1290
f 491/729/1424 489/726/1416 430/725/1415
f 468/677/1342 492/730/1425 469/542/1061
f 490/727/1421 493/731/1426 491/728/1423
f 492/730/1427 487/722/1412 469/542/1058
f 487/722/1412 492/730/1428 494/732/1429
f 373/540/1430 469/542/1061 487/722/1412
f 472/680/1310 495/733/1431 470/679/1296
f 478/689/1432 495/733/1433 472/680/1303
f 478/689/1327 334/692/1434 485/734/1435
f 489/726/1416 491/729/1424 493/735/1436
f 492/736/1437 468/676/1342 474/685/1341
f 496/737/1438 474/685/1309 470/679/1296
f 492/736/1428 474/685/1341 496/737/1438
f 365/531/1279 366/530/1046 488/724/1414
f 488/724/1439 366/530/1046 369/547/1064
f 478/689/1440 485/734/1409 495/733/1433
f 492/736/1437 496/737/1438 494/738/1429
f 481/708/1441 497/739/1442 333/487/1408
f 489/726/1418 358/515/1022 356/513/1419
f 488/740/1414 482/741/1404 486/721/1443
f 482/742/1404 488/724/1439 371/546/1063
f 481/708/1407 358/719/1026 497/739/1444
f 489/726/1416 498/743/1445 358/515/1022
f 333/487/1408 497/739/1442 485/734/1435
f 490/727/1421 488/724/1414 493/731/1426
f 488/724/1439 497/744/1442 493/731/1426
f 486/721/1410 487/722/1446 494/732/1447
f 495/733/1448 496/737/1438 470/679/1296
f 495/733/1433 494/738/1449 496/737/1438
f 489/726/1450 493/735/1426 498/743/1445
f 494/738/1449 485/734/1409 497/739/1442
f 482/741/1404 372/723/1080 486/721/1451
f 497/745/1452 486/721/1410 494/732/1447
f 488/740/1453 486/721/1454 497/745/1455
f 497/746/1442 498/743/1445 493/735/1456
f 494/738/1449 495/733/1448 485/734/1409
f 497/746/1442 358/515/1457 498/743/1458
